country,date,predicted,lower_95,upper_95
Norway,2021-06-21,34.72573300189366,13.076430358980389,56.37503564480693
Norway,2021-06-22,34.94480974526257,12.949096264338209,56.940523226186926
Norway,2021-06-23,35.16388648863148,12.827133856581678,57.500639120681285
Norway,2021-06-24,35.3829632320004,12.710300733832039,58.05562573016876
Norway,2021-06-25,35.60203997536931,12.598372194636681,58.605707756101936
Norway,2021-06-26,35.821116718738224,12.491139479641262,59.15109395783519
Norway,2021-06-27,36.04019346210713,12.388408231658914,59.69197869255535
Norway,2021-06-28,36.25927020547605,12.289997141869911,60.22854326908219
Norway,2021-06-29,36.47834694884496,12.195736755371502,60.76095714231842
Norway,2021-06-30,36.697423692213874,12.10546841373618,61.28937897069157
Norway,2021-07-01,36.91650043558279,12.019043315846378,61.813957555319206
Norway,2021-07-02,37.1355771789517,11.936321681227579,62.334832676675816
Norway,2021-07-03,37.354653922320615,11.85717200253007,62.85213584211116
Norway,2021-07-04,37.573730665689524,11.781470375817449,63.3659909555616
Norway,2021-07-05,37.79280740905844,11.709099898986604,63.87651491913027
Norway,2021-07-06,38.011884152427356,11.639950130034457,64.38381817482025
Norway,2021-07-07,38.230960895796265,11.57391659805181,64.88800519354072
Norway,2021-07-08,38.45003763916518,11.510900360804232,65.38917491752613
Norway,2021-07-09,38.66911438253409,11.450807603587634,65.88742116148055
Norway,2021-07-10,38.888191125903006,11.393549274747556,66.38283297705846
Norway,2021-07-11,39.107267869271915,11.3390407538478,66.87549498469603
Norway,2021-07-12,39.32634461264083,11.287201548983532,67.36548767629813
Norway,2021-07-13,39.54542135600975,11.237955020169881,67.85288769184962
Norway,2021-07-14,39.764498099378656,11.191228126112147,68.33776807264516
Norway,2021-07-15,39.98357484274757,11.146951191986378,68.82019849350877
Norway,2021-07-16,40.20265158611648,11.105057696138125,69.30024547609483
Norway,2021-07-17,40.4217283294854,11.06548407384922,69.77797258512157
Norway,2021-07-18,40.64080507285431,11.028169536532353,70.25344060917627
Norway,2021-07-19,40.85988181622322,10.993055904896377,70.72670772755006
Norway,2021-07-20,41.07895855959214,10.96008745478526,71.19782966439902
Scotland,2021-06-21,52.703033665479786,31.053731022566517,74.35233630839306
Scotland,2021-06-22,52.92211040884869,30.92639692792433,74.91782388977305
Scotland,2021-06-23,53.141187152217604,30.8044345201678,75.4779397842674
Scotland,2021-06-24,53.36026389558652,30.68760139741816,76.03292639375488
Scotland,2021-06-25,53.579340638955436,30.57567285822281,76.58300841968807
Scotland,2021-06-26,53.79841738232435,30.46844014322739,77.12839462142131
Scotland,2021-06-27,54.017494125693254,30.365708895245035,77.66927935614147
Scotland,2021-06-28,54.23657086906217,30.26729780545603,78.2058439326683
Scotland,2021-06-29,54.455647612431086,30.17303741895763,78.73825780590454
Scotland,2021-06-30,54.6747243558,30.082769077322308,79.2666796342777
Scotland,2021-07-01,54.89380109916892,29.996343979432506,79.79125821890533
Scotland,2021-07-02,55.11287784253782,29.9136223448137,80.31213334026194
Scotland,2021-07-03,55.331954585906736,29.83447266611619,80.82943650569729
Scotland,2021-07-04,55.55103132927565,29.758771039403577,81.34329161914772
Scotland,2021-07-05,55.77010807264457,29.686400562572732,81.85381558271641
Scotland,2021-07-06,55.989184816013484,29.617250793620585,82.36111883840638
Scotland,2021-07-07,56.208261559382386,29.55121726163793,82.86530585712684
Scotland,2021-07-08,56.4273383027513,29.488201024390353,83.36647558111225
Scotland,2021-07-09,56.64641504612022,29.428108267173762,83.86472182506668
Scotland,2021-07-10,56.865491789489134,29.370849938333684,84.36013364064459
Scotland,2021-07-11,57.084568532858036,29.31634141743392,84.85279564828215
Scotland,2021-07-12,57.30364527622695,29.264502212569653,85.34278833988425
Scotland,2021-07-13,57.52272201959587,29.215255683756002,85.83018835543574
Scotland,2021-07-14,57.741798762964784,29.168528789698275,86.3150687362313
Scotland,2021-07-15,57.9608755063337,29.124251855572506,86.79749915709489
Scotland,2021-07-16,58.1799522497026,29.082358359724246,87.27754613968096
Scotland,2021-07-17,58.39902899307152,29.04278473743534,87.7552732487077
Scotland,2021-07-18,58.618105736440434,29.005470200118474,88.2307412727624
Scotland,2021-07-19,58.83718247980935,28.970356568482504,88.7040083911362
Scotland,2021-07-20,59.056259223178266,28.937388118371388,89.17513032798514
Canada,2021-06-21,36.24669421977217,14.597391576858904,57.89599686268544
Canada,2021-06-22,36.465770963141075,14.470057482216717,58.461484444065434
Canada,2021-06-23,36.68484770650999,14.348095074460186,59.02160033855979
Canada,2021-06-24,36.90392444987891,14.231261951710547,59.576586948047265
Canada,2021-06-25,37.12300119324782,14.119333412515196,60.12666897398045
Canada,2021-06-26,37.34207793661674,14.012100697519777,60.6720551757137
Canada,2021-06-27,37.56115467998564,13.909369449537422,61.21293991043386
Canada,2021-06-28,37.78023142335456,13.810958359748419,61.749504486960696
Canada,2021-06-29,37.99930816672347,13.716697973250017,62.281918360196926
Canada,2021-06-30,38.21838491009239,13.626429631614695,62.81034018857008
Canada,2021-07-01,38.437461653461305,13.540004533724893,63.334918773197714
Canada,2021-07-02,38.65653839683021,13.457282899106087,63.855793894554324
Canada,2021-07-03,38.87561514019912,13.378133220408579,64.37309705998968
Canada,2021-07-04,39.09469188356804,13.302431593695964,64.88695217344011
Canada,2021-07-05,39.313768626936955,13.23006111686512,65.3974761370088
Canada,2021-07-06,39.53284537030587,13.160911347912972,65.90477939269877
Canada,2021-07-07,39.75192211367477,13.094877815930317,66.40896641141923
Canada,2021-07-08,39.97099885704369,13.03186157868274,66.91013613540464
Canada,2021-07-09,40.190075600412605,12.97176882146615,67.40838237935907
Canada,2021-07-10,40.40915234378152,12.914510492626071,67.90379419493698
Canada,2021-07-11,40.62822908715042,12.860001971726309,68.39645620257454
Canada,2021-07-12,40.84730583051934,12.80816276686204,68.88644889417664
Canada,2021-07-13,41.066382573888255,12.75891623804839,69.37384890972812
Canada,2021-07-14,41.28545931725717,12.712189343990662,69.85872929052368
Canada,2021-07-15,41.50453606062609,12.667912409864893,70.34115971138728
Canada,2021-07-16,41.72361280399499,12.626018914016633,70.82120669397335
Canada,2021-07-17,41.942689547363905,12.586445291727728,71.29893380300008
Canada,2021-07-18,42.16176629073282,12.54913075441086,71.77440182705479
Canada,2021-07-19,42.38084303410174,12.514017122774892,72.24766894542859
Canada,2021-07-20,42.59991977747065,12.481048672663775,72.71879088227753
China,2021-06-21,23.769826655540903,2.1205240126276337,45.41912929845417
China,2021-06-22,23.988903398909812,1.993189917985454,45.98461687983417
China,2021-06-23,24.20798014227873,1.8712275102289233,46.54473277432854
China,2021-06-24,24.427056885647644,1.7543943874792838,47.09971938381601
China,2021-06-25,24.646133629016553,1.6424658482839263,47.64980140974918
China,2021-06-26,24.86521037238547,1.5352331332885072,48.19518761148243
China,2021-06-27,25.08428711575438,1.4325018853061593,48.7360723462026
China,2021-06-28,25.303363859123294,1.334090795517156,49.27263692272943
China,2021-06-29,25.522440602492203,1.2398304090187473,49.805050795965656
China,2021-06-30,25.74151734586112,1.1495620673834246,50.33347262433881
China,2021-07-01,25.960594089230035,1.0631369694936232,50.858051208966444
China,2021-07-02,26.179670832598944,0.9804153348748237,51.37892633032307
China,2021-07-03,26.39874757596786,0.9012656561773156,51.896229495758405
China,2021-07-04,26.61782431933677,0.8255640294646938,52.410084609208845
China,2021-07-05,26.836901062705685,0.7531935526338494,52.920608572777525
China,2021-07-06,27.0559778060746,0.6840437836817017,53.4279118284675
China,2021-07-07,27.27505454944351,0.6180102516990544,53.932098847187966
China,2021-07-08,27.494131292812426,0.5549940144514771,54.43326857117337
China,2021-07-09,27.713208036181335,0.4949012572348792,54.93151481512779
China,2021-07-10,27.93228477955025,0.43764292839480134,55.4269266307057
China,2021-07-11,28.15136152291916,0.3831344074950458,55.91958863834327
China,2021-07-12,28.370438266288076,0.33129520263077694,56.409581329945375
China,2021-07-13,28.589515009656992,0.28204867381712617,56.896981345496854
China,2021-07-14,28.8085917530259,0.23532177975939206,57.38186172629241
China,2021-07-15,29.027668496394817,0.19104484563362334,57.86429214715601
China,2021-07-16,29.246745239763726,0.14915134978537026,58.34433912974208
China,2021-07-17,29.465821983132642,0.10957772749646466,58.82206623876882
China,2021-07-18,29.684898726501558,0.07226319017959781,59.29753426282352
China,2021-07-19,29.903975469870467,0.03714955854362145,59.770801381197316
China,2021-07-20,30.123052213239383,0.004181108432504743,60.24192331804626
Russia,2021-06-21,27.298076655540882,5.648774012627612,48.94737929845415
Russia,2021-06-22,27.51715339890979,5.5214399179854325,49.51286687983415
Russia,2021-06-23,27.736230142278707,5.399477510228902,50.07298277432851
Russia,2021-06-24,27.955306885647623,5.282644387479262,50.62796938381598
Russia,2021-06-25,28.174383629016532,5.170715848283905,51.17805140974916
Russia,2021-06-26,28.393460372385448,5.063483133288486,51.72343761148241
Russia,2021-06-27,28.612537115754357,4.960751885306138,52.264322346202576
Russia,2021-06-28,28.831613859123273,4.8623407955171345,52.80088692272941
Russia,2021-06-29,29.050690602492182,4.768080409018726,53.33330079596564
Russia,2021-06-30,29.269767345861098,4.677812067383403,53.861722624338796
Russia,2021-07-01,29.488844089230014,4.591386969493602,54.38630120896643
Russia,2021-07-02,29.707920832598923,4.508665334874802,54.90717633032304
Russia,2021-07-03,29.92699757596784,4.429515656177294,55.42447949575838
Russia,2021-07-04,30.146074319336748,4.353814029464672,55.93833460920882
Russia,2021-07-05,30.365151062705664,4.281443552633828,56.448858572777496
Russia,2021-07-06,30.58422780607458,4.21229378368168,56.95616182846748
Russia,2021-07-07,30.80330454944349,4.146260251699033,57.460348847187944
Russia,2021-07-08,31.022381292812405,4.083244014451456,57.96151857117336
Russia,2021-07-09,31.241458036181314,4.023151257234858,58.45976481512777
Russia,2021-07-10,31.46053477955023,3.96589292839478,58.95517663070568
Russia,2021-07-11,31.67961152291914,3.9113844074950244,59.447838638343256
Russia,2021-07-12,31.898688266288055,3.8595452026307555,59.937831329945354
Russia,2021-07-13,32.11776500965697,3.8102986738171047,60.42523134549684
Russia,2021-07-14,32.33684175302588,3.7635717797593706,60.910111726292385
Russia,2021-07-15,32.555918496394796,3.719294845633602,61.39254214715599
Russia,2021-07-16,32.774995239763705,3.677401349785349,61.87258912974206
Russia,2021-07-17,32.99407198313262,3.6378277274964432,62.3503162387688
Russia,2021-07-18,33.21314872650154,3.6005131901795764,62.8257842628235
Russia,2021-07-19,33.432225469870446,3.5653995585436,63.29905138119729
Russia,2021-07-20,33.65130221323936,3.5324311084324833,63.77017331804624
Denmark,2021-06-21,34.194863836221955,12.545561193308686,55.844166479135225
Denmark,2021-06-22,34.413940579590864,12.418227098666506,56.40965406051522
Denmark,2021-06-23,34.63301732295978,12.296264690909975,56.96976995500958
Denmark,2021-06-24,34.852094066328696,12.179431568160336,57.52475656449705
Denmark,2021-06-25,35.071170809697605,12.067503028964978,58.07483859043023
Denmark,2021-06-26,35.29024755306652,11.96027031396956,58.620224792163484
Denmark,2021-06-27,35.50932429643543,11.857539065987211,59.16110952688365
Denmark,2021-06-28,35.728401039804346,11.759127976198208,59.697674103410485
Denmark,2021-06-29,35.947477783173255,11.6648675896998,60.230087976646715
Denmark,2021-06-30,36.16655452654217,11.574599248064477,60.75850980501987
Denmark,2021-07-01,36.38563126991109,11.488174150174675,61.2830883896475
Denmark,2021-07-02,36.604708013279996,11.405452515555876,61.80396351100411
Denmark,2021-07-03,36.82378475664891,11.326302836858368,62.32126667643946
Denmark,2021-07-04,37.04286150001782,11.250601210145746,62.8351217898899
Denmark,2021-07-05,37.26193824338674,11.178230733314901,63.34564575345857
Denmark,2021-07-06,37.48101498675565,11.109080964362754,63.85294900914855
Denmark,2021-07-07,37.70009173012456,11.043047432380106,64.35713602786902
Denmark,2021-07-08,37.91916847349348,10.98003119513253,64.85830575185443
Denmark,2021-07-09,38.13824521686239,10.919938437915931,65.35655199580884
Denmark,2021-07-10,38.3573219602313,10.862680109075853,65.85196381138675
Denmark,2021-07-11,38.57639870360021,10.808171588176098,66.34462581902433
Denmark,2021-07-12,38.79547544696913,10.756332383311829,66.83461851062643
Denmark,2021-07-13,39.014552190338044,10.707085854498178,67.32201852617791
Denmark,2021-07-14,39.23362893370695,10.660358960440444,67.80689890697346
Denmark,2021-07-15,39.45270567707587,10.616082026314675,68.28932932783707
Denmark,2021-07-16,39.67178242044478,10.574188530466422,68.76937631042313
Denmark,2021-07-17,39.890859163813694,10.534614908177517,69.24710341944987
Denmark,2021-07-18,40.10993590718261,10.49730037086065,69.72257144350456
Denmark,2021-07-19,40.32901265055152,10.462186739224673,70.19583856187836
Denmark,2021-07-20,40.548089393920435,10.429218289113557,70.66696049872732
Israel,2021-06-21,69.6839167585454,48.034614115632124,91.33321940145866
Israel,2021-06-22,69.9029935019143,47.90728002098994,91.89870698283866
Israel,2021-06-23,70.12207024528323,47.78531761323342,92.45882287733303
Israel,2021-06-24,70.34114698865213,47.66848449048376,93.01380948682049
Israel,2021-06-25,70.56022373202106,47.55655595128843,93.56389151275368
Israel,2021-06-26,70.77930047538996,47.449323236293,94.10927771448692
Israel,2021-06-27,70.99837721875886,47.34659198831064,94.65016244920707
Israel,2021-06-28,71.21745396212779,47.24818089852165,95.18672702573393
Israel,2021-06-29,71.4365307054967,47.153920512023234,95.71914089897015
Israel,2021-06-30,71.65560744886562,47.063652170387925,96.24756272734332
Israel,2021-07-01,71.87468419223453,46.97722707249811,96.77214131197094
Israel,2021-07-02,72.09376093560343,46.8945054378793,97.29301643332755
Israel,2021-07-03,72.31283767897236,46.81535575918181,97.8103195987629
Israel,2021-07-04,72.53191442234126,46.739654132469184,98.32417471221333
Israel,2021-07-05,72.75099116571019,46.66728365563836,98.83469867578202
Israel,2021-07-06,72.97006790907909,46.59813388668619,99.342001931472
Israel,2021-07-07,73.189144652448,46.53210035470354,99.84618895019244
Israel,2021-07-08,73.40822139581692,46.46908411745598,100.0
Israel,2021-07-09,73.62729813918583,46.40899136023937,100.0
Israel,2021-07-10,73.84637488255476,46.351733031399306,100.0
Israel,2021-07-11,74.06545162592366,46.29722451049955,100.0
Israel,2021-07-12,74.28452836929256,46.24538530563526,100.0
Israel,2021-07-13,74.50360511266149,46.19613877682163,100.0
Israel,2021-07-14,74.72268185603039,46.149411882763886,100.0
Israel,2021-07-15,74.94175859939932,46.105134948638124,100.0
Israel,2021-07-16,75.16083534276822,46.06324145278987,100.0
Israel,2021-07-17,75.37991208613713,46.02366783050095,100.0
Israel,2021-07-18,75.59898882950606,45.986353293184095,100.0
Israel,2021-07-19,75.81806557287496,45.951239661548115,100.0
Israel,2021-07-20,76.03714231624389,45.91827121143701,100.0
United States,2021-06-21,44.473425119698014,22.824122476784744,66.12272776261128
United States,2021-06-22,44.69250186306692,22.696788382142564,66.68821534399129
United States,2021-06-23,44.91157860643584,22.574825974386034,67.24833123848565
United States,2021-06-24,45.130655349804755,22.457992851636394,67.80331784797312
United States,2021-06-25,45.349732093173664,22.346064312441037,68.35339987390628
United States,2021-06-26,45.56880883654258,22.238831597445618,68.89878607563955
United States,2021-06-27,45.78788557991149,22.13610034946327,69.4396708103597
United States,2021-06-28,46.006962323280405,22.037689259674266,69.97623538688654
United States,2021-06-29,46.226039066649314,21.943428873175858,70.50864926012277
United States,2021-06-30,46.44511581001823,21.853160531540535,71.03707108849592
United States,2021-07-01,46.664192553387146,21.766735433650734,71.56164967312355
United States,2021-07-02,46.88326929675605,21.684013799031927,72.08252479448016
United States,2021-07-03,47.10234604012498,21.604864120334433,72.59982795991553
United States,2021-07-04,47.32142278349388,21.529162493621804,73.11368307336596
United States,2021-07-05,47.540499526862796,21.45679201679096,73.62420703693464
United States,2021-07-06,47.75957627023171,21.387642247838812,74.13151029262461
United States,2021-07-07,47.97865301360061,21.321608715856158,74.63569731134507
United States,2021-07-08,48.197729756969544,21.258592478608595,75.1368670353305
United States,2021-07-09,48.416806500338446,21.19849972139199,75.6351132792849
United States,2021-07-10,48.63588324370736,21.141241392551912,76.1305250948628
United States,2021-07-11,48.85495998707628,21.086732871652163,76.6231871025004
United States,2021-07-12,49.07403673044518,21.03489366678788,77.11317979410248
United States,2021-07-13,49.29311347381411,20.985647137974244,77.60057980965398
United States,2021-07-14,49.51219021718301,20.938920243916503,78.08546019044952
United States,2021-07-15,49.73126696055193,20.894643309790734,78.56789061131312
United States,2021-07-16,49.95034370392084,20.852749813942488,79.0479375938992
United States,2021-07-17,50.169420447289745,20.813176191653568,79.52566470292592
United States,2021-07-18,50.388497190658676,20.775861654336715,80.00113272698064
United States,2021-07-19,50.60757393402758,20.740748022700732,80.47439984535443
United States,2021-07-20,50.82665067739649,20.707779572589615,80.94552178220337
Qatar,2021-06-21,31.069986158322067,9.420683515408797,52.71928880123534
Qatar,2021-06-22,31.289062901690976,9.293349420766617,53.284776382615334
Qatar,2021-06-23,31.50813964505989,9.171387013010087,53.84489227710969
Qatar,2021-06-24,31.727216388428808,9.054553890260447,54.399878886597165
Qatar,2021-06-25,31.946293131797717,8.94262535106509,54.949960912530344
Qatar,2021-06-26,32.16536987516663,8.83539263606967,55.495347114263595
Qatar,2021-06-27,32.38444661853554,8.732661388087323,56.03623184898376
Qatar,2021-06-28,32.60352336190446,8.63425029829832,56.572796425510596
Qatar,2021-06-29,32.82260010527337,8.53998991179991,57.105210298746826
Qatar,2021-06-30,33.04167684864228,8.449721570164588,57.63363212711998
Qatar,2021-07-01,33.2607535920112,8.363296472274786,58.158210711747614
Qatar,2021-07-02,33.47983033538011,8.280574837655987,58.679085833104224
Qatar,2021-07-03,33.69890707874902,8.201425158958479,59.19638899853957
Qatar,2021-07-04,33.91798382211793,8.125723532245857,59.71024411199001
Qatar,2021-07-05,34.13706056548685,8.053353055415013,60.22076807555868
Qatar,2021-07-06,34.356137308855764,7.984203286462865,60.728071331248664
Qatar,2021-07-07,34.57521405222467,7.918169754480218,61.23225834996913
Qatar,2021-07-08,34.79429079559359,7.85515351723264,61.73342807395454
Qatar,2021-07-09,35.0133675389625,7.795060760016042,62.231674317908954
Qatar,2021-07-10,35.232444282331414,7.737802431175965,62.727086133486864
Qatar,2021-07-11,35.45152102570032,7.683293910276209,63.21974814112444
Qatar,2021-07-12,35.67059776906924,7.63145470541194,63.70974083272654
Qatar,2021-07-13,35.889674512438155,7.582208176598289,64.19714084827802
Qatar,2021-07-14,36.108751255807064,7.535481282540555,64.68202122907357
Qatar,2021-07-15,36.32782799917598,7.4912043484147866,65.16445164993718
Qatar,2021-07-16,36.54690474254489,7.4493108525665335,65.64449863252324
Qatar,2021-07-17,36.765981485913805,7.409737230277628,66.12222574154998
Qatar,2021-07-18,36.98505822928272,7.372422692960761,66.59769376560467
Qatar,2021-07-19,37.20413497265163,7.337309061324785,67.07096088397847
Qatar,2021-07-20,37.423211716020546,7.304340611213668,67.54208282082743
Liechtenstein,2021-06-21,32.327894655054074,10.678592012140804,53.977197297967344
Liechtenstein,2021-06-22,32.54697139842299,10.551257917498631,54.54268487934735
Liechtenstein,2021-06-23,32.766048141791906,10.4292955097421,55.10280077384171
Liechtenstein,2021-06-24,32.98512488516082,10.312462386992461,55.65778738332918
Liechtenstein,2021-06-25,33.204201628529724,10.200533847797097,56.20786940926235
Liechtenstein,2021-06-26,33.42327837189864,10.093301132801678,56.7532556109956
Liechtenstein,2021-06-27,33.642355115267556,9.990569884819337,57.294140345715775
Liechtenstein,2021-06-28,33.86143185863647,9.892158795030333,57.83070492224261
Liechtenstein,2021-06-29,34.080508602005374,9.797898408531918,58.363118795478826
Liechtenstein,2021-06-30,34.29958534537429,9.707630066896595,58.89154062385198
Liechtenstein,2021-07-01,34.518662088743206,9.621204969006794,59.416119208479614
Liechtenstein,2021-07-02,34.73773883211212,9.538483334388001,59.93699432983624
Liechtenstein,2021-07-03,34.95681557548104,9.459333655690493,60.45429749527158
Liechtenstein,2021-07-04,35.17589231884994,9.383632028977864,60.968152608722015
Liechtenstein,2021-07-05,35.394969062218856,9.31126155214702,61.478676572290695
Liechtenstein,2021-07-06,35.61404580558777,9.242111783194872,61.98597982798067
Liechtenstein,2021-07-07,35.83312254895669,9.176078251212232,62.49016684670114
Liechtenstein,2021-07-08,36.052199292325604,9.113062013964655,62.991336570686556
Liechtenstein,2021-07-09,36.271276035694505,9.05296925674805,63.48958281464096
Liechtenstein,2021-07-10,36.49035277906342,8.995710927907972,63.98499463021887
Liechtenstein,2021-07-11,36.70942952243234,8.941202407008223,64.47765663785646
Liechtenstein,2021-07-12,36.92850626580125,8.889363202143954,64.96764932945855
Liechtenstein,2021-07-13,37.14758300917017,8.840116673330304,65.45504934501004
Liechtenstein,2021-07-14,37.36665975253907,8.793389779272562,65.93992972580558
Liechtenstein,2021-07-15,37.58573649590799,8.749112845146794,66.42236014666918
Liechtenstein,2021-07-16,37.8048132392769,8.707219349298548,66.90240712925527
Liechtenstein,2021-07-17,38.02388998264582,8.667645727009642,67.380134238282
Liechtenstein,2021-07-18,38.242966726014735,8.630331189692775,67.8556022623367
Liechtenstein,2021-07-19,38.46204346938364,8.595217558056792,68.32886938071049
Liechtenstein,2021-07-20,38.68112021275255,8.562249107945675,68.79999131755943
Bahrain,2021-06-21,45.76516441890623,24.11586177599296,67.4144670618195
Bahrain,2021-06-22,45.98424116227513,23.988527681350774,67.97995464319949
Bahrain,2021-06-23,46.20331790564405,23.866565273594244,68.54007053769385
Bahrain,2021-06-24,46.422394649012965,23.749732150844604,69.09505714718132
Bahrain,2021-06-25,46.64147139238188,23.637803611649254,69.6451391731145
Bahrain,2021-06-26,46.8605481357508,23.530570896653835,70.19052537484777
Bahrain,2021-06-27,47.0796248791197,23.42783964867148,70.73141010956792
Bahrain,2021-06-28,47.298701622488615,23.329428558882476,71.26797468609476
Bahrain,2021-06-29,47.51777836585753,23.235168172384075,71.80038855933098
Bahrain,2021-06-30,47.73685510922645,23.144899830748752,72.32881038770414
Bahrain,2021-07-01,47.95593185259536,23.05847473285895,72.85338897233177
Bahrain,2021-07-02,48.175008595964265,22.975753098240144,73.37426409368838
Bahrain,2021-07-03,48.39408533933318,22.896603419542636,73.89156725912372
Bahrain,2021-07-04,48.6131620827021,22.82090179283002,74.40542237257418
Bahrain,2021-07-05,48.83223882607101,22.748531315999177,74.91594633614285
Bahrain,2021-07-06,49.05131556943993,22.67938154704703,75.42324959183283
Bahrain,2021-07-07,49.27039231280883,22.613348015064375,75.92743661055329
Bahrain,2021-07-08,49.48946905617775,22.550331777816798,76.4286063345387
Bahrain,2021-07-09,49.70854579954666,22.490239020600207,76.92685257849311
Bahrain,2021-07-10,49.92762254291558,22.43298069176013,77.42226439407102
Bahrain,2021-07-11,50.14669928628448,22.378472170860366,77.9149264017086
Bahrain,2021-07-12,50.3657760296534,22.326632965996097,78.4049190933107
Bahrain,2021-07-13,50.58485277302231,22.277386437182447,78.89231910886218
Bahrain,2021-07-14,50.80392951639123,22.23065954312472,79.37719948965774
Bahrain,2021-07-15,51.023006259760145,22.18638260899895,79.85962991052133
Bahrain,2021-07-16,51.242083003129046,22.14448911315069,80.3396768931074
Bahrain,2021-07-17,51.46115974649796,22.104915490861785,80.81740400213414
Bahrain,2021-07-18,51.68023648986688,22.06760095354492,81.29287202618883
Bahrain,2021-07-19,51.899313233235794,22.03248732190895,81.76613914456264
Bahrain,2021-07-20,52.11838997660471,21.999518871797832,82.23726108141159
Chile,2021-06-21,45.23806135974711,23.588758716833837,66.88736400266038
Chile,2021-06-22,45.457138103116016,23.461424622191657,67.45285158404037
Chile,2021-06-23,45.67621484648493,23.339462214435127,68.01296747853473
Chile,2021-06-24,45.89529158985385,23.222629091685487,68.5679540880222
Chile,2021-06-25,46.11436833322276,23.11070055249013,69.11803611395538
Chile,2021-06-26,46.33344507659167,23.00346783749471,69.66342231568863
Chile,2021-06-27,46.55252181996058,22.900736589512363,70.2043070504088
Chile,2021-06-28,46.7715985633295,22.80232549972336,70.74087162693564
Chile,2021-06-29,46.990675306698414,22.708065113224958,71.27328550017187
Chile,2021-06-30,47.209752050067316,22.61779677158962,71.801707328545
Chile,2021-07-01,47.428828793436246,22.531371673699834,72.32628591317265
Chile,2021-07-02,47.64790553680515,22.448650039081027,72.84716103452926
Chile,2021-07-03,47.866982280174064,22.36950036038352,73.3644641999646
Chile,2021-07-04,48.08605902354298,22.293798733670904,73.87831931341506
Chile,2021-07-05,48.30513576691188,22.221428256840046,74.38884327698372
Chile,2021-07-06,48.52421251028081,22.152278487887912,74.89614653267371
Chile,2021-07-07,48.74328925364971,22.086244955905258,75.40033355139417
Chile,2021-07-08,48.96236599701863,22.02322871865768,75.90150327537958
Chile,2021-07-09,49.181442740387546,21.96313596144109,76.399749519334
Chile,2021-07-10,49.40051948375645,21.905877632600998,76.8951613349119
Chile,2021-07-11,49.61959622712536,21.85136911170125,77.38782334254948
Chile,2021-07-12,49.83867297049428,21.79952990683698,77.87781603415158
Chile,2021-07-13,50.057749713863195,21.75028337802333,78.36521604970306
Chile,2021-07-14,50.27682645723211,21.703556483965603,78.85009643049862
Chile,2021-07-15,50.49590320060101,21.65927954983982,79.3325268513622
Chile,2021-07-16,50.71497994396993,21.617386053991574,79.81257383394828
Chile,2021-07-17,50.934056687338845,21.577812431702668,80.29030094297502
Chile,2021-07-18,51.15313343070776,21.5404978943858,80.76576896702971
Chile,2021-07-19,51.37221017407668,21.505384262749832,81.23903608540353
Chile,2021-07-20,51.59128691744558,21.4724158126387,81.71015802225246
Costa Rica,2021-06-21,27.173716409714878,5.524413766801608,48.82301905262815
Costa Rica,2021-06-22,27.392793153083787,5.397079672159428,49.388506634008145
Costa Rica,2021-06-23,27.611869896452703,5.275117264402898,49.94862252850251
Costa Rica,2021-06-24,27.83094663982162,5.158284141653258,50.50360913798998
Costa Rica,2021-06-25,28.050023383190528,5.046355602457901,51.053691163923155
Costa Rica,2021-06-26,28.269100126559444,4.9391228874624815,51.599077365656406
Costa Rica,2021-06-27,28.488176869928353,4.836391639480134,52.13996210037657
Costa Rica,2021-06-28,28.70725361329727,4.73798054969113,52.67652667690341
Costa Rica,2021-06-29,28.926330356666178,4.643720163192722,53.20894055013963
Costa Rica,2021-06-30,29.145407100035094,4.553451821557399,53.737362378512785
Costa Rica,2021-07-01,29.36448384340401,4.467026723667598,54.26194096314042
Costa Rica,2021-07-02,29.58356058677292,4.384305089048798,54.78281608449704
Costa Rica,2021-07-03,29.802637330141835,4.30515541035129,55.30011924993238
Costa Rica,2021-07-04,30.021714073510744,4.229453783638668,55.81397436338282
Costa Rica,2021-07-05,30.24079081687966,4.157083306807824,56.3244983269515
Costa Rica,2021-07-06,30.459867560248576,4.087933537855676,56.831801582641475
Costa Rica,2021-07-07,30.678944303617484,4.021900005873029,57.33598860136194
Costa Rica,2021-07-08,30.8980210469864,3.9588837686254514,57.837158325347346
Costa Rica,2021-07-09,31.11709779035531,3.8987910114088535,58.335404569301765
Costa Rica,2021-07-10,31.336174533724225,3.8415326825687757,58.830816384879675
Costa Rica,2021-07-11,31.555251277093134,3.78702416166902,59.323478392517245
Costa Rica,2021-07-12,31.77432802046205,3.7351849568047513,59.81347108411935
Costa Rica,2021-07-13,31.993404763830966,3.6859384279911005,60.30087109967083
Costa Rica,2021-07-14,32.212481507199875,3.6392115339333664,60.78575148046639
Costa Rica,2021-07-15,32.43155825056879,3.5949345998075977,61.26818190132998
Costa Rica,2021-07-16,32.6506349939377,3.5530411039593446,61.748228883916056
Costa Rica,2021-07-17,32.869711737306616,3.513467481670439,62.225955992942794
Costa Rica,2021-07-18,33.08878848067553,3.476152944353572,62.70142401699749
Costa Rica,2021-07-19,33.30786522404444,3.4410393127175958,63.17469113537129
Costa Rica,2021-07-20,33.52694196741336,3.408070862606479,63.645813072220236
Mexico,2021-06-21,26.96768991964862,5.318387276735351,48.61699256256189
Mexico,2021-06-22,27.18676666301753,5.191053182093171,49.18248014394189
Mexico,2021-06-23,27.405843406386445,5.06909077433664,49.74259603843625
Mexico,2021-06-24,27.62492014975536,4.952257651587001,50.29758264792372
Mexico,2021-06-25,27.84399689312427,4.840329112391643,50.8476646738569
Mexico,2021-06-26,28.063073636493186,4.733096397396224,51.39305087559015
Mexico,2021-06-27,28.282150379862095,4.630365149413876,51.933935610310314
Mexico,2021-06-28,28.50122712323101,4.531954059624873,52.47050018683715
Mexico,2021-06-29,28.72030386659992,4.437693673126464,53.00291406007338
Mexico,2021-06-30,28.939380609968836,4.3474253314911415,53.531335888446534
Mexico,2021-07-01,29.158457353337752,4.26100023360134,54.05591447307417
Mexico,2021-07-02,29.37753409670666,4.178278598982541,54.57678959443078
Mexico,2021-07-03,29.596610840075577,4.0991289202850325,55.09409275986612
Mexico,2021-07-04,29.815687583444486,4.023427293572411,55.60794787331656
Mexico,2021-07-05,30.034764326813402,3.9510568167415663,56.118471836885234
Mexico,2021-07-06,30.253841070182318,3.8819070477894186,56.62577509257522
Mexico,2021-07-07,30.472917813551227,3.8158735158067714,57.12996211129568
Mexico,2021-07-08,30.691994556920143,3.752857278559194,57.631131835281096
Mexico,2021-07-09,30.911071300289052,3.692764521342596,58.12937807923551
Mexico,2021-07-10,31.130148043657968,3.6355061925025183,58.62478989481342
Mexico,2021-07-11,31.349224787026877,3.5809976716027627,59.117451902450995
Mexico,2021-07-12,31.568301530395793,3.529158466738494,59.60744459405309
Mexico,2021-07-13,31.78737827376471,3.479911937924843,60.09484460960458
Mexico,2021-07-14,32.00645501713362,3.433185043867109,60.57972499040012
Mexico,2021-07-15,32.225531760502534,3.3889081097413403,61.06215541126373
Mexico,2021-07-16,32.44460850387144,3.347014613893087,61.5422023938498
Mexico,2021-07-17,32.66368524724036,3.3074409916041816,62.019929502876536
Mexico,2021-07-18,32.882761990609275,3.2701264542873147,62.495397526931235
Mexico,2021-07-19,33.101838733978184,3.2350128226513384,62.968664645305026
Mexico,2021-07-20,33.3209154773471,3.2020443725402217,63.43978658215398
Cayman Islands,2021-06-21,51.44436765425606,29.795065011342793,73.09367029716933
Cayman Islands,2021-06-22,51.663444397624964,29.667730916700606,73.65915787854932
Cayman Islands,2021-06-23,51.88252114099388,29.545768508944075,74.21927377304368
Cayman Islands,2021-06-24,52.101597884362796,29.428935386194436,74.77426038253115
Cayman Islands,2021-06-25,52.3206746277317,29.31700684699907,75.32434240846433
Cayman Islands,2021-06-26,52.53975137110063,29.209774132003666,75.8697286101976
Cayman Islands,2021-06-27,52.75882811446953,29.10704288402131,76.41061334491775
Cayman Islands,2021-06-28,52.977904857838446,29.008631794232308,76.94717792144459
Cayman Islands,2021-06-29,53.19698160120736,28.914371407733906,77.47959179468081
Cayman Islands,2021-06-30,53.416058344576264,28.82410306609857,78.00801362305396
Cayman Islands,2021-07-01,53.635135087945194,28.737677968208782,78.5325922076816
Cayman Islands,2021-07-02,53.854211831314096,28.654956333589976,79.05346732903821
Cayman Islands,2021-07-03,54.07328857468301,28.575806654892467,79.57077049447355
Cayman Islands,2021-07-04,54.29236531805193,28.500105028179853,80.08462560792401
Cayman Islands,2021-07-05,54.51144206142083,28.427734551348994,80.59514957149267
Cayman Islands,2021-07-06,54.73051880478976,28.35858478239686,81.10245282718266
Cayman Islands,2021-07-07,54.94959554815866,28.292551250414206,81.60663984590312
Cayman Islands,2021-07-08,55.16867229152758,28.22953501316663,82.10780956988853
Cayman Islands,2021-07-09,55.387749034896494,28.169442255950038,82.60605581384294
Cayman Islands,2021-07-10,55.606825778265396,28.112183927109946,83.10146762942085
Cayman Islands,2021-07-11,55.82590252163431,28.057675406210198,83.59412963705843
Cayman Islands,2021-07-12,56.04497926500323,28.00583620134593,84.08412232866053
Cayman Islands,2021-07-13,56.264056008372144,27.956589672532278,84.57152234421201
Cayman Islands,2021-07-14,56.48313275174106,27.90986277847455,85.05640272500757
Cayman Islands,2021-07-15,56.70220949510996,27.865585844348768,85.53883314587115
Cayman Islands,2021-07-16,56.92128623847888,27.823692348500522,86.01888012845723
Cayman Islands,2021-07-17,57.140362981847794,27.784118726211616,86.49660723748397
Cayman Islands,2021-07-18,57.35943972521671,27.74680418889475,86.97207526153866
Cayman Islands,2021-07-19,57.578516468585626,27.71169055725878,87.44534237991247
Cayman Islands,2021-07-20,57.79759321195453,27.67872210714765,87.9164643167614
Czechia,2021-06-21,32.09164997910779,10.442347336194523,53.74095262202106
Czechia,2021-06-22,32.3107267224767,10.315013241552343,54.30644020340106
Czechia,2021-06-23,32.52980346584562,10.193050833795812,54.866556097895426
Czechia,2021-06-24,32.74888020921453,10.076217711046173,55.4215427073829
Czechia,2021-06-25,32.96795695258344,9.964289171850815,55.97162473331607
Czechia,2021-06-26,33.18703369595236,9.857056456855396,56.51701093504932
Czechia,2021-06-27,33.40611043932127,9.754325208873048,57.057895669769486
Czechia,2021-06-28,33.62518718269018,9.655914119084045,57.59446024629632
Czechia,2021-06-29,33.84426392605909,9.561653732585636,58.126874119532545
Czechia,2021-06-30,34.06334066942801,9.471385390950314,58.6552959479057
Czechia,2021-07-01,34.282417412796924,9.384960293060512,59.17987453253333
Czechia,2021-07-02,34.50149415616583,9.302238658441713,59.70074965388996
Czechia,2021-07-03,34.72057089953475,9.223088979744205,60.218052819325294
Czechia,2021-07-04,34.93964764290366,9.147387353031583,60.731907932775734
Czechia,2021-07-05,35.158724386272574,9.075016876200738,61.242431896344414
Czechia,2021-07-06,35.37780112964149,9.00586710724859,61.74973515203439
Czechia,2021-07-07,35.5968778730104,8.939833575265943,62.253922170754855
Czechia,2021-07-08,35.815954616379315,8.876817338018366,62.75509189474026
Czechia,2021-07-09,36.035031359748224,8.816724580801768,63.25333813869468
Czechia,2021-07-10,36.25410810311714,8.75946625196169,63.74874995427259
Czechia,2021-07-11,36.47318484648605,8.704957731061935,64.24141196191016
Czechia,2021-07-12,36.692261589854965,8.653118526197666,64.73140465351227
Czechia,2021-07-13,36.91133833322388,8.603871997384015,65.21880466906374
Czechia,2021-07-14,37.13041507659279,8.557145103326281,65.7036850498593
Czechia,2021-07-15,37.349491819961706,8.512868169200512,66.1861154707229
Czechia,2021-07-16,37.568568563330615,8.47097467335226,66.66616245330897
Czechia,2021-07-17,37.78764530669953,8.431401051063354,67.14388956233572
Czechia,2021-07-18,38.00672205006845,8.394086513746487,67.61935758639041
Czechia,2021-07-19,38.225798793437356,8.35897288211051,68.0926247047642
Czechia,2021-07-20,38.44487553680627,8.326004431999394,68.56374664161315
Lithuania,2021-06-21,34.25137970883743,12.602077065924163,55.9006823517507
Lithuania,2021-06-22,34.47045645220634,12.474742971281984,56.4661699331307
Lithuania,2021-06-23,34.68953319557526,12.352780563525453,57.02628582762506
Lithuania,2021-06-24,34.908609938944174,12.235947440775814,57.58127243711253
Lithuania,2021-06-25,35.12768668231308,12.124018901580456,58.13135446304571
Lithuania,2021-06-26,35.346763425682,12.016786186585037,58.67674066477896
Lithuania,2021-06-27,35.56584016905091,11.914054938602689,59.21762539949913
Lithuania,2021-06-28,35.784916912419824,11.815643848813686,59.75418997602596
Lithuania,2021-06-29,36.00399365578873,11.721383462315277,60.28660384926219
Lithuania,2021-06-30,36.22307039915765,11.631115120679954,60.81502567763535
Lithuania,2021-07-01,36.442147142526565,11.544690022790153,61.33960426226298
Lithuania,2021-07-02,36.661223885895474,11.461968388171353,61.86047938361959
Lithuania,2021-07-03,36.88030062926439,11.382818709473845,62.377782549054935
Lithuania,2021-07-04,37.0993773726333,11.307117082761224,62.891637662505374
Lithuania,2021-07-05,37.318454116002215,11.234746605930379,63.40216162607405
Lithuania,2021-07-06,37.53753085937113,11.165596836978231,63.90946488176403
Lithuania,2021-07-07,37.75660760274004,11.099563304995584,64.4136519004845
Lithuania,2021-07-08,37.975684346108956,11.036547067748007,64.91482162446991
Lithuania,2021-07-09,38.194761089477865,10.976454310531409,65.41306786842432
Lithuania,2021-07-10,38.41383783284678,10.919195981691331,65.90847968400223
Lithuania,2021-07-11,38.63291457621569,10.864687460791576,66.40114169163981
Lithuania,2021-07-12,38.851991319584606,10.812848255927307,66.8911343832419
Lithuania,2021-07-13,39.07106806295352,10.763601727113656,67.37853439879339
Lithuania,2021-07-14,39.29014480632243,10.716874833055922,67.86341477958894
Lithuania,2021-07-15,39.50922154969135,10.672597898930153,68.34584520045254
Lithuania,2021-07-16,39.728298293060256,10.6307044030819,68.8258921830386
Lithuania,2021-07-17,39.94737503642917,10.591130780792994,69.30361929206535
Lithuania,2021-07-18,40.16645177979809,10.553816243476128,69.77908731612004
Lithuania,2021-07-19,40.385528523167,10.518702611840151,70.25235443449384
Lithuania,2021-07-20,40.60460526653591,10.485734161729034,70.7234763713428
Slovenia,2021-06-21,32.83837815920892,11.189075516295652,54.48768080212219
Slovenia,2021-06-22,33.05745490257783,11.061741421653473,55.05316838350219
Slovenia,2021-06-23,33.27653164594675,10.939779013896942,55.613284277996556
Slovenia,2021-06-24,33.49560838931566,10.822945891147302,56.16827088748403
Slovenia,2021-06-25,33.71468513268457,10.711017351951945,56.7183529134172
Slovenia,2021-06-26,33.93376187605349,10.603784636956526,57.26373911515045
Slovenia,2021-06-27,34.1528386194224,10.501053388974178,57.804623849870616
Slovenia,2021-06-28,34.37191536279131,10.402642299185175,58.34118842639745
Slovenia,2021-06-29,34.59099210616022,10.308381912686766,58.873602299633674
Slovenia,2021-06-30,34.81006884952914,10.218113571051443,59.40202412800683
Slovenia,2021-07-01,35.029145592898054,10.131688473161642,59.92660271263446
Slovenia,2021-07-02,35.24822233626696,10.048966838542842,60.44747783399109
Slovenia,2021-07-03,35.46729907963588,9.969817159845334,60.964780999426424
Slovenia,2021-07-04,35.68637582300479,9.894115533132712,61.47863611287686
Slovenia,2021-07-05,35.905452566373704,9.821745056301868,61.98916007644554
Slovenia,2021-07-06,36.12452930974262,9.75259528734972,62.49646333213552
Slovenia,2021-07-07,36.34360605311153,9.686561755367073,63.000650350855985
Slovenia,2021-07-08,36.562682796480445,9.623545518119496,63.50182007484139
Slovenia,2021-07-09,36.781759539849354,9.563452760902898,64.0000663187958
Slovenia,2021-07-10,37.00083628321827,9.50619443206282,64.49547813437371
Slovenia,2021-07-11,37.21991302658718,9.451685911163064,64.98814014201129
Slovenia,2021-07-12,37.438989769956095,9.399846706298796,65.47813283361339
Slovenia,2021-07-13,37.65806651332501,9.350600177485145,65.96553284916487
Slovenia,2021-07-14,37.87714325669392,9.30387328342741,66.45041322996043
Slovenia,2021-07-15,38.096220000062836,9.259596349301642,66.93284365082403
Slovenia,2021-07-16,38.315296743431745,9.217702853453389,67.4128906334101
Slovenia,2021-07-17,38.53437348680066,9.178129231164483,67.89061774243683
Slovenia,2021-07-18,38.75345023016958,9.140814693847616,68.36608576649154
Slovenia,2021-07-19,38.972526973538486,9.10570106221164,68.83935288486533
Slovenia,2021-07-20,39.1916037169074,9.072732612100523,69.31047482171428
Portugal,2021-06-21,33.49421754667528,11.84491490376201,55.14352018958855
Portugal,2021-06-22,33.71329429004419,11.71758080911983,55.70900777096855
Portugal,2021-06-23,33.932371033413105,11.5956184013633,56.269123665462914
Portugal,2021-06-24,34.15144777678202,11.47878527861366,56.824110274950385
Portugal,2021-06-25,34.37052452015093,11.366856739418303,57.37419230088356
Portugal,2021-06-26,34.589601263519846,11.259624024422884,57.91957850261681
Portugal,2021-06-27,34.808678006888755,11.156892776440536,58.460463237336974
Portugal,2021-06-28,35.02775475025767,11.058481686651533,58.99702781386381
Portugal,2021-06-29,35.24683149362658,10.964221300153124,59.52944168710003
Portugal,2021-06-30,35.465908236995496,10.873952958517801,60.05786351547319
Portugal,2021-07-01,35.68498498036441,10.787527860628,60.58244210010082
Portugal,2021-07-02,35.90406172373332,10.7048062260092,61.103317221457445
Portugal,2021-07-03,36.12313846710224,10.625656547311692,61.62062038689278
Portugal,2021-07-04,36.342215210471146,10.54995492059907,62.13447550034322
Portugal,2021-07-05,36.56129195384006,10.477584443768226,62.6449994639119
Portugal,2021-07-06,36.78036869720898,10.408434674816078,63.15230271960188
Portugal,2021-07-07,36.99944544057789,10.342401142833431,63.65648973832234
Portugal,2021-07-08,37.2185221839468,10.279384905585854,64.15765946230775
Portugal,2021-07-09,37.43759892731571,10.219292148369256,64.65590570626216
Portugal,2021-07-10,37.65667567068463,10.162033819529178,65.15131752184007
Portugal,2021-07-11,37.87575241405354,10.107525298629422,65.64397952947765
Portugal,2021-07-12,38.09482915742245,10.055686093765154,66.13397222107974
Portugal,2021-07-13,38.31390590079137,10.006439564951503,66.62137223663123
Portugal,2021-07-14,38.53298264416028,9.959712670893769,67.10625261742679
Portugal,2021-07-15,38.752059387529194,9.915435736768,67.58868303829038
Portugal,2021-07-16,38.9711361308981,9.873542240919747,68.06873002087646
Portugal,2021-07-17,39.19021287426702,9.833968618630841,68.54645712990319
Portugal,2021-07-18,39.409289617635935,9.796654081313974,69.0219251539579
Portugal,2021-07-19,39.628366361004844,9.761540449677998,69.49519227233169
Portugal,2021-07-20,39.84744310437376,9.728571999566881,69.96631420918064
France,2021-06-21,33.20435268181042,11.55505003889715,54.85365532472369
France,2021-06-22,33.42342942517933,11.42771594425497,55.41914290610369
France,2021-06-23,33.642506168548245,11.30575353649844,55.979258800598046
France,2021-06-24,33.86158291191716,11.1889204137488,56.53424541008552
France,2021-06-25,34.08065965528607,11.076991874553443,57.0843274360187
France,2021-06-26,34.299736398654986,10.969759159558023,57.62971363775195
France,2021-06-27,34.518813142023895,10.867027911575676,58.170598372472114
France,2021-06-28,34.73788988539281,10.768616821786672,58.70716294899895
France,2021-06-29,34.95696662876172,10.674356435288264,59.23957682223518
France,2021-06-30,35.176043372130636,10.584088093652941,59.767998650608334
France,2021-07-01,35.39512011549955,10.49766299576314,60.29257723523597
France,2021-07-02,35.61419685886846,10.41494136114434,60.81345235659258
France,2021-07-03,35.83327360223738,10.335791682446832,61.33075552202792
France,2021-07-04,36.052350345606285,10.26009005573421,61.84461063547836
France,2021-07-05,36.2714270889752,10.187719578903366,62.355134599047034
France,2021-07-06,36.49050383234412,10.118569809951218,62.86243785473702
France,2021-07-07,36.70958057571303,10.05253627796857,63.36662487345748
France,2021-07-08,36.92865731908194,9.989520040720993,63.867794597442895
France,2021-07-09,37.14773406245085,9.929427283504396,64.36604084139731
France,2021-07-10,37.36681080581977,9.872168954664318,64.86145265697522
France,2021-07-11,37.585887549188676,9.817660433764562,65.3541146646128
France,2021-07-12,37.80496429255759,9.765821228900293,65.84410735621489
France,2021-07-13,38.02404103592651,9.716574700086642,66.33150737176638
France,2021-07-14,38.24311777929542,9.669847806028908,66.81638775256192
France,2021-07-15,38.46219452266433,9.62557087190314,67.29881817342553
France,2021-07-16,38.68127126603324,9.583677376054887,67.77886515601159
France,2021-07-17,38.90034800940216,9.544103753765981,68.25659226503834
France,2021-07-18,39.119424752771074,9.506789216449114,68.73206028909303
France,2021-07-19,39.33850149613998,9.471675584813138,69.20532740746683
France,2021-07-20,39.5575782395089,9.438707134702021,69.67644934431578
Austria,2021-06-21,34.20563646559438,12.556333822681111,55.85493910850765
Austria,2021-06-22,34.42471320896329,12.428999728038931,56.42042668988765
Austria,2021-06-23,34.643789952332206,12.3070373202824,56.98054258438201
Austria,2021-06-24,34.86286669570112,12.190204197532761,57.53552919386948
Austria,2021-06-25,35.08194343907003,12.078275658337404,58.08561121980266
Austria,2021-06-26,35.30102018243895,11.971042943341985,58.63099742153591
Austria,2021-06-27,35.520096925807856,11.868311695359637,59.171882156256075
Austria,2021-06-28,35.73917366917677,11.769900605570633,59.70844673278291
Austria,2021-06-29,35.95825041254568,11.675640219072225,60.24086060601914
Austria,2021-06-30,36.1773271559146,11.585371877436902,60.769282434392295
Austria,2021-07-01,36.39640389928351,11.4989467795471,61.29386101901993
Austria,2021-07-02,36.61548064265242,11.416225144928301,61.81473614037654
Austria,2021-07-03,36.83455738602134,11.337075466230793,62.33203930581188
Austria,2021-07-04,37.05363412939025,11.261373839518171,62.84589441926232
Austria,2021-07-05,37.27271087275916,11.189003362687327,63.356418382830995
Austria,2021-07-06,37.49178761612808,11.11985359373518,63.86372163852098
Austria,2021-07-07,37.71086435949699,11.053820061752532,64.36790865724144
Austria,2021-07-08,37.929941102865904,10.990803824504955,64.86907838122686
Austria,2021-07-09,38.14901784623481,10.930711067288357,65.36732462518127
Austria,2021-07-10,38.36809458960373,10.873452738448279,65.86273644075918
Austria,2021-07-11,38.58717133297264,10.818944217548523,66.35539844839676
Austria,2021-07-12,38.806248076341554,10.767105012684254,66.84539113999885
Austria,2021-07-13,39.02532481971047,10.717858483870604,67.33279115555034
Austria,2021-07-14,39.24440156307938,10.67113158981287,67.81767153634588
Austria,2021-07-15,39.463478306448295,10.6268546556871,68.30010195720949
Austria,2021-07-16,39.6825550498172,10.584961159838848,68.78014893979557
Austria,2021-07-17,39.90163179318612,10.545387537549942,69.2578760488223
Austria,2021-07-18,40.120708536555036,10.508073000233075,69.733344072877
Austria,2021-07-19,40.339785279923944,10.472959368597099,70.20661119125079
Austria,2021-07-20,40.55886202329286,10.439990918485982,70.67773312809973
Romania,2021-06-21,30.832731060188813,9.183428417275543,52.48203370310208
Romania,2021-06-22,31.051807803557722,9.056094322633363,53.04752128448208
Romania,2021-06-23,31.270884546926638,8.934131914876833,53.60763717897645
Romania,2021-06-24,31.489961290295554,8.817298792127193,54.16262378846392
Romania,2021-06-25,31.709038033664463,8.705370252931836,54.71270581439709
Romania,2021-06-26,31.92811477703338,8.598137537936417,55.25809201613034
Romania,2021-06-27,32.14719152040229,8.495406289954069,55.79897675085051
Romania,2021-06-28,32.366268263771204,8.396995200165065,56.33554132737734
Romania,2021-06-29,32.58534500714011,8.302734813666657,56.867955200613565
Romania,2021-06-30,32.80442175050903,8.212466472031334,57.39637702898672
Romania,2021-07-01,33.023498493877945,8.126041374141533,57.92095561361435
Romania,2021-07-02,33.242575237246854,8.043319739522733,58.44183073497098
Romania,2021-07-03,33.46165198061577,7.964170060825225,58.959133900406314
Romania,2021-07-04,33.68072872398468,7.888468434112603,59.472989013856754
Romania,2021-07-05,33.899805467353595,7.816097957281759,59.983512977425434
Romania,2021-07-06,34.11888221072251,7.746948188329611,60.49081623311541
Romania,2021-07-07,34.33795895409142,7.680914656346964,60.995003251835875
Romania,2021-07-08,34.557035697460336,7.617898419099387,61.49617297582128
Romania,2021-07-09,34.776112440829245,7.557805661882789,61.9944192197757
Romania,2021-07-10,34.99518918419816,7.500547333042711,62.48983103535361
Romania,2021-07-11,35.21426592756707,7.446038812142955,62.98249304299118
Romania,2021-07-12,35.433342670935986,7.394199607278686,63.472485734593285
Romania,2021-07-13,35.6524194143049,7.344953078465036,63.959885750144764
Romania,2021-07-14,35.87149615767381,7.2982261844073015,64.44476613094032
Romania,2021-07-15,36.09057290104273,7.253949250281533,64.92719655180392
Romania,2021-07-16,36.309649644411635,7.21205575443328,65.40724353438999
Romania,2021-07-17,36.52872638778055,7.172482132144374,65.88497064341672
Romania,2021-07-18,36.74780313114947,7.135167594827507,66.36043866747143
Romania,2021-07-19,36.966879874518376,7.100053963191531,66.83370578584523
Romania,2021-07-20,37.18595661788729,7.067085513080414,67.30482772269417
Germany,2021-06-21,34.285366195324066,12.636063552410796,55.934668838237336
Germany,2021-06-22,34.504442938692975,12.508729457768617,56.50015641961733
Germany,2021-06-23,34.72351968206189,12.386767050012086,57.0602723141117
Germany,2021-06-24,34.94259642543081,12.269933927262446,57.61525892359917
Germany,2021-06-25,35.161673168799716,12.158005388067089,58.16534094953234
Germany,2021-06-26,35.38074991216863,12.05077267307167,58.710727151265594
Germany,2021-06-27,35.59982665553754,11.948041425089322,59.25161188598576
Germany,2021-06-28,35.81890339890646,11.849630335300319,59.788176462512595
Germany,2021-06-29,36.037980142275366,11.75536994880191,60.32059033574882
Germany,2021-06-30,36.25705688564428,11.665101607166587,60.84901216412197
Germany,2021-07-01,36.4761336290132,11.578676509276786,61.373590748749606
Germany,2021-07-02,36.69521037238211,11.495954874657986,61.89446587010623
Germany,2021-07-03,36.91428711575102,11.416805195960478,62.41176903554157
Germany,2021-07-04,37.13336385911993,11.341103569247856,62.92562414899201
Germany,2021-07-05,37.35244060248885,11.268733092417012,63.43614811256069
Germany,2021-07-06,37.571517345857764,11.199583323464864,63.94345136825066
Germany,2021-07-07,37.79059408922667,11.133549791482217,64.44763838697114
Germany,2021-07-08,38.00967083259559,11.07053355423464,64.94880811095653
Germany,2021-07-09,38.2287475759645,11.010440797018042,65.44705435491096
Germany,2021-07-10,38.447824319333414,10.953182468177964,65.94246617048887
Germany,2021-07-11,38.66690106270232,10.898673947278208,66.43512817812643
Germany,2021-07-12,38.88597780607124,10.84683474241394,66.92512086972854
Germany,2021-07-13,39.105054549440155,10.797588213600289,67.41252088528002
Germany,2021-07-14,39.324131292809064,10.750861319542555,67.89740126607558
Germany,2021-07-15,39.54320803617798,10.706584385416786,68.37983168693917
Germany,2021-07-16,39.76228477954689,10.664690889568533,68.85987866952524
Germany,2021-07-17,39.981361522915805,10.625117267279627,69.33760577855199
Germany,2021-07-18,40.20043826628472,10.58780272996276,69.81307380260668
Germany,2021-07-19,40.41951500965363,10.552689098326784,70.28634092098048
Germany,2021-07-20,40.638591753022546,10.519720648215667,70.75746285782942
Estonia,2021-06-21,34.45185268181056,12.802550038897287,56.10115532472383
Estonia,2021-06-22,34.670929425179466,12.675215944255108,56.666642906103824
Estonia,2021-06-23,34.89000616854838,12.553253536498577,57.22675880059819
Estonia,2021-06-24,35.1090829119173,12.436420413748937,57.78174541008566
Estonia,2021-06-25,35.32815965528621,12.32449187455358,58.331827436018834
Estonia,2021-06-26,35.54723639865512,12.21725915955816,58.877213637752085
Estonia,2021-06-27,35.76631314202403,12.114527911575813,59.41809837247225
Estonia,2021-06-28,35.98538988539295,12.01611682178681,59.954662948999086
Estonia,2021-06-29,36.20446662876186,11.921856435288401,60.48707682223531
Estonia,2021-06-30,36.42354337213077,11.831588093653078,61.015498650608464
Estonia,2021-07-01,36.64262011549969,11.745162995763277,61.5400772352361
Estonia,2021-07-02,36.8616968588686,11.662441361144477,62.06095235659272
Estonia,2021-07-03,37.080773602237514,11.58329168244697,62.57825552202806
Estonia,2021-07-04,37.29985034560642,11.507590055734347,63.0921106354785
Estonia,2021-07-05,37.51892708897534,11.435219578903503,63.60263459904718
Estonia,2021-07-06,37.738003832344255,11.366069809951355,64.10993785473715
Estonia,2021-07-07,37.957080575713164,11.300036277968708,64.61412487345763
Estonia,2021-07-08,38.17615731908208,11.23702004072113,65.11529459744303
Estonia,2021-07-09,38.39523406245099,11.176927283504533,65.61354084139745
Estonia,2021-07-10,38.614310805819905,11.119668954664455,66.10895265697536
Estonia,2021-07-11,38.833387549188814,11.0651604337647,66.60161466461292
Estonia,2021-07-12,39.05246429255773,11.01332122890043,67.09160735621504
Estonia,2021-07-13,39.271541035926646,10.96407470008678,67.57900737176651
Estonia,2021-07-14,39.490617779295555,10.917347806029046,68.06388775256207
Estonia,2021-07-15,39.70969452266447,10.873070871903277,68.54631817342566
Estonia,2021-07-16,39.92877126603338,10.831177376055024,69.02636515601174
Estonia,2021-07-17,40.147848009402296,10.791603753766118,69.50409226503848
Estonia,2021-07-18,40.36692475277121,10.754289216449251,69.97956028909317
Estonia,2021-07-19,40.58600149614012,10.719175584813275,70.45282740746697
Estonia,2021-07-20,40.80507823950904,10.686207134702158,70.92394934431591
Italy,2021-06-21,33.25029862775639,11.600995984843124,54.89960127066966
Italy,2021-06-22,33.4693753711253,11.473661890200944,55.46508885204966
Italy,2021-06-23,33.68845211449422,11.351699482444413,56.02520474654402
Italy,2021-06-24,33.907528857863134,11.234866359694774,56.58019135603149
Italy,2021-06-25,34.12660560123204,11.122937820499416,57.13027338196467
Italy,2021-06-26,34.34568234460096,11.015705105503997,57.67565958369792
Italy,2021-06-27,34.56475908796987,10.91297385752165,58.21654431841809
Italy,2021-06-28,34.783835831338784,10.814562767732646,58.75310889494492
Italy,2021-06-29,35.00291257470769,10.720302381234237,59.28552276818115
Italy,2021-06-30,35.22198931807661,10.630034039598915,59.81394459655431
Italy,2021-07-01,35.441066061445525,10.543608941709113,60.33852318118194
Italy,2021-07-02,35.660142804814434,10.460887307090314,60.85939830253855
Italy,2021-07-03,35.87921954818335,10.381737628392806,61.376701467973895
Italy,2021-07-04,36.09829629155226,10.306036001680184,61.890556581424335
Italy,2021-07-05,36.317373034921175,10.23366552484934,62.40108054499301
Italy,2021-07-06,36.53644977829009,10.164515755897192,62.90838380068299
Italy,2021-07-07,36.755526521659,10.098482223914544,63.412570819403456
Italy,2021-07-08,36.974603265027916,10.035465986666967,63.91374054338887
Italy,2021-07-09,37.193680008396825,9.97537322945037,64.41198678734328
Italy,2021-07-10,37.41275675176574,9.918114900610291,64.90739860292119
Italy,2021-07-11,37.63183349513465,9.863606379710536,65.40006061055877
Italy,2021-07-12,37.850910238503566,9.811767174846267,65.89005330216087
Italy,2021-07-13,38.06998698187248,9.762520646032616,66.37745331771235
Italy,2021-07-14,38.28906372524139,9.715793751974882,66.8623336985079
Italy,2021-07-15,38.50814046861031,9.671516817849113,67.3447641193715
Italy,2021-07-16,38.727217211979216,9.62962332200086,67.82481110195758
Italy,2021-07-17,38.94629395534813,9.590049699711955,68.30253821098431
Italy,2021-07-18,39.16537069871705,9.552735162395088,68.77800623503902
Italy,2021-07-19,39.38444744208596,9.517621530759111,69.2512733534128
Italy,2021-07-20,39.60352418545487,9.484653080647995,69.72239529026174
Sweden,2021-06-21,33.293068898026675,11.643766255113405,54.942371540939945
Sweden,2021-06-22,33.512145641395584,11.516432160471226,55.50785912231994
Sweden,2021-06-23,33.7312223847645,11.394469752714695,56.0679750168143
Sweden,2021-06-24,33.950299128133416,11.277636629965055,56.62296162630177
Sweden,2021-06-25,34.169375871502325,11.165708090769698,57.17304365223495
Sweden,2021-06-26,34.38845261487124,11.058475375774279,57.7184298539682
Sweden,2021-06-27,34.60752935824015,10.955744127791931,58.25931458868837
Sweden,2021-06-28,34.826606101609066,10.857333038002928,58.795879165215204
Sweden,2021-06-29,35.045682844977975,10.763072651504519,59.328293038451434
Sweden,2021-06-30,35.26475958834689,10.672804309869196,59.85671486682459
Sweden,2021-07-01,35.48383633171581,10.586379211979395,60.38129345145222
Sweden,2021-07-02,35.702913075084716,10.503657577360595,60.90216857280883
Sweden,2021-07-03,35.92198981845363,10.424507898663087,61.41947173824418
Sweden,2021-07-04,36.14106656182254,10.348806271950465,61.933326851694616
Sweden,2021-07-05,36.36014330519146,10.276435795119621,62.44385081526329
Sweden,2021-07-06,36.57922004856037,10.207286026167473,62.95115407095327
Sweden,2021-07-07,36.79829679192928,10.141252494184826,63.45534108967374
Sweden,2021-07-08,37.0173735352982,10.078236256937249,63.95651081365915
Sweden,2021-07-09,37.23645027866711,10.01814349972065,64.45475705761356
Sweden,2021-07-10,37.45552702203602,9.960885170880573,64.95016887319147
Sweden,2021-07-11,37.67460376540493,9.906376649980817,65.44283088082905
Sweden,2021-07-12,37.89368050877385,9.854537445116549,65.93282357243115
Sweden,2021-07-13,38.112757252142764,9.805290916302898,66.42022358798263
Sweden,2021-07-14,38.33183399551167,9.758564022245164,66.90510396877818
Sweden,2021-07-15,38.55091073888059,9.714287088119395,67.38753438964179
Sweden,2021-07-16,38.7699874822495,9.672393592271142,67.86758137222785
Sweden,2021-07-17,38.989064225618414,9.632819969982236,68.34530848125459
Sweden,2021-07-18,39.20814096898733,9.59550543266537,68.82077650530928
Sweden,2021-07-19,39.42721771235624,9.560391801029393,69.29404362368308
Sweden,2021-07-20,39.646294455725155,9.527423350918276,69.76516556053204
Oman,2021-06-21,24.233038707992506,2.5837360650792363,45.882341350905776
Oman,2021-06-22,24.452115451361415,2.4564019704370565,46.44782893228577
Oman,2021-06-23,24.67119219473033,2.334439562680526,47.00794482678013
Oman,2021-06-24,24.890268938099247,2.2176064399308864,47.562931436267604
Oman,2021-06-25,25.109345681468156,2.105677900735529,48.11301346220078
Oman,2021-06-26,25.328422424837072,1.9984451857401098,48.658399663934034
Oman,2021-06-27,25.54749916820598,1.8957139377577619,49.1992843986542
Oman,2021-06-28,25.766575911574897,1.7973028479687585,49.735848975181035
Oman,2021-06-29,25.985652654943806,1.7030424614703499,50.268262848417265
Oman,2021-06-30,26.204729398312722,1.6127741198350272,50.79668467679042
Oman,2021-07-01,26.423806141681638,1.5263490219452258,51.32126326141805
Oman,2021-07-02,26.642882885050547,1.4436273873264263,51.842138382774664
Oman,2021-07-03,26.861959628419463,1.3644777086289182,52.35944154821001
Oman,2021-07-04,27.08103637178837,1.2887760819162963,52.87329666166045
Oman,2021-07-05,27.300113115157288,1.216405605085452,53.38382062522912
Oman,2021-07-06,27.519189858526204,1.1472558361333043,53.8911238809191
Oman,2021-07-07,27.738266601895113,1.081222304150657,54.39531089963957
Oman,2021-07-08,27.95734334526403,1.0182060669030797,54.89648062362498
Oman,2021-07-09,28.176420088632938,0.9581133096864818,55.394726867579394
Oman,2021-07-10,28.395496832001854,0.9008549808464039,55.8901386831573
Oman,2021-07-11,28.614573575370763,0.8463464599466484,56.38280069079488
Oman,2021-07-12,28.83365031873968,0.7945072550823795,56.87279338239698
Oman,2021-07-13,29.052727062108595,0.7452607262687287,57.360193397948464
Oman,2021-07-14,29.271803805477504,0.6985338322109946,57.84507377874401
Oman,2021-07-15,29.49088054884642,0.6542568980852259,58.32750419960762
Oman,2021-07-16,29.70995729221533,0.6123634022369728,58.807551182193684
Oman,2021-07-17,29.929034035584245,0.5727897799480672,59.28527829122042
Oman,2021-07-18,30.14811077895316,0.5354752426312004,59.76074631527512
Oman,2021-07-19,30.36718752232207,0.500361610995224,60.23401343364891
Oman,2021-07-20,30.586264265690986,0.4673931608841073,60.705135370497864
Latvia,2021-06-21,29.476235986904143,7.8269333439908735,51.12553862981741
Latvia,2021-06-22,29.695312730273052,7.699599249348694,51.69102621119741
Latvia,2021-06-23,29.914389473641968,7.577636841592163,52.25114210569177
Latvia,2021-06-24,30.133466217010884,7.460803718842524,52.80612871517924
Latvia,2021-06-25,30.352542960379793,7.348875179647166,53.35621074111242
Latvia,2021-06-26,30.57161970374871,7.241642464651747,53.90159694284567
Latvia,2021-06-27,30.790696447117618,7.138911216669399,54.44248167756584
Latvia,2021-06-28,31.009773190486534,7.040500126880396,54.97904625409267
Latvia,2021-06-29,31.228849933855443,6.946239740381987,55.5114601273289
Latvia,2021-06-30,31.44792667722436,6.855971398746664,56.03988195570206
Latvia,2021-07-01,31.667003420593275,6.769546300856863,56.56446054032969
Latvia,2021-07-02,31.886080163962184,6.6868246662380635,57.0853356616863
Latvia,2021-07-03,32.1051569073311,6.607674987540555,57.602638827121645
Latvia,2021-07-04,32.32423365070001,6.531973360827934,58.116493940572084
Latvia,2021-07-05,32.543310394068925,6.459602883997089,58.62701790414076
Latvia,2021-07-06,32.76238713743784,6.3904531150449415,59.13432115983074
Latvia,2021-07-07,32.98146388080675,6.324419583062294,59.638508178551206
Latvia,2021-07-08,33.200540624175666,6.261403345814717,60.13967790253662
Latvia,2021-07-09,33.419617367544575,6.201310588598119,60.63792414649103
Latvia,2021-07-10,33.63869411091349,6.144052259758041,61.13333596206894
Latvia,2021-07-11,33.8577708542824,6.089543738858286,61.62599796970652
Latvia,2021-07-12,34.076847597651316,6.037704533994017,62.115990661308615
Latvia,2021-07-13,34.29592434102023,5.988458005180366,62.6033906768601
Latvia,2021-07-14,34.51500108438914,5.941731111122632,63.088271057655646
Latvia,2021-07-15,34.73407782775806,5.897454176996863,63.570701478519254
Latvia,2021-07-16,34.953154571126966,5.85556068114861,64.05074846110531
Latvia,2021-07-17,35.17223131449588,5.8159870588597045,64.52847557013206
Latvia,2021-07-18,35.3913080578648,5.778672521542838,65.00394359418675
Latvia,2021-07-19,35.61038480123371,5.743558889906861,65.47721071256055
Latvia,2021-07-20,35.82946154460262,5.7105904397957445,65.94833264940951
Poland,2021-06-21,32.93548768758438,11.286185044671107,54.58479033049765
Poland,2021-06-22,33.154564430953286,11.158850950028928,55.150277911877644
Poland,2021-06-23,33.3736411743222,11.036888542272397,55.71039380637201
Poland,2021-06-24,33.59271791769112,10.920055419522757,56.26538041585948
Poland,2021-06-25,33.81179466106003,10.8081268803274,56.815462441792654
Poland,2021-06-26,34.03087140442894,10.700894165331981,57.360848643525905
Poland,2021-06-27,34.24994814779785,10.598162917349633,57.90173337824607
Poland,2021-06-28,34.46902489116677,10.49975182756063,58.43829795477291
Poland,2021-06-29,34.68810163453568,10.405491441062221,58.97071182800913
Poland,2021-06-30,34.90717837790459,10.315223099426898,59.499133656382284
Poland,2021-07-01,35.12625512127351,10.228798001537097,60.02371224100992
Poland,2021-07-02,35.34533186464242,10.146076366918297,60.54458736236654
Poland,2021-07-03,35.564408608011334,10.06692668822079,61.06189052780188
Poland,2021-07-04,35.78348535138024,9.991225061508167,61.57574564125232
Poland,2021-07-05,36.00256209474916,9.918854584677323,62.086269604821
Poland,2021-07-06,36.221638838118075,9.849704815725175,62.593572860510974
Poland,2021-07-07,36.440715581486984,9.783671283742528,63.09775987923144
Poland,2021-07-08,36.6597923248559,9.72065504649495,63.598929603216845
Poland,2021-07-09,36.87886906822481,9.660562289278353,64.09717584717126
Poland,2021-07-10,37.097945811593725,9.603303960438275,64.59258766274917
Poland,2021-07-11,37.317022554962634,9.54879543953852,65.08524967038674
Poland,2021-07-12,37.53609929833155,9.49695623467425,65.57524236198884
Poland,2021-07-13,37.755176041700466,9.4477097058606,66.06264237754033
Poland,2021-07-14,37.974252785069375,9.400982811802866,66.54752275833589
Poland,2021-07-15,38.19332952843829,9.356705877677097,67.02995317919948
Poland,2021-07-16,38.4124062718072,9.314812381828844,67.51000016178556
Poland,2021-07-17,38.631483015176116,9.275238759539938,67.98772727081229
Poland,2021-07-18,38.85055975854503,9.237924222223072,68.46319529486699
Poland,2021-07-19,39.06963650191394,9.202810590587095,68.93646241324079
Poland,2021-07-20,39.28871324528286,9.169842140475978,69.40758435008973
Belgium,2021-06-21,33.983787007312145,12.334484364398875,55.633089650225415
Belgium,2021-06-22,34.202863750681054,12.207150269756696,56.19857723160541
Belgium,2021-06-23,34.42194049404997,12.085187862000165,56.75869312609977
Belgium,2021-06-24,34.641017237418886,11.968354739250525,57.31367973558724
Belgium,2021-06-25,34.860093980787795,11.856426200055168,57.86376176152042
Belgium,2021-06-26,35.07917072415671,11.749193485059749,58.40914796325367
Belgium,2021-06-27,35.29824746752562,11.646462237077401,58.95003269797384
Belgium,2021-06-28,35.517324210894536,11.548051147288398,59.486597274500674
Belgium,2021-06-29,35.736400954263445,11.453790760789989,60.019011147736904
Belgium,2021-06-30,35.95547769763236,11.363522419154666,60.54743297611006
Belgium,2021-07-01,36.17455444100128,11.277097321264865,61.07201156073769
Belgium,2021-07-02,36.393631184370186,11.194375686646065,61.5928866820943
Belgium,2021-07-03,36.6127079277391,11.115226007948557,62.11018984752965
Belgium,2021-07-04,36.83178467110801,11.039524381235935,62.624044960980086
Belgium,2021-07-05,37.05086141447693,10.967153904405091,63.13456892454876
Belgium,2021-07-06,37.26993815784584,10.898004135452943,63.64187218023874
Belgium,2021-07-07,37.48901490121475,10.831970603470296,64.14605919895921
Belgium,2021-07-08,37.70809164458367,10.768954366222719,64.64722892294462
Belgium,2021-07-09,37.92716838795258,10.70886160900612,65.14547516689903
Belgium,2021-07-10,38.14624513132149,10.651603280166043,65.64088698247694
Belgium,2021-07-11,38.3653218746904,10.597094759266287,66.13354899011452
Belgium,2021-07-12,38.58439861805932,10.545255554402019,66.62354168171662
Belgium,2021-07-13,38.803475361428234,10.496009025588368,67.1109416972681
Belgium,2021-07-14,39.02255210479714,10.449282131530634,67.59582207806365
Belgium,2021-07-15,39.24162884816606,10.405005197404865,68.07825249892726
Belgium,2021-07-16,39.46070559153497,10.363111701556612,68.55829948151333
Belgium,2021-07-17,39.679782334903884,10.323538079267706,69.03602659054006
Belgium,2021-07-18,39.8988590782728,10.28622354195084,69.51149461459477
Belgium,2021-07-19,40.11793582164171,10.251109910314863,69.98476173296855
Belgium,2021-07-20,40.337012565010625,10.218141460203746,70.4558836698175
Hungary,2021-06-21,40.15365095289056,18.50434830997729,61.80295359580383
Hungary,2021-06-22,40.37272769625947,18.37701421533511,62.368441177183826
Hungary,2021-06-23,40.59180443962838,18.255051807578578,62.928557071678185
Hungary,2021-06-24,40.8108811829973,18.13821868482894,63.483543681165656
Hungary,2021-06-25,41.02995792636621,18.02629014563358,64.03362570709884
Hungary,2021-06-26,41.249034669735124,17.919057430638162,64.57901190883209
Hungary,2021-06-27,41.46811141310403,17.816326182655814,65.11989664355225
Hungary,2021-06-28,41.68718815647295,17.71791509286681,65.65646122007908
Hungary,2021-06-29,41.90626489984186,17.623654706368402,66.18887509331532
Hungary,2021-06-30,42.125341643210774,17.53338636473308,66.71729692168847
Hungary,2021-07-01,42.34441838657969,17.446961266843278,67.2418755063161
Hungary,2021-07-02,42.5634951299486,17.36423963222448,67.76275062767272
Hungary,2021-07-03,42.782571873317515,17.28508995352697,68.28005379310807
Hungary,2021-07-04,43.001648616686424,17.20938832681435,68.7939089065585
Hungary,2021-07-05,43.22072536005534,17.137017849983504,69.30443287012717
Hungary,2021-07-06,43.439802103424256,17.067868081031357,69.81173612581716
Hungary,2021-07-07,43.658878846793165,17.00183454904871,70.31592314453762
Hungary,2021-07-08,43.87795559016208,16.938818311801132,70.81709286852303
Hungary,2021-07-09,44.09703233353099,16.878725554584534,71.31533911247745
Hungary,2021-07-10,44.316109076899906,16.821467225744456,71.81075092805536
Hungary,2021-07-11,44.535185820268815,16.7669587048447,72.30341293569293
Hungary,2021-07-12,44.75426256363773,16.715119499980432,72.79340562729503
Hungary,2021-07-13,44.97333930700665,16.66587297116678,73.28080564284652
Hungary,2021-07-14,45.192416050375556,16.619146077109047,73.76568602364206
Hungary,2021-07-15,45.41149279374447,16.574869142983278,74.24811644450567
Hungary,2021-07-16,45.63056953711338,16.532975647135025,74.72816342709174
Hungary,2021-07-17,45.8496462804823,16.49340202484612,75.20589053611847
Hungary,2021-07-18,46.06872302385121,16.456087487529253,75.68135856017318
Hungary,2021-07-19,46.28779976722012,16.420973855893276,76.15462567854696
Hungary,2021-07-20,46.50687651058904,16.38800540578216,76.62574761539591
Greece,2021-06-21,32.23365095289055,10.58434830997728,53.88295359580382
Greece,2021-06-22,32.452727696259466,10.457014215335107,54.448441177183824
Greece,2021-06-23,32.67180443962838,10.335051807578576,55.00855707167818
Greece,2021-06-24,32.8908811829973,10.218218684828937,55.563543681165655
Greece,2021-06-25,33.1099579263662,10.106290145633572,56.11362570709883
Greece,2021-06-26,33.329034669735115,9.999057430638153,56.65901190883208
Greece,2021-06-27,33.54811141310403,9.896326182655812,57.19989664355225
Greece,2021-06-28,33.76718815647295,9.797915092866809,57.736461220079086
Greece,2021-06-29,33.98626489984185,9.703654706368393,58.2688750933153
Greece,2021-06-30,34.205341643210765,9.61338636473307,58.79729692168846
Greece,2021-07-01,34.42441838657968,9.52696126684327,59.32187550631609
Greece,2021-07-02,34.6434951299486,9.444239632224477,59.842750627672714
Greece,2021-07-03,34.86257187331751,9.365089953526969,60.36005379310806
Greece,2021-07-04,35.081648616686415,9.28938832681434,60.87390890655849
Greece,2021-07-05,35.30072536005533,9.217017849983495,61.38443287012717
Greece,2021-07-06,35.51980210342425,9.147868081031348,61.89173612581715
Greece,2021-07-07,35.73887884679316,9.081834549048708,62.39592314453762
Greece,2021-07-08,35.95795559016208,9.01881831180113,62.89709286852303
Greece,2021-07-09,36.17703233353098,8.958725554584525,63.39533911247744
Greece,2021-07-10,36.3961090768999,8.901467225744447,63.89075092805535
Greece,2021-07-11,36.61518582026881,8.846958704844699,64.38341293569293
Greece,2021-07-12,36.83426256363773,8.79511949998043,64.87340562729503
Greece,2021-07-13,37.053339307006645,8.74587297116678,65.36080564284651
Greece,2021-07-14,37.27241605037555,8.699146077109038,65.84568602364206
Greece,2021-07-15,37.49149279374446,8.65486914298327,66.32811644450565
Greece,2021-07-16,37.71056953711338,8.612975647135023,66.80816342709173
Greece,2021-07-17,37.929646280482295,8.573402024846118,67.28589053611847
Greece,2021-07-18,38.14872302385121,8.536087487529251,67.76135856017316
Greece,2021-07-19,38.36779976722011,8.500973855893267,68.23462567854696
Greece,2021-07-20,38.58687651058903,8.46800540578215,68.70574761539591
Kuwait,2021-06-21,30.387596531121794,8.738293888208524,52.036899174035064
Kuwait,2021-06-22,30.606673274490696,8.610959793566337,52.602386755415054
Kuwait,2021-06-23,30.82575001785961,8.488997385809807,53.16250264990941
Kuwait,2021-06-24,31.044826761228528,8.372164263060167,53.717489259396885
Kuwait,2021-06-25,31.263903504597444,8.260235723864817,54.26757128533007
Kuwait,2021-06-26,31.48298024796636,8.153003008869398,54.81295748706332
Kuwait,2021-06-27,31.70205699133526,8.050271760887043,55.35384222178348
Kuwait,2021-06-28,31.921133734704178,7.951860671098039,55.890406798310316
Kuwait,2021-06-29,32.140210478073094,7.857600284599638,56.422820671546546
Kuwait,2021-06-30,32.35928722144201,7.767331942964315,56.9512424999197
Kuwait,2021-07-01,32.578363964810926,7.680906845074514,57.475821084547334
Kuwait,2021-07-02,32.79744070817983,7.598185210455707,57.996696205903945
Kuwait,2021-07-03,33.016517451548744,7.519035531758199,58.51399937133929
Kuwait,2021-07-04,33.23559419491766,7.443333905045584,59.027854484789735
Kuwait,2021-07-05,33.454670938286576,7.37096342821474,59.538378448358415
Kuwait,2021-07-06,33.67374768165549,7.301813659262592,60.04568170404839
Kuwait,2021-07-07,33.89282442502439,7.235780127279938,60.54986872276885
Kuwait,2021-07-08,34.11190116839331,7.1727638900323605,61.05103844675426
Kuwait,2021-07-09,34.330977911762226,7.11267113281577,61.54928469070868
Kuwait,2021-07-10,34.55005465513114,7.055412803975692,62.04469650628659
Kuwait,2021-07-11,34.76913139850004,7.000904283075929,62.53735851392416
Kuwait,2021-07-12,34.98820814186896,6.94906507821166,63.02735120552626
Kuwait,2021-07-13,35.207284885237875,6.8998185493980095,63.514751221077745
Kuwait,2021-07-14,35.42636162860679,6.8530916553402825,63.999631601873304
Kuwait,2021-07-15,35.64543837197571,6.808814721214514,64.4820620227369
Kuwait,2021-07-16,35.86451511534461,6.766921225366254,64.96210900532296
Kuwait,2021-07-17,36.083591858713525,6.727347603077348,65.4398361143497
Kuwait,2021-07-18,36.30266860208244,6.690033065760481,65.9153041384044
Kuwait,2021-07-19,36.52174534545136,6.654919434124512,66.3885712567782
Kuwait,2021-07-20,36.74082208882027,6.621950984013395,66.85969319362715
Belarus,2021-06-21,23.15535163316256,1.5060489902492904,44.80465427607583
Belarus,2021-06-22,23.37442837653147,1.3787148956071107,45.37014185745583
Belarus,2021-06-23,23.593505119900385,1.25675248785058,45.930257751950194
Belarus,2021-06-24,23.8125818632693,1.1399193651009405,46.485244361437665
Belarus,2021-06-25,24.03165860663821,1.027990825905583,47.03532638737084
Belarus,2021-06-26,24.250735350007126,0.9207581109101639,47.58071258910409
Belarus,2021-06-27,24.469812093376035,0.818026862927816,48.121597323824254
Belarus,2021-06-28,24.68888883674495,0.7196157731388126,48.65816190035109
Belarus,2021-06-29,24.90796558011386,0.625355386640404,49.19057577358731
Belarus,2021-06-30,25.127042323482776,0.5350870450050813,49.71899760196047
Belarus,2021-07-01,25.346119066851692,0.44866194711527996,50.2435761865881
Belarus,2021-07-02,25.5651958102206,0.3659403124964804,50.764451307944725
Belarus,2021-07-03,25.784272553589517,0.2867906337989723,51.28175447338006
Belarus,2021-07-04,26.003349296958426,0.21108900708635048,51.7956095868305
Belarus,2021-07-05,26.222426040327342,0.13871853025550607,52.30613355039918
Belarus,2021-07-06,26.441502783696258,0.06956876130335843,52.81343680608916
Belarus,2021-07-07,26.660579527065167,0.003535229320711153,53.31762382480962
Belarus,2021-07-08,26.879656270434083,0.0,53.81879354879503
Belarus,2021-07-09,27.098733013802992,0.0,54.31703979274945
Belarus,2021-07-10,27.317809757171908,0.0,54.81245160832736
Belarus,2021-07-11,27.536886500540817,0.0,55.30511361596493
Belarus,2021-07-12,27.755963243909733,0.0,55.79510630756703
Belarus,2021-07-13,27.97503998727865,0.0,56.28250632311851
Belarus,2021-07-14,28.194116730647558,0.0,56.76738670391407
Belarus,2021-07-15,28.413193474016474,0.0,57.249817124777664
Belarus,2021-07-16,28.632270217385383,0.0,57.72986410736374
Belarus,2021-07-17,28.8513469607543,0.0,58.207591216390476
Belarus,2021-07-18,29.070423704123215,0.0,58.683059240445175
Belarus,2021-07-19,29.289500447492124,0.0,59.15632635881897
Belarus,2021-07-20,29.50857719086104,0.0,59.62744829566792
Bulgaria,2021-06-21,26.363618219076905,4.714315576163635,48.012920861990175
Bulgaria,2021-06-22,26.582694962445814,4.586981481521455,48.57840844337017
Bulgaria,2021-06-23,26.80177170581473,4.465019073764925,49.13852433786454
Bulgaria,2021-06-24,27.020848449183646,4.348185951015285,49.69351094735201
Bulgaria,2021-06-25,27.239925192552555,4.236257411819928,50.24359297328518
Bulgaria,2021-06-26,27.45900193592147,4.129024696824509,50.78897917501843
Bulgaria,2021-06-27,27.67807867929038,4.026293448842161,51.3298639097386
Bulgaria,2021-06-28,27.897155422659296,3.9278823590531573,51.866428486265434
Bulgaria,2021-06-29,28.116232166028205,3.8336219725547487,52.39884235950166
Bulgaria,2021-06-30,28.33530890939712,3.743353630919426,52.92726418787481
Bulgaria,2021-07-01,28.554385652766037,3.6569285330296246,53.451842772502445
Bulgaria,2021-07-02,28.773462396134946,3.574206898410825,53.97271789385907
Bulgaria,2021-07-03,28.99253913950386,3.495057219713317,54.490021059294406
Bulgaria,2021-07-04,29.21161588287277,3.419355593000695,55.003876172744846
Bulgaria,2021-07-05,29.430692626241687,3.3469851161698507,55.514400136313526
Bulgaria,2021-07-06,29.649769369610603,3.277835347217703,56.0217033920035
Bulgaria,2021-07-07,29.86884611297951,3.211801815235056,56.52589041072397
Bulgaria,2021-07-08,30.087922856348428,3.1487855779874785,57.02706013470937
Bulgaria,2021-07-09,30.306999599717336,3.0886928207708806,57.52530637866379
Bulgaria,2021-07-10,30.526076343086253,3.0314344919308027,58.0207181942417
Bulgaria,2021-07-11,30.74515308645516,2.976925971031047,58.51338020187927
Bulgaria,2021-07-12,30.964229829824077,2.9250867661667783,59.00337289348138
Bulgaria,2021-07-13,31.183306573192993,2.8758402373531275,59.490772909032856
Bulgaria,2021-07-14,31.402383316561902,2.8291133432953934,59.975653289828415
Bulgaria,2021-07-15,31.62146005993082,2.7848364091696247,60.45808371069201
Bulgaria,2021-07-16,31.840536803299727,2.7429429133213716,60.93813069327808
Bulgaria,2021-07-17,32.05961354666864,2.703369291032466,61.41585780230482
Bulgaria,2021-07-18,32.27869029003756,2.666054753715599,61.89132582635952
Bulgaria,2021-07-19,32.49776703340647,2.630941122079623,62.36459294473332
Bulgaria,2021-07-20,32.716843776775384,2.597972671968506,62.83571488158226
England,2021-06-21,54.80608397250136,33.15678132958809,76.45538661541462
England,2021-06-22,55.02516071587028,33.02944723494592,77.02087419679464
England,2021-06-23,55.244237459239194,32.90748482718939,77.580990091289
England,2021-06-24,55.46331420260811,32.79065170443975,78.13597670077647
England,2021-06-25,55.682390945977026,32.6787231652444,78.68605872670966
England,2021-06-26,55.90146768934593,32.571490450248966,79.2314449284429
England,2021-06-27,56.120544432714844,32.468759202266625,79.77232966316306
England,2021-06-28,56.33962117608376,32.37034811247762,80.30889423968989
England,2021-06-29,56.55869791945266,32.27608772597921,80.84130811292611
England,2021-06-30,56.77777466282159,32.1858193843439,81.36972994129928
England,2021-07-01,56.996851406190494,32.099394286454086,81.8943085259269
England,2021-07-02,57.21592814955941,32.01667265183529,82.41518364728353
England,2021-07-03,57.435004892928326,31.93752297313778,82.93248681271888
England,2021-07-04,57.65408163629723,31.861821346425153,83.44634192616931
England,2021-07-05,57.87315837966616,31.789450869594322,83.956865889738
England,2021-07-06,58.09223512303506,31.72030110064216,84.46416914542796
England,2021-07-07,58.311311866403976,31.65426756865952,84.96835616414843
England,2021-07-08,58.53038860977289,31.591251331411943,85.46952588813384
England,2021-07-09,58.749465353141794,31.531158574195338,85.96777213208824
England,2021-07-10,58.968542096510724,31.473900245355274,86.46318394766618
England,2021-07-11,59.187618839879626,31.41939172445551,86.95584595530374
England,2021-07-12,59.40669558324854,31.367552519591243,87.44583864690584
England,2021-07-13,59.62577232661746,31.318305990777592,87.93323866245733
England,2021-07-14,59.84484906998636,31.27157909671985,88.41811904325287
England,2021-07-15,60.06392581335529,31.227302162594096,88.90054946411648
England,2021-07-16,60.28300255672419,31.185408666745836,89.38059644670255
England,2021-07-17,60.50207930009311,31.14583504445693,89.85832355572929
England,2021-07-18,60.721156043462024,31.108520507140064,90.33379157978399
England,2021-07-19,60.940232786830926,31.07340687550408,90.80705869815777
England,2021-07-20,61.159309530199856,31.040438425392978,91.27818063500673
Argentina,2021-06-21,28.435125068391827,6.785822425478557,50.084427711305096
Argentina,2021-06-22,28.654201811760736,6.658488330836377,50.649915292685094
Argentina,2021-06-23,28.87327855512965,6.5365259230798465,51.21003118717945
Argentina,2021-06-24,29.092355298498568,6.419692800330207,51.765017796666925
Argentina,2021-06-25,29.311432041867477,6.3077642611348494,52.315099822600104
Argentina,2021-06-26,29.530508785236393,6.20053154613943,52.860486024333355
Argentina,2021-06-27,29.7495855286053,6.0978002981570825,53.40137075905352
Argentina,2021-06-28,29.968662271974218,5.999389208368079,53.937935335580356
Argentina,2021-06-29,30.187739015343126,5.9051288218696705,54.470349208816586
Argentina,2021-06-30,30.406815758712042,5.814860480234348,54.99877103718974
Argentina,2021-07-01,30.62589250208096,5.728435382344546,55.523349621817374
Argentina,2021-07-02,30.844969245449867,5.645713747725747,56.044224743173984
Argentina,2021-07-03,31.064045988818783,5.566564069028239,56.56152790860933
Argentina,2021-07-04,31.283122732187692,5.490862442315617,57.07538302205977
Argentina,2021-07-05,31.50219947555661,5.4184919654847725,57.58590698562844
Argentina,2021-07-06,31.721276218925524,5.349342196532625,58.093210241318424
Argentina,2021-07-07,31.940352962294433,5.283308664549978,58.59739726003889
Argentina,2021-07-08,32.15942970566335,5.2202924273024,59.0985669840243
Argentina,2021-07-09,32.37850644903226,5.160199670085802,59.596813227978714
Argentina,2021-07-10,32.597583192401174,5.1029413412457245,60.092225043556624
Argentina,2021-07-11,32.81665993577008,5.048432820345969,60.5848870511942
Argentina,2021-07-12,33.035736679139,4.9965936154817,61.0748797427963
Argentina,2021-07-13,33.254813422507915,4.947347086668049,61.562279758347785
Argentina,2021-07-14,33.473890165876824,4.900620192610315,62.04716013914333
Argentina,2021-07-15,33.69296690924574,4.8563432584845465,62.52959056000694
Argentina,2021-07-16,33.91204365261465,4.814449762636293,63.009637542593005
Argentina,2021-07-17,34.131120395983565,4.774876140347388,63.48736465161974
Argentina,2021-07-18,34.35019713935248,4.737561603030521,63.96283267567444
Argentina,2021-07-19,34.56927388272139,4.702447971394545,64.43609979404823
Argentina,2021-07-20,34.788350626090306,4.669479521283428,64.90722173089719
Luxembourg,2021-06-21,32.742613149234955,11.093310506321686,54.391915792148225
Luxembourg,2021-06-22,32.961689892603864,10.965976411679506,54.95740337352822
Luxembourg,2021-06-23,33.18076663597278,10.844014003922975,55.51751926802258
Luxembourg,2021-06-24,33.3998433793417,10.727180881173336,56.07250587751005
Luxembourg,2021-06-25,33.618920122710605,10.615252341977978,56.62258790344323
Luxembourg,2021-06-26,33.83799686607952,10.50801962698256,57.167974105176484
Luxembourg,2021-06-27,34.05707360944843,10.405288379000211,57.70885883989665
Luxembourg,2021-06-28,34.276150352817346,10.306877289211208,58.245423416423485
Luxembourg,2021-06-29,34.495227096186255,10.2126169027128,58.777837289659715
Luxembourg,2021-06-30,34.71430383955517,10.122348561077477,59.30625911803287
Luxembourg,2021-07-01,34.93338058292409,10.035923463187675,59.8308377026605
Luxembourg,2021-07-02,35.152457326292996,9.953201828568876,60.35171282401711
Luxembourg,2021-07-03,35.37153406966191,9.874052149871368,60.86901598945246
Luxembourg,2021-07-04,35.59061081303082,9.798350523158746,61.3828711029029
Luxembourg,2021-07-05,35.80968755639974,9.725980046327901,61.89339506647157
Luxembourg,2021-07-06,36.02876429976865,9.656830277375754,62.40069832216155
Luxembourg,2021-07-07,36.24784104313756,9.590796745393106,62.90488534088202
Luxembourg,2021-07-08,36.46691778650648,9.52778050814553,63.40605506486743
Luxembourg,2021-07-09,36.68599452987539,9.467687750928931,63.90430130882184
Luxembourg,2021-07-10,36.9050712732443,9.410429422088853,64.39971312439975
Luxembourg,2021-07-11,37.12414801661321,9.355920901189098,64.89237513203733
Luxembourg,2021-07-12,37.34322475998213,9.304081696324829,65.38236782363943
Luxembourg,2021-07-13,37.562301503351044,9.254835167511178,65.86976783919091
Luxembourg,2021-07-14,37.78137824671995,9.208108273453444,66.35464821998646
Luxembourg,2021-07-15,38.00045499008887,9.163831339327675,66.83707864085007
Luxembourg,2021-07-16,38.21953173345778,9.121937843479422,67.31712562343614
Luxembourg,2021-07-17,38.438608476826694,9.082364221190517,67.79485273246287
Luxembourg,2021-07-18,38.65768522019561,9.04504968387365,68.27032075651758
Luxembourg,2021-07-19,38.87676196356452,9.009936052237673,68.74358787489136
Luxembourg,2021-07-20,39.095838706933435,8.976967602126557,69.2147098117403
Croatia,2021-06-21,30.350130390614275,8.700827747701005,51.999433033527545
Croatia,2021-06-22,30.569207133983184,8.573493653058826,52.56492061490754
Croatia,2021-06-23,30.7882838773521,8.451531245302295,53.12503650940191
Croatia,2021-06-24,31.007360620721016,8.334698122552656,53.68002311888938
Croatia,2021-06-25,31.226437364089925,8.222769583357298,54.23010514482255
Croatia,2021-06-26,31.44551410745884,8.115536868361879,54.7754913465558
Croatia,2021-06-27,31.66459085082775,8.012805620379531,55.31637608127597
Croatia,2021-06-28,31.883667594196666,7.914394530590528,55.852940657802804
Croatia,2021-06-29,32.102744337565575,7.820134144092119,56.38535453103903
Croatia,2021-06-30,32.32182108093449,7.729865802456796,56.91377635941218
Croatia,2021-07-01,32.54089782430341,7.643440704566995,57.438354944039816
Croatia,2021-07-02,32.759974567672316,7.560719069948195,57.95923006539644
Croatia,2021-07-03,32.97905131104123,7.481569391250687,58.47653323083178
Croatia,2021-07-04,33.19812805441014,7.4058677645380655,58.990388344282216
Croatia,2021-07-05,33.41720479777906,7.333497287707221,59.500912307850896
Croatia,2021-07-06,33.63628154114797,7.2643475187550735,60.00821556354087
Croatia,2021-07-07,33.85535828451688,7.198313986772426,60.51240258226134
Croatia,2021-07-08,34.0744350278858,7.135297749524849,61.01357230624674
Croatia,2021-07-09,34.29351177125471,7.075204992308251,61.51181855020116
Croatia,2021-07-10,34.51258851462362,7.017946663468173,62.00723036577907
Croatia,2021-07-11,34.73166525799253,6.9634381425684175,62.49989237341664
Croatia,2021-07-12,34.95074200136145,6.911598937704149,62.98988506501875
Croatia,2021-07-13,35.169818744730364,6.862352408890498,63.477285080570226
Croatia,2021-07-14,35.38889548809927,6.815625514832764,63.962165461365785
Croatia,2021-07-15,35.60797223146819,6.771348580706995,64.44459588222938
Croatia,2021-07-16,35.8270489748371,6.729455084858742,64.92464286481545
Croatia,2021-07-17,36.046125718206014,6.689881462569836,65.40236997384218
Croatia,2021-07-18,36.26520246157493,6.6525669252529696,65.87783799789689
Croatia,2021-07-19,36.48427920494384,6.617453293616993,66.35110511627069
Croatia,2021-07-20,36.703355948312755,6.5844848435058765,66.82222705311963
Monaco,2021-06-21,38.71357866647626,17.06427602356299,60.36288130938953
Monaco,2021-06-22,38.93265540984517,16.93694192892081,60.928368890769526
Monaco,2021-06-23,39.151732153214084,16.81497952116428,61.48848478526389
Monaco,2021-06-24,39.370808896583,16.69814639841464,62.043471394751364
Monaco,2021-06-25,39.58988563995191,16.586217859219282,62.593553420684536
Monaco,2021-06-26,39.808962383320825,16.478985144223863,63.13893962241779
Monaco,2021-06-27,40.028039126689734,16.376253896241515,63.67982435713795
Monaco,2021-06-28,40.24711587005865,16.27784280645251,64.21638893366479
Monaco,2021-06-29,40.46619261342756,16.183582419954103,64.74880280690101
Monaco,2021-06-30,40.685269356796475,16.09331407831878,65.27722463527417
Monaco,2021-07-01,40.90434610016539,16.00688898042898,65.8018032199018
Monaco,2021-07-02,41.1234228435343,15.92416734581018,66.32267834125842
Monaco,2021-07-03,41.342499586903216,15.845017667112671,66.83998150669376
Monaco,2021-07-04,41.561576330272125,15.76931604040005,67.3538366201442
Monaco,2021-07-05,41.78065307364104,15.696945563569205,67.86436058371288
Monaco,2021-07-06,41.99972981700996,15.627795794617057,68.37166383940286
Monaco,2021-07-07,42.218806560378866,15.56176226263441,68.87585085812333
Monaco,2021-07-08,42.43788330374778,15.498746025386833,69.37702058210873
Monaco,2021-07-09,42.65696004711669,15.438653268170235,69.87526682606315
Monaco,2021-07-10,42.87603679048561,15.381394939330157,70.37067864164106
Monaco,2021-07-11,43.095113533854516,15.326886418430401,70.86334064927863
Monaco,2021-07-12,43.31419027722343,15.275047213566133,71.35333334088074
Monaco,2021-07-13,43.53326702059235,15.225800684752482,71.84073335643221
Monaco,2021-07-14,43.75234376396126,15.179073790694748,72.32561373722777
Monaco,2021-07-15,43.97142050733017,15.134796856568979,72.80804415809136
Monaco,2021-07-16,44.19049725069908,15.092903360720726,73.28809114067744
Monaco,2021-07-17,44.409573994068,15.05332973843182,73.76581824970418
Monaco,2021-07-18,44.628650737436914,15.016015201114953,74.24128627375887
Monaco,2021-07-19,44.84772748080582,14.980901569478977,74.71455339213267
Monaco,2021-07-20,45.06680422417474,14.94793311936786,75.18567532898162
Iceland,2021-06-21,36.12771659751076,14.478413954597492,57.77701924042403
Iceland,2021-06-22,36.346793340879664,14.351079859955306,58.34250682180402
Iceland,2021-06-23,36.56587008424858,14.229117452198775,58.90262271629838
Iceland,2021-06-24,36.784946827617496,14.112284329449135,59.45760932578585
Iceland,2021-06-25,37.00402357098641,14.000355790253785,60.00769135171904
Iceland,2021-06-26,37.22310031435533,13.893123075258366,60.55307755345229
Iceland,2021-06-27,37.44217705772423,13.79039182727601,61.09396228817245
Iceland,2021-06-28,37.661253801093146,13.691980737487008,61.630526864699284
Iceland,2021-06-29,37.88033054446206,13.597720350988606,62.162940737935514
Iceland,2021-06-30,38.09940728783098,13.507452009353283,62.69136256630867
Iceland,2021-07-01,38.318484031199894,13.421026911463482,63.2159411509363
Iceland,2021-07-02,38.537560774568796,13.338305276844675,63.73681627229291
Iceland,2021-07-03,38.75663751793771,13.259155598147167,64.25411943772826
Iceland,2021-07-04,38.97571426130663,13.183453971434552,64.7679745511787
Iceland,2021-07-05,39.194791004675544,13.111083494603708,65.27849851474738
Iceland,2021-07-06,39.41386774804446,13.04193372565156,65.78580177043736
Iceland,2021-07-07,39.63294449141336,12.975900193668906,66.28998878915782
Iceland,2021-07-08,39.85202123478228,12.912883956421329,66.79115851314323
Iceland,2021-07-09,40.071097978151194,12.852791199204738,67.28940475709766
Iceland,2021-07-10,40.29017472152011,12.79553287036466,67.78481657267557
Iceland,2021-07-11,40.50925146488901,12.741024349464897,68.27747858031313
Iceland,2021-07-12,40.72832820825793,12.689185144600629,68.76747127191523
Iceland,2021-07-13,40.947404951626844,12.639938615786978,69.25487128746671
Iceland,2021-07-14,41.16648169499576,12.59321172172925,69.73975166826227
Iceland,2021-07-15,41.385558438364676,12.548934787603482,70.22218208912587
Iceland,2021-07-16,41.60463518173358,12.507041291755222,70.70222907171194
Iceland,2021-07-17,41.823711925102494,12.467467669466316,71.17995618073867
Iceland,2021-07-18,42.04278866847141,12.43015313214945,71.65542420479338
Iceland,2021-07-19,42.261865411840326,12.39503950051348,72.12869132316717
Iceland,2021-07-20,42.48094215520924,12.362071050402363,72.59981326001612
Ireland,2021-06-21,32.88815709552069,11.23885445260742,54.53745973843396
Ireland,2021-06-22,33.10723383888959,11.111520357965233,55.10294731981395
Ireland,2021-06-23,33.32631058225851,10.989557950208702,55.66306321430831
Ireland,2021-06-24,33.54538732562742,10.872724827459063,56.21804982379578
Ireland,2021-06-25,33.76446406899634,10.760796288263712,56.76813184972897
Ireland,2021-06-26,33.983540812365256,10.653563573268293,57.31351805146222
Ireland,2021-06-27,34.20261755573416,10.550832325285938,57.854402786182376
Ireland,2021-06-28,34.42169429910307,10.452421235496935,58.39096736270921
Ireland,2021-06-29,34.64077104247199,10.358160848998534,58.92338123594544
Ireland,2021-06-30,34.859847785840905,10.26789250736321,59.4518030643186
Ireland,2021-07-01,35.07892452920982,10.18146740947341,59.97638164894623
Ireland,2021-07-02,35.29800127257872,10.098745774854603,60.49725677030284
Ireland,2021-07-03,35.51707801594764,10.019596096157095,61.014559935738184
Ireland,2021-07-04,35.736154759316555,9.94389446944448,61.52841504918863
Ireland,2021-07-05,35.95523150268547,9.871523992613636,62.03893901275731
Ireland,2021-07-06,36.17430824605439,9.802374223661488,62.54624226844729
Ireland,2021-07-07,36.39338498942329,9.736340691678834,63.050429287167745
Ireland,2021-07-08,36.612461732792205,9.673324454431256,63.55159901115316
Ireland,2021-07-09,36.83153847616112,9.613231697214665,64.04984525510758
Ireland,2021-07-10,37.05061521953004,9.555973368374588,64.5452570706855
Ireland,2021-07-11,37.26969196289894,9.501464847474825,65.03791907832306
Ireland,2021-07-12,37.488768706267855,9.449625642610556,65.52791176992515
Ireland,2021-07-13,37.70784544963677,9.400379113796905,66.01531178547664
Ireland,2021-07-14,37.92692219300569,9.353652219739178,66.5001921662722
Ireland,2021-07-15,38.1459989363746,9.30937528561341,66.9826225871358
Ireland,2021-07-16,38.365075679743505,9.26748178976515,67.46266956972187
Ireland,2021-07-17,38.58415242311242,9.227908167476244,67.9403966787486
Ireland,2021-07-18,38.80322916648134,9.190593630159377,68.4158647028033
Ireland,2021-07-19,39.02230590985025,9.155479998523408,68.8891318211771
Ireland,2021-07-20,39.24138265321917,9.122511548412291,69.36025375802605
Finland,2021-06-21,35.86651826414141,14.217215621228142,57.51582090705468
Finland,2021-06-22,36.08559500751033,14.08988152658597,58.081308488434686
Finland,2021-06-23,36.304671750879244,13.967919118829439,58.641424382929046
Finland,2021-06-24,36.52374849424816,13.8510859960798,59.19641099241652
Finland,2021-06-25,36.74282523761706,13.739157456884435,59.74649301834969
Finland,2021-06-26,36.96190198098598,13.631924741889016,60.29187922008294
Finland,2021-06-27,37.180978724354894,13.529193493906675,60.83276395480311
Finland,2021-06-28,37.40005546772381,13.430782404117672,61.36932853132995
Finland,2021-06-29,37.61913221109271,13.336522017619256,61.901742404566164
Finland,2021-06-30,37.83820895446163,13.246253675983933,62.43016423293932
Finland,2021-07-01,38.057285697830544,13.159828578094132,62.95474281756695
Finland,2021-07-02,38.27636244119946,13.07710694347534,63.47561793892358
Finland,2021-07-03,38.495439184568376,12.997957264777831,63.99292110435892
Finland,2021-07-04,38.71451592793728,12.922255638065202,64.50677621780935
Finland,2021-07-05,38.933592671306194,12.849885161234358,65.01730018137803
Finland,2021-07-06,39.15266941467511,12.78073539228221,65.52460343706801
Finland,2021-07-07,39.371746158044026,12.71470186029957,66.02879045578848
Finland,2021-07-08,39.59082290141294,12.651685623051993,66.5299601797739
Finland,2021-07-09,39.809899644781844,12.591592865835388,67.0282064237283
Finland,2021-07-10,40.02897638815076,12.53433453699531,67.52361823930622
Finland,2021-07-11,40.248053131519676,12.479826016095561,68.0162802469438
Finland,2021-07-12,40.46712987488859,12.427986811231293,68.50627293854589
Finland,2021-07-13,40.68620661825751,12.378740282417642,68.99367295409738
Finland,2021-07-14,40.90528336162641,12.3320133883599,69.47855333489292
Finland,2021-07-15,41.124360104995326,12.287736454234132,69.96098375575652
Finland,2021-07-16,41.34343684836424,12.245842958385886,70.44103073834259
Finland,2021-07-17,41.56251359173316,12.20626933609698,70.91875784736933
Finland,2021-07-18,41.781590335102074,12.168954798780113,71.39422587142403
Finland,2021-07-19,42.000667078470975,12.13384116714413,71.86749298979782
Finland,2021-07-20,42.21974382183989,12.100872717033013,72.33861492664677
Northern Ireland,2021-06-21,52.68951957934592,31.04021693643265,74.33882222225918
Northern Ireland,2021-06-22,52.90859632271482,30.912882841790463,74.90430980363918
Northern Ireland,2021-06-23,53.12767306608374,30.790920434033932,75.46442569813354
Northern Ireland,2021-06-24,53.34674980945265,30.674087311284293,76.01941230762101
Northern Ireland,2021-06-25,53.565826552821555,30.562158772088928,76.56949433355419
Northern Ireland,2021-06-26,53.784903296190485,30.454926057093523,77.11488053528745
Northern Ireland,2021-06-27,54.00398003955939,30.352194809111168,77.6557652700076
Northern Ireland,2021-06-28,54.2230567829283,30.253783719322165,78.19232984653445
Northern Ireland,2021-06-29,54.44213352629722,30.159523332823763,78.72474371977067
Northern Ireland,2021-06-30,54.66121026966612,30.069254991188426,79.25316554814381
Northern Ireland,2021-07-01,54.88028701303505,29.98282989329864,79.77774413277146
Northern Ireland,2021-07-02,55.09936375640395,29.900108258679833,80.29861925412807
Northern Ireland,2021-07-03,55.31844049977287,29.820958579982324,80.8159224195634
Northern Ireland,2021-07-04,55.537517243141785,29.74525695326971,81.32977753301387
Northern Ireland,2021-07-05,55.75659398651069,29.67288647643885,81.84030149658253
Northern Ireland,2021-07-06,55.97567072987962,29.603736707486718,82.34760475227252
Northern Ireland,2021-07-07,56.19474747324852,29.537703175504063,82.85179177099297
Northern Ireland,2021-07-08,56.413824216617435,29.474686938256486,83.35296149497839
Northern Ireland,2021-07-09,56.63290095998635,29.414594181039895,83.8512077389328
Northern Ireland,2021-07-10,56.85197770335525,29.357335852199803,84.34661955451071
Northern Ireland,2021-07-11,57.07105444672417,29.302827331300055,84.83928156214829
Northern Ireland,2021-07-12,57.290131190093085,29.250988126435786,85.32927425375038
Northern Ireland,2021-07-13,57.509207933462,29.201741597622135,85.81667426930187
Northern Ireland,2021-07-14,57.72828467683092,29.155014703564408,86.30155465009743
Northern Ireland,2021-07-15,57.94736142019982,29.110737769438625,86.78398507096101
Northern Ireland,2021-07-16,58.166438163568735,29.06884427359038,87.26403205354708
Northern Ireland,2021-07-17,58.38551490693765,29.029270651301474,87.74175916257383
Northern Ireland,2021-07-18,58.60459165030657,28.991956113984607,88.21722718662852
Northern Ireland,2021-07-19,58.82366839367548,28.956842482348637,88.69049430500233
Northern Ireland,2021-07-20,59.042745137044385,28.923874032237507,89.16161624185126
Wales,2021-06-21,57.087604685728856,35.438302042815586,78.73690732864213
Wales,2021-06-22,57.30668142909777,35.31096794817341,79.30239491002213
Wales,2021-06-23,57.525758172466674,35.18900554041687,79.86251080451648
Wales,2021-06-24,57.744834915835604,35.07217241766725,80.41749741400396
Wales,2021-06-25,57.963911659204506,34.96024387847188,80.96757943993714
Wales,2021-06-26,58.18298840257342,34.85301116347646,81.51296564167038
Wales,2021-06-27,58.40206514594234,34.75027991549412,82.05385037639056
Wales,2021-06-28,58.62114188931124,34.6518688257051,82.59041495291737
Wales,2021-06-29,58.840218632680156,34.5576084392067,83.12282882615361
Wales,2021-06-30,59.05929537604907,34.46734009757138,83.65125065452676
Wales,2021-07-01,59.27837211941799,34.38091499968158,84.1758292391544
Wales,2021-07-02,59.497448862786904,34.29819336506279,84.69670436051102
Wales,2021-07-03,59.716525606155805,34.21904368636526,85.21400752594636
Wales,2021-07-04,59.93560234952472,34.143342059652646,85.72786263939679
Wales,2021-07-05,60.15467909289364,34.0709715828218,86.23838660296548
Wales,2021-07-06,60.37375583626255,34.001821813869654,86.74568985865545
Wales,2021-07-07,60.59283257963147,33.935788281887014,87.24987687737593
Wales,2021-07-08,60.81190932300037,33.87277204463942,87.75104660136132
Wales,2021-07-09,61.03098606636929,33.81267928742283,88.24929284531575
Wales,2021-07-10,61.2500628097382,33.755420958582754,88.74470466089366
Wales,2021-07-11,61.469139553107105,33.70091243768299,89.23736666853122
Wales,2021-07-12,61.688216296476035,33.649073232818736,89.72735936013333
Wales,2021-07-13,61.90729303984494,33.59982670400507,90.2147593756848
Wales,2021-07-14,62.12636978321385,33.55309980994734,90.69963975648037
Wales,2021-07-15,62.34544652658277,33.50882287582158,91.18207017734396
Wales,2021-07-16,62.56452326995167,33.466929379973315,91.66211715993003
Wales,2021-07-17,62.7836000133206,33.427355757684424,92.13984426895678
Wales,2021-07-18,63.0026767566895,33.39004122036754,92.61531229301147
Wales,2021-07-19,63.22175350005842,33.35492758873157,93.08857941138527
Wales,2021-07-20,63.440830243427335,33.32195913862046,93.55970134823421
United Kingdom,2021-06-21,54.73944865736001,33.09014601444674,76.38875130027327
United Kingdom,2021-06-22,54.95852540072891,32.96281191980455,76.95423888165327
United Kingdom,2021-06-23,55.177602144097825,32.840849512048024,77.51435477614763
United Kingdom,2021-06-24,55.39667888746674,32.724016389298384,78.0693413856351
United Kingdom,2021-06-25,55.61575563083564,32.612087850103016,78.61942341156828
United Kingdom,2021-06-26,55.834832374204574,32.50485513510761,79.16480961330154
United Kingdom,2021-06-27,56.053909117573475,32.402123887125256,79.7056943480217
United Kingdom,2021-06-28,56.27298586094239,32.30371279733625,80.24225892454854
United Kingdom,2021-06-29,56.49206260431131,32.209452410837855,80.77467279778476
United Kingdom,2021-06-30,56.71113934768021,32.11918406920252,81.3030946261579
United Kingdom,2021-07-01,56.93021609104914,32.03275897131273,81.82767321078555
United Kingdom,2021-07-02,57.14929283441804,31.95003733669392,82.34854833214216
United Kingdom,2021-07-03,57.36836957778696,31.870887657996413,82.8658514975775
United Kingdom,2021-07-04,57.58744632115587,31.795186031283798,83.37970661102796
United Kingdom,2021-07-05,57.806523064524775,31.72281555445294,83.89023057459661
United Kingdom,2021-07-06,58.025599807893705,31.653665785500806,84.3975338302866
United Kingdom,2021-07-07,58.24467655126261,31.58763225351815,84.90172084900706
United Kingdom,2021-07-08,58.46375329463152,31.524616016270574,85.40289057299248
United Kingdom,2021-07-09,58.68283003800044,31.464523259053983,85.90113681694689
United Kingdom,2021-07-10,58.90190678136934,31.40726493021389,86.3965486325248
United Kingdom,2021-07-11,59.12098352473826,31.352756409314143,86.88921064016237
United Kingdom,2021-07-12,59.34006026810717,31.300917204449874,87.37920333176447
United Kingdom,2021-07-13,59.55913701147609,31.251670675636223,87.86660334731596
United Kingdom,2021-07-14,59.778213754845005,31.204943781578496,88.35148372811152
United Kingdom,2021-07-15,59.99729049821391,31.160666847452713,88.8339141489751
United Kingdom,2021-07-16,60.21636724158282,31.118773351604467,89.31396113156117
United Kingdom,2021-07-17,60.43544398495174,31.07919972931556,89.79168824058792
United Kingdom,2021-07-18,60.654520728320655,31.041885191998695,90.26715626464261
United Kingdom,2021-07-19,60.87359747168957,31.006771560362726,90.74042338301642
United Kingdom,2021-07-20,61.09267421505847,30.973803110251595,91.21154531986535
Spain,2021-06-21,33.46513065041649,11.815828007503221,55.11443329332976
Spain,2021-06-22,33.6842073937854,11.688493912861041,55.67992087470976
Spain,2021-06-23,33.903284137154316,11.56653150510451,56.240036769204124
Spain,2021-06-24,34.12236088052323,11.449698382354871,56.795023378691596
Spain,2021-06-25,34.34143762389214,11.337769843159514,57.34510540462477
Spain,2021-06-26,34.56051436726106,11.230537128164094,57.89049160635802
Spain,2021-06-27,34.779591110629966,11.127805880181747,58.431376341078185
Spain,2021-06-28,34.99866785399888,11.029394790392743,58.96794091760502
Spain,2021-06-29,35.21774459736779,10.935134403894335,59.50035479084124
Spain,2021-06-30,35.43682134073671,10.844866062259012,60.0287766192144
Spain,2021-07-01,35.65589808410562,10.75844096436921,60.55335520384203
Spain,2021-07-02,35.87497482747453,10.675719329750411,61.074230325198656
Spain,2021-07-03,36.09405157084345,10.596569651052903,61.59153349063399
Spain,2021-07-04,36.313128314212356,10.520868024340281,62.10538860408443
Spain,2021-07-05,36.53220505758127,10.448497547509437,62.61591256765311
Spain,2021-07-06,36.75128180095019,10.379347778557289,63.12321582334309
Spain,2021-07-07,36.9703585443191,10.313314246574642,63.62740284206355
Spain,2021-07-08,37.18943528768801,10.250298009327064,64.12857256604896
Spain,2021-07-09,37.40851203105692,10.190205252110466,64.62681881000339
Spain,2021-07-10,37.62758877442584,10.132946923270389,65.1222306255813
Spain,2021-07-11,37.84666551779475,10.078438402370633,65.61489263321886
Spain,2021-07-12,38.06574226116366,10.026599197506364,66.10488532482097
Spain,2021-07-13,38.28481900453258,9.977352668692713,66.59228534037244
Spain,2021-07-14,38.50389574790149,9.93062577463498,67.077165721168
Spain,2021-07-15,38.722972491270404,9.88634884050921,67.5595961420316
Spain,2021-07-16,38.94204923463931,9.844455344660958,68.03964312461767
Spain,2021-07-17,39.16112597800823,9.804881722372052,68.51737023364441
Spain,2021-07-18,39.380202721377145,9.767567185055185,68.9928382576991
Spain,2021-07-19,39.599279464746054,9.732453553419209,69.4661053760729
Spain,2021-07-20,39.81835620811497,9.699485103308092,69.93722731292185
Slovakia,2021-06-21,32.21684493613078,10.567542293217507,53.866147579044046
Slovakia,2021-06-22,32.435921679499685,10.440208198575327,54.431635160424044
Slovakia,2021-06-23,32.6549984228686,10.318245790818796,54.99175105491841
Slovakia,2021-06-24,32.87407516623752,10.201412668069157,55.54673766440588
Slovakia,2021-06-25,33.093151909606426,10.0894841288738,56.09681969033905
Slovakia,2021-06-26,33.31222865297534,9.98225141387838,56.642205892072305
Slovakia,2021-06-27,33.53130539634425,9.879520165896032,57.18309062679247
Slovakia,2021-06-28,33.75038213971317,9.781109076107029,57.719655203319306
Slovakia,2021-06-29,33.969458883082076,9.68684868960862,58.25206907655553
Slovakia,2021-06-30,34.18853562645099,9.596580347973298,58.78049090492868
Slovakia,2021-07-01,34.40761236981991,9.510155250083496,59.30506948955632
Slovakia,2021-07-02,34.62668911318882,9.427433615464697,59.82594461091294
Slovakia,2021-07-03,34.84576585655773,9.348283936767189,60.34324777634828
Slovakia,2021-07-04,35.06484259992664,9.272582310054567,60.85710288979872
Slovakia,2021-07-05,35.28391934329556,9.200211833223722,61.3676268533674
Slovakia,2021-07-06,35.502996086664474,9.131062064271575,61.874930109057374
Slovakia,2021-07-07,35.72207283003338,9.065028532288927,62.37911712777784
Slovakia,2021-07-08,35.9411495734023,9.00201229504135,62.880286851763245
Slovakia,2021-07-09,36.16022631677121,8.941919537824752,63.378533095717664
Slovakia,2021-07-10,36.379303060140124,8.884661208984674,63.873944911295574
Slovakia,2021-07-11,36.59837980350903,8.830152688084919,64.36660691893314
Slovakia,2021-07-12,36.81745654687795,8.77831348322065,64.85659961053526
Slovakia,2021-07-13,37.036533290246865,8.729066954407,65.34399962608673
Slovakia,2021-07-14,37.255610033615774,8.682340060349265,65.82888000688229
Slovakia,2021-07-15,37.47468677698469,8.638063126223496,66.31131042774588
Slovakia,2021-07-16,37.6937635203536,8.596169630375243,66.79135741033195
Slovakia,2021-07-17,37.912840263722515,8.556596008086338,67.2690845193587
Slovakia,2021-07-18,38.13191700709143,8.51928147076947,67.74455254341339
Slovakia,2021-07-19,38.35099375046034,8.484167839133494,68.21781966178719
Slovakia,2021-07-20,38.570070493829256,8.451199389022378,68.68894159863613
United Arab Emirates,2021-06-21,50.89254243289454,29.243239789981267,72.5418450758078
United Arab Emirates,2021-06-22,51.11161917626345,29.115905695339094,73.10733265718781
United Arab Emirates,2021-06-23,51.33069591963237,28.993943287582564,73.66744855168217
United Arab Emirates,2021-06-24,51.549772663001285,28.877110164832924,74.22243516116964
United Arab Emirates,2021-06-25,51.76884940637019,28.76518162563756,74.7725171871028
United Arab Emirates,2021-06-26,51.9879261497391,28.65794891064214,75.31790338883607
United Arab Emirates,2021-06-27,52.20700289310802,28.5552176626598,75.85878812355624
United Arab Emirates,2021-06-28,52.426079636476935,28.456806572870796,76.39535270008307
United Arab Emirates,2021-06-29,52.64515637984584,28.36254618637238,76.92776657331929
United Arab Emirates,2021-06-30,52.86423312321475,28.272277844737058,77.45618840169244
United Arab Emirates,2021-07-01,53.08330986658367,28.185852746847257,77.98076698632008
United Arab Emirates,2021-07-02,53.302386609952585,28.103131112228464,78.5016421076767
United Arab Emirates,2021-07-03,53.5214633533215,28.023981433530956,79.01894527311205
United Arab Emirates,2021-07-04,53.7405400966904,27.948279806818327,79.53280038656249
United Arab Emirates,2021-07-05,53.95961684005932,27.875909329987483,80.04332435013116
United Arab Emirates,2021-07-06,54.178693583428235,27.806759561035335,80.55062760582113
United Arab Emirates,2021-07-07,54.39777032679715,27.740726029052695,81.0548146245416
United Arab Emirates,2021-07-08,54.61684707016607,27.677709791805118,81.55598434852702
United Arab Emirates,2021-07-09,54.83592381353497,27.617617034588513,82.05423059248142
United Arab Emirates,2021-07-10,55.055000556903885,27.560358705748435,82.54964240805933
United Arab Emirates,2021-07-11,55.2740773002728,27.505850184848686,83.04230441569692
United Arab Emirates,2021-07-12,55.49315404364172,27.454010979984417,83.53229710729902
United Arab Emirates,2021-07-13,55.71223078701063,27.404764451170767,84.0196971228505
United Arab Emirates,2021-07-14,55.931307530379534,27.358037557113025,84.50457750364605
United Arab Emirates,2021-07-15,56.15038427374845,27.313760622987257,84.98700792450964
United Arab Emirates,2021-07-16,56.36946101711737,27.27186712713901,85.46705490709573
United Arab Emirates,2021-07-17,56.58853776048628,27.232293504850105,85.94478201612246
United Arab Emirates,2021-07-18,56.8076145038552,27.19497896753324,86.42025004017717
United Arab Emirates,2021-07-19,57.0266912472241,27.159865335897255,86.89351715855095
United Arab Emirates,2021-07-20,57.245767990593016,27.126896885786138,87.3646390953999
Saudi Arabia,2021-06-21,21.359982478476653,0.0,43.00928512138992
Saudi Arabia,2021-06-22,21.57905922184556,0.0,43.57477270276992
Saudi Arabia,2021-06-23,21.798135965214477,0.0,44.13488859726428
Saudi Arabia,2021-06-24,22.017212708583394,0.0,44.68987520675175
Saudi Arabia,2021-06-25,22.236289451952302,0.0,45.23995723268493
Saudi Arabia,2021-06-26,22.45536619532122,0.0,45.78534343441818
Saudi Arabia,2021-06-27,22.674442938690127,0.0,46.326228169138346
Saudi Arabia,2021-06-28,22.893519682059043,0.0,46.86279274566518
Saudi Arabia,2021-06-29,23.112596425427952,0.0,47.39520661890141
Saudi Arabia,2021-06-30,23.33167316879687,0.0,47.92362844727457
Saudi Arabia,2021-07-01,23.550749912165784,0.0,48.4482070319022
Saudi Arabia,2021-07-02,23.769826655534693,0.0,48.96908215325881
Saudi Arabia,2021-07-03,23.98890339890361,0.0,49.486385318694154
Saudi Arabia,2021-07-04,24.20798014227252,0.0,50.000240432144594
Saudi Arabia,2021-07-05,24.427056885641434,0.0,50.51076439571327
Saudi Arabia,2021-07-06,24.64613362901035,0.0,51.01806765140325
Saudi Arabia,2021-07-07,24.86521037237926,0.0,51.522254670123715
Saudi Arabia,2021-07-08,25.084287115748175,0.0,52.02342439410913
Saudi Arabia,2021-07-09,25.303363859117084,0.0,52.52167063806354
Saudi Arabia,2021-07-10,25.522440602486,0.0,53.01708245364145
Saudi Arabia,2021-07-11,25.74151734585491,0.0,53.50974446127903
Saudi Arabia,2021-07-12,25.960594089223825,0.0,53.999737152881124
Saudi Arabia,2021-07-13,26.17967083259274,0.0,54.48713716843261
Saudi Arabia,2021-07-14,26.39874757596165,0.0,54.972017549228156
Saudi Arabia,2021-07-15,26.617824319330566,0.0,55.45444797009176
Saudi Arabia,2021-07-16,26.836901062699475,0.0,55.93449495267783
Saudi Arabia,2021-07-17,27.05597780606839,0.0,56.41222206170457
Saudi Arabia,2021-07-18,27.275054549437307,0.0,56.88769008575927
Saudi Arabia,2021-07-19,27.494131292806216,0.0,57.36095720413306
Saudi Arabia,2021-07-20,27.713208036175132,0.0,57.83207914098201
Cyprus,2021-06-21,33.36128682630271,11.71198418338944,55.01058946921598
Cyprus,2021-06-22,33.58036356967162,11.58465008874726,55.57607705059598
Cyprus,2021-06-23,33.799440313040535,11.46268768099073,56.13619294509034
Cyprus,2021-06-24,34.01851705640945,11.34585455824109,56.691179554577815
Cyprus,2021-06-25,34.23759379977836,11.233926019045732,57.24126158051099
Cyprus,2021-06-26,34.456670543147276,11.126693304050313,57.78664778224424
Cyprus,2021-06-27,34.675747286516184,11.023962056067965,58.3275325169644
Cyprus,2021-06-28,34.8948240298851,10.925550966278962,58.86409709349124
Cyprus,2021-06-29,35.11390077325401,10.831290579780553,59.39651096672746
Cyprus,2021-06-30,35.332977516622925,10.74102223814523,59.92493279510062
Cyprus,2021-07-01,35.55205425999184,10.65459714025543,60.44951137972825
Cyprus,2021-07-02,35.77113100336075,10.57187550563663,60.970386501084874
Cyprus,2021-07-03,35.990207746729666,10.492725826939122,61.48768966652021
Cyprus,2021-07-04,36.209284490098575,10.4170242002265,62.00154477997065
Cyprus,2021-07-05,36.42836123346749,10.344653723395655,62.51206874353933
Cyprus,2021-07-06,36.64743797683641,10.275503954443508,63.01937199922931
Cyprus,2021-07-07,36.866514720205316,10.20947042246086,63.52355901794977
Cyprus,2021-07-08,37.08559146357423,10.146454185213283,64.02472874193518
Cyprus,2021-07-09,37.30466820694314,10.086361427996685,64.52297498588959
Cyprus,2021-07-10,37.52374495031206,10.029103099156607,65.0183868014675
Cyprus,2021-07-11,37.742821693680966,9.974594578256852,65.51104880910508
Cyprus,2021-07-12,37.96189843704988,9.922755373392583,66.00104150070717
Cyprus,2021-07-13,38.1809751804188,9.873508844578932,66.48844151625866
Cyprus,2021-07-14,38.40005192378771,9.826781950521198,66.97332189705422
Cyprus,2021-07-15,38.61912866715662,9.78250501639543,67.45575231791781
Cyprus,2021-07-16,38.83820541052553,9.740611520547176,67.93579930050389
Cyprus,2021-07-17,39.05728215389445,9.70103789825827,68.41352640953062
Cyprus,2021-07-18,39.276358897263364,9.663723360941404,68.88899443358532
Cyprus,2021-07-19,39.49543564063227,9.628609729305428,69.36226155195912
Cyprus,2021-07-20,39.71451238400119,9.59564127919431,69.83338348880807
Serbia,2021-06-21,38.91575867628331,17.26645603337004,60.56506131919658
Serbia,2021-06-22,39.13483541965221,17.139121938727854,61.13054890057657
Serbia,2021-06-23,39.35391216302113,17.017159530971323,61.69066479507093
Serbia,2021-06-24,39.572988906390044,16.900326408221684,62.2456514045584
Serbia,2021-06-25,39.79206564975896,16.788397869026333,62.79573343049159
Serbia,2021-06-26,40.01114239312788,16.681165154030914,63.34111963222484
Serbia,2021-06-27,40.23021913649678,16.57843390604856,63.882004366945
Serbia,2021-06-28,40.449295879865694,16.480022816259556,64.41856894347183
Serbia,2021-06-29,40.66837262323461,16.385762429761154,64.95098281670806
Serbia,2021-06-30,40.887449366603526,16.29549408812583,65.47940464508122
Serbia,2021-07-01,41.10652610997244,16.20906899023603,66.00398322970885
Serbia,2021-07-02,41.325602853341344,16.126347355617224,66.52485835106546
Serbia,2021-07-03,41.54467959671026,16.047197676919716,67.04216151650081
Serbia,2021-07-04,41.763756340079176,15.9714960502071,67.55601662995124
Serbia,2021-07-05,41.98283308344809,15.899125573376256,68.06654059351993
Serbia,2021-07-06,42.20190982681701,15.829975804424109,68.57384384920991
Serbia,2021-07-07,42.42098657018591,15.763942272441454,69.07803086793037
Serbia,2021-07-08,42.640063313554826,15.700926035193877,69.57920059191578
Serbia,2021-07-09,42.85914005692374,15.640833277977286,70.0774468358702
Serbia,2021-07-10,43.07821680029266,15.583574949137208,70.57285865144812
Serbia,2021-07-11,43.29729354366156,15.529066428237446,71.06552065908568
Serbia,2021-07-12,43.516370287030476,15.477227223373177,71.55551335068778
Serbia,2021-07-13,43.73544703039939,15.427980694559526,72.04291336623926
Serbia,2021-07-14,43.95452377376831,15.3812538005018,72.52779374703482
Serbia,2021-07-15,44.173600517137224,15.33697686637603,73.01022416789841
Serbia,2021-07-16,44.392677260506126,15.29508337052777,73.49027115048449
Serbia,2021-07-17,44.61175400387504,15.255509748238865,73.96799825951122
Serbia,2021-07-18,44.83083074724396,15.218195210921998,74.44346628356593
Serbia,2021-07-19,45.049907490612874,15.183081579286029,74.91673340193972
Serbia,2021-07-20,45.26898423398179,15.150113129174912,75.38785533878867
Seychelles,2021-06-21,73.31366365971837,51.6643610168051,94.96296630263164
Seychelles,2021-06-22,73.53274040308727,51.537026922162916,95.52845388401164
Seychelles,2021-06-23,73.7518171464562,51.415064514406396,96.08856977850601
Seychelles,2021-06-24,73.9708938898251,51.29823139165674,96.64355638799347
Seychelles,2021-06-25,74.18997063319401,51.18630285246138,97.19363841392664
Seychelles,2021-06-26,74.40904737656294,51.079070137465976,97.7390246156599
Seychelles,2021-06-27,74.62812411993184,50.97633888948362,98.27990935038005
Seychelles,2021-06-28,74.84720086330077,50.87792779969463,98.81647392690691
Seychelles,2021-06-29,75.06627760666967,50.78366741319621,99.34888780014313
Seychelles,2021-06-30,75.28535435003857,50.693399071560876,99.87730962851627
Seychelles,2021-07-01,75.5044310934075,50.60697397367109,100.0
Seychelles,2021-07-02,75.7235078367764,50.52425233905228,100.0
Seychelles,2021-07-03,75.94258458014534,50.44510266035479,100.0
Seychelles,2021-07-04,76.16166132351424,50.36940103364216,100.0
Seychelles,2021-07-05,76.38073806688314,50.29703055681131,100.0
Seychelles,2021-07-06,76.59981481025207,50.22788078785917,100.0
Seychelles,2021-07-07,76.81889155362097,50.161847255876516,100.0
Seychelles,2021-07-08,77.0379682969899,50.09883101862896,100.0
Seychelles,2021-07-09,77.2570450403588,50.03873826141235,100.0
Seychelles,2021-07-10,77.4761217837277,49.981479932572256,100.0
Seychelles,2021-07-11,77.69519852709664,49.926971411672525,100.0
Seychelles,2021-07-12,77.91427527046554,49.87513220680824,100.0
Seychelles,2021-07-13,78.13335201383447,49.825885677994606,100.0
Seychelles,2021-07-14,78.35242875720337,49.779158783936865,100.0
Seychelles,2021-07-15,78.57150550057227,49.734881849811075,100.0
Seychelles,2021-07-16,78.7905822439412,49.692988353962846,100.0
Seychelles,2021-07-17,79.0096589873101,49.65341473167393,100.0
Seychelles,2021-07-18,79.22873573067903,49.616100194357074,100.0
Seychelles,2021-07-19,79.44781247404794,49.580986562721094,100.0
Seychelles,2021-07-20,79.66688921741684,49.54801811260996,100.0
Netherlands,2021-06-21,32.63787376785573,10.98857112494246,54.287176410769
Netherlands,2021-06-22,32.856950511224646,10.861237030300288,54.852663992149004
Netherlands,2021-06-23,33.07602725459356,10.739274622543757,55.412779886643364
Netherlands,2021-06-24,33.29510399796248,10.622441499794117,55.967766496130835
Netherlands,2021-06-25,33.51418074133138,10.510512960598753,56.51784852206401
Netherlands,2021-06-26,33.733257484700296,10.403280245603334,57.06323472379726
Netherlands,2021-06-27,33.95233422806921,10.300548997620993,57.60411945851743
Netherlands,2021-06-28,34.17141097143813,10.20213790783199,58.140684035044266
Netherlands,2021-06-29,34.39048771480703,10.107877521333574,58.67309790828048
Netherlands,2021-06-30,34.609564458175946,10.017609179698251,59.20151973665364
Netherlands,2021-07-01,34.82864120154486,9.93118408180845,59.72609832128127
Netherlands,2021-07-02,35.04771794491378,9.848462447189657,60.246973442637895
Netherlands,2021-07-03,35.266794688282694,9.76931276849215,60.76427660807324
Netherlands,2021-07-04,35.485871431651596,9.69361114177952,61.27813172152367
Netherlands,2021-07-05,35.70494817502051,9.621240664948676,61.78865568509235
Netherlands,2021-07-06,35.92402491838943,9.552090895996528,62.29595894078233
Netherlands,2021-07-07,36.143101661758344,9.486057364013888,62.8001459595028
Netherlands,2021-07-08,36.36217840512726,9.42304112676631,63.30131568348821
Netherlands,2021-07-09,36.58125514849616,9.362948369549706,63.79956192744262
Netherlands,2021-07-10,36.80033189186508,9.305690040709628,64.29497374302053
Netherlands,2021-07-11,37.019408635233994,9.25118151980988,64.78763575065811
Netherlands,2021-07-12,37.23848537860291,9.19934231494561,65.27762844226021
Netherlands,2021-07-13,37.457562121971826,9.15009578613196,65.7650284578117
Netherlands,2021-07-14,37.67663886534073,9.103368892074219,66.24990883860724
Netherlands,2021-07-15,37.895715608709644,9.05909195794845,66.73233925947083
Netherlands,2021-07-16,38.11479235207856,9.017198462100204,67.21238624205691
Netherlands,2021-07-17,38.333869095447476,8.977624839811298,67.69011335108365
Netherlands,2021-07-18,38.55294583881639,8.940310302494431,68.16558137513834
Netherlands,2021-07-19,38.77202258218529,8.905196670858448,68.63884849351214
Netherlands,2021-07-20,38.99109932555421,8.872228220747331,69.10997043036109
Albania,2021-06-21,22.590560335019894,0.9412576921066247,44.239862977933164
Albania,2021-06-22,22.809637078388803,0.813923597464445,44.80535055931316
Albania,2021-06-23,23.02871382175772,0.6919611897079143,45.36546645380753
Albania,2021-06-24,23.247790565126635,0.5751280669582748,45.920453063295
Albania,2021-06-25,23.466867308495544,0.4631995277629173,46.47053508922817
Albania,2021-06-26,23.68594405186446,0.3559668127674982,47.01592129096142
Albania,2021-06-27,23.90502079523337,0.2532355647851503,47.55680602568159
Albania,2021-06-28,24.124097538602285,0.15482447499614693,48.093370602208424
Albania,2021-06-29,24.343174281971194,0.06056408849773831,48.62578447544465
Albania,2021-06-30,24.56225102534011,0.0,49.1542063038178
Albania,2021-07-01,24.781327768709026,0.0,49.678784888445435
Albania,2021-07-02,25.000404512077935,0.0,50.19966000980206
Albania,2021-07-03,25.21948125544685,0.0,50.716963175237396
Albania,2021-07-04,25.43855799881576,0.0,51.230818288687836
Albania,2021-07-05,25.657634742184676,0.0,51.741342252256516
Albania,2021-07-06,25.876711485553592,0.0,52.24864550794649
Albania,2021-07-07,26.0957882289225,0.0,52.75283252666696
Albania,2021-07-08,26.314864972291417,0.0,53.25400225065236
Albania,2021-07-09,26.533941715660326,0.0,53.75224849460678
Albania,2021-07-10,26.753018459029242,0.0,54.24766031018469
Albania,2021-07-11,26.97209520239815,0.0,54.74032231782226
Albania,2021-07-12,27.191171945767067,0.0,55.230315009424366
Albania,2021-07-13,27.410248689135983,0.0,55.717715024975845
Albania,2021-07-14,27.629325432504892,0.0,56.202595405771405
Albania,2021-07-15,27.848402175873808,0.0,56.685025826635
Albania,2021-07-16,28.067478919242717,0.0,57.16507280922107
Albania,2021-07-17,28.286555662611633,0.0,57.64279991824781
Albania,2021-07-18,28.50563240598055,0.0,58.11826794230251
Albania,2021-07-19,28.724709149349458,0.0,58.59153506067631
Albania,2021-07-20,28.943785892718374,0.0,59.06265699752525
Gibraltar,2021-06-21,97.96585884248256,76.31655619956929,100.0
Gibraltar,2021-06-22,98.18493558585146,76.1892221049271,100.0
Gibraltar,2021-06-23,98.4040123292204,76.06725969717058,100.0
Gibraltar,2021-06-24,98.6230890725893,75.95042657442093,100.0
Gibraltar,2021-06-25,98.84216581595823,75.8384980352256,100.0
Gibraltar,2021-06-26,99.06124255932713,75.73126532023016,100.0
Gibraltar,2021-06-27,99.28031930269603,75.62853407224782,100.0
Gibraltar,2021-06-28,99.49939604606496,75.53012298245882,100.0
Gibraltar,2021-06-29,99.71847278943386,75.4358625959604,100.0
Gibraltar,2021-06-30,99.93754953280279,75.34559425432509,100.0
Gibraltar,2021-07-01,100.0,75.10254288026358,100.0
Gibraltar,2021-07-02,100.0,74.80074450227588,100.0
Gibraltar,2021-07-03,100.0,74.50251808020946,100.0
Gibraltar,2021-07-04,100.0,74.20773971012792,100.0
Gibraltar,2021-07-05,100.0,73.91629248992817,100.0
Gibraltar,2021-07-06,100.0,73.6280659776071,100.0
Gibraltar,2021-07-07,100.0,73.34295570225555,100.0
Gibraltar,2021-07-08,100.0,73.06086272163905,100.0
Gibraltar,2021-07-09,100.0,72.78169322105354,100.0
Gibraltar,2021-07-10,100.0,72.50535814884455,100.0
Gibraltar,2021-07-11,100.0,72.23177288457589,100.0
Gibraltar,2021-07-12,100.0,71.96085693634271,100.0
Gibraltar,2021-07-13,100.0,71.69253366416014,100.0
Gibraltar,2021-07-14,100.0,71.4267300267335,100.0
Gibraltar,2021-07-15,100.0,71.1633763492388,100.0
Gibraltar,2021-07-16,100.0,70.90240611002164,100.0
Gibraltar,2021-07-17,100.0,70.64375574436383,100.0
Gibraltar,2021-07-18,100.0,70.38736446367804,100.0
Gibraltar,2021-07-19,100.0,70.13317408867316,100.0
Gibraltar,2021-07-20,100.0,69.88112889519311,100.0
Turks and Caicos Islands,2021-06-21,45.60190361860196,23.95260097568869,67.25120626151522
Turks and Caicos Islands,2021-06-22,45.82098036197087,23.82526688104651,67.81669384289523
Turks and Caicos Islands,2021-06-23,46.040057105339784,23.70330447328998,68.37680973738959
Turks and Caicos Islands,2021-06-24,46.2591338487087,23.58647135054034,68.93179634687706
Turks and Caicos Islands,2021-06-25,46.47821059207761,23.474542811344982,69.48187837281023
Turks and Caicos Islands,2021-06-26,46.697287335446525,23.367310096349563,70.0272645745435
Turks and Caicos Islands,2021-06-27,46.91636407881543,23.264578848367208,70.56814930926365
Turks and Caicos Islands,2021-06-28,47.13544082218436,23.16616775857822,71.10471388579049
Turks and Caicos Islands,2021-06-29,47.35451756555326,23.071907372079803,71.63712775902671
Turks and Caicos Islands,2021-06-30,47.573594308922175,22.98163903044448,72.16554958739987
Turks and Caicos Islands,2021-07-01,47.79267105229109,22.89521393255468,72.6901281720275
Turks and Caicos Islands,2021-07-02,48.01174779565999,22.812492297935872,73.21100329338411
Turks and Caicos Islands,2021-07-03,48.23082453902892,22.73334261923838,73.72830645881947
Turks and Caicos Islands,2021-07-04,48.449901282397825,22.65764099252575,74.24216157226991
Turks and Caicos Islands,2021-07-05,48.66897802576674,22.585270515694905,74.75268553583858
Turks and Caicos Islands,2021-07-06,48.88805476913566,22.516120746742757,75.25998879152856
Turks and Caicos Islands,2021-07-07,49.10713151250456,22.450087214760103,75.76417581024901
Turks and Caicos Islands,2021-07-08,49.32620825587349,22.38707097751254,76.26534553423444
Turks and Caicos Islands,2021-07-09,49.54528499924239,22.326978220295935,76.76359177818884
Turks and Caicos Islands,2021-07-10,49.76436174261131,22.269719891455857,77.25900359376675
Turks and Caicos Islands,2021-07-11,49.98343848598022,22.21521137055611,77.75166560140434
Turks and Caicos Islands,2021-07-12,50.202515229349125,22.163372165691825,78.24165829300642
Turks and Caicos Islands,2021-07-13,50.421591972718055,22.11412563687819,78.72905830855792
Turks and Caicos Islands,2021-07-14,50.64066871608696,22.067398742820448,79.21393868935347
Turks and Caicos Islands,2021-07-15,50.85974545945587,22.02312180869468,79.69636911021706
Turks and Caicos Islands,2021-07-16,51.07882220282479,21.981228312846433,80.17641609280315
Turks and Caicos Islands,2021-07-17,51.29789894619369,21.941654690557513,80.65414320182987
Turks and Caicos Islands,2021-07-18,51.51697568956262,21.90434015324066,81.12961122588459
Turks and Caicos Islands,2021-07-19,51.73605243293152,21.869226521604677,81.60287834425837
Turks and Caicos Islands,2021-07-20,51.95512917630044,21.83625807149356,82.07400028110732
Bermuda,2021-06-21,50.32451555890082,28.67521291598755,71.97381820181408
Bermuda,2021-06-22,50.54359230226972,28.547878821345364,72.53930578319408
Bermuda,2021-06-23,50.76266904563864,28.425916413588833,73.09942167768844
Bermuda,2021-06-24,50.981745789007554,28.309083290839194,73.65440828717591
Bermuda,2021-06-25,51.200822532376456,28.19715475164383,74.20449031310909
Bermuda,2021-06-26,51.41989927574539,28.089922036648424,74.74987651484236
Bermuda,2021-06-27,51.63897601911429,27.98719078866607,75.29076124956251
Bermuda,2021-06-28,51.858052762483204,27.888779698877066,75.82732582608935
Bermuda,2021-06-29,52.07712950585212,27.794519312378664,76.35973969932557
Bermuda,2021-06-30,52.29620624922102,27.704250970743328,76.88816152769871
Bermuda,2021-07-01,52.51528299258995,27.61782587285354,77.41274011232636
Bermuda,2021-07-02,52.734359735958854,27.535104238234734,77.93361523368297
Bermuda,2021-07-03,52.95343647932777,27.455954559537226,78.45091839911831
Bermuda,2021-07-04,53.172513222696686,27.38025293282461,78.96477351256877
Bermuda,2021-07-05,53.39158996606559,27.307882455993752,79.47529747613743
Bermuda,2021-07-06,53.61066670943452,27.23873268704162,79.98260073182742
Bermuda,2021-07-07,53.82974345280342,27.172699155058964,80.48678775054788
Bermuda,2021-07-08,54.048820196172336,27.109682917811387,80.98795747453329
Bermuda,2021-07-09,54.26789693954125,27.049590160594796,81.4862037184877
Bermuda,2021-07-10,54.486973682910154,26.992331831754704,81.98161553406561
Bermuda,2021-07-11,54.70605042627907,26.937823310854956,82.47427754170319
Bermuda,2021-07-12,54.925127169647986,26.885984105990687,82.96427023330529
Bermuda,2021-07-13,55.1442039130169,26.836737577177036,83.45167024885677
Bermuda,2021-07-14,55.36328065638582,26.79001068311931,83.93655062965233
Bermuda,2021-07-15,55.58235739975472,26.745733748993526,84.41898105051591
Bermuda,2021-07-16,55.801434143123636,26.70384025314528,84.89902803310198
Bermuda,2021-07-17,56.02051088649255,26.664266630856375,85.37675514212873
Bermuda,2021-07-18,56.23958762986147,26.626952093539508,85.85222316618342
Bermuda,2021-07-19,56.458664373230384,26.59183846190354,86.32549028455723
Bermuda,2021-07-20,56.677741116599286,26.558870011792408,86.79661222140616
Singapore,2021-06-21,33.689734229077494,12.040431586164225,55.339036871990764
Singapore,2021-06-22,33.9088109724464,11.913097491522045,55.90452445337076
Singapore,2021-06-23,34.12788771581532,11.791135083765514,56.46464034786513
Singapore,2021-06-24,34.346964459184235,11.674301961015875,57.0196269573526
Singapore,2021-06-25,34.566041202553144,11.562373421820517,57.56970898328577
Singapore,2021-06-26,34.78511794592206,11.455140706825098,58.11509518501902
Singapore,2021-06-27,35.00419468929097,11.35240945884275,58.65597991973919
Singapore,2021-06-28,35.223271432659885,11.253998369053747,59.192544496266024
Singapore,2021-06-29,35.442348176028794,11.159737982555338,59.72495836950225
Singapore,2021-06-30,35.66142491939771,11.069469640920016,60.2533801978754
Singapore,2021-07-01,35.880501662766626,10.983044543030214,60.777958782503035
Singapore,2021-07-02,36.099578406135535,10.900322908411415,61.29883390385966
Singapore,2021-07-03,36.31865514950445,10.821173229713906,61.816137069294996
Singapore,2021-07-04,36.53773189287336,10.745471603001285,62.329992182745436
Singapore,2021-07-05,36.756808636242276,10.67310112617044,62.840516146314116
Singapore,2021-07-06,36.97588537961119,10.603951357218293,63.34781940200409
Singapore,2021-07-07,37.1949621229801,10.537917825235645,63.85200642072456
Singapore,2021-07-08,37.41403886634902,10.474901587988068,64.35317614470996
Singapore,2021-07-09,37.633115609717926,10.41480883077147,64.85142238866439
Singapore,2021-07-10,37.85219235308684,10.357550501931392,65.3468342042423
Singapore,2021-07-11,38.07126909645575,10.303041981031637,65.83949621187986
Singapore,2021-07-12,38.29034583982467,10.251202776167368,66.32948890348197
Singapore,2021-07-13,38.50942258319358,10.201956247353717,66.81688891903345
Singapore,2021-07-14,38.72849932656249,10.155229353295983,67.301769299829
Singapore,2021-07-15,38.94757606993141,10.110952419170214,67.7841997206926
Singapore,2021-07-16,39.16665281330032,10.069058923321961,68.26424670327867
Singapore,2021-07-17,39.38572955666923,10.029485301033056,68.74197381230542
Singapore,2021-07-18,39.60480630003815,9.992170763716189,69.21744183636011
Singapore,2021-07-19,39.82388304340706,9.957057132080212,69.6907089547339
Singapore,2021-07-20,40.042959786775974,9.924088681969096,70.16183089158285
Indonesia,2021-06-21,22.928661339274413,1.2793586963611432,44.57796398218768
Indonesia,2021-06-22,23.147738082643322,1.1520246017189635,45.14345156356768
Indonesia,2021-06-23,23.366814826012238,1.0300621939624328,45.70356745806204
Indonesia,2021-06-24,23.585891569381154,0.9132290712127933,46.25855406754951
Indonesia,2021-06-25,23.804968312750063,0.8013005320174358,46.80863609348269
Indonesia,2021-06-26,24.02404505611898,0.6940678170220167,47.35402229521594
Indonesia,2021-06-27,24.243121799487888,0.5913365690396688,47.89490702993611
Indonesia,2021-06-28,24.462198542856804,0.49292547925066543,48.43147160646294
Indonesia,2021-06-29,24.681275286225713,0.3986650927522568,48.96388547969917
Indonesia,2021-06-30,24.90035202959463,0.3083967511169341,49.49230730807233
Indonesia,2021-07-01,25.119428772963545,0.22197165322713275,50.01688589269996
Indonesia,2021-07-02,25.338505516332454,0.1392500186083332,50.53776101405657
Indonesia,2021-07-03,25.55758225970137,0.060100339910825085,51.055064179491914
Indonesia,2021-07-04,25.77665900307028,0.0,51.568919292942354
Indonesia,2021-07-05,25.995735746439195,0.0,52.07944325651103
Indonesia,2021-07-06,26.21481248980811,0.0,52.58674651220101
Indonesia,2021-07-07,26.43388923317702,0.0,53.090933530921475
Indonesia,2021-07-08,26.652965976545936,0.0,53.59210325490689
Indonesia,2021-07-09,26.872042719914845,0.0,54.0903494988613
Indonesia,2021-07-10,27.09111946328376,0.0,54.58576131443921
Indonesia,2021-07-11,27.31019620665267,0.0,55.07842332207679
Indonesia,2021-07-12,27.529272950021586,0.0,55.568416013678885
Indonesia,2021-07-13,27.7483496933905,0.0,56.05581602923037
Indonesia,2021-07-14,27.96742643675941,0.0,56.540696410025916
Indonesia,2021-07-15,28.186503180128327,0.0,57.023126830889524
Indonesia,2021-07-16,28.405579923497235,0.0,57.50317381347559
Indonesia,2021-07-17,28.62465666686615,0.0,57.98090092250233
Indonesia,2021-07-18,28.843733410235068,0.0,58.45636894655703
Indonesia,2021-07-19,29.062810153603976,0.0,58.92963606493082
Indonesia,2021-07-20,29.281886896972892,0.0,59.40075800177977
Jordan,2021-06-21,23.70244921806227,2.0531465751490003,45.35175186097554
Jordan,2021-06-22,23.92152596143118,1.9258124805068206,45.91723944235554
Jordan,2021-06-23,24.140602704800095,1.80385007275029,46.4773553368499
Jordan,2021-06-24,24.35967944816901,1.6870169500006504,47.03234194633737
Jordan,2021-06-25,24.57875619153792,1.575088410805293,47.58242397227055
Jordan,2021-06-26,24.797832934906836,1.4678556958098739,48.1278101740038
Jordan,2021-06-27,25.016909678275745,1.365124447827526,48.668694908723964
Jordan,2021-06-28,25.23598642164466,1.2667133580385226,49.2052594852508
Jordan,2021-06-29,25.45506316501357,1.172452971540114,49.73767335848703
Jordan,2021-06-30,25.674139908382486,1.0821846299047913,50.266095186860184
Jordan,2021-07-01,25.893216651751402,0.9957595320149899,50.79067377148782
Jordan,2021-07-02,26.11229339512031,0.9130378973961903,51.31154889284443
Jordan,2021-07-03,26.331370138489227,0.8338882186986822,51.82885205827977
Jordan,2021-07-04,26.550446881858136,0.7581865919860604,52.34270717173021
Jordan,2021-07-05,26.769523625227052,0.685816115155216,52.853231135298884
Jordan,2021-07-06,26.988600368595968,0.6166663462030684,53.36053439098887
Jordan,2021-07-07,27.207677111964877,0.5506328142204211,53.86472140970933
Jordan,2021-07-08,27.426753855333793,0.4876165769728438,54.365891133694745
Jordan,2021-07-09,27.6458305987027,0.42752381975624587,54.86413737764916
Jordan,2021-07-10,27.864907342071618,0.370265490916168,55.35954919322707
Jordan,2021-07-11,28.083984085440527,0.31575697001641245,55.852211200864645
Jordan,2021-07-12,28.303060828809443,0.2639177651521436,56.34220389246674
Jordan,2021-07-13,28.52213757217836,0.21467123633849283,56.82960390801823
Jordan,2021-07-14,28.741214315547268,0.16794434228075872,57.31448428881377
Jordan,2021-07-15,28.960291058916184,0.12366740815499,57.79691470967738
Jordan,2021-07-16,29.179367802285093,0.08177391230673692,58.27696169226345
Jordan,2021-07-17,29.39844454565401,0.04220029001783132,58.754688801290186
Jordan,2021-07-18,29.617521289022925,0.004885752700964474,59.230156825344885
Jordan,2021-07-19,29.836598032391834,0.0,59.703423943718676
Jordan,2021-07-20,30.05567477576075,0.0,60.17454588056763
Turkey,2021-06-21,29.852603189667455,8.203300546754186,51.501905832580725
Turkey,2021-06-22,30.071679933036364,8.075966452112006,52.06739341396072
Turkey,2021-06-23,30.29075667640528,7.954004044355475,52.62750930845509
Turkey,2021-06-24,30.509833419774196,7.837170921605836,53.18249591794256
Turkey,2021-06-25,30.728910163143105,7.725242382410478,53.73257794387573
Turkey,2021-06-26,30.94798690651202,7.618009667415059,54.27796414560898
Turkey,2021-06-27,31.16706364988093,7.515278419432711,54.81884888032915
Turkey,2021-06-28,31.386140393249846,7.416867329643708,55.355413456855985
Turkey,2021-06-29,31.605217136618755,7.322606943145299,55.88782733009221
Turkey,2021-06-30,31.82429387998767,7.232338601509976,56.41624915846536
Turkey,2021-07-01,32.04337062335659,7.145913503620175,56.940827743092996
Turkey,2021-07-02,32.262447366725496,7.0631918690013755,57.46170286444962
Turkey,2021-07-03,32.48152411009441,6.984042190303867,57.97900602988496
Turkey,2021-07-04,32.70060085346332,6.908340563591246,58.492861143335396
Turkey,2021-07-05,32.91967759683224,6.835970086760401,59.00338510690408
Turkey,2021-07-06,33.13875434020115,6.7668203178082535,59.51068836259405
Turkey,2021-07-07,33.35783108357006,6.700786785825606,60.01487538131452
Turkey,2021-07-08,33.57690782693898,6.637770548578029,60.51604510529992
Turkey,2021-07-09,33.79598457030789,6.577677791361431,61.01429134925434
Turkey,2021-07-10,34.0150613136768,6.520419462521353,61.50970316483225
Turkey,2021-07-11,34.23413805704571,6.465910941621598,62.00236517246982
Turkey,2021-07-12,34.45321480041463,6.414071736757329,62.49235786407193
Turkey,2021-07-13,34.672291543783544,6.364825207943678,62.979757879623406
Turkey,2021-07-14,34.89136828715245,6.318098313885944,63.464638260418965
Turkey,2021-07-15,35.11044503052137,6.273821379760175,63.94706868128256
Turkey,2021-07-16,35.32952177389028,6.231927883911922,64.42711566386863
Turkey,2021-07-17,35.548598517259194,6.1923542616230165,64.90484277289536
Turkey,2021-07-18,35.76767526062811,6.15503972430615,65.38031079695007
Turkey,2021-07-19,35.98675200399702,6.119926092670173,65.85357791532387
Turkey,2021-07-20,36.205828747365935,6.086957642559057,66.32469985217281
Northern Cyprus,2021-06-21,27.87575242806674,6.22644978515347,49.52505507098001
Northern Cyprus,2021-06-22,28.09482917143565,6.09911569051129,50.09054265236001
Northern Cyprus,2021-06-23,28.313905914804565,5.9771532827547595,50.65065854685437
Northern Cyprus,2021-06-24,28.53298265817348,5.86032016000512,51.205645156341845
Northern Cyprus,2021-06-25,28.75205940154239,5.7483916208097625,51.75572718227502
Northern Cyprus,2021-06-26,28.971136144911306,5.641158905814343,52.30111338400827
Northern Cyprus,2021-06-27,29.190212888280215,5.5384276578319955,52.841998118728434
Northern Cyprus,2021-06-28,29.40928963164913,5.440016568042992,53.37856269525527
Northern Cyprus,2021-06-29,29.62836637501804,5.3457561815445835,53.91097656849149
Northern Cyprus,2021-06-30,29.847443118386956,5.255487839909261,54.43939839686465
Northern Cyprus,2021-07-01,30.06651986175587,5.1690627420194595,54.96397698149228
Northern Cyprus,2021-07-02,30.28559660512478,5.08634110740066,55.484852102848905
Northern Cyprus,2021-07-03,30.504673348493696,5.007191428703152,56.00215526828424
Northern Cyprus,2021-07-04,30.723750091862605,4.93148980199053,56.51601038173468
Northern Cyprus,2021-07-05,30.94282683523152,4.859119325159686,57.02653434530336
Northern Cyprus,2021-07-06,31.161903578600437,4.789969556207538,57.53383760099334
Northern Cyprus,2021-07-07,31.380980321969346,4.723936024224891,58.0380246197138
Northern Cyprus,2021-07-08,31.600057065338262,4.660919786977313,58.53919434369921
Northern Cyprus,2021-07-09,31.81913380870717,4.6008270297607154,59.03744058765363
Northern Cyprus,2021-07-10,32.03821055207609,4.543568700920638,59.53285240323154
Northern Cyprus,2021-07-11,32.257287295444996,4.489060180020882,60.02551441086911
Northern Cyprus,2021-07-12,32.47636403881391,4.437220975156613,60.51550710247121
Northern Cyprus,2021-07-13,32.69544078218283,4.387974446342962,61.00290711802269
Northern Cyprus,2021-07-14,32.91451752555174,4.341247552285228,61.48778749881825
Northern Cyprus,2021-07-15,33.13359426892065,4.29697061815946,61.97021791968184
Northern Cyprus,2021-07-16,33.35267101228956,4.2550771223112065,62.45026490226792
Northern Cyprus,2021-07-17,33.57174775565848,4.215503500022301,62.927992011294656
Northern Cyprus,2021-07-18,33.790824499027394,4.178188962705434,63.403460035349354
Northern Cyprus,2021-07-19,34.0099012423963,4.143075331069458,63.87672715372315
Northern Cyprus,2021-07-20,34.22897798576522,4.110106880958341,64.3478490905721
India,2021-06-21,24.50111387750721,2.8518112345939386,46.15041652042048
India,2021-06-22,24.720190620876117,2.724477139951759,46.715904101800476
India,2021-06-23,24.939267364245033,2.602514732195228,47.276019996294835
India,2021-06-24,25.15834410761395,2.4856816094455887,47.83100660578231
India,2021-06-25,25.37742085098286,2.373753070250231,48.381088631715485
India,2021-06-26,25.596497594351774,2.266520355254812,48.92647483344874
India,2021-06-27,25.815574337720683,2.163789107272464,49.4673595681689
India,2021-06-28,26.0346510810896,2.065378017483461,50.00392414469574
India,2021-06-29,26.253727824458508,1.9711176309850522,50.53633801793197
India,2021-06-30,26.472804567827424,1.8808492893497295,51.06475984630512
India,2021-07-01,26.69188131119634,1.7944241914599282,51.589338430932756
India,2021-07-02,26.91095805456525,1.7117025568411286,52.110213552289366
India,2021-07-03,27.130034797934165,1.6325528781436205,52.62751671772471
India,2021-07-04,27.349111541303074,1.5568512514309987,53.14137183117515
India,2021-07-05,27.56818828467199,1.4844807746001543,53.65189579474382
India,2021-07-06,27.787265028040906,1.4153310056480066,54.159199050433806
India,2021-07-07,28.006341771409815,1.3492974736653593,54.66338606915427
India,2021-07-08,28.22541851477873,1.286281236417782,55.164555793139684
India,2021-07-09,28.44449525814764,1.2261884792011841,55.662802037094096
India,2021-07-10,28.663572001516556,1.1689301503611063,56.158213852672006
India,2021-07-11,28.882648744885465,1.1144216294613507,56.65087586030958
India,2021-07-12,29.10172548825438,1.0625824245970819,57.14086855191168
India,2021-07-13,29.320802231623297,1.013335895783431,57.62826856746317
India,2021-07-14,29.539878974992206,0.966609001725697,58.11314894825871
India,2021-07-15,29.758955718361122,0.9223320675999283,58.59557936912232
India,2021-07-16,29.97803246173003,0.8804385717516752,59.07562635170839
India,2021-07-17,30.197109205098947,0.8408649494627696,59.553353460735124
India,2021-07-18,30.416185948467863,0.8035504121459027,60.02882148478982
India,2021-07-19,30.635262691836772,0.7684367805099264,60.502088603163614
India,2021-07-20,30.854339435205688,0.7354683303988097,60.973210540012566
Brazil,2021-06-21,27.294208136622082,5.644905493708812,48.94351077953535
Brazil,2021-06-22,27.513284879990984,5.517571399066625,49.50899836091534
Brazil,2021-06-23,27.7323616233599,5.395608991310095,50.0691142554097
Brazil,2021-06-24,27.951438366728816,5.278775868560455,50.62410086489717
Brazil,2021-06-25,28.170515110097732,5.166847329365105,51.17418289083036
Brazil,2021-06-26,28.389591853466648,5.059614614369686,51.71956909256361
Brazil,2021-06-27,28.60866859683555,4.956883366387331,52.26045382728377
Brazil,2021-06-28,28.827745340204466,4.858472276598327,52.797018403810604
Brazil,2021-06-29,29.04682208357338,4.764211890099926,53.329432277046834
Brazil,2021-06-30,29.265898826942298,4.673943548464603,53.85785410541999
Brazil,2021-07-01,29.484975570311214,4.587518450574802,54.38243269004762
Brazil,2021-07-02,29.704052313680116,4.504796815955995,54.90330781140423
Brazil,2021-07-03,29.92312905704903,4.425647137258487,55.420610976839576
Brazil,2021-07-04,30.142205800417948,4.349945510545872,55.93446609029002
Brazil,2021-07-05,30.361282543786864,4.277575033715028,56.4449900538587
Brazil,2021-07-06,30.58035928715578,4.20842526476288,56.95229330954868
Brazil,2021-07-07,30.79943603052468,4.142391732780226,57.45648032826914
Brazil,2021-07-08,31.018512773893598,4.079375495532648,57.95765005225455
Brazil,2021-07-09,31.237589517262514,4.019282738316058,58.45589629620897
Brazil,2021-07-10,31.45666626063143,3.96202440947598,58.95130811178688
Brazil,2021-07-11,31.67574300400033,3.907515888576217,59.44397011942445
Brazil,2021-07-12,31.894819747369247,3.8556766837119483,59.93396281102655
Brazil,2021-07-13,32.11389649073816,3.8064301548982975,60.42136282657803
Brazil,2021-07-14,32.33297323410708,3.7597032608405705,60.90624320737359
Brazil,2021-07-15,32.552049977475995,3.7154263267148018,61.388673628237186
Brazil,2021-07-16,32.7711267208449,3.6735328308665416,61.86872061082325
Brazil,2021-07-17,32.99020346421381,3.633959208577636,62.34644771984999
Brazil,2021-07-18,33.20928020758273,3.596644671260769,62.82191574390469
Brazil,2021-07-19,33.428356950951645,3.5615310396248,63.295182862278494
Brazil,2021-07-20,33.64743369432056,3.528562589513683,63.76630479912744
Malta,2021-06-21,48.67805251592842,27.02874987301515,70.3273551588417
Malta,2021-06-22,48.89712925929734,26.90141577837298,70.8928427402217
Malta,2021-06-23,49.11620600266624,26.779453370616434,71.45295863471604
Malta,2021-06-24,49.33528274603517,26.66262024786681,72.00794524420353
Malta,2021-06-25,49.55435948940407,26.550691708671444,72.5580272701367
Malta,2021-06-26,49.77343623277299,26.443458993676025,73.10341347186994
Malta,2021-06-27,49.9925129761419,26.340727745693684,73.64429820659012
Malta,2021-06-28,50.211589719510805,26.242316655904666,74.18086278311694
Malta,2021-06-29,50.43066646287972,26.148056269406265,74.71327665635317
Malta,2021-06-30,50.64974320624864,26.057787927770942,75.24169848472633
Malta,2021-07-01,50.86881994961755,25.97136282988114,75.76627706935396
Malta,2021-07-02,51.08789669298647,25.88864119526235,76.28715219071059
Malta,2021-07-03,51.30697343635537,25.809491516564826,76.80445535614592
Malta,2021-07-04,51.52605017972429,25.73378988985221,77.31831046959636
Malta,2021-07-05,51.7451269230932,25.661419413021367,77.82883443316504
Malta,2021-07-06,51.96420366646212,25.59226964406922,78.33613768885502
Malta,2021-07-07,52.183280409831035,25.52623611208658,78.84032470757549
Malta,2021-07-08,52.40235715319994,25.463219874838988,79.34149443156089
Malta,2021-07-09,52.62143389656885,25.403127117622397,79.83974067551532
Malta,2021-07-10,52.84051063993777,25.34586878878232,80.33515249109323
Malta,2021-07-11,53.05958738330667,25.291360267882556,80.82781449873079
Malta,2021-07-12,53.2786641266756,25.2395210630183,81.3178071903329
Malta,2021-07-13,53.4977408700445,25.190274534204637,81.80520720588437
Malta,2021-07-14,53.71681761341342,25.14354764014691,82.29008758667993
Malta,2021-07-15,53.935894356782335,25.09927070602114,82.77251800754352
Malta,2021-07-16,54.154971100151236,25.05737721017288,83.2525649901296
Malta,2021-07-17,54.37404784352017,25.01780358788399,83.73029209915634
Malta,2021-07-18,54.59312458688907,24.980489050567108,84.20576012321104
Malta,2021-07-19,54.812201330257984,24.94537541893114,84.67902724158483
Malta,2021-07-20,55.0312780736269,24.912406968820022,85.15014917843378
Azerbaijan,2021-06-21,25.0109659017553,3.3616632588420288,46.66026854466857
Azerbaijan,2021-06-22,25.230042645124207,3.234329164199849,47.225756126048566
Azerbaijan,2021-06-23,25.449119388493123,3.1123667564433184,47.785872020542925
Azerbaijan,2021-06-24,25.66819613186204,2.995533633693679,48.3408586300304
Azerbaijan,2021-06-25,25.88727287523095,2.8836050944983214,48.890940655963576
Azerbaijan,2021-06-26,26.106349618599864,2.7763723795029023,49.43632685769683
Azerbaijan,2021-06-27,26.325426361968773,2.6736411315205544,49.97721159241699
Azerbaijan,2021-06-28,26.54450310533769,2.575230041731551,50.51377616894383
Azerbaijan,2021-06-29,26.7635798487066,2.4809696552331424,51.04619004218006
Azerbaijan,2021-06-30,26.982656592075514,2.3907013135978197,51.57461187055321
Azerbaijan,2021-07-01,27.20173333544443,2.3042762157080183,52.099190455180846
Azerbaijan,2021-07-02,27.42081007881334,2.2215545810892188,52.620065576537456
Azerbaijan,2021-07-03,27.639886822182255,2.1424049023917107,53.1373687419728
Azerbaijan,2021-07-04,27.858963565551164,2.066703275679089,53.65122385542324
Azerbaijan,2021-07-05,28.07804030892008,1.9943327988482444,54.16174781899191
Azerbaijan,2021-07-06,28.297117052288996,1.9251830298960968,54.669051074681896
Azerbaijan,2021-07-07,28.516193795657905,1.8591494979134495,55.17323809340236
Azerbaijan,2021-07-08,28.73527053902682,1.7961332606658722,55.674407817387774
Azerbaijan,2021-07-09,28.95434728239573,1.7360405034492743,56.172654061342186
Azerbaijan,2021-07-10,29.173424025764646,1.6787821746091964,56.668065876920096
Azerbaijan,2021-07-11,29.392500769133555,1.6242736537094409,57.16072788455767
Azerbaijan,2021-07-12,29.61157751250247,1.572434448845172,57.65072057615977
Azerbaijan,2021-07-13,29.830654255871387,1.5231879200315213,58.13812059171126
Azerbaijan,2021-07-14,30.049730999240296,1.4764610259737871,58.6230009725068
Azerbaijan,2021-07-15,30.268807742609212,1.4321840918480184,59.10543139337041
Azerbaijan,2021-07-16,30.48788448597812,1.3902905959997653,59.58547837595648
Azerbaijan,2021-07-17,30.706961229347037,1.3507169737108597,60.063205484983214
Azerbaijan,2021-07-18,30.926037972715953,1.313402436393993,60.53867350903791
Azerbaijan,2021-07-19,31.145114716084862,1.2782888047580165,61.011940627411704
Azerbaijan,2021-07-20,31.364191459453778,1.2453203546468998,61.483062564260656
Panama,2021-06-21,25.614187210372613,3.964884567459343,47.26348985328588
Panama,2021-06-22,25.833263953741522,3.8375504728171634,47.82897743466588
Panama,2021-06-23,26.052340697110438,3.7155880650606328,48.38909332916025
Panama,2021-06-24,26.271417440479354,3.5987549423109932,48.94407993864772
Panama,2021-06-25,26.490494183848263,3.4868264031156357,49.49416196458089
Panama,2021-06-26,26.70957092721718,3.3795936881202167,50.03954816631414
Panama,2021-06-27,26.928647670586088,3.2768624401378688,50.58043290103431
Panama,2021-06-28,27.147724413955004,3.1784513503488654,51.11699747756114
Panama,2021-06-29,27.366801157323913,3.0841909638504568,51.649411350797365
Panama,2021-06-30,27.58587790069283,2.993922622215134,52.17783317917052
Panama,2021-07-01,27.804954644061745,2.9074975243253327,52.70241176379815
Panama,2021-07-02,28.024031387430654,2.824775889706533,53.22328688515478
Panama,2021-07-03,28.24310813079957,2.745626211009025,53.740590050590114
Panama,2021-07-04,28.46218487416848,2.6699245842964032,54.254445164040554
Panama,2021-07-05,28.681261617537395,2.597554107465559,54.764969127609234
Panama,2021-07-06,28.90033836090631,2.528404338513411,55.27227238329921
Panama,2021-07-07,29.11941510427522,2.462370806530764,55.776459402019675
Panama,2021-07-08,29.338491847644136,2.3993545692831866,56.27762912600508
Panama,2021-07-09,29.557568591013045,2.3392618120665887,56.7758753699595
Panama,2021-07-10,29.77664533438196,2.282003483226511,57.27128718553741
Panama,2021-07-11,29.99572207775087,2.2274949623267553,57.76394919317498
Panama,2021-07-12,30.214798821119786,2.1756557574624864,58.253941884777085
Panama,2021-07-13,30.4338755644887,2.1264092286488356,58.741341900328564
Panama,2021-07-14,30.65295230785761,2.0796823345911015,59.22622228112412
Panama,2021-07-15,30.872029051226527,2.035405400465333,59.70865270198772
Panama,2021-07-16,31.091105794595435,1.9935119046170797,60.18869968457379
Panama,2021-07-17,31.31018253796435,1.9539382823281741,60.66642679360053
Panama,2021-07-18,31.529259281333267,1.9166237450113073,61.14189481765523
Panama,2021-07-19,31.748336024702176,1.881510113375331,61.615161936029025
Panama,2021-07-20,31.967412768071092,1.8485416632642142,62.08628387287797
Ecuador,2021-06-21,21.51309433797116,0.0,43.16239698088443
Ecuador,2021-06-22,21.73217108134007,0.0,43.72788456226443
Ecuador,2021-06-23,21.951247824708986,0.0,44.288000456758795
Ecuador,2021-06-24,22.170324568077902,0.0,44.842987066246266
Ecuador,2021-06-25,22.38940131144681,0.0,45.39306909217944
Ecuador,2021-06-26,22.608478054815727,0.0,45.93845529391269
Ecuador,2021-06-27,22.827554798184636,0.0,46.479340028632855
Ecuador,2021-06-28,23.046631541553552,0.0,47.01590460515969
Ecuador,2021-06-29,23.26570828492246,0.0,47.54831847839591
Ecuador,2021-06-30,23.484785028291377,0.0,48.07674030676907
Ecuador,2021-07-01,23.703861771660293,0.0,48.6013188913967
Ecuador,2021-07-02,23.9229385150292,0.0,49.122194012753326
Ecuador,2021-07-03,24.142015258398118,0.0,49.63949717818866
Ecuador,2021-07-04,24.361092001767027,0.0,50.1533522916391
Ecuador,2021-07-05,24.580168745135943,0.0,50.66387625520778
Ecuador,2021-07-06,24.79924548850486,0.0,51.17117951089776
Ecuador,2021-07-07,25.018322231873768,0.0,51.67536652961822
Ecuador,2021-07-08,25.237398975242684,0.0,52.17653625360363
Ecuador,2021-07-09,25.456475718611593,0.0,52.67478249755805
Ecuador,2021-07-10,25.67555246198051,0.0,53.17019431313596
Ecuador,2021-07-11,25.894629205349418,0.0,53.66285632077353
Ecuador,2021-07-12,26.113705948718334,0.0,54.15284901237563
Ecuador,2021-07-13,26.33278269208725,0.0,54.64024902792711
Ecuador,2021-07-14,26.55185943545616,0.0,55.12512940872267
Ecuador,2021-07-15,26.770936178825075,0.0,55.607559829586265
Ecuador,2021-07-16,26.990012922193984,0.0,56.08760681217234
Ecuador,2021-07-17,27.2090896655629,0.0,56.56533392119908
Ecuador,2021-07-18,27.428166408931816,0.0,57.040801945253776
Ecuador,2021-07-19,27.647243152300724,0.0,57.51406906362757
Ecuador,2021-07-20,27.86631989566964,0.0,57.98519100047652
Isle of Man,2021-06-21,56.1510532446711,34.50175060175783,77.80035588758437
Isle of Man,2021-06-22,56.37012998804001,34.374416507115654,78.36584346896437
Isle of Man,2021-06-23,56.58920673140893,34.25245409935913,78.92595936345873
Isle of Man,2021-06-24,56.808283474777845,34.13562097660949,79.4809459729462
Isle of Man,2021-06-25,57.02736021814675,34.02369243741412,80.03102799887938
Isle of Man,2021-06-26,57.24643696151566,33.9164597224187,80.57641420061262
Isle of Man,2021-06-27,57.46551370488458,33.81372847443636,81.1172989353328
Isle of Man,2021-06-28,57.684590448253495,33.715317384647356,81.65386351185964
Isle of Man,2021-06-29,57.9036671916224,33.621056998148944,82.18627738509585
Isle of Man,2021-06-30,58.12274393499131,33.53078865651362,82.714699213469
Isle of Man,2021-07-01,58.34182067836023,33.44436355862382,83.23927779809664
Isle of Man,2021-07-02,58.560897421729145,33.36164192400503,83.76015291945326
Isle of Man,2021-07-03,58.77997416509806,33.282492245307516,84.2774560848886
Isle of Man,2021-07-04,58.99905090846696,33.20679061859489,84.79131119833903
Isle of Man,2021-07-05,59.21812765183588,33.13442014176404,85.30183516190772
Isle of Man,2021-07-06,59.437204395204795,33.065270372811895,85.8091384175977
Isle of Man,2021-07-07,59.65628113857371,32.999236840829255,86.31332543631817
Isle of Man,2021-07-08,59.87535788194263,32.936220603581674,86.81449516030358
Isle of Man,2021-07-09,60.09443462531153,32.87612784636507,87.31274140425799
Isle of Man,2021-07-10,60.313511368680444,32.818869517524995,87.8081532198359
Isle of Man,2021-07-11,60.53258811204936,32.76436099662524,88.30081522747348
Isle of Man,2021-07-12,60.75166485541828,32.71252179176098,88.79080791907558
Isle of Man,2021-07-13,60.97074159878719,32.66327526294732,89.27820793462706
Isle of Man,2021-07-14,61.189818342156094,32.61654836888958,89.7630883154226
Isle of Man,2021-07-15,61.40889508552501,32.57227143476382,90.2455187362862
Isle of Man,2021-07-16,61.627971828893926,32.53037793891557,90.72556571887228
Isle of Man,2021-07-17,61.84704857226284,32.490804316626665,91.20329282789902
Isle of Man,2021-07-18,62.06612531563176,32.4534897793098,91.67876085195371
Isle of Man,2021-07-19,62.28520205900066,32.41837614767381,92.15202797032751
Isle of Man,2021-07-20,62.504278802369576,32.3854076975627,92.62314990717645
Guernsey,2021-06-21,51.76654178815489,30.11723914524162,73.41584443106817
Guernsey,2021-06-22,51.98561853152379,29.989905050599432,73.98133201244815
Guernsey,2021-06-23,52.20469527489271,29.867942642842902,74.54144790694251
Guernsey,2021-06-24,52.42377201826162,29.751109520093262,75.09643451642998
Guernsey,2021-06-25,52.64284876163054,29.639180980897912,75.64651654236317
Guernsey,2021-06-26,52.861925504999455,29.531948265902493,76.19190274409641
Guernsey,2021-06-27,53.08100224836836,29.429217017920138,76.73278747881658
Guernsey,2021-06-28,53.30007899173727,29.330805928131134,77.2693520553434
Guernsey,2021-06-29,53.51915573510619,29.236545541632733,77.80176592857964
Guernsey,2021-06-30,53.738232478475105,29.14627719999741,78.3301877569528
Guernsey,2021-07-01,53.95730922184402,29.05985210210761,78.85476634158043
Guernsey,2021-07-02,54.17638596521292,28.977130467488802,79.37564146293704
Guernsey,2021-07-03,54.39546270858184,28.897980788791294,79.89294462837239
Guernsey,2021-07-04,54.614539451950755,28.82227916207868,80.40679974182282
Guernsey,2021-07-05,54.83361619531967,28.749908685247835,80.91732370539151
Guernsey,2021-07-06,55.05269293868859,28.680758916295687,81.42462696108149
Guernsey,2021-07-07,55.27176968205749,28.614725384313033,81.92881397980194
Guernsey,2021-07-08,55.490846425426405,28.551709147065456,82.42998370378736
Guernsey,2021-07-09,55.70992316879532,28.491616389848865,82.92822994774178
Guernsey,2021-07-10,55.92899991216424,28.434358061008787,83.4236417633197
Guernsey,2021-07-11,56.14807665553314,28.379849540109024,83.91630377095726
Guernsey,2021-07-12,56.367153398902055,28.328010335244755,84.40629646255935
Guernsey,2021-07-13,56.58623014227097,28.278763806431105,84.89369647811084
Guernsey,2021-07-14,56.80530688563989,28.232036912373378,85.3785768589064
Guernsey,2021-07-15,57.0243836290088,28.18775997824761,85.86100727976999
Guernsey,2021-07-16,57.243460372377704,28.14586648239935,86.34105426235607
Guernsey,2021-07-17,57.46253711574662,28.106292860110443,86.8187813713828
Guernsey,2021-07-18,57.68161385911554,28.068978322793576,87.2942493954375
Guernsey,2021-07-19,57.90069060248445,28.033864691157607,87.7675165138113
Guernsey,2021-07-20,58.11976734585337,28.00089624104649,88.23863845066025
Switzerland,2021-06-21,31.269083994971346,9.619781352058077,52.918386637884616
Switzerland,2021-06-22,31.488160738340255,9.492447257415897,53.483874219264614
Switzerland,2021-06-23,31.70723748170917,9.370484849659366,54.04399011375898
Switzerland,2021-06-24,31.926314225078087,9.253651726909727,54.59897672324645
Switzerland,2021-06-25,32.145390968446996,9.14172318771437,55.14905874917962
Switzerland,2021-06-26,32.36446771181591,9.03449047271895,55.694444950912875
Switzerland,2021-06-27,32.58354445518482,8.931759224736602,56.23532968563304
Switzerland,2021-06-28,32.80262119855374,8.833348134947599,56.771894262159876
Switzerland,2021-06-29,33.021697941922646,8.73908774844919,57.3043081353961
Switzerland,2021-06-30,33.24077468529156,8.648819406813868,57.83272996376925
Switzerland,2021-07-01,33.45985142866048,8.562394308924066,58.35730854839689
Switzerland,2021-07-02,33.67892817202939,8.479672674305267,58.87818366975351
Switzerland,2021-07-03,33.8980049153983,8.400522995607759,59.39548683518885
Switzerland,2021-07-04,34.11708165876721,8.324821368895137,59.90934194863929
Switzerland,2021-07-05,34.33615840213613,8.252450892064292,60.41986591220797
Switzerland,2021-07-06,34.555235145505044,8.183301123112145,60.927169167897944
Switzerland,2021-07-07,34.77431188887395,8.117267591129497,61.43135618661841
Switzerland,2021-07-08,34.99338863224287,8.05425135388192,61.932525910603815
Switzerland,2021-07-09,35.21246537561178,7.994158596665322,62.430772154558234
Switzerland,2021-07-10,35.431542118980694,7.936900267825244,62.926183970136144
Switzerland,2021-07-11,35.6506188623496,7.882391746925489,63.418845977773714
Switzerland,2021-07-12,35.86969560571852,7.83055254206122,63.90883866937582
Switzerland,2021-07-13,36.088772349087435,7.781306013247569,64.3962386849273
Switzerland,2021-07-14,36.307849092456344,7.734579119189835,64.88111906572286
Switzerland,2021-07-15,36.52692583582526,7.690302185064066,65.36354948658645
Switzerland,2021-07-16,36.74600257919417,7.648408689215813,65.84359646917252
Switzerland,2021-07-17,36.965079322563085,7.608835066926908,66.32132357819927
Switzerland,2021-07-18,37.184156065932,7.571520529610041,66.79679160225396
Switzerland,2021-07-19,37.40323280930091,7.536406897974064,67.27005872062776
Switzerland,2021-07-20,37.622309552669826,7.503438447862948,67.7411806574767
Egypt,2021-06-21,19.67504178815514,0.0,41.32434443106841
Egypt,2021-06-22,19.89411853152405,0.0,41.88983201244841
Egypt,2021-06-23,20.113195274892966,0.0,42.44994790694277
Egypt,2021-06-24,20.332272018261882,0.0,43.00493451643024
Egypt,2021-06-25,20.55134876163079,0.0,43.55501654236342
Egypt,2021-06-26,20.770425504999707,0.0,44.10040274409667
Egypt,2021-06-27,20.989502248368616,0.0,44.641287478816835
Egypt,2021-06-28,21.208578991737532,0.0,45.17785205534367
Egypt,2021-06-29,21.42765573510644,0.0,45.7102659285799
Egypt,2021-06-30,21.646732478475357,0.0,46.238687756953055
Egypt,2021-07-01,21.865809221844273,0.0,46.76326634158069
Egypt,2021-07-02,22.084885965213182,0.0,47.2841414629373
Egypt,2021-07-03,22.303962708582098,0.0,47.80144462837264
Egypt,2021-07-04,22.523039451951007,0.0,48.31529974182308
Egypt,2021-07-05,22.742116195319923,0.0,48.825823705391755
Egypt,2021-07-06,22.96119293868884,0.0,49.33312696108174
Egypt,2021-07-07,23.180269682057748,0.0,49.837313979802204
Egypt,2021-07-08,23.399346425426664,0.0,50.33848370378762
Egypt,2021-07-09,23.618423168795573,0.0,50.83672994774203
Egypt,2021-07-10,23.83749991216449,0.0,51.33214176331994
Egypt,2021-07-11,24.056576655533398,0.0,51.824803770957516
Egypt,2021-07-12,24.275653398902314,0.0,52.31479646255961
Egypt,2021-07-13,24.49473014227123,0.0,52.8021964781111
Egypt,2021-07-14,24.71380688564014,0.0,53.287076858906644
Egypt,2021-07-15,24.932883629009055,0.0,53.76950727977025
Egypt,2021-07-16,25.151960372377964,0.0,54.24955426235632
Egypt,2021-07-17,25.37103711574688,0.0,54.72728137138306
Egypt,2021-07-18,25.590113859115796,0.0,55.202749395437756
Egypt,2021-07-19,25.809190602484705,0.0,55.67601651381155
Egypt,2021-07-20,26.02826734585362,0.0,56.1471384506605
Andorra,2021-06-21,32.82875341646078,11.179450773547508,54.47805605937405
Andorra,2021-06-22,33.04783015982969,11.052116678905328,55.043543640754045
Andorra,2021-06-23,33.2669069031986,10.930154271148798,55.60365953524841
Andorra,2021-06-24,33.48598364656752,10.813321148399158,56.15864614473588
Andorra,2021-06-25,33.70506038993643,10.7013926092038,56.708728170669055
Andorra,2021-06-26,33.924137133305344,10.594159894208381,57.254114372402306
Andorra,2021-06-27,34.14321387667425,10.491428646226034,57.79499910712247
Andorra,2021-06-28,34.36229062004317,10.39301755643703,58.33156368364931
Andorra,2021-06-29,34.58136736341208,10.298757169938622,58.86397755688553
Andorra,2021-06-30,34.80044410678099,10.208488828303299,59.392399385258685
Andorra,2021-07-01,35.01952085014991,10.122063730413497,59.91697796988632
Andorra,2021-07-02,35.23859759351882,10.039342095794698,60.43785309124294
Andorra,2021-07-03,35.457674336887735,9.96019241709719,60.95515625667828
Andorra,2021-07-04,35.67675108025664,9.884490790384568,61.46901137012872
Andorra,2021-07-05,35.89582782362556,9.812120313553724,61.9795353336974
Andorra,2021-07-06,36.114904566994475,9.742970544601576,62.486838589387375
Andorra,2021-07-07,36.333981310363384,9.676937012618929,62.99102560810784
Andorra,2021-07-08,36.5530580537323,9.613920775371351,63.492195332093246
Andorra,2021-07-09,36.77213479710121,9.553828018154753,63.990441576047665
Andorra,2021-07-10,36.991211540470125,9.496569689314676,64.48585339162557
Andorra,2021-07-11,37.210288283839034,9.44206116841492,64.97851539926315
Andorra,2021-07-12,37.42936502720795,9.390221963550651,65.46850809086524
Andorra,2021-07-13,37.648441770576866,9.340975434737,65.95590810641673
Andorra,2021-07-14,37.867518513945775,9.294248540679266,66.44078848721229
Andorra,2021-07-15,38.08659525731469,9.249971606553498,66.92321890807588
Andorra,2021-07-16,38.3056720006836,9.208078110705245,67.40326589066196
Andorra,2021-07-17,38.524748744052516,9.168504488416339,67.88099299968869
Andorra,2021-07-18,38.74382548742143,9.131189951099472,68.35646102374339
Andorra,2021-07-19,38.96290223079034,9.096076319463496,68.82972814211719
Andorra,2021-07-20,39.18197897415926,9.063107869352379,69.30085007896614
Mauritius,2021-06-21,24.85228282822549,3.202980185312221,46.50158547113876
Mauritius,2021-06-22,25.0713595715944,3.075646090670041,47.06707305251876
Mauritius,2021-06-23,25.290436314963316,2.9536836829135105,47.627188947013124
Mauritius,2021-06-24,25.50951305833223,2.836850560163871,48.182175556500596
Mauritius,2021-06-25,25.72858980170114,2.7249220209685134,48.73225758243377
Mauritius,2021-06-26,25.947666545070057,2.6176893059730943,49.27764378416702
Mauritius,2021-06-27,26.166743288438965,2.5149580579907465,49.818528518887184
Mauritius,2021-06-28,26.38582003180788,2.416546968201743,50.35509309541402
Mauritius,2021-06-29,26.60489677517679,2.3222865817033345,50.88750696865024
Mauritius,2021-06-30,26.823973518545706,2.2320182400680117,51.4159287970234
Mauritius,2021-07-01,27.043050261914622,2.1455931421782104,51.94050738165103
Mauritius,2021-07-02,27.26212700528353,2.062871507559411,52.461382503007655
Mauritius,2021-07-03,27.481203748652447,1.9837218288619027,52.97868566844299
Mauritius,2021-07-04,27.700280492021356,1.908020202149281,53.49254078189343
Mauritius,2021-07-05,27.919357235390272,1.8356497253184365,54.00306474546211
Mauritius,2021-07-06,28.13843397875919,1.7664999563662889,54.51036800115209
Mauritius,2021-07-07,28.357510722128097,1.7004664243836416,55.01455501987255
Mauritius,2021-07-08,28.576587465497013,1.6374501871360643,55.51572474385796
Mauritius,2021-07-09,28.795664208865922,1.5773574299194664,56.01397098781238
Mauritius,2021-07-10,29.01474095223484,1.5200991010793885,56.50938280339029
Mauritius,2021-07-11,29.233817695603747,1.465590580179633,57.00204481102786
Mauritius,2021-07-12,29.452894438972663,1.413751375315364,57.49203750262996
Mauritius,2021-07-13,29.67197118234158,1.3645048465017133,57.97943751818144
Mauritius,2021-07-14,29.891047925710488,1.3177779524439792,58.464317898977
Mauritius,2021-07-15,30.110124669079404,1.2735010183182105,58.946748319840594
Mauritius,2021-07-16,30.329201412448313,1.2316075224699574,59.42679530242667
Mauritius,2021-07-17,30.54827815581723,1.1920339001810518,59.90452241145341
Mauritius,2021-07-18,30.767354899186145,1.154719362864185,60.379990435508105
Mauritius,2021-07-19,30.986431642555054,1.1196057312282086,60.8532575538819
Mauritius,2021-07-20,31.20550838592397,1.086637281117092,61.32437949073085
Myanmar,2021-06-21,21.57774690978011,0.0,43.22704955269338
Myanmar,2021-06-22,21.79682365314902,0.0,43.79253713407338
Myanmar,2021-06-23,22.015900396517935,0.0,44.352653028567744
Myanmar,2021-06-24,22.23497713988685,0.0,44.907639638055215
Myanmar,2021-06-25,22.45405388325576,0.0,45.45772166398839
Myanmar,2021-06-26,22.673130626624676,0.0,46.00310786572164
Myanmar,2021-06-27,22.892207369993585,0.0,46.543992600441804
Myanmar,2021-06-28,23.1112841133625,0.0,47.08055717696864
Myanmar,2021-06-29,23.33036085673141,0.0,47.61297105020486
Myanmar,2021-06-30,23.549437600100326,0.0,48.14139287857802
Myanmar,2021-07-01,23.768514343469242,0.0,48.66597146320565
Myanmar,2021-07-02,23.98759108683815,0.0,49.186846584562275
Myanmar,2021-07-03,24.206667830207067,0.0,49.70414974999761
Myanmar,2021-07-04,24.425744573575976,0.0,50.21800486344805
Myanmar,2021-07-05,24.644821316944892,0.0,50.72852882701673
Myanmar,2021-07-06,24.863898060313808,0.0,51.23583208270671
Myanmar,2021-07-07,25.082974803682717,0.0,51.74001910142717
Myanmar,2021-07-08,25.302051547051633,0.0,52.24118882541258
Myanmar,2021-07-09,25.521128290420542,0.0,52.739435069367
Myanmar,2021-07-10,25.740205033789458,0.0,53.23484688494491
Myanmar,2021-07-11,25.959281777158367,0.0,53.72750889258248
Myanmar,2021-07-12,26.178358520527283,0.0,54.21750158418458
Myanmar,2021-07-13,26.3974352638962,0.0,54.70490159973606
Myanmar,2021-07-14,26.616512007265108,0.0,55.18978198053162
Myanmar,2021-07-15,26.835588750634024,0.0,55.672212401395214
Myanmar,2021-07-16,27.054665494002933,0.0,56.15225938398129
Myanmar,2021-07-17,27.27374223737185,0.0,56.629986493008026
Myanmar,2021-07-18,27.492818980740765,0.0,57.105454517062725
Myanmar,2021-07-19,27.711895724109674,0.0,57.57872163543652
Myanmar,2021-07-20,27.93097246747859,0.0,58.04984357228547
Bangladesh,2021-06-21,21.612350638001537,0.0,43.26165328091481
Bangladesh,2021-06-22,21.831427381370453,0.0,43.82714086229481
Bangladesh,2021-06-23,22.05050412473937,0.0,44.38725675678917
Bangladesh,2021-06-24,22.269580868108285,0.0,44.94224336627664
Bangladesh,2021-06-25,22.488657611477187,0.0,45.492325392209814
Bangladesh,2021-06-26,22.707734354846103,0.0,46.037711593943065
Bangladesh,2021-06-27,22.92681109821502,0.0,46.57859632866324
Bangladesh,2021-06-28,23.145887841583935,0.0,47.11516090519007
Bangladesh,2021-06-29,23.364964584952837,0.0,47.64757477842629
Bangladesh,2021-06-30,23.584041328321753,0.0,48.175996606799444
Bangladesh,2021-07-01,23.80311807169067,0.0,48.70057519142708
Bangladesh,2021-07-02,24.022194815059585,0.0,49.2214503127837
Bangladesh,2021-07-03,24.2412715584285,0.0,49.738753478219046
Bangladesh,2021-07-04,24.460348301797403,0.0,50.25260859166948
Bangladesh,2021-07-05,24.67942504516632,0.0,50.76313255523816
Bangladesh,2021-07-06,24.898501788535235,0.0,51.270435810928134
Bangladesh,2021-07-07,25.11757853190415,0.0,51.77462282964861
Bangladesh,2021-07-08,25.336655275273067,0.0,52.27579255363402
Bangladesh,2021-07-09,25.55573201864197,0.0,52.774038797588425
Bangladesh,2021-07-10,25.774808762010885,0.0,53.269450613166335
Bangladesh,2021-07-11,25.9938855053798,0.0,53.76211262080392
Bangladesh,2021-07-12,26.212962248748717,0.0,54.252105312406016
Bangladesh,2021-07-13,26.432038992117633,0.0,54.7395053279575
Bangladesh,2021-07-14,26.651115735486535,0.0,55.22438570875305
Bangladesh,2021-07-15,26.87019247885545,0.0,55.70681612961664
Bangladesh,2021-07-16,27.089269222224367,0.0,56.18686311220272
Bangladesh,2021-07-17,27.308345965593283,0.0,56.66459022122946
Bangladesh,2021-07-18,27.5274227089622,0.0,57.14005824528416
Bangladesh,2021-07-19,27.7464994523311,0.0,57.61332536365795
Bangladesh,2021-07-20,27.965576195700017,0.0,58.084447300506895
Nepal,2021-06-21,23.214638773594714,1.5653361306814446,44.863941416507984
Nepal,2021-06-22,23.433715516963623,1.438002036039265,45.42942899788798
Nepal,2021-06-23,23.65279226033254,1.3160396282827342,45.98954489238234
Nepal,2021-06-24,23.871869003701455,1.1992065055330947,46.54453150186981
Nepal,2021-06-25,24.090945747070364,1.0872779663377372,47.09461352780299
Nepal,2021-06-26,24.31002249043928,0.9800452513423181,47.63999972953624
Nepal,2021-06-27,24.52909923380819,0.8773140033599702,48.18088446425641
Nepal,2021-06-28,24.748175977177105,0.7789029135709669,48.717449040783244
Nepal,2021-06-29,24.967252720546014,0.6846425270725582,49.249862914019474
Nepal,2021-06-30,25.18632946391493,0.5943741854372355,49.77828474239263
Nepal,2021-07-01,25.405406207283846,0.5079490875474342,50.30286332702026
Nepal,2021-07-02,25.624482950652755,0.4252274529286346,50.82373844837687
Nepal,2021-07-03,25.84355969402167,0.3460777742311265,51.341041613812216
Nepal,2021-07-04,26.06263643739058,0.2703761475185047,51.854896727262656
Nepal,2021-07-05,26.281713180759496,0.19800567068766028,52.36542069083133
Nepal,2021-07-06,26.500789924128412,0.12885590173551265,52.87272394652131
Nepal,2021-07-07,26.71986666749732,0.06282236975286537,53.37691096524178
Nepal,2021-07-08,26.938943410866237,0.0,53.87808068922719
Nepal,2021-07-09,27.158020154235146,0.0,54.3763269331816
Nepal,2021-07-10,27.377096897604062,0.0,54.87173874875951
Nepal,2021-07-11,27.59617364097297,0.0,55.36440075639709
Nepal,2021-07-12,27.815250384341887,0.0,55.854393447999186
Nepal,2021-07-13,28.034327127710803,0.0,56.34179346355067
Nepal,2021-07-14,28.253403871079712,0.0,56.82667384434622
Nepal,2021-07-15,28.472480614448628,0.0,57.309104265209825
Nepal,2021-07-16,28.691557357817537,0.0,57.78915124779589
Nepal,2021-07-17,28.910634101186453,0.0,58.26687835682263
Nepal,2021-07-18,29.12971084455537,0.0,58.74234638087733
Nepal,2021-07-19,29.348787587924278,0.0,59.21561349925112
Nepal,2021-07-20,29.567864331293194,0.0,59.68673543610007
Greenland,2021-06-21,28.478821972249357,6.829519329336087,50.128124615162626
Greenland,2021-06-22,28.697898715618265,6.702185234693907,50.693612196542624
Greenland,2021-06-23,28.91697545898718,6.580222826937376,51.25372809103699
Greenland,2021-06-24,29.136052202356097,6.463389704187737,51.80871470052446
Greenland,2021-06-25,29.355128945725006,6.351461164992379,52.35879672645763
Greenland,2021-06-26,29.574205689093922,6.24422844999696,52.904182928190885
Greenland,2021-06-27,29.79328243246283,6.141497202014612,53.44506766291105
Greenland,2021-06-28,30.012359175831747,6.043086112225609,53.981632239437886
Greenland,2021-06-29,30.231435919200656,5.9488257257272,54.51404611267411
Greenland,2021-06-30,30.450512662569572,5.858557384091878,55.04246794104726
Greenland,2021-07-01,30.66958940593849,5.772132286202076,55.5670465256749
Greenland,2021-07-02,30.888666149307397,5.689410651583277,56.08792164703152
Greenland,2021-07-03,31.107742892676313,5.610260972885769,56.60522481246686
Greenland,2021-07-04,31.326819636045222,5.534559346173147,57.1190799259173
Greenland,2021-07-05,31.54589637941414,5.462188869342302,57.62960388948598
Greenland,2021-07-06,31.764973122783054,5.393039100390155,58.136907145175954
Greenland,2021-07-07,31.984049866151963,5.3270055684075075,58.64109416389642
Greenland,2021-07-08,32.20312660952088,5.26398933115993,59.142263887881825
Greenland,2021-07-09,32.42220335288979,5.203896573943332,59.640510131836244
Greenland,2021-07-10,32.641280096258704,5.146638245103254,60.135921947414154
Greenland,2021-07-11,32.86035683962761,5.092129724203499,60.628583955051724
Greenland,2021-07-12,33.07943358299653,5.04029051933923,61.11857664665383
Greenland,2021-07-13,33.298510326365445,4.991043990525579,61.60597666220531
Greenland,2021-07-14,33.517587069734354,4.944317096467845,62.09085704300087
Greenland,2021-07-15,33.73666381310327,4.900040162342076,62.57328746386446
Greenland,2021-07-16,33.95574055647218,4.858146666493823,63.053334446450535
Greenland,2021-07-17,34.174817299841095,4.818573044204918,63.53106155547727
Greenland,2021-07-18,34.39389404321001,4.781258506888051,64.00652957953197
Greenland,2021-07-19,34.61297078657892,4.7461448752520745,64.47979669790577
Greenland,2021-07-20,34.832047529947836,4.713176425140958,64.95091863475471
Morocco,2021-06-21,29.09212106002876,7.44281841711549,50.74142370294203
Morocco,2021-06-22,29.31119780339767,7.31548432247331,51.30691128432203
Morocco,2021-06-23,29.530274546766584,7.193521914716779,51.867027178816386
Morocco,2021-06-24,29.7493512901355,7.07668879196714,52.42201378830386
Morocco,2021-06-25,29.96842803350441,6.964760252771782,52.972095814237036
Morocco,2021-06-26,30.187504776873325,6.857527537776363,53.51748201597029
Morocco,2021-06-27,30.406581520242234,6.754796289794015,54.05836675069045
Morocco,2021-06-28,30.62565826361115,6.656385200005012,54.59493132721729
Morocco,2021-06-29,30.84473500698006,6.562124813506603,55.12734520045352
Morocco,2021-06-30,31.063811750348975,6.4718564718712805,55.65576702882667
Morocco,2021-07-01,31.28288849371789,6.385431373981479,56.18034561345431
Morocco,2021-07-02,31.5019652370868,6.30270973936268,56.70122073481092
Morocco,2021-07-03,31.721041980455716,6.2235600606651715,57.21852390024626
Morocco,2021-07-04,31.940118723824625,6.14785843395255,57.7323790136967
Morocco,2021-07-05,32.15919546719354,6.075487957121705,58.24290297726537
Morocco,2021-07-06,32.37827221056246,6.006338188169558,58.75020623295536
Morocco,2021-07-07,32.597348953931366,5.94030465618691,59.25439325167582
Morocco,2021-07-08,32.81642569730028,5.877288418939333,59.755562975661235
Morocco,2021-07-09,33.03550244066919,5.817195661722735,60.25380921961565
Morocco,2021-07-10,33.25457918403811,5.759937332882657,60.74922103519356
Morocco,2021-07-11,33.473655927407016,5.705428811982902,61.241883042831134
Morocco,2021-07-12,33.69273267077593,5.653589607118633,61.73187573443323
Morocco,2021-07-13,33.91180941414485,5.604343078304982,62.21927574998472
Morocco,2021-07-14,34.13088615751376,5.557616184247248,62.70415613078026
Morocco,2021-07-15,34.34996290088267,5.513339250121479,63.18658655164387
Morocco,2021-07-16,34.56903964425158,5.471445754273226,63.66663353422994
Morocco,2021-07-17,34.7881163876205,5.431872131984321,64.14436064325668
Morocco,2021-07-18,35.007193130989414,5.394557594667454,64.61982866731137
Morocco,2021-07-19,35.22626987435832,5.359443963031477,65.09309578568516
Morocco,2021-07-20,35.44534661772724,5.326475512920361,65.56421772253412
Bolivia,2021-06-21,21.365396922097688,0.0,43.01469956501096
Bolivia,2021-06-22,21.584473665466597,0.0,43.580187146390955
Bolivia,2021-06-23,21.803550408835513,0.0,44.140303040885314
Bolivia,2021-06-24,22.02262715220443,0.0,44.695289650372786
Bolivia,2021-06-25,22.241703895573337,0.0,45.245371676305965
Bolivia,2021-06-26,22.460780638942254,0.0,45.790757878039216
Bolivia,2021-06-27,22.679857382311162,0.0,46.33164261275938
Bolivia,2021-06-28,22.89893412568008,0.0,46.86820718928622
Bolivia,2021-06-29,23.118010869048987,0.0,47.40062106252245
Bolivia,2021-06-30,23.337087612417903,0.0,47.9290428908956
Bolivia,2021-07-01,23.55616435578682,0.0,48.453621475523235
Bolivia,2021-07-02,23.77524109915573,0.0,48.974496596879845
Bolivia,2021-07-03,23.994317842524644,0.0,49.49179976231519
Bolivia,2021-07-04,24.213394585893553,0.0,50.00565487576563
Bolivia,2021-07-05,24.43247132926247,0.0,50.5161788393343
Bolivia,2021-07-06,24.651548072631385,0.0,51.023482095024285
Bolivia,2021-07-07,24.870624816000294,0.0,51.52766911374475
Bolivia,2021-07-08,25.08970155936921,0.0,52.02883883773016
Bolivia,2021-07-09,25.30877830273812,0.0,52.527085081684575
Bolivia,2021-07-10,25.527855046107035,0.0,53.022496897262485
Bolivia,2021-07-11,25.746931789475944,0.0,53.51515890490006
Bolivia,2021-07-12,25.96600853284486,0.0,54.00515159650216
Bolivia,2021-07-13,26.185085276213776,0.0,54.492551612053646
Bolivia,2021-07-14,26.404162019582685,0.0,54.97743199284919
Bolivia,2021-07-15,26.6232387629516,0.0,55.4598624137128
Bolivia,2021-07-16,26.84231550632051,0.0,55.939909396298866
Bolivia,2021-07-17,27.061392249689426,0.0,56.4176365053256
Bolivia,2021-07-18,27.280468993058342,0.0,56.8931045293803
Bolivia,2021-07-19,27.49954573642725,0.0,57.36637164775409
Bolivia,2021-07-20,27.718622479796167,0.0,57.837493584603045
Sri Lanka,2021-06-21,22.34531071520118,0.6960080722879098,43.99461335811445
Sri Lanka,2021-06-22,22.56438745857009,0.5686739776457301,44.56010093949445
Sri Lanka,2021-06-23,22.783464201939005,0.44671156988919947,45.120216833988806
Sri Lanka,2021-06-24,23.00254094530792,0.32987844713955994,45.67520344347628
Sri Lanka,2021-06-25,23.22161768867683,0.21794990794420244,46.22528546940946
Sri Lanka,2021-06-26,23.440694432045746,0.11071719294878335,46.77067167114271
Sri Lanka,2021-06-27,23.659771175414654,0.007985944966435454,47.31155640586287
Sri Lanka,2021-06-28,23.87884791878357,0.0,47.84812098238971
Sri Lanka,2021-06-29,24.09792466215248,0.0,48.38053485562594
Sri Lanka,2021-06-30,24.317001405521395,0.0,48.908956683999094
Sri Lanka,2021-07-01,24.53607814889031,0.0,49.43353526862673
Sri Lanka,2021-07-02,24.75515489225922,0.0,49.95441038998334
Sri Lanka,2021-07-03,24.974231635628136,0.0,50.47171355541868
Sri Lanka,2021-07-04,25.193308378997045,0.0,50.98556866886912
Sri Lanka,2021-07-05,25.41238512236596,0.0,51.496092632437794
Sri Lanka,2021-07-06,25.631461865734877,0.0,52.00339588812778
Sri Lanka,2021-07-07,25.850538609103786,0.0,52.50758290684824
Sri Lanka,2021-07-08,26.069615352472702,0.0,53.008752630833655
Sri Lanka,2021-07-09,26.28869209584161,0.0,53.50699887478807
Sri Lanka,2021-07-10,26.507768839210527,0.0,54.00241069036598
Sri Lanka,2021-07-11,26.726845582579436,0.0,54.495072698003554
Sri Lanka,2021-07-12,26.945922325948352,0.0,54.98506538960565
Sri Lanka,2021-07-13,27.16499906931727,0.0,55.47246540515714
Sri Lanka,2021-07-14,27.384075812686177,0.0,55.95734578595268
Sri Lanka,2021-07-15,27.603152556055093,0.0,56.43977620681629
Sri Lanka,2021-07-16,27.822229299424002,0.0,56.91982318940236
Sri Lanka,2021-07-17,28.041306042792918,0.0,57.397550298429096
Sri Lanka,2021-07-18,28.260382786161834,0.0,57.873018322483794
Sri Lanka,2021-07-19,28.479459529530743,0.0,58.346285440857585
Sri Lanka,2021-07-20,28.69853627289966,0.0,58.81740737770654
Faeroe Islands,2021-06-21,36.014947755816316,14.365645112903046,57.664250398729585
Faeroe Islands,2021-06-22,36.23402449918522,14.238311018260859,58.229737980109576
Faeroe Islands,2021-06-23,36.45310124255413,14.116348610504328,58.789853874603935
Faeroe Islands,2021-06-24,36.67217798592305,13.999515487754689,59.34484048409141
Faeroe Islands,2021-06-25,36.891254729291965,13.887586948559338,59.89492251002459
Faeroe Islands,2021-06-26,37.11033147266088,13.78035423356392,60.440308711757844
Faeroe Islands,2021-06-27,37.32940821602978,13.677622985581564,60.981193446478
Faeroe Islands,2021-06-28,37.5484849593987,13.579211895792561,61.51775802300484
Faeroe Islands,2021-06-29,37.767561702767615,13.48495150929416,62.05017189624107
Faeroe Islands,2021-06-30,37.98663844613653,13.394683167658837,62.57859372461422
Faeroe Islands,2021-07-01,38.20571518950545,13.308258069769035,63.103172309241856
Faeroe Islands,2021-07-02,38.42479193287435,13.225536435150229,63.624047430598466
Faeroe Islands,2021-07-03,38.643868676243265,13.14638675645272,64.14135059603382
Faeroe Islands,2021-07-04,38.86294541961218,13.070685129740106,64.65520570948425
Faeroe Islands,2021-07-05,39.0820221629811,12.998314652909261,65.16572967305294
Faeroe Islands,2021-07-06,39.30109890635001,12.929164883957114,65.67303292874291
Faeroe Islands,2021-07-07,39.520175649718915,12.86313135197446,66.17721994746337
Faeroe Islands,2021-07-08,39.73925239308783,12.800115114726882,66.67838967144878
Faeroe Islands,2021-07-09,39.95832913645675,12.740022357510291,67.17663591540321
Faeroe Islands,2021-07-10,40.17740587982566,12.682764028670213,67.67204773098112
Faeroe Islands,2021-07-11,40.396482623194565,12.62825550777045,68.16470973861868
Faeroe Islands,2021-07-12,40.61555936656348,12.576416302906182,68.65470243022078
Faeroe Islands,2021-07-13,40.8346361099324,12.527169774092531,69.14210244577227
Faeroe Islands,2021-07-14,41.05371285330131,12.480442880034804,69.62698282656783
Faeroe Islands,2021-07-15,41.27278959667023,12.436165945909035,70.10941324743142
Faeroe Islands,2021-07-16,41.49186634003913,12.394272450060775,70.5894602300175
Faeroe Islands,2021-07-17,41.71094308340805,12.35469882777187,71.06718733904422
Faeroe Islands,2021-07-18,41.93001982677696,12.317384290455003,71.54265536309893
Faeroe Islands,2021-07-19,42.14909657014588,12.282270658819034,72.01592248147273
Faeroe Islands,2021-07-20,42.368173313514795,12.249302208707917,72.48704441832167
Algeria,2021-06-21,18.979556451468547,0.0,40.628859094381816
Algeria,2021-06-22,19.198633194837456,0.0,41.194346675761814
Algeria,2021-06-23,19.41770993820637,0.0,41.75446257025618
Algeria,2021-06-24,19.636786681575288,0.0,42.30944917974365
Algeria,2021-06-25,19.855863424944197,0.0,42.859531205676824
Algeria,2021-06-26,20.074940168313113,0.0,43.404917407410075
Algeria,2021-06-27,20.29401691168202,0.0,43.94580214213024
Algeria,2021-06-28,20.513093655050938,0.0,44.482366718657076
Algeria,2021-06-29,20.732170398419846,0.0,45.0147805918933
Algeria,2021-06-30,20.951247141788762,0.0,45.543202420266454
Algeria,2021-07-01,21.17032388515768,0.0,46.06778100489409
Algeria,2021-07-02,21.389400628526587,0.0,46.58865612625071
Algeria,2021-07-03,21.608477371895503,0.0,47.10595929168605
Algeria,2021-07-04,21.827554115264412,0.0,47.61981440513649
Algeria,2021-07-05,22.04663085863333,0.0,48.13033836870517
Algeria,2021-07-06,22.265707602002244,0.0,48.637641624395144
Algeria,2021-07-07,22.484784345371153,0.0,49.14182864311561
Algeria,2021-07-08,22.70386108874007,0.0,49.642998367101015
Algeria,2021-07-09,22.92293783210898,0.0,50.141244611055434
Algeria,2021-07-10,23.142014575477894,0.0,50.636656426633344
Algeria,2021-07-11,23.361091318846803,0.0,51.129318434270914
Algeria,2021-07-12,23.58016806221572,0.0,51.61931112587302
Algeria,2021-07-13,23.799244805584635,0.0,52.1067111414245
Algeria,2021-07-14,24.018321548953544,0.0,52.59159152222006
Algeria,2021-07-15,24.23739829232246,0.0,53.07402194308365
Algeria,2021-07-16,24.45647503569137,0.0,53.554068925669725
Algeria,2021-07-17,24.675551779060285,0.0,54.03179603469646
Algeria,2021-07-18,24.8946285224292,0.0,54.50726405875116
Algeria,2021-07-19,25.11370526579811,0.0,54.98053117712496
Algeria,2021-07-20,25.332782009167026,0.0,55.451653113973904
Kazakhstan,2021-06-21,21.28860283237156,0.0,42.93790547528483
Kazakhstan,2021-06-22,21.507679575740468,0.0,43.50339305666483
Kazakhstan,2021-06-23,21.726756319109384,0.0,44.06350895115919
Kazakhstan,2021-06-24,21.9458330624783,0.0,44.618495560646664
Kazakhstan,2021-06-25,22.16490980584721,0.0,45.168577586579836
Kazakhstan,2021-06-26,22.383986549216125,0.0,45.71396378831309
Kazakhstan,2021-06-27,22.603063292585034,0.0,46.25484852303325
Kazakhstan,2021-06-28,22.82214003595395,0.0,46.79141309956009
Kazakhstan,2021-06-29,23.04121677932286,0.0,47.32382697279631
Kazakhstan,2021-06-30,23.260293522691775,0.0,47.852248801169466
Kazakhstan,2021-07-01,23.47937026606069,0.0,48.3768273857971
Kazakhstan,2021-07-02,23.6984470094296,0.0,48.897702507153724
Kazakhstan,2021-07-03,23.917523752798516,0.0,49.41500567258906
Kazakhstan,2021-07-04,24.136600496167425,0.0,49.9288607860395
Kazakhstan,2021-07-05,24.35567723953634,0.0,50.43938474960818
Kazakhstan,2021-07-06,24.574753982905257,0.0,50.94668800529816
Kazakhstan,2021-07-07,24.793830726274166,0.0,51.45087502401862
Kazakhstan,2021-07-08,25.012907469643082,0.0,51.95204474800403
Kazakhstan,2021-07-09,25.23198421301199,0.0,52.45029099195845
Kazakhstan,2021-07-10,25.451060956380907,0.0,52.94570280753636
Kazakhstan,2021-07-11,25.670137699749816,0.0,53.43836481517393
Kazakhstan,2021-07-12,25.889214443118732,0.0,53.92835750677603
Kazakhstan,2021-07-13,26.108291186487648,0.0,54.41575752232751
Kazakhstan,2021-07-14,26.327367929856557,0.0,54.90063790312307
Kazakhstan,2021-07-15,26.546444673225473,0.0,55.38306832398666
Kazakhstan,2021-07-16,26.76552141659438,0.0,55.86311530657274
Kazakhstan,2021-07-17,26.984598159963298,0.0,56.340842415599475
Kazakhstan,2021-07-18,27.203674903332214,0.0,56.816310439654174
Kazakhstan,2021-07-19,27.422751646701123,0.0,57.28957755802797
Kazakhstan,2021-07-20,27.64182839007004,0.0,57.76069949487692
Maldives,2021-06-21,55.934518515059416,34.285215872146146,77.5838211579727
Maldives,2021-06-22,56.15359525842832,34.15788177750396,78.14930873935268
Maldives,2021-06-23,56.372672001797234,34.03591936974743,78.70942463384704
Maldives,2021-06-24,56.59174874516615,33.91908624699779,79.26441124333451
Maldives,2021-06-25,56.810825488535066,33.80715770780244,79.8144932692677
Maldives,2021-06-26,57.02990223190398,33.69992499280702,80.35987947100094
Maldives,2021-06-27,57.248978975272884,33.597193744824665,80.9007642057211
Maldives,2021-06-28,57.4680557186418,33.49878265503566,81.43732878224793
Maldives,2021-06-29,57.687132462010716,33.404522268537264,81.96974265548417
Maldives,2021-06-30,57.90620920537963,33.31425392690194,82.49816448385732
Maldives,2021-07-01,58.12528594874855,33.22782882901214,83.02274306848496
Maldives,2021-07-02,58.34436269211745,33.14510719439333,83.54361818984157
Maldives,2021-07-03,58.563439435486366,33.06595751569582,84.06092135527692
Maldives,2021-07-04,58.78251617885528,32.99025588898321,84.57477646872735
Maldives,2021-07-05,59.0015929222242,32.91788541215236,85.08530043229604
Maldives,2021-07-06,59.220669665593114,32.848735643200214,85.59260368798601
Maldives,2021-07-07,59.439746408962016,32.78270211121756,86.09679070670647
Maldives,2021-07-08,59.65882315233093,32.71968587396998,86.59796043069188
Maldives,2021-07-09,59.87789989569985,32.65959311675339,87.09620667464631
Maldives,2021-07-10,60.096976639068764,32.602334787913314,87.59161849022422
Maldives,2021-07-11,60.316053382437666,32.54782626701355,88.08428049786178
Maldives,2021-07-12,60.53513012580658,32.49598706214928,88.57427318946388
Maldives,2021-07-13,60.7542068691755,32.44674053333563,89.06167320501537
Maldives,2021-07-14,60.973283612544414,32.4000136392779,89.54655358581093
Maldives,2021-07-15,61.19236035591333,32.35573670515214,90.02898400667452
Maldives,2021-07-16,61.41143709928223,32.313843209303876,90.5090309892606
Maldives,2021-07-17,61.63051384265115,32.27426958701497,90.98675809828732
Maldives,2021-07-18,61.849590586020064,32.2369550496981,91.46222612234203
Maldives,2021-07-19,62.06866732938898,32.20184141806213,91.93549324071583
Maldives,2021-07-20,62.287744072757896,32.16887296795102,92.40661517756477
New Caledonia,2021-06-21,25.340014010554867,3.6907113676415975,46.98931665346814
New Caledonia,2021-06-22,25.559090753923776,3.5633772729994178,47.554804234848135
New Caledonia,2021-06-23,25.778167497292692,3.441414865242887,48.114920129342494
New Caledonia,2021-06-24,25.997244240661608,3.3245817424932476,48.669906738829965
New Caledonia,2021-06-25,26.216320984030517,3.21265320329789,49.219988764763144
New Caledonia,2021-06-26,26.435397727399433,3.105420488302471,49.765374966496395
New Caledonia,2021-06-27,26.654474470768342,3.002689240320123,50.30625970121656
New Caledonia,2021-06-28,26.873551214137258,2.9042781505311197,50.8428242777434
New Caledonia,2021-06-29,27.092627957506167,2.810017764032711,51.37523815097963
New Caledonia,2021-06-30,27.311704700875083,2.7197494223973884,51.90365997935278
New Caledonia,2021-07-01,27.530781444244,2.633324324507587,52.428238563980415
New Caledonia,2021-07-02,27.749858187612908,2.5506026898887875,52.949113685337025
New Caledonia,2021-07-03,27.968934930981824,2.4714530111912794,53.46641685077237
New Caledonia,2021-07-04,28.188011674350733,2.3957513844786575,53.98027196422281
New Caledonia,2021-07-05,28.40708841771965,2.323380907647813,54.49079592779148
New Caledonia,2021-07-06,28.626165161088565,2.2542311386956655,54.998099183481465
New Caledonia,2021-07-07,28.845241904457474,2.188197606713018,55.50228620220193
New Caledonia,2021-07-08,29.06431864782639,2.125181369465441,56.00345592618734
New Caledonia,2021-07-09,29.2833953911953,2.065088612248843,56.501702170141755
New Caledonia,2021-07-10,29.502472134564215,2.007830283408765,56.997113985719665
New Caledonia,2021-07-11,29.721548877933124,1.9533217625090096,57.48977599335724
New Caledonia,2021-07-12,29.94062562130204,1.9014825576447407,57.97976868495934
New Caledonia,2021-07-13,30.159702364670956,1.85223602883109,58.467168700510825
New Caledonia,2021-07-14,30.378779108039865,1.8055091347733558,58.95204908130637
New Caledonia,2021-07-15,30.59785585140878,1.7612322006475871,59.43447950216998
New Caledonia,2021-07-16,30.81693259477769,1.719338704799334,59.914526484756045
New Caledonia,2021-07-17,31.036009338146606,1.6797650825104284,60.39225359378278
New Caledonia,2021-07-18,31.255086081515522,1.6424505451935616,60.86772161783748
New Caledonia,2021-07-19,31.47416282488443,1.6073369135575852,61.34098873621127
New Caledonia,2021-07-20,31.693239568253347,1.5743684634464685,61.812110673060225
Pakistan,2021-06-21,18.842896893437675,0.0,40.492199536350945
Pakistan,2021-06-22,19.061973636806584,0.0,41.05768711773094
Pakistan,2021-06-23,19.2810503801755,0.0,41.61780301222531
Pakistan,2021-06-24,19.500127123544416,0.0,42.17278962171278
Pakistan,2021-06-25,19.719203866913325,0.0,42.72287164764595
Pakistan,2021-06-26,19.93828061028224,0.0,43.268257849379204
Pakistan,2021-06-27,20.15735735365115,0.0,43.80914258409937
Pakistan,2021-06-28,20.376434097020066,0.0,44.345707160626205
Pakistan,2021-06-29,20.595510840388975,0.0,44.87812103386243
Pakistan,2021-06-30,20.81458758375789,0.0,45.40654286223558
Pakistan,2021-07-01,21.033664327126807,0.0,45.931121446863216
Pakistan,2021-07-02,21.252741070495716,0.0,46.45199656821984
Pakistan,2021-07-03,21.471817813864632,0.0,46.96929973365518
Pakistan,2021-07-04,21.69089455723354,0.0,47.48315484710562
Pakistan,2021-07-05,21.909971300602457,0.0,47.9936788106743
Pakistan,2021-07-06,22.129048043971373,0.0,48.50098206636427
Pakistan,2021-07-07,22.348124787340282,0.0,49.00516908508474
Pakistan,2021-07-08,22.567201530709198,0.0,49.506338809070144
Pakistan,2021-07-09,22.786278274078107,0.0,50.00458505302456
Pakistan,2021-07-10,23.005355017447023,0.0,50.49999686860247
Pakistan,2021-07-11,23.224431760815932,0.0,50.99265887624004
Pakistan,2021-07-12,23.443508504184848,0.0,51.48265156784215
Pakistan,2021-07-13,23.662585247553764,0.0,51.97005158339363
Pakistan,2021-07-14,23.881661990922673,0.0,52.454931964189186
Pakistan,2021-07-15,24.10073873429159,0.0,52.93736238505278
Pakistan,2021-07-16,24.319815477660498,0.0,53.417409367638854
Pakistan,2021-07-17,24.538892221029414,0.0,53.89513647666559
Pakistan,2021-07-18,24.75796896439833,0.0,54.37060450072029
Pakistan,2021-07-19,24.97704570776724,0.0,54.84387161909409
Pakistan,2021-07-20,25.196122451136155,0.0,55.31499355594303
French Polynesia,2021-06-21,26.28415815469897,4.634855511785702,47.93346079761224
French Polynesia,2021-06-22,26.50323489806788,4.507521417143522,48.49894837899224
French Polynesia,2021-06-23,26.722311641436796,4.385559009386991,49.0590642734866
French Polynesia,2021-06-24,26.941388384805713,4.268725886637352,49.61405088297407
French Polynesia,2021-06-25,27.16046512817462,4.156797347441994,50.16413290890725
French Polynesia,2021-06-26,27.379541871543537,4.049564632446575,50.7095191106405
French Polynesia,2021-06-27,27.598618614912446,3.9468333844642274,51.250403845360665
French Polynesia,2021-06-28,27.817695358281362,3.848422294675224,51.7869684218875
French Polynesia,2021-06-29,28.03677210165027,3.7541619081768154,52.31938229512373
French Polynesia,2021-06-30,28.255848845019187,3.6638935665414927,52.847804123496886
French Polynesia,2021-07-01,28.474925588388103,3.5774684686516913,53.37238270812452
French Polynesia,2021-07-02,28.694002331757012,3.4947468340328918,53.89325782948113
French Polynesia,2021-07-03,28.91307907512593,3.4155971553353837,54.41056099491647
French Polynesia,2021-07-04,29.132155818494837,3.339895528622762,54.92441610836691
French Polynesia,2021-07-05,29.351232561863753,3.2675250517919174,55.434940071935586
French Polynesia,2021-07-06,29.57030930523267,3.19837528283977,55.94224332762557
French Polynesia,2021-07-07,29.78938604860158,3.1323417508571225,56.446430346346034
French Polynesia,2021-07-08,30.008462791970494,3.069325513609545,56.94760007033145
French Polynesia,2021-07-09,30.227539535339403,3.0092327563929473,57.44584631428586
French Polynesia,2021-07-10,30.44661627870832,2.9519744275528694,57.94125812986377
French Polynesia,2021-07-11,30.665693022077228,2.897465906653114,58.433920137501346
French Polynesia,2021-07-12,30.884769765446144,2.845626701788845,58.92391282910344
French Polynesia,2021-07-13,31.10384650881506,2.7963801729751943,59.41131284465493
French Polynesia,2021-07-14,31.32292325218397,2.74965327891746,59.896193225450475
French Polynesia,2021-07-15,31.541999995552885,2.7053763447916914,60.37862364631408
French Polynesia,2021-07-16,31.761076738921794,2.6634828489434383,60.85867062890015
French Polynesia,2021-07-17,31.98015348229071,2.6239092266545327,61.33639773792689
French Polynesia,2021-07-18,32.199230225659626,2.586594689337666,61.811865761981586
French Polynesia,2021-07-19,32.418306969028535,2.5514810577016895,62.28513288035538
French Polynesia,2021-07-20,32.63738371239745,2.518512607590573,62.75625481720433
Saint Helena,2021-06-21,59.58112050075737,37.9318178578441,81.23042314367063
Saint Helena,2021-06-22,59.800197244126274,37.804483763201915,81.79591072505063
Saint Helena,2021-06-23,60.01927398749519,37.68252135544539,82.35602661954499
Saint Helena,2021-06-24,60.238350730864106,37.56568823269575,82.91101322903246
Saint Helena,2021-06-25,60.45742747423301,37.45375969350038,83.46109525496564
Saint Helena,2021-06-26,60.67650421760194,37.346526978504976,84.0064814566989
Saint Helena,2021-06-27,60.89558096097084,37.24379573052262,84.54736619141906
Saint Helena,2021-06-28,61.114657704339756,37.14538464073362,85.0839307679459
Saint Helena,2021-06-29,61.33373444770867,37.05112425423522,85.61634464118212
Saint Helena,2021-06-30,61.55281119107757,36.96085591259988,86.14476646955526
Saint Helena,2021-07-01,61.771887934446504,36.874430814710095,86.66934505418291
Saint Helena,2021-07-02,61.990964677815406,36.79170918009129,87.19022017553952
Saint Helena,2021-07-03,62.21004142118432,36.71255950139378,87.70752334097486
Saint Helena,2021-07-04,62.42911816455324,36.63685787468116,88.22137845442532
Saint Helena,2021-07-05,62.64819490792214,36.5644873978503,88.73190241799398
Saint Helena,2021-07-06,62.86727165129107,36.49533762889817,89.23920567368397
Saint Helena,2021-07-07,63.08634839465997,36.429304096915516,89.74339269240443
Saint Helena,2021-07-08,63.30542513802889,36.366287859667935,90.24456241638984
Saint Helena,2021-07-09,63.5245018813978,36.30619510245135,90.74280866034425
Saint Helena,2021-07-10,63.743578624766705,36.248936773611256,91.23822047592216
Saint Helena,2021-07-11,63.96265536813562,36.1944282527115,91.73088248355974
Saint Helena,2021-07-12,64.18173211150454,36.142589047847245,92.22087517516184
Saint Helena,2021-07-13,64.40080885487345,36.093342519033584,92.70827519071331
Saint Helena,2021-07-14,64.61988559824238,36.04661562497587,93.19315557150888
Saint Helena,2021-07-15,64.83896234161128,36.00233869085008,93.67558599237248
Saint Helena,2021-07-16,65.05803908498018,35.960445195001824,94.15563297495854
Saint Helena,2021-07-17,65.27711582834911,35.92087157271293,94.63336008398528
Saint Helena,2021-07-18,65.49619257171801,35.88355703539605,95.10882810803997
Saint Helena,2021-07-19,65.71526931508694,35.8484434037601,95.58209522641378
Saint Helena,2021-07-20,65.93434605845584,35.815474953648966,96.05321716326273
Anguilla,2021-06-21,50.457314653744554,28.808012010831284,72.10661729665782
Anguilla,2021-06-22,50.676391397113456,28.680677916189097,72.67210487803781
Anguilla,2021-06-23,50.89546814048237,28.558715508432567,73.23222077253217
Anguilla,2021-06-24,51.11454488385129,28.441882385682927,73.78720738201964
Anguilla,2021-06-25,51.333621627220204,28.329953846487577,74.33728940795282
Anguilla,2021-06-26,51.55269837058912,28.222721131492158,74.88267560968609
Anguilla,2021-06-27,51.77177511395802,28.119989883509803,75.42356034440624
Anguilla,2021-06-28,51.99085185732694,28.0215787937208,75.96012492093308
Anguilla,2021-06-29,52.209928600695854,27.927318407222398,76.4925387941693
Anguilla,2021-06-30,52.42900534406477,27.837050065587075,77.02096062254246
Anguilla,2021-07-01,52.648082087433686,27.750624967697274,77.5455392071701
Anguilla,2021-07-02,52.86715883080259,27.667903333078467,78.0664143285267
Anguilla,2021-07-03,53.0862355741715,27.58875365438096,78.58371749396204
Anguilla,2021-07-04,53.30531231754042,27.513052027668344,79.0975726074125
Anguilla,2021-07-05,53.524389060909336,27.4406815508375,79.60809657098117
Anguilla,2021-07-06,53.74346580427825,27.371531781885352,80.11539982667115
Anguilla,2021-07-07,53.96254254764715,27.305498249902698,80.61958684539161
Anguilla,2021-07-08,54.18161929101607,27.24248201265512,81.12075656937702
Anguilla,2021-07-09,54.400696034384985,27.18238925543853,81.61900281333143
Anguilla,2021-07-10,54.6197727777539,27.12513092659845,82.11441462890934
Anguilla,2021-07-11,54.8388495211228,27.07062240569869,82.60707663654692
Anguilla,2021-07-12,55.05792626449172,27.01878320083442,83.09706932814902
Anguilla,2021-07-13,55.277003007860635,26.96953667202077,83.5844693437005
Anguilla,2021-07-14,55.49607975122955,26.922809777963042,84.06934972449606
Anguilla,2021-07-15,55.71515649459847,26.878532843837274,84.55178014535966
Anguilla,2021-07-16,55.93423323796737,26.836639347989014,85.03182712794572
Anguilla,2021-07-17,56.153309981336285,26.797065725700108,85.50955423697246
Anguilla,2021-07-18,56.3723867247052,26.75975118838324,85.98502226102715
Anguilla,2021-07-19,56.59146346807412,26.724637556747272,86.45828937940097
Anguilla,2021-07-20,56.81054021144303,26.691669106636155,86.92941131624991
Falkland Islands,2021-06-21,70.61093018474543,48.96162754183216,92.2602328276587
Falkland Islands,2021-06-22,70.83000692811433,48.83429344718997,92.8257204090387
Falkland Islands,2021-06-23,71.04908367148326,48.71233103943345,93.38583630353307
Falkland Islands,2021-06-24,71.26816041485216,48.5954979166838,93.94082291302053
Falkland Islands,2021-06-25,71.48723715822109,48.483569377488465,94.49090493895372
Falkland Islands,2021-06-26,71.70631390159,48.37633666249303,95.03629114068696
Falkland Islands,2021-06-27,71.9253906449589,48.273605414510676,95.57717587540711
Falkland Islands,2021-06-28,72.14446738832783,48.17519432472169,96.11374045193396
Falkland Islands,2021-06-29,72.36354413169673,48.08093393822327,96.64615432517019
Falkland Islands,2021-06-30,72.58262087506566,47.99066559658796,97.17457615354336
Falkland Islands,2021-07-01,72.80169761843456,47.904240498698144,97.69915473817098
Falkland Islands,2021-07-02,73.02077436180346,47.82151886407934,98.22002985952759
Falkland Islands,2021-07-03,73.23985110517239,47.74236918538185,98.73733302496294
Falkland Islands,2021-07-04,73.4589278485413,47.66666755866922,99.25118813841337
Falkland Islands,2021-07-05,73.67800459191022,47.59429708183839,99.76171210198206
Falkland Islands,2021-07-06,73.89708133527913,47.525147312886226,100.0
Falkland Islands,2021-07-07,74.11615807864803,47.45911378090357,100.0
Falkland Islands,2021-07-08,74.33523482201696,47.39609754365601,100.0
Falkland Islands,2021-07-09,74.55431156538586,47.3360047864394,100.0
Falkland Islands,2021-07-10,74.77338830875479,47.27874645759934,100.0
Falkland Islands,2021-07-11,74.99246505212369,47.22423793669958,100.0
Falkland Islands,2021-07-12,75.2115417954926,47.172398731835294,100.0
Falkland Islands,2021-07-13,75.43061853886152,47.12315220302166,100.0
Falkland Islands,2021-07-14,75.64969528223043,47.07642530896392,100.0
Falkland Islands,2021-07-15,75.86877202559936,47.03214837483816,100.0
Falkland Islands,2021-07-16,76.08784876896826,46.9902548789899,100.0
Falkland Islands,2021-07-17,76.30692551233716,46.95068125670098,100.0
Falkland Islands,2021-07-18,76.52600225570609,46.91336671938413,100.0
Falkland Islands,2021-07-19,76.74507899907499,46.87825308774815,100.0
Falkland Islands,2021-07-20,76.96415574244392,46.84528463763704,100.0
Iran,2021-06-21,18.2666447843067,0.0,39.91594742721997
Iran,2021-06-22,18.485721527675615,0.0,40.48143500859997
Iran,2021-06-23,18.70479827104453,0.0,41.04155090309433
Iran,2021-06-24,18.923875014413447,0.0,41.596537512581804
Iran,2021-06-25,19.14295175778235,0.0,42.146619538514976
Iran,2021-06-26,19.362028501151265,0.0,42.69200574024823
Iran,2021-06-27,19.58110524452018,0.0,43.2328904749684
Iran,2021-06-28,19.800181987889097,0.0,43.769455051495235
Iran,2021-06-29,20.019258731258,0.0,44.30186892473145
Iran,2021-06-30,20.238335474626915,0.0,44.830290753104606
Iran,2021-07-01,20.45741221799583,0.0,45.35486933773224
Iran,2021-07-02,20.676488961364747,0.0,45.875744459088864
Iran,2021-07-03,20.895565704733663,0.0,46.39304762452421
Iran,2021-07-04,21.114642448102565,0.0,46.90690273797464
Iran,2021-07-05,21.33371919147148,0.0,47.41742670154332
Iran,2021-07-06,21.552795934840397,0.0,47.924729957233296
Iran,2021-07-07,21.771872678209313,0.0,48.42891697595377
Iran,2021-07-08,21.99094942157823,0.0,48.93008669993918
Iran,2021-07-09,22.21002616494713,0.0,49.42833294389359
Iran,2021-07-10,22.429102908316047,0.0,49.9237447594715
Iran,2021-07-11,22.648179651684963,0.0,50.41640676710908
Iran,2021-07-12,22.86725639505388,0.0,50.90639945871118
Iran,2021-07-13,23.086333138422795,0.0,51.393799474262664
Iran,2021-07-14,23.305409881791697,0.0,51.87867985505821
Iran,2021-07-15,23.524486625160613,0.0,52.3611102759218
Iran,2021-07-16,23.74356336852953,0.0,52.841157258507884
Iran,2021-07-17,23.962640111898445,0.0,53.31888436753462
Iran,2021-07-18,24.18171685526736,0.0,53.79435239158932
Iran,2021-07-19,24.400793598636263,0.0,54.26761950996311
Iran,2021-07-20,24.61987034200518,0.0,54.73874144681206
Montserrat,2021-06-21,37.01131145097322,15.362008808059947,58.66061409388649
Montserrat,2021-06-22,37.230388194342126,15.234674713417768,59.226101675266484
Montserrat,2021-06-23,37.44946493771104,15.112712305661237,59.78621756976085
Montserrat,2021-06-24,37.66854168107996,14.995879182911597,60.34120417924832
Montserrat,2021-06-25,37.88761842444887,14.88395064371624,60.891286205181494
Montserrat,2021-06-26,38.10669516781778,14.77671792872082,61.436672406914745
Montserrat,2021-06-27,38.32577191118669,14.673986680738473,61.97755714163491
Montserrat,2021-06-28,38.54484865455561,14.57557559094947,62.514121718161746
Montserrat,2021-06-29,38.76392539792452,14.481315204451061,63.04653559139797
Montserrat,2021-06-30,38.98300214129343,14.391046862815738,63.574957419771124
Montserrat,2021-07-01,39.20207888466235,14.304621764925937,64.09953600439876
Montserrat,2021-07-02,39.42115562803126,14.221900130307137,64.62041112575538
Montserrat,2021-07-03,39.640232371400174,14.14275045160963,65.13771429119072
Montserrat,2021-07-04,39.85930911476908,14.067048824897007,65.65156940464115
Montserrat,2021-07-05,40.078385858138,13.994678348066163,66.16209336820984
Montserrat,2021-07-06,40.297462601506915,13.925528579114015,66.66939662389981
Montserrat,2021-07-07,40.516539344875824,13.859495047131368,67.17358364262029
Montserrat,2021-07-08,40.73561608824474,13.79647880988379,67.67475336660569
Montserrat,2021-07-09,40.95469283161365,13.736386052667193,68.17299961056011
Montserrat,2021-07-10,41.173769574982565,13.679127723827115,68.66841142613802
Montserrat,2021-07-11,41.392846318351474,13.62461920292736,69.16107343377558
Montserrat,2021-07-12,41.61192306172039,13.57277999806309,69.6510661253777
Montserrat,2021-07-13,41.830999805089306,13.52353346924944,70.13846614092917
Montserrat,2021-07-14,42.050076548458215,13.476806575191706,70.62334652172473
Montserrat,2021-07-15,42.26915329182713,13.432529641065937,71.10577694258832
Montserrat,2021-07-16,42.48823003519604,13.390636145217684,71.5858239251744
Montserrat,2021-07-17,42.707306778564956,13.351062522928778,72.06355103420114
Montserrat,2021-07-18,42.92638352193387,13.313747985611911,72.53901905825583
Montserrat,2021-07-19,43.14546026530278,13.278634353975935,73.01228617662963
Montserrat,2021-07-20,43.3645370086717,13.245665903864818,73.48340811347857
Macao,2021-06-21,22.35150192716376,0.70219928425049,44.00080457007703
Macao,2021-06-22,22.57057867053266,0.5748651896083032,44.56629215145702
Macao,2021-06-23,22.789655413901578,0.4529027818517726,45.12640804595138
Macao,2021-06-24,23.008732157270494,0.33606965910213304,45.68139465543885
Macao,2021-06-25,23.22780890063941,0.22414111990678265,46.23147668137204
Macao,2021-06-26,23.446885644008326,0.11690840491136356,46.77686288310529
Macao,2021-06-27,23.665962387377228,0.01417715692900856,47.31774761782545
Macao,2021-06-28,23.885039130746144,0.0,47.85431219435228
Macao,2021-06-29,24.10411587411506,0.0,48.38672606758851
Macao,2021-06-30,24.323192617483976,0.0,48.91514789596167
Macao,2021-07-01,24.54226936085289,0.0,49.4397264805893
Macao,2021-07-02,24.761346104221793,0.0,49.96060160194591
Macao,2021-07-03,24.98042284759071,0.0,50.477904767381254
Macao,2021-07-04,25.199499590959626,0.0,50.9917598808317
Macao,2021-07-05,25.41857633432854,0.0,51.50228384440038
Macao,2021-07-06,25.637653077697458,0.0,52.00958710009036
Macao,2021-07-07,25.85672982106636,0.0,52.513774118810815
Macao,2021-07-08,26.075806564435275,0.0,53.01494384279623
Macao,2021-07-09,26.29488330780419,0.0,53.51319008675065
Macao,2021-07-10,26.513960051173108,0.0,54.00860190232856
Macao,2021-07-11,26.73303679454201,0.0,54.50126390996613
Macao,2021-07-12,26.952113537910925,0.0,54.991256601568224
Macao,2021-07-13,27.17119028127984,0.0,55.47865661711971
Macao,2021-07-14,27.390267024648757,0.0,55.96353699791527
Macao,2021-07-15,27.609343768017673,0.0,56.445967418778864
Macao,2021-07-16,27.828420511386575,0.0,56.92601440136493
Macao,2021-07-17,28.04749725475549,0.0,57.40374151039167
Macao,2021-07-18,28.266573998124407,0.0,57.87920953444637
Macao,2021-07-19,28.485650741493323,0.0,58.35247665282017
Macao,2021-07-20,28.70472748486224,0.0,58.82359858966912
Cambodia,2021-06-21,22.467697071963983,0.8183944290507128,44.11699971487725
Cambodia,2021-06-22,22.68677381533289,0.6910603344085331,44.68248729625725
Cambodia,2021-06-23,22.905850558701808,0.5690979266520024,45.24260319075161
Cambodia,2021-06-24,23.124927302070724,0.4522648039023629,45.79758980023908
Cambodia,2021-06-25,23.344004045439632,0.3403362647070054,46.34767182617226
Cambodia,2021-06-26,23.56308078880855,0.2331035497115863,46.89305802790551
Cambodia,2021-06-27,23.782157532177457,0.13037230172923842,47.433942762625676
Cambodia,2021-06-28,24.001234275546373,0.031961211940235046,47.97050733915251
Cambodia,2021-06-29,24.220311018915282,0.0,48.50292121238874
Cambodia,2021-06-30,24.4393877622842,0.0,49.0313430407619
Cambodia,2021-07-01,24.658464505653114,0.0,49.55592162538953
Cambodia,2021-07-02,24.877541249022023,0.0,50.07679674674614
Cambodia,2021-07-03,25.09661799239094,0.0,50.594099912181484
Cambodia,2021-07-04,25.31569473575985,0.0,51.107955025631924
Cambodia,2021-07-05,25.534771479128764,0.0,51.6184789892006
Cambodia,2021-07-06,25.75384822249768,0.0,52.12578224489058
Cambodia,2021-07-07,25.97292496586659,0.0,52.629969263611045
Cambodia,2021-07-08,26.192001709235505,0.0,53.13113898759646
Cambodia,2021-07-09,26.411078452604414,0.0,53.62938523155087
Cambodia,2021-07-10,26.63015519597333,0.0,54.12479704712878
Cambodia,2021-07-11,26.84923193934224,0.0,54.61745905476636
Cambodia,2021-07-12,27.068308682711155,0.0,55.107451746368454
Cambodia,2021-07-13,27.28738542608007,0.0,55.59485176191994
Cambodia,2021-07-14,27.50646216944898,0.0,56.079732142715486
Cambodia,2021-07-15,27.725538912817896,0.0,56.56216256357909
Cambodia,2021-07-16,27.944615656186805,0.0,57.04220954616516
Cambodia,2021-07-17,28.16369239955572,0.0,57.5199366551919
Cambodia,2021-07-18,28.382769142924637,0.0,57.9954046792466
Cambodia,2021-07-19,28.601845886293546,0.0,58.46867179762039
Cambodia,2021-07-20,28.820922629662462,0.0,58.93979373446934
Peru,2021-06-21,20.022889379656235,0.0,41.672192022569504
Peru,2021-06-22,20.241966123025144,0.0,42.2376796039495
Peru,2021-06-23,20.46104286639406,0.0,42.79779549844386
Peru,2021-06-24,20.680119609762976,0.0,43.35278210793133
Peru,2021-06-25,20.899196353131885,0.0,43.90286413386451
Peru,2021-06-26,21.1182730965008,0.0,44.44825033559776
Peru,2021-06-27,21.33734983986971,0.0,44.98913507031793
Peru,2021-06-28,21.556426583238625,0.0,45.525699646844764
Peru,2021-06-29,21.775503326607534,0.0,46.058113520080994
Peru,2021-06-30,21.99458006997645,0.0,46.58653534845415
Peru,2021-07-01,22.213656813345366,0.0,47.11111393308178
Peru,2021-07-02,22.432733556714275,0.0,47.63198905443839
Peru,2021-07-03,22.65181030008319,0.0,48.149292219873736
Peru,2021-07-04,22.8708870434521,0.0,48.663147333324176
Peru,2021-07-05,23.089963786821016,0.0,49.17367129689285
Peru,2021-07-06,23.309040530189932,0.0,49.68097455258283
Peru,2021-07-07,23.52811727355884,0.0,50.1851615713033
Peru,2021-07-08,23.747194016927757,0.0,50.68633129528871
Peru,2021-07-09,23.966270760296666,0.0,51.18457753924312
Peru,2021-07-10,24.185347503665582,0.0,51.67998935482103
Peru,2021-07-11,24.40442424703449,0.0,52.17265136245861
Peru,2021-07-12,24.623500990403407,0.0,52.662644054060706
Peru,2021-07-13,24.842577733772323,0.0,53.15004406961219
Peru,2021-07-14,25.061654477141232,0.0,53.63492445040774
Peru,2021-07-15,25.280731220510148,0.0,54.117354871271345
Peru,2021-07-16,25.499807963879057,0.0,54.59740185385741
Peru,2021-07-17,25.718884707247973,0.0,55.07512896288415
Peru,2021-07-18,25.93796145061689,0.0,55.55059698693885
Peru,2021-07-19,26.157038193985798,0.0,56.02386410531264
Peru,2021-07-20,26.376114937354714,0.0,56.49498604216159
Grenada,2021-06-21,25.004444235078843,3.355141592165573,46.65374687799211
Grenada,2021-06-22,25.22352097844776,3.2278074975234006,47.21923445937212
Grenada,2021-06-23,25.442597721816675,3.10584508976687,47.77935035386648
Grenada,2021-06-24,25.66167446518559,2.9890119670172304,48.33433696335395
Grenada,2021-06-25,25.880751208554493,2.8770834278218658,48.88441898928712
Grenada,2021-06-26,26.09982795192341,2.7698507128264467,49.42980519102037
Grenada,2021-06-27,26.318904695292325,2.667119464844106,49.970689925740544
Grenada,2021-06-28,26.53798143866124,2.5687083750551025,50.50725450226738
Grenada,2021-06-29,26.757058182030143,2.474447988556687,51.039668375503595
Grenada,2021-06-30,26.97613492539906,2.384179646921364,51.56809020387675
Grenada,2021-07-01,27.195211668767975,2.2977545490315627,52.09266878850438
Grenada,2021-07-02,27.41428841213689,2.2150329144127703,52.61354390986101
Grenada,2021-07-03,27.633365155505807,2.135883235715262,53.13084707529635
Grenada,2021-07-04,27.85244189887471,2.0601816090026333,53.644702188746784
Grenada,2021-07-05,28.071518642243625,1.9878111321717888,54.155226152315464
Grenada,2021-07-06,28.29059538561254,1.9186613632196412,54.66252940800544
Grenada,2021-07-07,28.509672128981457,1.852627831237001,55.16671642672591
Grenada,2021-07-08,28.728748872350373,1.7896115939894237,55.667886150711325
Grenada,2021-07-09,28.947825615719275,1.7295188367728187,56.16613239466573
Grenada,2021-07-10,29.16690235908819,1.6722605079327408,56.66154421024364
Grenada,2021-07-11,29.385979102457107,1.6177519870329924,57.154206217881224
Grenada,2021-07-12,29.605055845826023,1.5659127821687235,57.64419890948332
Grenada,2021-07-13,29.82413258919494,1.5166662533550728,58.13159892503481
Grenada,2021-07-14,30.04320933256384,1.4699393592973315,58.61647930583035
Grenada,2021-07-15,30.262286075932757,1.4256624251715628,59.09890972669395
Grenada,2021-07-16,30.481362819301673,1.3837689293233169,59.57895670928003
Grenada,2021-07-17,30.70043956267059,1.3441953070344113,60.056683818306766
Grenada,2021-07-18,30.919516306039505,1.3068807697175444,60.532151842361465
Grenada,2021-07-19,31.138593049408406,1.271767138081561,61.005418960735255
Grenada,2021-07-20,31.357669792777322,1.2387986879704442,61.4765408975842
Dominica,2021-06-21,36.75934619586321,15.11004355294994,58.40864883877648
Dominica,2021-06-22,36.97842293923211,14.982709458307752,58.97413642015647
Dominica,2021-06-23,37.19749968260103,14.860747050551222,59.53425231465083
Dominica,2021-06-24,37.41657642596994,14.743913927801582,60.0892389241383
Dominica,2021-06-25,37.63565316933886,14.631985388606232,60.639320950071486
Dominica,2021-06-26,37.854729912707775,14.524752673610813,61.18470715180474
Dominica,2021-06-27,38.07380665607668,14.422021425628458,61.725591886524896
Dominica,2021-06-28,38.29288339944559,14.323610335839454,62.26215646305173
Dominica,2021-06-29,38.51196014281451,14.229349949341053,62.79457033628796
Dominica,2021-06-30,38.731036886183425,14.13908160770573,63.322992164661116
Dominica,2021-07-01,38.95011362955234,14.052656509815929,63.84757074928875
Dominica,2021-07-02,39.16919037292124,13.969934875197122,64.36844587064536
Dominica,2021-07-03,39.38826711629016,13.890785196499614,64.88574903608071
Dominica,2021-07-04,39.607343859659075,13.815083569787,65.39960414953114
Dominica,2021-07-05,39.82642060302799,13.742713092956155,65.91012811309983
Dominica,2021-07-06,40.04549734639691,13.673563324004007,66.4174313687898
Dominica,2021-07-07,40.26457408976581,13.607529792021353,66.92161838751026
Dominica,2021-07-08,40.483650833134725,13.544513554773776,67.42278811149568
Dominica,2021-07-09,40.70272757650364,13.484420797557185,67.9210343554501
Dominica,2021-07-10,40.92180431987256,13.427162468717107,68.41644617102801
Dominica,2021-07-11,41.14088106324146,13.372653947817344,68.90910817866558
Dominica,2021-07-12,41.359957806610375,13.320814742953075,69.39910087026767
Dominica,2021-07-13,41.57903454997929,13.271568214139425,69.88650088581916
Dominica,2021-07-14,41.79811129334821,13.224841320081698,70.37138126661472
Dominica,2021-07-15,42.01718803671712,13.180564385955929,70.85381168747831
Dominica,2021-07-16,42.236264780086024,13.138670890107669,71.33385867006439
Dominica,2021-07-17,42.45534152345494,13.099097267818763,71.81158577909112
Dominica,2021-07-18,42.67441826682386,13.061782730501896,72.28705380314582
Dominica,2021-07-19,42.89349501019277,13.026669098865927,72.76032092151962
Dominica,2021-07-20,43.11257175356169,12.99370064875481,73.23144285836857
Bosnia and Herzegovina,2021-06-21,18.21924815664763,0.0,39.8685507995609
Bosnia and Herzegovina,2021-06-22,18.43832490001654,0.0,40.4340383809409
Bosnia and Herzegovina,2021-06-23,18.657401643385455,0.0,40.994154275435264
Bosnia and Herzegovina,2021-06-24,18.87647838675437,0.0,41.549140884922735
Bosnia and Herzegovina,2021-06-25,19.09555513012328,0.0,42.09922291085591
Bosnia and Herzegovina,2021-06-26,19.314631873492196,0.0,42.64460911258916
Bosnia and Herzegovina,2021-06-27,19.533708616861105,0.0,43.185493847309324
Bosnia and Herzegovina,2021-06-28,19.75278536023002,0.0,43.72205842383616
Bosnia and Herzegovina,2021-06-29,19.97186210359893,0.0,44.25447229707238
Bosnia and Herzegovina,2021-06-30,20.190938846967846,0.0,44.78289412544554
Bosnia and Herzegovina,2021-07-01,20.410015590336762,0.0,45.30747271007317
Bosnia and Herzegovina,2021-07-02,20.62909233370567,0.0,45.828347831429795
Bosnia and Herzegovina,2021-07-03,20.848169077074587,0.0,46.34565099686513
Bosnia and Herzegovina,2021-07-04,21.067245820443496,0.0,46.85950611031557
Bosnia and Herzegovina,2021-07-05,21.286322563812412,0.0,47.37003007388425
Bosnia and Herzegovina,2021-07-06,21.505399307181328,0.0,47.87733332957423
Bosnia and Herzegovina,2021-07-07,21.724476050550237,0.0,48.38152034829469
Bosnia and Herzegovina,2021-07-08,21.943552793919153,0.0,48.8826900722801
Bosnia and Herzegovina,2021-07-09,22.162629537288062,0.0,49.38093631623452
Bosnia and Herzegovina,2021-07-10,22.381706280656978,0.0,49.87634813181243
Bosnia and Herzegovina,2021-07-11,22.600783024025887,0.0,50.36901013945
Bosnia and Herzegovina,2021-07-12,22.819859767394803,0.0,50.8590028310521
Bosnia and Herzegovina,2021-07-13,23.03893651076372,0.0,51.34640284660358
Bosnia and Herzegovina,2021-07-14,23.258013254132628,0.0,51.83128322739914
Bosnia and Herzegovina,2021-07-15,23.477089997501544,0.0,52.313713648262734
Bosnia and Herzegovina,2021-07-16,23.696166740870453,0.0,52.79376063084881
Bosnia and Herzegovina,2021-07-17,23.91524348423937,0.0,53.271487739875546
Bosnia and Herzegovina,2021-07-18,24.134320227608285,0.0,53.746955763930245
Bosnia and Herzegovina,2021-07-19,24.353396970977194,0.0,54.22022288230404
Bosnia and Herzegovina,2021-07-20,24.57247371434611,0.0,54.69134481915299
Guyana,2021-06-21,24.610522666451438,2.961220023538168,46.25982530936471
Guyana,2021-06-22,24.829599409820347,2.833885928895988,46.825312890744705
Guyana,2021-06-23,25.048676153189263,2.7119235211394574,47.38542878523907
Guyana,2021-06-24,25.26775289655818,2.595090398389818,47.94041539472654
Guyana,2021-06-25,25.486829639927087,2.4831618591944604,48.490497420659715
Guyana,2021-06-26,25.705906383296004,2.3759291441990413,49.035883622392966
Guyana,2021-06-27,25.924983126664912,2.2731978962166934,49.57676835711313
Guyana,2021-06-28,26.14405987003383,2.17478680642769,50.11333293363997
Guyana,2021-06-29,26.363136613402737,2.0805264199292814,50.64574680687619
Guyana,2021-06-30,26.582213356771653,1.9902580782939587,51.174168635249345
Guyana,2021-07-01,26.80129010014057,1.9038329804041574,51.69874721987698
Guyana,2021-07-02,27.02036684350948,1.8211113457853578,52.2196223412336
Guyana,2021-07-03,27.239443586878394,1.7419616670878497,52.73692550666894
Guyana,2021-07-04,27.458520330247303,1.666260040375228,53.25078062011938
Guyana,2021-07-05,27.67759707361622,1.5938895635443835,53.76130458368806
Guyana,2021-07-06,27.896673816985135,1.5247397945922359,54.268607839378035
Guyana,2021-07-07,28.115750560354044,1.4587062626095886,54.7727948580985
Guyana,2021-07-08,28.33482730372296,1.3956900253620113,55.273964582083906
Guyana,2021-07-09,28.55390404709187,1.3355972681454134,55.772210826038325
Guyana,2021-07-10,28.772980790460785,1.2783389393053355,56.267622641616235
Guyana,2021-07-11,28.992057533829694,1.22383041840558,56.760284649253805
Guyana,2021-07-12,29.21113427719861,1.171991213541311,57.25027734085591
Guyana,2021-07-13,29.430211020567526,1.1227446847276603,57.73767735640739
Guyana,2021-07-14,29.649287763936435,1.0760177906699262,58.22255773720295
Guyana,2021-07-15,29.86836450730535,1.0317408565441575,58.70498815806654
Guyana,2021-07-16,30.08744125067426,0.9898473606959044,59.185035140652616
Guyana,2021-07-17,30.306517994043176,0.9502737384069988,59.66276224967935
Guyana,2021-07-18,30.525594737412092,0.912959201090132,60.13823027373405
Guyana,2021-07-19,30.744671480781,0.8778455694541556,60.61149739210785
Guyana,2021-07-20,30.963748224149917,0.8448771193430389,61.082619328956795
Lebanon,2021-06-21,19.614524354458254,0.0,41.263826997371524
Lebanon,2021-06-22,19.833601097827163,0.0,41.82931457875152
Lebanon,2021-06-23,20.05267784119608,0.0,42.38943047324588
Lebanon,2021-06-24,20.271754584564995,0.0,42.94441708273335
Lebanon,2021-06-25,20.490831327933904,0.0,43.49449910866653
Lebanon,2021-06-26,20.70990807130282,0.0,44.03988531039978
Lebanon,2021-06-27,20.92898481467173,0.0,44.58077004511995
Lebanon,2021-06-28,21.148061558040645,0.0,45.11733462164678
Lebanon,2021-06-29,21.367138301409554,0.0,45.64974849488301
Lebanon,2021-06-30,21.58621504477847,0.0,46.17817032325617
Lebanon,2021-07-01,21.805291788147386,0.0,46.7027489078838
Lebanon,2021-07-02,22.024368531516295,0.0,47.22362402924041
Lebanon,2021-07-03,22.24344527488521,0.0,47.740927194675756
Lebanon,2021-07-04,22.46252201825412,0.0,48.254782308126195
Lebanon,2021-07-05,22.681598761623036,0.0,48.76530627169487
Lebanon,2021-07-06,22.900675504991952,0.0,49.27260952738485
Lebanon,2021-07-07,23.11975224836086,0.0,49.77679654610532
Lebanon,2021-07-08,23.338828991729777,0.0,50.27796627009073
Lebanon,2021-07-09,23.557905735098686,0.0,50.77621251404514
Lebanon,2021-07-10,23.776982478467602,0.0,51.27162432962305
Lebanon,2021-07-11,23.99605922183651,0.0,51.76428633726063
Lebanon,2021-07-12,24.215135965205427,0.0,52.254279028862726
Lebanon,2021-07-13,24.434212708574343,0.0,52.74167904441421
Lebanon,2021-07-14,24.65328945194325,0.0,53.22655942520976
Lebanon,2021-07-15,24.872366195312168,0.0,53.708989846073365
Lebanon,2021-07-16,25.091442938681077,0.0,54.18903682865943
Lebanon,2021-07-17,25.310519682049993,0.0,54.66676393768617
Lebanon,2021-07-18,25.52959642541891,0.0,55.14223196174087
Lebanon,2021-07-19,25.748673168787818,0.0,55.61549908011466
Lebanon,2021-07-20,25.967749912156734,0.0,56.08662101696361
Dominican Republic,2021-06-21,25.67527287576405,4.025970232850781,47.32457551867732
Dominican Republic,2021-06-22,25.89434961913296,3.8986361382086017,47.89006310005732
Dominican Republic,2021-06-23,26.113426362501876,3.776673730452071,48.45017899455168
Dominican Republic,2021-06-24,26.332503105870792,3.6598406077024315,49.00516560403915
Dominican Republic,2021-06-25,26.5515798492397,3.547912068507074,49.55524762997233
Dominican Republic,2021-06-26,26.770656592608617,3.440679353511655,50.10063383170558
Dominican Republic,2021-06-27,26.989733335977526,3.337948105529307,50.641518566425745
Dominican Republic,2021-06-28,27.208810079346442,3.2395370157403036,51.17808314295258
Dominican Republic,2021-06-29,27.42788682271535,3.145276629241895,51.71049701618881
Dominican Republic,2021-06-30,27.646963566084267,3.0550082876065723,52.238918844561965
Dominican Republic,2021-07-01,27.866040309453183,2.968583189716771,52.7634974291896
Dominican Republic,2021-07-02,28.085117052822092,2.8858615550979714,53.28437255054621
Dominican Republic,2021-07-03,28.304193796191008,2.8067118764004633,53.80167571598155
Dominican Republic,2021-07-04,28.523270539559917,2.7310102496878415,54.31553082943199
Dominican Republic,2021-07-05,28.742347282928833,2.658639772856997,54.826054793000665
Dominican Republic,2021-07-06,28.96142402629775,2.5894900039048494,55.33335804869065
Dominican Republic,2021-07-07,29.180500769666658,2.523456471922202,55.837545067411114
Dominican Republic,2021-07-08,29.399577513035574,2.460440234674625,56.33871479139653
Dominican Republic,2021-07-09,29.618654256404483,2.400347477458027,56.83696103535094
Dominican Republic,2021-07-10,29.8377309997734,2.343089148617949,57.33237285092885
Dominican Republic,2021-07-11,30.056807743142308,2.2885806277181935,57.825034858566426
Dominican Republic,2021-07-12,30.275884486511224,2.2367414228539246,58.31502755016852
Dominican Republic,2021-07-13,30.49496122988014,2.187494894040274,58.80242756572001
Dominican Republic,2021-07-14,30.71403797324905,2.1407679999825397,59.287307946515554
Dominican Republic,2021-07-15,30.933114716617965,2.096491065856771,59.76973836737916
Dominican Republic,2021-07-16,31.152191459986874,2.054597570008518,60.24978534996523
Dominican Republic,2021-07-17,31.37126820335579,2.0150239477196124,60.72751245899197
Dominican Republic,2021-07-18,31.590344946724706,1.9777094104027455,61.202980483046666
Dominican Republic,2021-07-19,31.809421690093615,1.9425957787667691,61.67624760142046
Dominican Republic,2021-07-20,32.02849843346253,1.9096273286556524,62.14736953826941
Trinidad and Tobago,2021-06-21,18.332937407002923,0.0,39.98224004991619
Trinidad and Tobago,2021-06-22,18.552014150371832,0.0,40.54772763129619
Trinidad and Tobago,2021-06-23,18.771090893740748,0.0,41.10784352579056
Trinidad and Tobago,2021-06-24,18.990167637109664,0.0,41.66283013527803
Trinidad and Tobago,2021-06-25,19.209244380478573,0.0,42.2129121612112
Trinidad and Tobago,2021-06-26,19.42832112384749,0.0,42.75829836294445
Trinidad and Tobago,2021-06-27,19.647397867216398,0.0,43.29918309766462
Trinidad and Tobago,2021-06-28,19.866474610585314,0.0,43.83574767419145
Trinidad and Tobago,2021-06-29,20.085551353954223,0.0,44.368161547427675
Trinidad and Tobago,2021-06-30,20.30462809732314,0.0,44.89658337580083
Trinidad and Tobago,2021-07-01,20.523704840692055,0.0,45.42116196042846
Trinidad and Tobago,2021-07-02,20.742781584060964,0.0,45.94203708178509
Trinidad and Tobago,2021-07-03,20.96185832742988,0.0,46.459340247220425
Trinidad and Tobago,2021-07-04,21.18093507079879,0.0,46.973195360670864
Trinidad and Tobago,2021-07-05,21.400011814167705,0.0,47.483719324239544
Trinidad and Tobago,2021-07-06,21.61908855753662,0.0,47.99102257992952
Trinidad and Tobago,2021-07-07,21.83816530090553,0.0,48.495209598649986
Trinidad and Tobago,2021-07-08,22.057242044274446,0.0,48.99637932263539
Trinidad and Tobago,2021-07-09,22.276318787643355,0.0,49.49462556658981
Trinidad and Tobago,2021-07-10,22.49539553101227,0.0,49.99003738216772
Trinidad and Tobago,2021-07-11,22.71447227438118,0.0,50.48269938980529
Trinidad and Tobago,2021-07-12,22.933549017750096,0.0,50.972692081407395
Trinidad and Tobago,2021-07-13,23.152625761119012,0.0,51.460092096958874
Trinidad and Tobago,2021-07-14,23.37170250448792,0.0,51.94497247775443
Trinidad and Tobago,2021-07-15,23.590779247856837,0.0,52.42740289861803
Trinidad and Tobago,2021-07-16,23.809855991225746,0.0,52.9074498812041
Trinidad and Tobago,2021-07-17,24.02893273459466,0.0,53.38517699023084
Trinidad and Tobago,2021-07-18,24.248009477963578,0.0,53.86064501428554
Trinidad and Tobago,2021-07-19,24.467086221332487,0.0,54.333912132659336
Trinidad and Tobago,2021-07-20,24.686162964701403,0.0,54.80503406950828
Rwanda,2021-06-21,19.055692509043716,0.0,40.704995151956986
Rwanda,2021-06-22,19.274769252412632,0.0,41.27048273333699
Rwanda,2021-06-23,19.493845995781548,0.0,41.83059862783135
Rwanda,2021-06-24,19.712922739150464,0.0,42.38558523731882
Rwanda,2021-06-25,19.931999482519366,0.0,42.93566726325199
Rwanda,2021-06-26,20.151076225888282,0.0,43.481053464985244
Rwanda,2021-06-27,20.370152969257198,0.0,44.02193819970542
Rwanda,2021-06-28,20.589229712626114,0.0,44.55850277623225
Rwanda,2021-06-29,20.808306455995016,0.0,45.09091664946847
Rwanda,2021-06-30,21.027383199363932,0.0,45.61933847784162
Rwanda,2021-07-01,21.246459942732848,0.0,46.14391706246926
Rwanda,2021-07-02,21.465536686101764,0.0,46.66479218382588
Rwanda,2021-07-03,21.68461342947068,0.0,47.182095349261225
Rwanda,2021-07-04,21.903690172839582,0.0,47.69595046271166
Rwanda,2021-07-05,22.122766916208498,0.0,48.20647442628034
Rwanda,2021-07-06,22.341843659577414,0.0,48.71377768197031
Rwanda,2021-07-07,22.56092040294633,0.0,49.217964700690786
Rwanda,2021-07-08,22.779997146315246,0.0,49.7191344246762
Rwanda,2021-07-09,22.999073889684148,0.0,50.217380668630604
Rwanda,2021-07-10,23.218150633053064,0.0,50.712792484208514
Rwanda,2021-07-11,23.43722737642198,0.0,51.2054544918461
Rwanda,2021-07-12,23.656304119790896,0.0,51.695447183448195
Rwanda,2021-07-13,23.875380863159812,0.0,52.18284719899968
Rwanda,2021-07-14,24.094457606528714,0.0,52.667727579795226
Rwanda,2021-07-15,24.31353434989763,0.0,53.15015800065882
Rwanda,2021-07-16,24.532611093266546,0.0,53.6302049832449
Rwanda,2021-07-17,24.751687836635462,0.0,54.10793209227164
Rwanda,2021-07-18,24.970764580004378,0.0,54.58340011632634
Rwanda,2021-07-19,25.18984132337328,0.0,55.05666723470013
Rwanda,2021-07-20,25.408918066742196,0.0,55.527789171549074
Barbados,2021-06-21,37.550794549860285,15.901491906947015,59.200097192773555
Barbados,2021-06-22,37.769871293229194,15.774157812304836,59.76558477415355
Barbados,2021-06-23,37.98894803659811,15.652195404548305,60.32570066864791
Barbados,2021-06-24,38.208024779967026,15.535362281798665,60.88068727813538
Barbados,2021-06-25,38.427101523335935,15.423433742603308,61.43076930406856
Barbados,2021-06-26,38.64617826670485,15.316201027607889,61.97615550580181
Barbados,2021-06-27,38.86525501007376,15.213469779625541,62.51704024052198
Barbados,2021-06-28,39.084331753442676,15.115058689836538,63.053604817048814
Barbados,2021-06-29,39.303408496811585,15.020798303338129,63.586018690285044
Barbados,2021-06-30,39.5224852401805,14.930529961702806,64.1144405186582
Barbados,2021-07-01,39.74156198354942,14.844104863813005,64.63901910328583
Barbados,2021-07-02,39.960638726918326,14.761383229194205,65.15989422464244
Barbados,2021-07-03,40.17971547028724,14.682233550496697,65.6771973900778
Barbados,2021-07-04,40.39879221365615,14.606531923784075,66.19105250352823
Barbados,2021-07-05,40.61786895702507,14.534161446953231,66.7015764670969
Barbados,2021-07-06,40.83694570039398,14.465011678001083,67.20887972278689
Barbados,2021-07-07,41.05602244376289,14.398978146018436,67.71306674150735
Barbados,2021-07-08,41.27509918713181,14.335961908770859,68.21423646549276
Barbados,2021-07-09,41.49417593050072,14.27586915155426,68.71248270944717
Barbados,2021-07-10,41.71325267386963,14.218610822714183,69.20789452502508
Barbados,2021-07-11,41.93232941723854,14.164102301814427,69.70055653266266
Barbados,2021-07-12,42.15140616060746,14.112263096950159,70.19054922426476
Barbados,2021-07-13,42.370482903976374,14.063016568136508,70.67794923981624
Barbados,2021-07-14,42.58955964734528,14.016289674078774,71.16282962061179
Barbados,2021-07-15,42.8086363907142,13.972012739953005,71.6452600414754
Barbados,2021-07-16,43.02771313408311,13.930119244104752,72.12530702406147
Barbados,2021-07-17,43.246789877452024,13.890545621815846,72.6030341330882
Barbados,2021-07-18,43.46586662082094,13.85323108449898,73.0785021571429
Barbados,2021-07-19,43.68494336418985,13.818117452863003,73.55176927551669
Barbados,2021-07-20,43.904020107558765,13.785149002751886,74.02289121236564
Australia,2021-06-21,17.491712917207018,0.0,39.14101556012029
Australia,2021-06-22,17.710789660575927,0.0,39.706503141500285
Australia,2021-06-23,17.929866403944843,0.0,40.26661903599465
Australia,2021-06-24,18.14894314731376,0.0,40.82160564548212
Australia,2021-06-25,18.368019890682667,0.0,41.371687671415295
Australia,2021-06-26,18.587096634051584,0.0,41.917073873148546
Australia,2021-06-27,18.806173377420492,0.0,42.45795860786871
Australia,2021-06-28,19.02525012078941,0.0,42.99452318439555
Australia,2021-06-29,19.244326864158317,0.0,43.52693705763177
Australia,2021-06-30,19.463403607527233,0.0,44.055358886004925
Australia,2021-07-01,19.68248035089615,0.0,44.57993747063256
Australia,2021-07-02,19.90155709426506,0.0,45.10081259198918
Australia,2021-07-03,20.120633837633974,0.0,45.61811575742452
Australia,2021-07-04,20.339710581002883,0.0,46.13197087087496
Australia,2021-07-05,20.5587873243718,0.0,46.64249483444364
Australia,2021-07-06,20.777864067740715,0.0,47.149798090133615
Australia,2021-07-07,20.996940811109624,0.0,47.65398510885408
Australia,2021-07-08,21.21601755447854,0.0,48.155154832839486
Australia,2021-07-09,21.43509429784745,0.0,48.653401076793905
Australia,2021-07-10,21.654171041216365,0.0,49.148812892371815
Australia,2021-07-11,21.873247784585274,0.0,49.641474900009385
Australia,2021-07-12,22.09232452795419,0.0,50.13146759161149
Australia,2021-07-13,22.311401271323106,0.0,50.61886760716297
Australia,2021-07-14,22.530478014692015,0.0,51.10374798795853
Australia,2021-07-15,22.74955475806093,0.0,51.58617840882212
Australia,2021-07-16,22.96863150142984,0.0,52.066225391408196
Australia,2021-07-17,23.187708244798756,0.0,52.54395250043493
Australia,2021-07-18,23.406784988167672,0.0,53.01942052448963
Australia,2021-07-19,23.62586173153658,0.0,53.49268764286343
Australia,2021-07-20,23.844938474905497,0.0,53.963809579712375
Saint Lucia,2021-06-21,25.3453009919794,3.69599834906613,46.99460363489267
Saint Lucia,2021-06-22,25.56437773534831,3.5686642544239504,47.56009121627267
Saint Lucia,2021-06-23,25.783454478717225,3.4467018466674197,48.120207110767026
Saint Lucia,2021-06-24,26.00253122208614,3.32986872391778,48.6751937202545
Saint Lucia,2021-06-25,26.22160796545505,3.2179401847224227,49.22527574618768
Saint Lucia,2021-06-26,26.440684708823966,3.1107074697270036,49.77066194792093
Saint Lucia,2021-06-27,26.659761452192875,3.0079762217446557,50.311546682641094
Saint Lucia,2021-06-28,26.87883819556179,2.9095651319556524,50.84811125916793
Saint Lucia,2021-06-29,27.0979149389307,2.8153047454572437,51.38052513240416
Saint Lucia,2021-06-30,27.316991682299616,2.725036403821921,51.908946960777314
Saint Lucia,2021-07-01,27.53606842566853,2.6386113059321197,52.43352554540495
Saint Lucia,2021-07-02,27.75514516903744,2.55588967131332,52.95440066676156
Saint Lucia,2021-07-03,27.974221912406357,2.476739992615812,53.4717038321969
Saint Lucia,2021-07-04,28.193298655775266,2.40103836590319,53.98555894564734
Saint Lucia,2021-07-05,28.41237539914418,2.328667889072346,54.496082909216014
Saint Lucia,2021-07-06,28.631452142513098,2.259518120120198,55.003386164906
Saint Lucia,2021-07-07,28.850528885882007,2.193484588137551,55.50757318362646
Saint Lucia,2021-07-08,29.069605629250923,2.1304683508899736,56.008742907611875
Saint Lucia,2021-07-09,29.28868237261983,2.0703755936733756,56.50698915156629
Saint Lucia,2021-07-10,29.507759115988748,2.013117264833298,57.0024009671442
Saint Lucia,2021-07-11,29.726835859357656,1.9586087439335422,57.495062974781774
Saint Lucia,2021-07-12,29.945912602726573,1.9067695390692734,57.98505566638387
Saint Lucia,2021-07-13,30.16498934609549,1.8575230102556226,58.47245568193536
Saint Lucia,2021-07-14,30.384066089464397,1.8107961161978885,58.9573360627309
Saint Lucia,2021-07-15,30.603142832833313,1.7665191820721198,59.43976648359451
Saint Lucia,2021-07-16,30.822219576202222,1.7246256862238667,59.91981346618058
Saint Lucia,2021-07-17,31.04129631957114,1.685052063934961,60.397540575207316
Saint Lucia,2021-07-18,31.260373062940054,1.6477375266180943,60.873008599262015
Saint Lucia,2021-07-19,31.479449806308963,1.612623894982118,61.346275717635805
Saint Lucia,2021-07-20,31.69852654967788,1.5796554448710012,61.81739765448476
North Macedonia,2021-06-21,18.946641198164947,0.0,40.59594384107822
North Macedonia,2021-06-22,19.165717941533856,0.0,41.161431422458215
North Macedonia,2021-06-23,19.384794684902772,0.0,41.72154731695258
North Macedonia,2021-06-24,19.603871428271688,0.0,42.27653392644005
North Macedonia,2021-06-25,19.822948171640597,0.0,42.826615952373224
North Macedonia,2021-06-26,20.042024915009513,0.0,43.372002154106475
North Macedonia,2021-06-27,20.261101658378422,0.0,43.91288688882664
North Macedonia,2021-06-28,20.480178401747338,0.0,44.44945146535348
North Macedonia,2021-06-29,20.699255145116247,0.0,44.9818653385897
North Macedonia,2021-06-30,20.918331888485163,0.0,45.510287166962854
North Macedonia,2021-07-01,21.13740863185408,0.0,46.03486575159049
North Macedonia,2021-07-02,21.356485375222988,0.0,46.55574087294711
North Macedonia,2021-07-03,21.575562118591904,0.0,47.07304403838245
North Macedonia,2021-07-04,21.794638861960813,0.0,47.58689915183289
North Macedonia,2021-07-05,22.01371560532973,0.0,48.09742311540157
North Macedonia,2021-07-06,22.232792348698645,0.0,48.604726371091544
North Macedonia,2021-07-07,22.451869092067554,0.0,49.10891338981201
North Macedonia,2021-07-08,22.67094583543647,0.0,49.610083113797415
North Macedonia,2021-07-09,22.89002257880538,0.0,50.108329357751835
North Macedonia,2021-07-10,23.109099322174295,0.0,50.603741173329745
North Macedonia,2021-07-11,23.328176065543204,0.0,51.096403180967314
North Macedonia,2021-07-12,23.54725280891212,0.0,51.58639587256942
North Macedonia,2021-07-13,23.766329552281036,0.0,52.0737958881209
North Macedonia,2021-07-14,23.985406295649945,0.0,52.55867626891646
North Macedonia,2021-07-15,24.20448303901886,0.0,53.04110668978005
North Macedonia,2021-07-16,24.42355978238777,0.0,53.521153672366125
North Macedonia,2021-07-17,24.642636525756686,0.0,53.99888078139286
North Macedonia,2021-07-18,24.8617132691256,0.0,54.47434880544756
North Macedonia,2021-07-19,25.08079001249451,0.0,54.94761592382136
North Macedonia,2021-07-20,25.299866755863427,0.0,55.418737860670305
South Africa,2021-06-21,17.293548414659718,0.0,38.94285105757299
South Africa,2021-06-22,17.512625158028634,0.0,39.50833863895299
South Africa,2021-06-23,17.73170190139755,0.0,40.06845453344735
South Africa,2021-06-24,17.950778644766466,0.0,40.62344114293482
South Africa,2021-06-25,18.169855388135367,0.0,41.173523168867995
South Africa,2021-06-26,18.388932131504284,0.0,41.718909370601246
South Africa,2021-06-27,18.6080088748732,0.0,42.25979410532142
South Africa,2021-06-28,18.827085618242116,0.0,42.796358681848254
South Africa,2021-06-29,19.046162361611017,0.0,43.32877255508447
South Africa,2021-06-30,19.265239104979933,0.0,43.857194383457625
South Africa,2021-07-01,19.48431584834885,0.0,44.38177296808526
South Africa,2021-07-02,19.703392591717765,0.0,44.90264808944188
South Africa,2021-07-03,19.92246933508668,0.0,45.419951254877226
South Africa,2021-07-04,20.141546078455583,0.0,45.93380636832766
South Africa,2021-07-05,20.3606228218245,0.0,46.44433033189634
South Africa,2021-07-06,20.579699565193415,0.0,46.951633587586315
South Africa,2021-07-07,20.79877630856233,0.0,47.45582060630679
South Africa,2021-07-08,21.017853051931247,0.0,47.9569903302922
South Africa,2021-07-09,21.23692979530015,0.0,48.455236574246605
South Africa,2021-07-10,21.456006538669065,0.0,48.950648389824515
South Africa,2021-07-11,21.67508328203798,0.0,49.4433103974621
South Africa,2021-07-12,21.894160025406897,0.0,49.9333030890642
South Africa,2021-07-13,22.113236768775813,0.0,50.42070310461568
South Africa,2021-07-14,22.332313512144715,0.0,50.90558348541123
South Africa,2021-07-15,22.55139025551363,0.0,51.38801390627482
South Africa,2021-07-16,22.770466998882547,0.0,51.8680608888609
South Africa,2021-07-17,22.989543742251463,0.0,52.34578799788764
South Africa,2021-07-18,23.20862048562038,0.0,52.82125602194234
South Africa,2021-07-19,23.42769722898928,0.0,53.29452314031613
South Africa,2021-07-20,23.646773972358197,0.0,53.765645077165075
Antigua and Barbuda,2021-06-21,37.89035253837118,16.241049895457913,59.53965518128445
Antigua and Barbuda,2021-06-22,38.10942928174009,16.113715800815733,60.10514276266445
Antigua and Barbuda,2021-06-23,38.32850602510901,15.991753393059202,60.665258657158816
Antigua and Barbuda,2021-06-24,38.54758276847792,15.874920270309563,61.22024526664629
Antigua and Barbuda,2021-06-25,38.76665951184683,15.762991731114205,61.77032729257946
Antigua and Barbuda,2021-06-26,38.98573625521575,15.655759016118786,62.31571349431271
Antigua and Barbuda,2021-06-27,39.20481299858466,15.553027768136438,62.856598229032876
Antigua and Barbuda,2021-06-28,39.42388974195357,15.454616678347435,63.39316280555971
Antigua and Barbuda,2021-06-29,39.64296648532248,15.360356291849026,63.925576678795935
Antigua and Barbuda,2021-06-30,39.8620432286914,15.270087950213703,64.45399850716909
Antigua and Barbuda,2021-07-01,40.081119972060314,15.183662852323902,64.97857709179672
Antigua and Barbuda,2021-07-02,40.30019671542922,15.100941217705103,65.49945221315335
Antigua and Barbuda,2021-07-03,40.51927345879814,15.021791539007594,66.01675537858868
Antigua and Barbuda,2021-07-04,40.73835020216705,14.946089912294973,66.53061049203913
Antigua and Barbuda,2021-07-05,40.957426945535964,14.873719435464128,67.0411344556078
Antigua and Barbuda,2021-07-06,41.17650368890488,14.80456966651198,67.54843771129778
Antigua and Barbuda,2021-07-07,41.39558043227379,14.738536134529333,68.05262473001824
Antigua and Barbuda,2021-07-08,41.614657175642705,14.675519897281756,68.55379445400365
Antigua and Barbuda,2021-07-09,41.833733919011614,14.615427140065158,69.05204069795806
Antigua and Barbuda,2021-07-10,42.05281066238053,14.55816881122508,69.54745251353597
Antigua and Barbuda,2021-07-11,42.27188740574944,14.503660290325325,70.04011452117355
Antigua and Barbuda,2021-07-12,42.490964149118355,14.451821085461056,70.53010721277565
Antigua and Barbuda,2021-07-13,42.71004089248727,14.402574556647405,71.01750722832713
Antigua and Barbuda,2021-07-14,42.92911763585618,14.355847662589671,71.50238760912269
Antigua and Barbuda,2021-07-15,43.148194379225096,14.311570728463902,71.98481802998629
Antigua and Barbuda,2021-07-16,43.367271122594005,14.26967723261565,72.46486501257236
Antigua and Barbuda,2021-07-17,43.58634786596292,14.230103610326744,72.94259212159909
Antigua and Barbuda,2021-07-18,43.80542460933184,14.192789073009877,73.4180601456538
Antigua and Barbuda,2021-07-19,44.024501352700746,14.1576754413739,73.8913272640276
Antigua and Barbuda,2021-07-20,44.24357809606966,14.124706991262784,74.36244920087654
Japan,2021-06-21,17.951141701047497,0.0,39.60044434396077
Japan,2021-06-22,18.170218444416406,0.0,40.165931925340765
Japan,2021-06-23,18.389295187785322,0.0,40.72604781983513
Japan,2021-06-24,18.608371931154238,0.0,41.2810344293226
Japan,2021-06-25,18.827448674523147,0.0,41.831116455255774
Japan,2021-06-26,19.046525417892063,0.0,42.376502656989025
Japan,2021-06-27,19.265602161260972,0.0,42.91738739170919
Japan,2021-06-28,19.484678904629888,0.0,43.45395196823603
Japan,2021-06-29,19.703755647998797,0.0,43.98636584147225
Japan,2021-06-30,19.922832391367713,0.0,44.514787669845404
Japan,2021-07-01,20.14190913473663,0.0,45.03936625447304
Japan,2021-07-02,20.360985878105538,0.0,45.56024137582966
Japan,2021-07-03,20.580062621474454,0.0,46.077544541265
Japan,2021-07-04,20.799139364843363,0.0,46.59139965471544
Japan,2021-07-05,21.01821610821228,0.0,47.10192361828412
Japan,2021-07-06,21.237292851581195,0.0,47.609226873974094
Japan,2021-07-07,21.456369594950104,0.0,48.11341389269456
Japan,2021-07-08,21.67544633831902,0.0,48.614583616679965
Japan,2021-07-09,21.89452308168793,0.0,49.112829860634385
Japan,2021-07-10,22.113599825056845,0.0,49.608241676212295
Japan,2021-07-11,22.332676568425754,0.0,50.100903683849864
Japan,2021-07-12,22.55175331179467,0.0,50.59089637545197
Japan,2021-07-13,22.770830055163586,0.0,51.07829639100345
Japan,2021-07-14,22.989906798532495,0.0,51.56317677179901
Japan,2021-07-15,23.20898354190141,0.0,52.0456071926626
Japan,2021-07-16,23.42806028527032,0.0,52.525654175248675
Japan,2021-07-17,23.647137028639236,0.0,53.00338128427541
Japan,2021-07-18,23.86621377200815,0.0,53.47884930833011
Japan,2021-07-19,24.08529051537706,0.0,53.95211642670391
Japan,2021-07-20,24.304367258745977,0.0,54.423238363552855
Colombia,2021-06-21,20.799683367714124,0.0,42.448986010627394
Colombia,2021-06-22,21.018760111083033,0.0,43.01447359200739
Colombia,2021-06-23,21.23783685445195,0.0,43.57458948650175
Colombia,2021-06-24,21.456913597820865,0.0,44.12957609598922
Colombia,2021-06-25,21.675990341189774,0.0,44.6796581219224
Colombia,2021-06-26,21.89506708455869,0.0,45.22504432365565
Colombia,2021-06-27,22.1141438279276,0.0,45.76592905837582
Colombia,2021-06-28,22.333220571296515,0.0,46.30249363490265
Colombia,2021-06-29,22.552297314665424,0.0,46.83490750813888
Colombia,2021-06-30,22.77137405803434,0.0,47.36332933651204
Colombia,2021-07-01,22.990450801403256,0.0,47.88790792113967
Colombia,2021-07-02,23.209527544772165,0.0,48.40878304249628
Colombia,2021-07-03,23.42860428814108,0.0,48.926086207931625
Colombia,2021-07-04,23.64768103150999,0.0,49.439941321382065
Colombia,2021-07-05,23.866757774878906,0.0,49.95046528495074
Colombia,2021-07-06,24.08583451824782,0.0,50.45776854064072
Colombia,2021-07-07,24.30491126161673,0.0,50.961955559361186
Colombia,2021-07-08,24.523988004985647,0.0,51.4631252833466
Colombia,2021-07-09,24.743064748354556,0.0,51.96137152730101
Colombia,2021-07-10,24.96214149172347,0.0,52.45678334287892
Colombia,2021-07-11,25.18121823509238,0.0,52.9494453505165
Colombia,2021-07-12,25.400294978461297,0.0,53.439438042118596
Colombia,2021-07-13,25.619371721830213,0.0,53.92683805767008
Colombia,2021-07-14,25.83844846519912,0.0,54.41171843846563
Colombia,2021-07-15,26.057525208568038,0.0,54.894148859329235
Colombia,2021-07-16,26.276601951936946,0.0,55.3741958419153
Colombia,2021-07-17,26.495678695305863,0.0,55.85192295094204
Colombia,2021-07-18,26.71475543867478,0.0,56.32739097499674
Colombia,2021-07-19,26.933832182043687,0.0,56.80065809337053
Colombia,2021-07-20,27.152908925412603,0.0,57.27178003021948
Venezuela,2021-06-21,17.10189435170259,0.0,38.75119699461586
Venezuela,2021-06-22,17.3209710950715,0.0,39.31668457599586
Venezuela,2021-06-23,17.540047838440415,0.0,39.876800470490224
Venezuela,2021-06-24,17.75912458180933,0.0,40.431787079977695
Venezuela,2021-06-25,17.97820132517824,0.0,40.98186910591087
Venezuela,2021-06-26,18.197278068547156,0.0,41.52725530764412
Venezuela,2021-06-27,18.416354811916065,0.0,42.068140042364284
Venezuela,2021-06-28,18.63543155528498,0.0,42.60470461889112
Venezuela,2021-06-29,18.85450829865389,0.0,43.13711849212734
Venezuela,2021-06-30,19.073585042022806,0.0,43.6655403205005
Venezuela,2021-07-01,19.292661785391722,0.0,44.19011890512813
Venezuela,2021-07-02,19.51173852876063,0.0,44.710994026484755
Venezuela,2021-07-03,19.730815272129547,0.0,45.22829719192009
Venezuela,2021-07-04,19.949892015498456,0.0,45.74215230537053
Venezuela,2021-07-05,20.168968758867372,0.0,46.25267626893921
Venezuela,2021-07-06,20.388045502236288,0.0,46.75997952462919
Venezuela,2021-07-07,20.607122245605197,0.0,47.26416654334965
Venezuela,2021-07-08,20.826198988974113,0.0,47.76533626733506
Venezuela,2021-07-09,21.045275732343022,0.0,48.26358251128948
Venezuela,2021-07-10,21.264352475711938,0.0,48.75899432686739
Venezuela,2021-07-11,21.483429219080847,0.0,49.25165633450496
Venezuela,2021-07-12,21.702505962449763,0.0,49.74164902610706
Venezuela,2021-07-13,21.92158270581868,0.0,50.22904904165854
Venezuela,2021-07-14,22.140659449187588,0.0,50.7139294224541
Venezuela,2021-07-15,22.359736192556504,0.0,51.196359843317694
Venezuela,2021-07-16,22.578812935925413,0.0,51.67640682590377
Venezuela,2021-07-17,22.79788967929433,0.0,52.154133934930506
Venezuela,2021-07-18,23.016966422663245,0.0,52.629601958985205
Venezuela,2021-07-19,23.236043166032154,0.0,53.102869077359
Venezuela,2021-07-20,23.45511990940107,0.0,53.57399101420795
El Salvador,2021-06-21,22.563745867714132,0.9144432248008627,44.2130485106274
El Salvador,2021-06-22,22.78282261108304,0.787109130158683,44.7785360920074
El Salvador,2021-06-23,23.001899354451957,0.6651467224021523,45.33865198650176
El Salvador,2021-06-24,23.220976097820873,0.5483135996525128,45.89363859598923
El Salvador,2021-06-25,23.440052841189782,0.4363850604571553,46.44372062192241
El Salvador,2021-06-26,23.6591295845587,0.3291523454617362,46.98910682365566
El Salvador,2021-06-27,23.878206327927607,0.22642109747938832,47.529991558375826
El Salvador,2021-06-28,24.097283071296523,0.12801000769038495,48.06655613490266
El Salvador,2021-06-29,24.316359814665432,0.03374962119197633,48.59897000813889
El Salvador,2021-06-30,24.53543655803435,0.0,49.12739183651205
El Salvador,2021-07-01,24.754513301403264,0.0,49.65197042113968
El Salvador,2021-07-02,24.973590044772173,0.0,50.17284554249629
El Salvador,2021-07-03,25.19266678814109,0.0,50.690148707931634
El Salvador,2021-07-04,25.411743531509998,0.0,51.204003821382074
El Salvador,2021-07-05,25.630820274878914,0.0,51.71452778495075
El Salvador,2021-07-06,25.84989701824783,0.0,52.22183104064073
El Salvador,2021-07-07,26.06897376161674,0.0,52.726018059361195
El Salvador,2021-07-08,26.288050504985655,0.0,53.22718778334661
El Salvador,2021-07-09,26.507127248354564,0.0,53.72543402730102
El Salvador,2021-07-10,26.72620399172348,0.0,54.22084584287893
El Salvador,2021-07-11,26.94528073509239,0.0,54.71350785051651
El Salvador,2021-07-12,27.164357478461305,0.0,55.203500542118604
El Salvador,2021-07-13,27.38343422183022,0.0,55.69090055767009
El Salvador,2021-07-14,27.60251096519913,0.0,56.175780938465635
El Salvador,2021-07-15,27.821587708568046,0.0,56.65821135932924
El Salvador,2021-07-16,28.040664451936955,0.0,57.13825834191531
El Salvador,2021-07-17,28.25974119530587,0.0,57.61598545094205
El Salvador,2021-07-18,28.478817938674787,0.0,58.09145347499675
El Salvador,2021-07-19,28.697894682043696,0.0,58.56472059337054
El Salvador,2021-07-20,28.916971425412612,0.0,59.03584253021949
Zimbabwe,2021-06-21,18.153306180238793,0.0,39.80260882315206
Zimbabwe,2021-06-22,18.372382923607702,0.0,40.36809640453206
Zimbabwe,2021-06-23,18.59145966697662,0.0,40.92821229902643
Zimbabwe,2021-06-24,18.810536410345534,0.0,41.4831989085139
Zimbabwe,2021-06-25,19.029613153714443,0.0,42.03328093444707
Zimbabwe,2021-06-26,19.24868989708336,0.0,42.57866713618032
Zimbabwe,2021-06-27,19.46776664045227,0.0,43.11955187090049
Zimbabwe,2021-06-28,19.686843383821184,0.0,43.65611644742732
Zimbabwe,2021-06-29,19.905920127190093,0.0,44.188530320663546
Zimbabwe,2021-06-30,20.12499687055901,0.0,44.7169521490367
Zimbabwe,2021-07-01,20.344073613927925,0.0,45.241530733664334
Zimbabwe,2021-07-02,20.563150357296834,0.0,45.76240585502096
Zimbabwe,2021-07-03,20.78222710066575,0.0,46.279709020456295
Zimbabwe,2021-07-04,21.00130384403466,0.0,46.793564133906735
Zimbabwe,2021-07-05,21.220380587403575,0.0,47.304088097475415
Zimbabwe,2021-07-06,21.43945733077249,0.0,47.81139135316539
Zimbabwe,2021-07-07,21.6585340741414,0.0,48.315578371885856
Zimbabwe,2021-07-08,21.877610817510316,0.0,48.81674809587126
Zimbabwe,2021-07-09,22.096687560879225,0.0,49.31499433982568
Zimbabwe,2021-07-10,22.31576430424814,0.0,49.81040615540359
Zimbabwe,2021-07-11,22.53484104761705,0.0,50.30306816304116
Zimbabwe,2021-07-12,22.753917790985966,0.0,50.793060854643265
Zimbabwe,2021-07-13,22.972994534354882,0.0,51.280460870194744
Zimbabwe,2021-07-14,23.19207127772379,0.0,51.7653412509903
Zimbabwe,2021-07-15,23.411148021092707,0.0,52.2477716718539
Zimbabwe,2021-07-16,23.630224764461616,0.0,52.72781865443997
Zimbabwe,2021-07-17,23.849301507830532,0.0,53.20554576346671
Zimbabwe,2021-07-18,24.068378251199448,0.0,53.68101378752141
Zimbabwe,2021-07-19,24.287454994568357,0.0,54.154280905895206
Zimbabwe,2021-07-20,24.506531737937273,0.0,54.62540284274415
New Zealand,2021-06-21,18.98008135839148,0.0,40.62938400130475
New Zealand,2021-06-22,19.19915810176039,0.0,41.19487158268475
New Zealand,2021-06-23,19.418234845129305,0.0,41.754987477179114
New Zealand,2021-06-24,19.63731158849822,0.0,42.309974086666585
New Zealand,2021-06-25,19.85638833186713,0.0,42.86005611259976
New Zealand,2021-06-26,20.075465075236046,0.0,43.40544231433301
New Zealand,2021-06-27,20.294541818604955,0.0,43.946327049053174
New Zealand,2021-06-28,20.51361856197387,0.0,44.48289162558001
New Zealand,2021-06-29,20.73269530534278,0.0,45.01530549881623
New Zealand,2021-06-30,20.951772048711696,0.0,45.54372732718939
New Zealand,2021-07-01,21.170848792080612,0.0,46.06830591181702
New Zealand,2021-07-02,21.38992553544952,0.0,46.589181033173645
New Zealand,2021-07-03,21.609002278818437,0.0,47.10648419860898
New Zealand,2021-07-04,21.828079022187346,0.0,47.62033931205942
New Zealand,2021-07-05,22.047155765556262,0.0,48.1308632756281
New Zealand,2021-07-06,22.266232508925178,0.0,48.63816653131808
New Zealand,2021-07-07,22.485309252294087,0.0,49.14235355003854
New Zealand,2021-07-08,22.704385995663003,0.0,49.64352327402395
New Zealand,2021-07-09,22.923462739031912,0.0,50.14176951797837
New Zealand,2021-07-10,23.142539482400828,0.0,50.63718133355628
New Zealand,2021-07-11,23.361616225769737,0.0,51.12984334119385
New Zealand,2021-07-12,23.580692969138653,0.0,51.61983603279595
New Zealand,2021-07-13,23.79976971250757,0.0,52.10723604834743
New Zealand,2021-07-14,24.018846455876478,0.0,52.59211642914299
New Zealand,2021-07-15,24.237923199245394,0.0,53.074546850006584
New Zealand,2021-07-16,24.456999942614303,0.0,53.55459383259266
New Zealand,2021-07-17,24.67607668598322,0.0,54.032320941619396
New Zealand,2021-07-18,24.895153429352135,0.0,54.507788965674095
New Zealand,2021-07-19,25.114230172721044,0.0,54.98105608404789
New Zealand,2021-07-20,25.33330691608996,0.0,55.45217802089684
Montenegro,2021-06-21,21.997207365567142,0.3479047226538725,43.64651000848041
Montenegro,2021-06-22,22.21628410893605,0.2205706280116928,44.21199758986041
Montenegro,2021-06-23,22.435360852304967,0.09860822025516214,44.772113484354776
Montenegro,2021-06-24,22.654437595673883,0.0,45.32710009384225
Montenegro,2021-06-25,22.873514339042792,0.0,45.87718211977542
Montenegro,2021-06-26,23.092591082411708,0.0,46.42256832150867
Montenegro,2021-06-27,23.311667825780617,0.0,46.963453056228836
Montenegro,2021-06-28,23.530744569149533,0.0,47.50001763275567
Montenegro,2021-06-29,23.749821312518442,0.0,48.032431505991894
Montenegro,2021-06-30,23.968898055887358,0.0,48.56085333436505
Montenegro,2021-07-01,24.187974799256274,0.0,49.08543191899268
Montenegro,2021-07-02,24.407051542625183,0.0,49.60630704034931
Montenegro,2021-07-03,24.6261282859941,0.0,50.123610205784644
Montenegro,2021-07-04,24.845205029363008,0.0,50.63746531923508
Montenegro,2021-07-05,25.064281772731924,0.0,51.14798928280376
Montenegro,2021-07-06,25.28335851610084,0.0,51.65529253849374
Montenegro,2021-07-07,25.50243525946975,0.0,52.159479557214205
Montenegro,2021-07-08,25.721512002838665,0.0,52.66064928119961
Montenegro,2021-07-09,25.940588746207574,0.0,53.15889552515403
Montenegro,2021-07-10,26.15966548957649,0.0,53.65430734073194
Montenegro,2021-07-11,26.3787422329454,0.0,54.14696934836951
Montenegro,2021-07-12,26.597818976314315,0.0,54.636962039971614
Montenegro,2021-07-13,26.81689571968323,0.0,55.12436205552309
Montenegro,2021-07-14,27.03597246305214,0.0,55.60924243631865
Montenegro,2021-07-15,27.255049206421056,0.0,56.091672857182246
Montenegro,2021-07-16,27.474125949789965,0.0,56.57171983976832
Montenegro,2021-07-17,27.69320269315888,0.0,57.04944694879506
Montenegro,2021-07-18,27.912279436527797,0.0,57.52491497284976
Montenegro,2021-07-19,28.131356179896706,0.0,57.998182091223555
Montenegro,2021-07-20,28.350432923265622,0.0,58.4693040280725
Paraguay,2021-06-21,17.390565207061293,0.0,39.03986784997456
Paraguay,2021-06-22,17.609641950430202,0.0,39.60535543135456
Paraguay,2021-06-23,17.828718693799118,0.0,40.16547132584893
Paraguay,2021-06-24,18.047795437168034,0.0,40.7204579353364
Paraguay,2021-06-25,18.266872180536943,0.0,41.27053996126957
Paraguay,2021-06-26,18.48594892390586,0.0,41.81592616300282
Paraguay,2021-06-27,18.705025667274768,0.0,42.35681089772299
Paraguay,2021-06-28,18.924102410643684,0.0,42.89337547424982
Paraguay,2021-06-29,19.143179154012593,0.0,43.425789347486045
Paraguay,2021-06-30,19.36225589738151,0.0,43.9542111758592
Paraguay,2021-07-01,19.581332640750425,0.0,44.47878976048683
Paraguay,2021-07-02,19.800409384119334,0.0,44.99966488184346
Paraguay,2021-07-03,20.01948612748825,0.0,45.516968047278795
Paraguay,2021-07-04,20.23856287085716,0.0,46.030823160729234
Paraguay,2021-07-05,20.457639614226075,0.0,46.541347124297914
Paraguay,2021-07-06,20.67671635759499,0.0,47.04865037998789
Paraguay,2021-07-07,20.8957931009639,0.0,47.552837398708355
Paraguay,2021-07-08,21.114869844332816,0.0,48.05400712269376
Paraguay,2021-07-09,21.333946587701725,0.0,48.55225336664818
Paraguay,2021-07-10,21.55302333107064,0.0,49.04766518222609
Paraguay,2021-07-11,21.77210007443955,0.0,49.54032718986366
Paraguay,2021-07-12,21.991176817808466,0.0,50.030319881465765
Paraguay,2021-07-13,22.21025356117738,0.0,50.517719897017244
Paraguay,2021-07-14,22.42933030454629,0.0,51.0026002778128
Paraguay,2021-07-15,22.648407047915207,0.0,51.4850306986764
Paraguay,2021-07-16,22.867483791284116,0.0,51.96507768126247
Paraguay,2021-07-17,23.08656053465303,0.0,52.44280479028921
Paraguay,2021-07-18,23.305637278021948,0.0,52.91827281434391
Paraguay,2021-07-19,23.524714021390857,0.0,53.391539932717706
Paraguay,2021-07-20,23.743790764759773,0.0,53.86266186956665
Suriname,2021-06-21,20.624646042259393,0.0,42.27394868517266
Suriname,2021-06-22,20.843722785628295,0.0,42.83943626655265
Suriname,2021-06-23,21.06279952899721,0.0,43.39955216104701
Suriname,2021-06-24,21.281876272366127,0.0,43.954538770534484
Suriname,2021-06-25,21.500953015735043,0.0,44.50462079646767
Suriname,2021-06-26,21.72002975910396,0.0,45.05000699820092
Suriname,2021-06-27,21.93910650247286,0.0,45.59089173292108
Suriname,2021-06-28,22.158183245841776,0.0,46.127456309447915
Suriname,2021-06-29,22.377259989210692,0.0,46.659870182684145
Suriname,2021-06-30,22.59633673257961,0.0,47.1882920110573
Suriname,2021-07-01,22.815413475948525,0.0,47.71287059568493
Suriname,2021-07-02,23.034490219317426,0.0,48.23374571704154
Suriname,2021-07-03,23.253566962686342,0.0,48.75104888247689
Suriname,2021-07-04,23.47264370605526,0.0,49.264903995927334
Suriname,2021-07-05,23.691720449424174,0.0,49.775427959496014
Suriname,2021-07-06,23.91079719279309,0.0,50.28273121518599
Suriname,2021-07-07,24.129873936161992,0.0,50.78691823390645
Suriname,2021-07-08,24.34895067953091,0.0,51.28808795789186
Suriname,2021-07-09,24.568027422899824,0.0,51.78633420184628
Suriname,2021-07-10,24.78710416626874,0.0,52.28174601742419
Suriname,2021-07-11,25.006180909637642,0.0,52.77440802506176
Suriname,2021-07-12,25.225257653006558,0.0,53.26440071666386
Suriname,2021-07-13,25.444334396375474,0.0,53.751800732215344
Suriname,2021-07-14,25.66341113974439,0.0,54.2366811130109
Suriname,2021-07-15,25.882487883113306,0.0,54.719111533874496
Suriname,2021-07-16,26.101564626482208,0.0,55.199158516460564
Suriname,2021-07-17,26.320641369851124,0.0,55.6768856254873
Suriname,2021-07-18,26.53971811322004,0.0,56.152353649542
Suriname,2021-07-19,26.758794856588956,0.0,56.625620767915805
Suriname,2021-07-20,26.977871599957872,0.0,57.09674270476475
Saint Kitts and Nevis,2021-06-21,31.770799888413237,10.121497245499967,53.420102531326506
Saint Kitts and Nevis,2021-06-22,31.989876631782145,9.994163150857787,53.985590112706504
Saint Kitts and Nevis,2021-06-23,32.20895337515106,9.872200743101256,54.54570600720086
Saint Kitts and Nevis,2021-06-24,32.42803011851998,9.755367620351617,55.100692616688335
Saint Kitts and Nevis,2021-06-25,32.647106861888886,9.64343908115626,55.65077464262151
Saint Kitts and Nevis,2021-06-26,32.8661836052578,9.53620636616084,56.196160844354765
Saint Kitts and Nevis,2021-06-27,33.08526034862671,9.433475118178492,56.73704557907493
Saint Kitts and Nevis,2021-06-28,33.30433709199563,9.335064028389489,57.273610155601766
Saint Kitts and Nevis,2021-06-29,33.523413835364536,9.24080364189108,57.806024028837996
Saint Kitts and Nevis,2021-06-30,33.74249057873345,9.150535300255758,58.33444585721115
Saint Kitts and Nevis,2021-07-01,33.96156732210237,9.064110202365956,58.859024441838784
Saint Kitts and Nevis,2021-07-02,34.18064406547128,8.981388567747157,59.379899563195394
Saint Kitts and Nevis,2021-07-03,34.39972080884019,8.902238889049649,59.89720272863074
Saint Kitts and Nevis,2021-07-04,34.6187975522091,8.826537262337027,60.41105784208118
Saint Kitts and Nevis,2021-07-05,34.83787429557802,8.754166785506182,60.92158180564985
Saint Kitts and Nevis,2021-07-06,35.056951038946934,8.685017016554035,61.428885061339834
Saint Kitts and Nevis,2021-07-07,35.27602778231584,8.618983484571388,61.9330720800603
Saint Kitts and Nevis,2021-07-08,35.49510452568476,8.55596724732381,62.43424180404571
Saint Kitts and Nevis,2021-07-09,35.71418126905367,8.495874490107212,62.932488048000124
Saint Kitts and Nevis,2021-07-10,35.933258012422584,8.438616161267134,63.427899863578034
Saint Kitts and Nevis,2021-07-11,36.15233475579149,8.384107640367379,63.92056187121561
Saint Kitts and Nevis,2021-07-12,36.37141149916041,8.33226843550311,64.41055456281771
Saint Kitts and Nevis,2021-07-13,36.590488242529325,8.28302190668946,64.8979545783692
Saint Kitts and Nevis,2021-07-14,36.809564985898234,8.236295012631725,65.38283495916474
Saint Kitts and Nevis,2021-07-15,37.02864172926715,8.192018078505956,65.86526538002835
Saint Kitts and Nevis,2021-07-16,37.24771847263606,8.150124582657703,66.34531236261441
Saint Kitts and Nevis,2021-07-17,37.466795216004975,8.110550960368798,66.82303947164115
Saint Kitts and Nevis,2021-07-18,37.68587195937389,8.073236423051931,67.29850749569584
Saint Kitts and Nevis,2021-07-19,37.9049487027428,8.038122791415955,67.77177461406964
Saint Kitts and Nevis,2021-07-20,38.124025446111716,8.005154341304838,68.2428965509186
Mongolia,2021-06-21,35.7001405477538,14.050837904840527,57.34944319066707
Mongolia,2021-06-22,35.919217291122706,13.923503810198348,57.914930772047065
Mongolia,2021-06-23,36.13829403449162,13.801541402441817,58.47504666654143
Mongolia,2021-06-24,36.35737077786054,13.684708279692178,59.0300332760289
Mongolia,2021-06-25,36.57644752122945,13.57277974049682,59.580115301962074
Mongolia,2021-06-26,36.79552426459836,13.465547025501401,60.125501503695325
Mongolia,2021-06-27,37.01460100796727,13.362815777519053,60.66638623841549
Mongolia,2021-06-28,37.23367775133619,13.26440468773005,61.20295081494233
Mongolia,2021-06-29,37.4527544947051,13.170144301231641,61.73536468817855
Mongolia,2021-06-30,37.67183123807401,13.079875959596318,62.263786516551704
Mongolia,2021-07-01,37.89090798144293,12.993450861706517,62.78836510117934
Mongolia,2021-07-02,38.10998472481184,12.910729227087717,63.30924022253596
Mongolia,2021-07-03,38.329061468180754,12.83157954839021,63.8265433879713
Mongolia,2021-07-04,38.54813821154966,12.755877921677587,64.34039850142173
Mongolia,2021-07-05,38.76721495491858,12.683507444846743,64.85092246499042
Mongolia,2021-07-06,38.986291698287495,12.614357675894595,65.3582257206804
Mongolia,2021-07-07,39.205368441656404,12.548324143911948,65.86241273940087
Mongolia,2021-07-08,39.42444518502532,12.48530790666437,66.36358246338627
Mongolia,2021-07-09,39.64352192839423,12.425215149447773,66.86182870734069
Mongolia,2021-07-10,39.862598671763145,12.367956820607695,67.3572405229186
Mongolia,2021-07-11,40.081675415132054,12.31344829970794,67.84990253055616
Mongolia,2021-07-12,40.30075215850097,12.26160909484367,68.33989522215828
Mongolia,2021-07-13,40.519828901869886,12.21236256603002,68.82729523770975
Mongolia,2021-07-14,40.738905645238795,12.165635671972286,69.31217561850531
Mongolia,2021-07-15,40.95798238860771,12.121358737846517,69.7946060393689
Mongolia,2021-07-16,41.17705913197662,12.079465241998264,70.27465302195498
Mongolia,2021-07-17,41.396135875345536,12.039891619709358,70.75238013098172
Mongolia,2021-07-18,41.61521261871445,12.002577082392492,71.22784815503641
Mongolia,2021-07-19,41.83428936208336,11.967463450756515,71.70111527341021
Mongolia,2021-07-20,42.05336610545228,11.934495000645398,72.17223721025915
Hong Kong,2021-06-21,24.03200867962191,2.3827060367086403,45.68131132253518
Hong Kong,2021-06-22,24.25108542299082,2.2553719420664606,46.24679890391518
Hong Kong,2021-06-23,24.470162166359735,2.13340953430993,46.80691479840954
Hong Kong,2021-06-24,24.68923890972865,2.0165764115602904,47.36190140789701
Hong Kong,2021-06-25,24.90831565309756,1.904647872364933,47.91198343383019
Hong Kong,2021-06-26,25.127392396466476,1.7974151573695138,48.45736963556344
Hong Kong,2021-06-27,25.346469139835385,1.694683909387166,48.998254370283604
Hong Kong,2021-06-28,25.5655458832043,1.5962728195981626,49.53481894681044
Hong Kong,2021-06-29,25.78462262657321,1.502012433099754,50.06723282004667
Hong Kong,2021-06-30,26.003699369942126,1.4117440914644312,50.595654648419824
Hong Kong,2021-07-01,26.222776113311042,1.32531899357463,51.12023323304746
Hong Kong,2021-07-02,26.44185285667995,1.2425973589558303,51.64110835440407
Hong Kong,2021-07-03,26.660929600048867,1.1634476802583222,52.15841151983941
Hong Kong,2021-07-04,26.880006343417776,1.0877460535457004,52.67226663328985
Hong Kong,2021-07-05,27.099083086786692,1.015375576714856,53.182790596858524
Hong Kong,2021-07-06,27.318159830155608,0.9462258077627084,53.69009385254851
Hong Kong,2021-07-07,27.537236573524517,0.8801922757800611,54.19428087126897
Hong Kong,2021-07-08,27.756313316893433,0.8171760385324838,54.695450595254385
Hong Kong,2021-07-09,27.97539006026234,0.7570832813158859,55.1936968392088
Hong Kong,2021-07-10,28.194466803631258,0.699824952475808,55.68910865478671
Hong Kong,2021-07-11,28.413543547000167,0.6453164315760525,56.181770662424285
Hong Kong,2021-07-12,28.632620290369083,0.5934772267117836,56.67176335402638
Hong Kong,2021-07-13,28.851697033738,0.5442306978981328,57.15916336957787
Hong Kong,2021-07-14,29.070773777106908,0.4975038038403987,57.64404375037341
Hong Kong,2021-07-15,29.289850520475824,0.45322686971463,58.12647417123702
Hong Kong,2021-07-16,29.508927263844733,0.4113333738663769,58.60652115382309
Hong Kong,2021-07-17,29.72800400721365,0.3717597515774713,59.084248262849826
Hong Kong,2021-07-18,29.947080750582565,0.3344452142606045,59.559716286904525
Hong Kong,2021-07-19,30.166157493951474,0.2993315826246281,60.032983405278316
Hong Kong,2021-07-20,30.38523423732039,0.2663631325135114,60.50410534212727
Senegal,2021-06-21,17.8470636246769,0.0,39.49636626759017
Senegal,2021-06-22,18.0661403680458,0.0,40.06185384897016
Senegal,2021-06-23,18.285217111414717,0.0,40.62196974346452
Senegal,2021-06-24,18.504293854783633,0.0,41.17695635295199
Senegal,2021-06-25,18.72337059815255,0.0,41.727038378885176
Senegal,2021-06-26,18.942447341521465,0.0,42.27242458061843
Senegal,2021-06-27,19.161524084890367,0.0,42.813309315338586
Senegal,2021-06-28,19.380600828259283,0.0,43.34987389186542
Senegal,2021-06-29,19.5996775716282,0.0,43.88228776510165
Senegal,2021-06-30,19.818754314997115,0.0,44.410709593474806
Senegal,2021-07-01,20.03783105836603,0.0,44.93528817810244
Senegal,2021-07-02,20.256907801734933,0.0,45.45616329945905
Senegal,2021-07-03,20.47598454510385,0.0,45.97346646489439
Senegal,2021-07-04,20.695061288472765,0.0,46.48732157834484
Senegal,2021-07-05,20.91413803184168,0.0,46.99784554191352
Senegal,2021-07-06,21.133214775210597,0.0,47.505148797603496
Senegal,2021-07-07,21.3522915185795,0.0,48.009335816323954
Senegal,2021-07-08,21.571368261948415,0.0,48.51050554030937
Senegal,2021-07-09,21.79044500531733,0.0,49.00875178426379
Senegal,2021-07-10,22.009521748686247,0.0,49.5041635998417
Senegal,2021-07-11,22.22859849205515,0.0,49.996825607479266
Senegal,2021-07-12,22.447675235424065,0.0,50.486818299081364
Senegal,2021-07-13,22.66675197879298,0.0,50.97421831463285
Senegal,2021-07-14,22.885828722161897,0.0,51.45909869542841
Senegal,2021-07-15,23.104905465530813,0.0,51.941529116292
Senegal,2021-07-16,23.323982208899714,0.0,52.42157609887807
Senegal,2021-07-17,23.54305895226863,0.0,52.89930320790481
Senegal,2021-07-18,23.762135695637546,0.0,53.37477123195951
Senegal,2021-07-19,23.981212439006462,0.0,53.84803835033331
Senegal,2021-07-20,24.20028918237538,0.0,54.31916028718226
Afghanistan,2021-06-21,16.59651417412718,0.0,38.24581681704045
Afghanistan,2021-06-22,16.81559091749609,0.0,38.81130439842045
Afghanistan,2021-06-23,17.034667660865004,0.0,39.371420292914806
Afghanistan,2021-06-24,17.25374440423392,0.0,39.92640690240228
Afghanistan,2021-06-25,17.47282114760283,0.0,40.476488928335456
Afghanistan,2021-06-26,17.691897890971745,0.0,41.02187513006871
Afghanistan,2021-06-27,17.910974634340654,0.0,41.56275986478887
Afghanistan,2021-06-28,18.13005137770957,0.0,42.09932444131571
Afghanistan,2021-06-29,18.34912812107848,0.0,42.63173831455194
Afghanistan,2021-06-30,18.568204864447395,0.0,43.16016014292509
Afghanistan,2021-07-01,18.78728160781631,0.0,43.68473872755273
Afghanistan,2021-07-02,19.00635835118522,0.0,44.20561384890934
Afghanistan,2021-07-03,19.225435094554136,0.0,44.72291701434468
Afghanistan,2021-07-04,19.444511837923045,0.0,45.23677212779512
Afghanistan,2021-07-05,19.66358858129196,0.0,45.74729609136379
Afghanistan,2021-07-06,19.882665324660877,0.0,46.25459934705378
Afghanistan,2021-07-07,20.101742068029786,0.0,46.75878636577424
Afghanistan,2021-07-08,20.320818811398702,0.0,47.259956089759655
Afghanistan,2021-07-09,20.53989555476761,0.0,47.75820233371407
Afghanistan,2021-07-10,20.758972298136527,0.0,48.25361414929198
Afghanistan,2021-07-11,20.978049041505436,0.0,48.746276156929554
Afghanistan,2021-07-12,21.197125784874352,0.0,49.23626884853165
Afghanistan,2021-07-13,21.416202528243268,0.0,49.72366886408314
Afghanistan,2021-07-14,21.635279271612177,0.0,50.20854924487868
Afghanistan,2021-07-15,21.854356014981093,0.0,50.69097966574229
Afghanistan,2021-07-16,22.073432758350002,0.0,51.17102664832836
Afghanistan,2021-07-17,22.292509501718918,0.0,51.648753757355095
Afghanistan,2021-07-18,22.511586245087834,0.0,52.124221781409794
Afghanistan,2021-07-19,22.730662988456743,0.0,52.597488899783585
Afghanistan,2021-07-20,22.94973973182566,0.0,53.06861083663254
Malaysia,2021-06-21,18.049473970943268,0.0,39.69877661385654
Malaysia,2021-06-22,18.268550714312177,0.0,40.264264195236535
Malaysia,2021-06-23,18.487627457681093,0.0,40.824380089730894
Malaysia,2021-06-24,18.70670420105001,0.0,41.379366699218366
Malaysia,2021-06-25,18.925780944418918,0.0,41.929448725151545
Malaysia,2021-06-26,19.144857687787834,0.0,42.474834926884796
Malaysia,2021-06-27,19.363934431156743,0.0,43.01571966160496
Malaysia,2021-06-28,19.58301117452566,0.0,43.5522842381318
Malaysia,2021-06-29,19.802087917894568,0.0,44.08469811136803
Malaysia,2021-06-30,20.021164661263484,0.0,44.61311993974118
Malaysia,2021-07-01,20.2402414046324,0.0,45.137698524368815
Malaysia,2021-07-02,20.45931814800131,0.0,45.658573645725426
Malaysia,2021-07-03,20.678394891370225,0.0,46.17587681116077
Malaysia,2021-07-04,20.897471634739134,0.0,46.68973192461121
Malaysia,2021-07-05,21.11654837810805,0.0,47.20025588817988
Malaysia,2021-07-06,21.335625121476966,0.0,47.707559143869865
Malaysia,2021-07-07,21.554701864845875,0.0,48.21174616259033
Malaysia,2021-07-08,21.77377860821479,0.0,48.71291588657574
Malaysia,2021-07-09,21.9928553515837,0.0,49.211162130530155
Malaysia,2021-07-10,22.211932094952616,0.0,49.706573946108065
Malaysia,2021-07-11,22.431008838321524,0.0,50.19923595374564
Malaysia,2021-07-12,22.65008558169044,0.0,50.68922864534774
Malaysia,2021-07-13,22.869162325059357,0.0,51.176628660899226
Malaysia,2021-07-14,23.088239068428265,0.0,51.66150904169477
Malaysia,2021-07-15,23.30731581179718,0.0,52.14393946255838
Malaysia,2021-07-16,23.52639255516609,0.0,52.623986445144446
Malaysia,2021-07-17,23.745469298535006,0.0,53.101713554171184
Malaysia,2021-07-18,23.964546041903922,0.0,53.57718157822588
Malaysia,2021-07-19,24.18362278527283,0.0,54.05044869659967
Malaysia,2021-07-20,24.402699528641747,0.0,54.521570633448626
Ukraine,2021-06-21,16.931366310863943,0.0,38.58066895377721
Ukraine,2021-06-22,17.150443054232852,0.0,39.14615653515721
Ukraine,2021-06-23,17.369519797601768,0.0,39.70627242965158
Ukraine,2021-06-24,17.588596540970684,0.0,40.26125903913905
Ukraine,2021-06-25,17.807673284339593,0.0,40.81134106507222
Ukraine,2021-06-26,18.02675002770851,0.0,41.35672726680547
Ukraine,2021-06-27,18.245826771077418,0.0,41.89761200152564
Ukraine,2021-06-28,18.464903514446334,0.0,42.43417657805247
Ukraine,2021-06-29,18.683980257815243,0.0,42.966590451288695
Ukraine,2021-06-30,18.90305700118416,0.0,43.49501227966185
Ukraine,2021-07-01,19.122133744553075,0.0,44.01959086428948
Ukraine,2021-07-02,19.341210487921984,0.0,44.54046598564611
Ukraine,2021-07-03,19.5602872312909,0.0,45.057769151081445
Ukraine,2021-07-04,19.77936397465981,0.0,45.571624264531884
Ukraine,2021-07-05,19.998440718028725,0.0,46.082148228100564
Ukraine,2021-07-06,20.21751746139764,0.0,46.58945148379054
Ukraine,2021-07-07,20.43659420476655,0.0,47.093638502511006
Ukraine,2021-07-08,20.655670948135466,0.0,47.59480822649641
Ukraine,2021-07-09,20.874747691504375,0.0,48.09305447045083
Ukraine,2021-07-10,21.09382443487329,0.0,48.58846628602874
Ukraine,2021-07-11,21.3129011782422,0.0,49.08112829366631
Ukraine,2021-07-12,21.531977921611116,0.0,49.571120985268415
Ukraine,2021-07-13,21.751054664980032,0.0,50.058521000819894
Ukraine,2021-07-14,21.97013140834894,0.0,50.54340138161545
Ukraine,2021-07-15,22.189208151717857,0.0,51.02583180247905
Ukraine,2021-07-16,22.408284895086766,0.0,51.50587878506512
Ukraine,2021-07-17,22.62736163845568,0.0,51.98360589409186
Ukraine,2021-07-18,22.846438381824598,0.0,52.45907391814656
Ukraine,2021-07-19,23.065515125193507,0.0,52.932341036520356
Ukraine,2021-07-20,23.284591868562423,0.0,53.4034629733693
South Korea,2021-06-21,19.23590480332728,0.0,40.88520744624055
South Korea,2021-06-22,19.45498154669619,0.0,41.45069502762055
South Korea,2021-06-23,19.674058290065105,0.0,42.01081092211491
South Korea,2021-06-24,19.89313503343402,0.0,42.565797531602385
South Korea,2021-06-25,20.11221177680293,0.0,43.11587955753556
South Korea,2021-06-26,20.331288520171846,0.0,43.66126575926881
South Korea,2021-06-27,20.550365263540755,0.0,44.202150493988974
South Korea,2021-06-28,20.76944200690967,0.0,44.73871507051581
South Korea,2021-06-29,20.98851875027858,0.0,45.27112894375203
South Korea,2021-06-30,21.207595493647496,0.0,45.79955077212519
South Korea,2021-07-01,21.42667223701641,0.0,46.32412935675282
South Korea,2021-07-02,21.64574898038532,0.0,46.845004478109445
South Korea,2021-07-03,21.864825723754237,0.0,47.36230764354478
South Korea,2021-07-04,22.083902467123146,0.0,47.87616275699522
South Korea,2021-07-05,22.30297921049206,0.0,48.3866867205639
South Korea,2021-07-06,22.522055953860978,0.0,48.89398997625388
South Korea,2021-07-07,22.741132697229887,0.0,49.39817699497434
South Korea,2021-07-08,22.960209440598803,0.0,49.89934671895975
South Korea,2021-07-09,23.17928618396771,0.0,50.39759296291417
South Korea,2021-07-10,23.398362927336628,0.0,50.89300477849208
South Korea,2021-07-11,23.617439670705537,0.0,51.38566678612965
South Korea,2021-07-12,23.836516414074453,0.0,51.87565947773175
South Korea,2021-07-13,24.05559315744337,0.0,52.36305949328323
South Korea,2021-07-14,24.274669900812277,0.0,52.84793987407879
South Korea,2021-07-15,24.493746644181194,0.0,53.330370294942384
South Korea,2021-07-16,24.712823387550102,0.0,53.81041727752846
South Korea,2021-07-17,24.93190013091902,0.0,54.288144386555196
South Korea,2021-07-18,25.150976874287934,0.0,54.763612410609895
South Korea,2021-07-19,25.370053617656843,0.0,55.23687952898369
South Korea,2021-07-20,25.58913036102576,0.0,55.70800146583264
Guatemala,2021-06-21,16.61658662150895,0.0,38.26588926442222
Guatemala,2021-06-22,16.835663364877853,0.0,38.83137684580221
Guatemala,2021-06-23,17.05474010824677,0.0,39.39149274029657
Guatemala,2021-06-24,17.273816851615685,0.0,39.94647934978404
Guatemala,2021-06-25,17.4928935949846,0.0,40.49656137571723
Guatemala,2021-06-26,17.711970338353517,0.0,41.04194757745048
Guatemala,2021-06-27,17.93104708172242,0.0,41.58283231217064
Guatemala,2021-06-28,18.150123825091335,0.0,42.11939688869747
Guatemala,2021-06-29,18.36920056846025,0.0,42.6518107619337
Guatemala,2021-06-30,18.588277311829167,0.0,43.18023259030686
Guatemala,2021-07-01,18.807354055198083,0.0,43.70481117493449
Guatemala,2021-07-02,19.026430798566984,0.0,44.2256862962911
Guatemala,2021-07-03,19.2455075419359,0.0,44.742989461726445
Guatemala,2021-07-04,19.464584285304817,0.0,45.25684457517689
Guatemala,2021-07-05,19.683661028673733,0.0,45.76736853874557
Guatemala,2021-07-06,19.90273777204265,0.0,46.27467179443555
Guatemala,2021-07-07,20.12181451541155,0.0,46.778858813156006
Guatemala,2021-07-08,20.340891258780466,0.0,47.28002853714142
Guatemala,2021-07-09,20.559968002149382,0.0,47.77827478109584
Guatemala,2021-07-10,20.7790447455183,0.0,48.27368659667375
Guatemala,2021-07-11,20.9981214888872,0.0,48.76634860431132
Guatemala,2021-07-12,21.217198232256116,0.0,49.256341295913415
Guatemala,2021-07-13,21.436274975625032,0.0,49.7437413114649
Guatemala,2021-07-14,21.65535171899395,0.0,50.22862169226046
Guatemala,2021-07-15,21.874428462362864,0.0,50.711052113124055
Guatemala,2021-07-16,22.093505205731766,0.0,51.19109909571012
Guatemala,2021-07-17,22.312581949100682,0.0,51.66882620473686
Guatemala,2021-07-18,22.5316586924696,0.0,52.14429422879156
Guatemala,2021-07-19,22.750735435838514,0.0,52.61756134716536
Guatemala,2021-07-20,22.96981217920743,0.0,53.08868328401431
Thailand,2021-06-21,16.53596389505563,0.0,38.1852665379689
Thailand,2021-06-22,16.75504063842454,0.0,38.7507541193489
Thailand,2021-06-23,16.974117381793455,0.0,39.31087001384326
Thailand,2021-06-24,17.19319412516237,0.0,39.86585662333073
Thailand,2021-06-25,17.41227086853128,0.0,40.41593864926391
Thailand,2021-06-26,17.631347611900196,0.0,40.96132485099716
Thailand,2021-06-27,17.850424355269105,0.0,41.502209585717324
Thailand,2021-06-28,18.06950109863802,0.0,42.03877416224416
Thailand,2021-06-29,18.28857784200693,0.0,42.57118803548039
Thailand,2021-06-30,18.507654585375846,0.0,43.099609863853544
Thailand,2021-07-01,18.726731328744762,0.0,43.62418844848118
Thailand,2021-07-02,18.94580807211367,0.0,44.14506356983779
Thailand,2021-07-03,19.164884815482587,0.0,44.66236673527313
Thailand,2021-07-04,19.383961558851496,0.0,45.17622184872357
Thailand,2021-07-05,19.603038302220412,0.0,45.686745812292244
Thailand,2021-07-06,19.822115045589328,0.0,46.19404906798223
Thailand,2021-07-07,20.041191788958237,0.0,46.69823608670269
Thailand,2021-07-08,20.260268532327153,0.0,47.199405810688106
Thailand,2021-07-09,20.479345275696062,0.0,47.69765205464252
Thailand,2021-07-10,20.698422019064978,0.0,48.19306387022043
Thailand,2021-07-11,20.917498762433887,0.0,48.685725877858005
Thailand,2021-07-12,21.136575505802803,0.0,49.1757185694601
Thailand,2021-07-13,21.35565224917172,0.0,49.66311858501159
Thailand,2021-07-14,21.574728992540628,0.0,50.14799896580713
Thailand,2021-07-15,21.793805735909544,0.0,50.63042938667074
Thailand,2021-07-16,22.012882479278453,0.0,51.11047636925681
Thailand,2021-07-17,22.23195922264737,0.0,51.588203478283546
Thailand,2021-07-18,22.451035966016285,0.0,52.063671502338245
Thailand,2021-07-19,22.670112709385194,0.0,52.536938620712036
Thailand,2021-07-20,22.88918945275411,0.0,53.00806055756099
San Marino,2021-06-21,51.71387087179979,30.06456822888652,73.36317351471305
San Marino,2021-06-22,51.93294761516869,29.937234134244335,73.92866109609305
San Marino,2021-06-23,52.15202435853762,29.81527172648782,74.48877699058743
San Marino,2021-06-24,52.371101101906525,29.698438603738165,75.04376360007488
San Marino,2021-06-25,52.59017784527544,29.586510064542814,75.59384562600806
San Marino,2021-06-26,52.80925458864436,29.479277349547395,76.13923182774133
San Marino,2021-06-27,53.02833133201326,29.37654610156504,76.68011656246148
San Marino,2021-06-28,53.24740807538219,29.27813501177605,77.21668113898832
San Marino,2021-06-29,53.46648481875109,29.183874625277635,77.74909501222454
San Marino,2021-06-30,53.68556156212001,29.093606283642313,78.2775168405977
San Marino,2021-07-01,53.90463830548892,29.00718118575251,78.80209542522533
San Marino,2021-07-02,54.123715048857825,28.924459551133705,79.32297054658194
San Marino,2021-07-03,54.342791792226755,28.84530987243621,79.84027371201731
San Marino,2021-07-04,54.56186853559566,28.76960824572358,80.35412882546774
San Marino,2021-07-05,54.78094527896457,28.697237768892737,80.86465278903641
San Marino,2021-07-06,55.00002202233349,28.62808799994059,81.37195604472639
San Marino,2021-07-07,55.21909876570239,28.562054467957935,81.87614306344685
San Marino,2021-07-08,55.43817550907132,28.499038230710372,82.37731278743227
San Marino,2021-07-09,55.65725225244022,28.438945473493767,82.87555903138667
San Marino,2021-07-10,55.87632899580914,28.38168714465369,83.37097084696458
San Marino,2021-07-11,56.095405739178055,28.32717862375394,83.86363285460217
San Marino,2021-07-12,56.31448248254696,28.275339418889658,84.35362554620426
San Marino,2021-07-13,56.53355922591589,28.22609289007602,84.84102556175576
San Marino,2021-07-14,56.75263596928479,28.17936599601828,85.3259059425513
San Marino,2021-07-15,56.971712712653705,28.13508906189251,85.8083363634149
San Marino,2021-07-16,57.19078945602262,28.093195566044265,86.28838334600098
San Marino,2021-07-17,57.40986619939152,28.053621943755346,86.7661104550277
San Marino,2021-07-18,57.62894294276045,28.016307406438493,87.24157847908242
San Marino,2021-07-19,57.848019686129355,27.98119377480251,87.7148455974562
San Marino,2021-07-20,58.06709642949827,27.948225324691393,88.18596753430515
Uruguay,2021-06-21,38.50177784854403,16.85247520563076,60.1510804914573
Uruguay,2021-06-22,38.72085459191294,16.72514111098858,60.7165680728373
Uruguay,2021-06-23,38.939931335281855,16.60317870323205,61.276683967331664
Uruguay,2021-06-24,39.15900807865077,16.48634558048241,61.831670576819135
Uruguay,2021-06-25,39.37808482201968,16.374417041287053,62.38175260275231
Uruguay,2021-06-26,39.597161565388596,16.267184326291634,62.92713880448556
Uruguay,2021-06-27,39.816238308757505,16.164453078309286,63.468023539205724
Uruguay,2021-06-28,40.03531505212642,16.066041988520283,64.00458811573256
Uruguay,2021-06-29,40.25439179549533,15.971781602021874,64.53700198896878
Uruguay,2021-06-30,40.473468538864246,15.881513260386551,65.06542381734194
Uruguay,2021-07-01,40.69254528223316,15.79508816249675,65.59000240196957
Uruguay,2021-07-02,40.91162202560207,15.71236652787795,66.1108775233262
Uruguay,2021-07-03,41.13069876897099,15.633216849180442,66.62818068876153
Uruguay,2021-07-04,41.349775512339896,15.55751522246782,67.14203580221198
Uruguay,2021-07-05,41.56885225570881,15.485144745636976,67.65255976578065
Uruguay,2021-07-06,41.78792899907773,15.415994976684829,68.15986302147063
Uruguay,2021-07-07,42.00700574244664,15.349961444702181,68.66405004019109
Uruguay,2021-07-08,42.22608248581555,15.286945207454604,69.1652197641765
Uruguay,2021-07-09,42.44515922918446,15.226852450238006,69.66346600813091
Uruguay,2021-07-10,42.66423597255338,15.169594121397928,70.15887782370882
Uruguay,2021-07-11,42.88331271592229,15.115085600498173,70.6515398313464
Uruguay,2021-07-12,43.1023894592912,15.063246395633904,71.1415325229485
Uruguay,2021-07-13,43.32146620266012,15.013999866820253,71.62893253849998
Uruguay,2021-07-14,43.54054294602903,14.967272972762519,72.11381291929554
Uruguay,2021-07-15,43.759619689397944,14.92299603863675,72.59624334015913
Uruguay,2021-07-16,43.97869643276685,14.881102542788497,73.07629032274521
Uruguay,2021-07-17,44.19777317613577,14.841528920499591,73.55401743177194
Uruguay,2021-07-18,44.416849919504685,14.804214383182725,74.02948545582665
Uruguay,2021-07-19,44.635926662873594,14.769100751546748,74.50275257420044
Uruguay,2021-07-20,44.85500340624251,14.736132301435632,74.97387451104939
Honduras,2021-06-21,16.043389955650518,0.0,37.69269259856379
Honduras,2021-06-22,16.26246669901942,0.0,38.25818017994378
Honduras,2021-06-23,16.481543442388336,0.0,38.81829607443814
Honduras,2021-06-24,16.700620185757252,0.0,39.37328268392561
Honduras,2021-06-25,16.919696929126168,0.0,39.923364709858795
Honduras,2021-06-26,17.138773672495084,0.0,40.468750911592046
Honduras,2021-06-27,17.357850415863986,0.0,41.009635646312205
Honduras,2021-06-28,17.576927159232902,0.0,41.54620022283904
Honduras,2021-06-29,17.796003902601818,0.0,42.07861409607527
Honduras,2021-06-30,18.015080645970734,0.0,42.607035924448425
Honduras,2021-07-01,18.23415738933965,0.0,43.13161450907606
Honduras,2021-07-02,18.453234132708552,0.0,43.65248963043267
Honduras,2021-07-03,18.672310876077468,0.0,44.16979279586801
Honduras,2021-07-04,18.891387619446384,0.0,44.68364790931846
Honduras,2021-07-05,19.1104643628153,0.0,45.19417187288714
Honduras,2021-07-06,19.329541106184216,0.0,45.701475128577115
Honduras,2021-07-07,19.548617849553118,0.0,46.20566214729757
Honduras,2021-07-08,19.767694592922034,0.0,46.706831871282986
Honduras,2021-07-09,19.98677133629095,0.0,47.205078115237406
Honduras,2021-07-10,20.205848079659866,0.0,47.700489930815316
Honduras,2021-07-11,20.424924823028768,0.0,48.193151938452885
Honduras,2021-07-12,20.644001566397684,0.0,48.68314463005498
Honduras,2021-07-13,20.8630783097666,0.0,49.17054464560647
Honduras,2021-07-14,21.082155053135516,0.0,49.65542502640203
Honduras,2021-07-15,21.30123179650443,0.0,50.13785544726562
Honduras,2021-07-16,21.520308539873334,0.0,50.61790242985169
Honduras,2021-07-17,21.73938528324225,0.0,51.09562953887843
Honduras,2021-07-18,21.958462026611166,0.0,51.571097562933126
Honduras,2021-07-19,22.17753876998008,0.0,52.04436468130693
Honduras,2021-07-20,22.396615513348998,0.0,52.515486618155876
Belize,2021-06-21,22.78962524976815,1.1403226068548804,44.43892789268142
Belize,2021-06-22,23.00870199313706,1.0129885122127007,45.00441547406142
Belize,2021-06-23,23.227778736505975,0.89102610445617,45.56453136855578
Belize,2021-06-24,23.44685547987489,0.7741929817065305,46.11951797804325
Belize,2021-06-25,23.6659322232438,0.662264442511173,46.66960000397643
Belize,2021-06-26,23.885008966612716,0.5550317275157539,47.21498620570968
Belize,2021-06-27,24.104085709981625,0.452300479533406,47.755870940429844
Belize,2021-06-28,24.32316245335054,0.35388938974440265,48.29243551695668
Belize,2021-06-29,24.54223919671945,0.25962900324599403,48.82484939019291
Belize,2021-06-30,24.761315940088366,0.16936066161067131,49.353271218566064
Belize,2021-07-01,24.980392683457282,0.08293556372086996,49.8778498031937
Belize,2021-07-02,25.19946942682619,0.00021392910207040927,50.39872492455031
Belize,2021-07-03,25.418546170195107,0.0,50.91602808998565
Belize,2021-07-04,25.637622913564016,0.0,51.42988320343609
Belize,2021-07-05,25.856699656932932,0.0,51.940407167004764
Belize,2021-07-06,26.075776400301848,0.0,52.44771042269475
Belize,2021-07-07,26.294853143670757,0.0,52.95189744141521
Belize,2021-07-08,26.513929887039673,0.0,53.453067165400626
Belize,2021-07-09,26.733006630408582,0.0,53.95131340935504
Belize,2021-07-10,26.952083373777498,0.0,54.44672522493295
Belize,2021-07-11,27.171160117146407,0.0,54.939387232570525
Belize,2021-07-12,27.390236860515323,0.0,55.42937992417262
Belize,2021-07-13,27.60931360388424,0.0,55.91677993972411
Belize,2021-07-14,27.828390347253148,0.0,56.40166032051965
Belize,2021-07-15,28.047467090622064,0.0,56.88409074138326
Belize,2021-07-16,28.266543833990973,0.0,57.36413772396933
Belize,2021-07-17,28.48562057735989,0.0,57.841864832996066
Belize,2021-07-18,28.704697320728805,0.0,58.317332857050765
Belize,2021-07-19,28.923774064097714,0.0,58.790599975424556
Belize,2021-07-20,29.14285080746663,0.0,59.26172191227351
Philippines,2021-06-21,16.554095838003462,0.0,38.20339848091673
Philippines,2021-06-22,16.77317258137237,0.0,38.76888606229673
Philippines,2021-06-23,16.992249324741287,0.0,39.32900195679109
Philippines,2021-06-24,17.211326068110203,0.0,39.88398856627856
Philippines,2021-06-25,17.430402811479112,0.0,40.43407059221174
Philippines,2021-06-26,17.64947955484803,0.0,40.97945679394499
Philippines,2021-06-27,17.868556298216937,0.0,41.520341528665156
Philippines,2021-06-28,18.087633041585853,0.0,42.05690610519199
Philippines,2021-06-29,18.306709784954762,0.0,42.58931997842822
Philippines,2021-06-30,18.52578652832368,0.0,43.11774180680138
Philippines,2021-07-01,18.744863271692594,0.0,43.64232039142901
Philippines,2021-07-02,18.963940015061503,0.0,44.16319551278562
Philippines,2021-07-03,19.18301675843042,0.0,44.680498678220964
Philippines,2021-07-04,19.402093501799328,0.0,45.1943537916714
Philippines,2021-07-05,19.621170245168244,0.0,45.70487775524008
Philippines,2021-07-06,19.84024698853716,0.0,46.21218101093006
Philippines,2021-07-07,20.05932373190607,0.0,46.716368029650525
Philippines,2021-07-08,20.278400475274985,0.0,47.21753775363594
Philippines,2021-07-09,20.497477218643894,0.0,47.71578399759035
Philippines,2021-07-10,20.71655396201281,0.0,48.21119581316826
Philippines,2021-07-11,20.93563070538172,0.0,48.70385782080584
Philippines,2021-07-12,21.154707448750635,0.0,49.193850512407934
Philippines,2021-07-13,21.37378419211955,0.0,49.68125052795942
Philippines,2021-07-14,21.59286093548846,0.0,50.166130908754965
Philippines,2021-07-15,21.811937678857376,0.0,50.64856132961857
Philippines,2021-07-16,22.031014422226285,0.0,51.12860831220464
Philippines,2021-07-17,22.2500911655952,0.0,51.60633542123138
Philippines,2021-07-18,22.469167908964117,0.0,52.08180344528608
Philippines,2021-07-19,22.688244652333026,0.0,52.55507056365987
Philippines,2021-07-20,22.907321395701942,0.0,53.02619250050882
Ghana,2021-06-21,17.37455326464336,0.0,39.02385590755663
Ghana,2021-06-22,17.593630008012262,0.0,39.58934348893662
Ghana,2021-06-23,17.812706751381178,0.0,40.14945938343098
Ghana,2021-06-24,18.031783494750094,0.0,40.70444599291845
Ghana,2021-06-25,18.25086023811901,0.0,41.25452801885164
Ghana,2021-06-26,18.469936981487926,0.0,41.79991422058489
Ghana,2021-06-27,18.689013724856828,0.0,42.34079895530505
Ghana,2021-06-28,18.908090468225744,0.0,42.87736353183188
Ghana,2021-06-29,19.12716721159466,0.0,43.40977740506811
Ghana,2021-06-30,19.346243954963576,0.0,43.93819923344127
Ghana,2021-07-01,19.565320698332492,0.0,44.4627778180689
Ghana,2021-07-02,19.784397441701394,0.0,44.98365293942551
Ghana,2021-07-03,20.00347418507031,0.0,45.500956104860855
Ghana,2021-07-04,20.222550928439226,0.0,46.0148112183113
Ghana,2021-07-05,20.441627671808142,0.0,46.52533518187998
Ghana,2021-07-06,20.660704415177058,0.0,47.03263843756996
Ghana,2021-07-07,20.87978115854596,0.0,47.536825456290416
Ghana,2021-07-08,21.098857901914876,0.0,48.03799518027583
Ghana,2021-07-09,21.317934645283792,0.0,48.53624142423025
Ghana,2021-07-10,21.537011388652708,0.0,49.03165323980816
Ghana,2021-07-11,21.75608813202161,0.0,49.52431524744573
Ghana,2021-07-12,21.975164875390526,0.0,50.014307939047825
Ghana,2021-07-13,22.194241618759442,0.0,50.50170795459931
Ghana,2021-07-14,22.413318362128358,0.0,50.98658833539487
Ghana,2021-07-15,22.632395105497274,0.0,51.469018756258464
Ghana,2021-07-16,22.851471848866176,0.0,51.94906573884453
Ghana,2021-07-17,23.07054859223509,0.0,52.42679284787127
Ghana,2021-07-18,23.289625335604008,0.0,52.90226087192597
Ghana,2021-07-19,23.508702078972924,0.0,53.37552799029977
Ghana,2021-07-20,23.72777882234184,0.0,53.84664992714872
Iraq,2021-06-21,15.806338978929027,0.0,37.4556416218423
Iraq,2021-06-22,16.025415722297936,0.0,38.021129203222294
Iraq,2021-06-23,16.244492465666852,0.0,38.58124509771666
Iraq,2021-06-24,16.463569209035768,0.0,39.13623170720413
Iraq,2021-06-25,16.682645952404677,0.0,39.686313733137304
Iraq,2021-06-26,16.901722695773593,0.0,40.231699934870555
Iraq,2021-06-27,17.120799439142502,0.0,40.77258466959072
Iraq,2021-06-28,17.339876182511418,0.0,41.309149246117556
Iraq,2021-06-29,17.558952925880327,0.0,41.84156311935378
Iraq,2021-06-30,17.778029669249243,0.0,42.369984947726934
Iraq,2021-07-01,17.99710641261816,0.0,42.89456353235457
Iraq,2021-07-02,18.216183155987068,0.0,43.41543865371119
Iraq,2021-07-03,18.435259899355984,0.0,43.93274181914653
Iraq,2021-07-04,18.654336642724893,0.0,44.44659693259697
Iraq,2021-07-05,18.87341338609381,0.0,44.95712089616565
Iraq,2021-07-06,19.092490129462725,0.0,45.464424151855624
Iraq,2021-07-07,19.311566872831634,0.0,45.96861117057609
Iraq,2021-07-08,19.53064361620055,0.0,46.469780894561495
Iraq,2021-07-09,19.74972035956946,0.0,46.968027138515914
Iraq,2021-07-10,19.968797102938375,0.0,47.463438954093824
Iraq,2021-07-11,20.187873846307284,0.0,47.956100961731394
Iraq,2021-07-12,20.4069505896762,0.0,48.4460936533335
Iraq,2021-07-13,20.626027333045116,0.0,48.93349366888498
Iraq,2021-07-14,20.845104076414025,0.0,49.41837404968054
Iraq,2021-07-15,21.06418081978294,0.0,49.90080447054413
Iraq,2021-07-16,21.28325756315185,0.0,50.380851453130205
Iraq,2021-07-17,21.502334306520765,0.0,50.85857856215694
Iraq,2021-07-18,21.72141104988968,0.0,51.33404658621164
Iraq,2021-07-19,21.94048779325859,0.0,51.80731370458544
Iraq,2021-07-20,22.159564536627506,0.0,52.278435641434385
Nicaragua,2021-06-21,16.560206663060086,0.0,38.209509305973356
Nicaragua,2021-06-22,16.779283406428995,0.0,38.77499688735335
Nicaragua,2021-06-23,16.99836014979791,0.0,39.33511278184771
Nicaragua,2021-06-24,17.217436893166827,0.0,39.890099391335184
Nicaragua,2021-06-25,17.436513636535736,0.0,40.44018141726836
Nicaragua,2021-06-26,17.655590379904652,0.0,40.985567619001614
Nicaragua,2021-06-27,17.87466712327356,0.0,41.52645235372178
Nicaragua,2021-06-28,18.093743866642477,0.0,42.063016930248615
Nicaragua,2021-06-29,18.312820610011386,0.0,42.595430803484845
Nicaragua,2021-06-30,18.5318973533803,0.0,43.123852631858
Nicaragua,2021-07-01,18.750974096749218,0.0,43.64843121648563
Nicaragua,2021-07-02,18.970050840118127,0.0,44.169306337842244
Nicaragua,2021-07-03,19.189127583487043,0.0,44.68660950327759
Nicaragua,2021-07-04,19.40820432685595,0.0,45.20046461672803
Nicaragua,2021-07-05,19.627281070224868,0.0,45.7109885802967
Nicaragua,2021-07-06,19.846357813593784,0.0,46.21829183598668
Nicaragua,2021-07-07,20.065434556962693,0.0,46.72247885470715
Nicaragua,2021-07-08,20.28451130033161,0.0,47.22364857869256
Nicaragua,2021-07-09,20.503588043700518,0.0,47.72189482264697
Nicaragua,2021-07-10,20.722664787069434,0.0,48.21730663822488
Nicaragua,2021-07-11,20.941741530438343,0.0,48.70996864586246
Nicaragua,2021-07-12,21.16081827380726,0.0,49.19996133746456
Nicaragua,2021-07-13,21.379895017176175,0.0,49.687361353016044
Nicaragua,2021-07-14,21.598971760545083,0.0,50.17224173381159
Nicaragua,2021-07-15,21.818048503914,0.0,50.6546721546752
Nicaragua,2021-07-16,22.03712524728291,0.0,51.134719137261264
Nicaragua,2021-07-17,22.256201990651824,0.0,51.612446246288
Nicaragua,2021-07-18,22.47527873402074,0.0,52.0879142703427
Nicaragua,2021-07-19,22.69435547738965,0.0,52.56118138871649
Nicaragua,2021-07-20,22.913432220758565,0.0,53.032303325565444
Syria,2021-06-21,15.450386597976625,0.0,37.099689240889894
Syria,2021-06-22,15.669463341345534,0.0,37.66517682226989
Syria,2021-06-23,15.88854008471445,0.0,38.22529271676426
Syria,2021-06-24,16.107616828083366,0.0,38.78027932625173
Syria,2021-06-25,16.326693571452275,0.0,39.3303613521849
Syria,2021-06-26,16.54577031482119,0.0,39.87574755391815
Syria,2021-06-27,16.7648470581901,0.0,40.41663228863832
Syria,2021-06-28,16.983923801559015,0.0,40.953196865165154
Syria,2021-06-29,17.203000544927924,0.0,41.48561073840138
Syria,2021-06-30,17.42207728829684,0.0,42.01403256677453
Syria,2021-07-01,17.641154031665756,0.0,42.538611151402165
Syria,2021-07-02,17.860230775034665,0.0,43.05948627275879
Syria,2021-07-03,18.07930751840358,0.0,43.576789438194126
Syria,2021-07-04,18.29838426177249,0.0,44.090644551644566
Syria,2021-07-05,18.517461005141406,0.0,44.601168515213246
Syria,2021-07-06,18.736537748510322,0.0,45.10847177090322
Syria,2021-07-07,18.95561449187923,0.0,45.61265878962369
Syria,2021-07-08,19.174691235248147,0.0,46.11382851360909
Syria,2021-07-09,19.393767978617056,0.0,46.61207475756351
Syria,2021-07-10,19.612844721985972,0.0,47.10748657314142
Syria,2021-07-11,19.83192146535488,0.0,47.60014858077899
Syria,2021-07-12,20.050998208723797,0.0,48.090141272381096
Syria,2021-07-13,20.270074952092713,0.0,48.577541287932576
Syria,2021-07-14,20.489151695461622,0.0,49.062421668728135
Syria,2021-07-15,20.708228438830538,0.0,49.54485208959173
Syria,2021-07-16,20.927305182199447,0.0,50.0248990721778
Syria,2021-07-17,21.146381925568363,0.0,50.50262618120454
Syria,2021-07-18,21.36545866893728,0.0,50.97809420525924
Syria,2021-07-19,21.584535412306188,0.0,51.45136132363304
Syria,2021-07-20,21.803612155675104,0.0,51.92248326048198
Cote d'Ivoire,2021-06-21,15.894672312262607,0.0,37.54397495517588
Cote d'Ivoire,2021-06-22,16.113749055631516,0.0,38.109462536555874
Cote d'Ivoire,2021-06-23,16.33282579900043,0.0,38.66957843105024
Cote d'Ivoire,2021-06-24,16.551902542369348,0.0,39.22456504053771
Cote d'Ivoire,2021-06-25,16.770979285738257,0.0,39.774647066470884
Cote d'Ivoire,2021-06-26,16.990056029107173,0.0,40.320033268204135
Cote d'Ivoire,2021-06-27,17.20913277247608,0.0,40.8609180029243
Cote d'Ivoire,2021-06-28,17.428209515844998,0.0,41.397482579451136
Cote d'Ivoire,2021-06-29,17.647286259213907,0.0,41.92989645268736
Cote d'Ivoire,2021-06-30,17.866363002582823,0.0,42.458318281060514
Cote d'Ivoire,2021-07-01,18.08543974595174,0.0,42.98289686568815
Cote d'Ivoire,2021-07-02,18.304516489320648,0.0,43.50377198704477
Cote d'Ivoire,2021-07-03,18.523593232689564,0.0,44.02107515248011
Cote d'Ivoire,2021-07-04,18.742669976058473,0.0,44.53493026593055
Cote d'Ivoire,2021-07-05,18.96174671942739,0.0,45.04545422949923
Cote d'Ivoire,2021-07-06,19.180823462796305,0.0,45.552757485189204
Cote d'Ivoire,2021-07-07,19.399900206165213,0.0,46.05694450390967
Cote d'Ivoire,2021-07-08,19.61897694953413,0.0,46.558114227895075
Cote d'Ivoire,2021-07-09,19.83805369290304,0.0,47.056360471849494
Cote d'Ivoire,2021-07-10,20.057130436271954,0.0,47.551772287427404
Cote d'Ivoire,2021-07-11,20.276207179640863,0.0,48.044434295064974
Cote d'Ivoire,2021-07-12,20.49528392300978,0.0,48.53442698666708
Cote d'Ivoire,2021-07-13,20.714360666378695,0.0,49.02182700221856
Cote d'Ivoire,2021-07-14,20.933437409747604,0.0,49.50670738301412
Cote d'Ivoire,2021-07-15,21.15251415311652,0.0,49.98913780387771
Cote d'Ivoire,2021-07-16,21.37159089648543,0.0,50.469184786463785
Cote d'Ivoire,2021-07-17,21.590667639854345,0.0,50.94691189549052
Cote d'Ivoire,2021-07-18,21.80974438322326,0.0,51.42237991954522
Cote d'Ivoire,2021-07-19,22.02882112659217,0.0,51.89564703791902
Cote d'Ivoire,2021-07-20,22.247897869961086,0.0,52.366768974767965
Angola,2021-06-21,16.24871993131007,0.0,37.89802257422334
Angola,2021-06-22,16.467796674678986,0.0,38.463510155603345
Angola,2021-06-23,16.686873418047902,0.0,39.023626050097704
Angola,2021-06-24,16.90595016141682,0.0,39.578612659585175
Angola,2021-06-25,17.12502690478572,0.0,40.12869468551835
Angola,2021-06-26,17.344103648154636,0.0,40.6740808872516
Angola,2021-06-27,17.563180391523552,0.0,41.21496562197177
Angola,2021-06-28,17.78225713489247,0.0,41.75153019849861
Angola,2021-06-29,18.00133387826137,0.0,42.28394407173482
Angola,2021-06-30,18.220410621630286,0.0,42.81236590010798
Angola,2021-07-01,18.439487364999202,0.0,43.33694448473561
Angola,2021-07-02,18.658564108368118,0.0,43.857819606092235
Angola,2021-07-03,18.877640851737034,0.0,44.37512277152758
Angola,2021-07-04,19.096717595105936,0.0,44.88897788497801
Angola,2021-07-05,19.315794338474852,0.0,45.39950184854669
Angola,2021-07-06,19.534871081843768,0.0,45.90680510423667
Angola,2021-07-07,19.753947825212684,0.0,46.41099212295714
Angola,2021-07-08,19.9730245685816,0.0,46.91216184694255
Angola,2021-07-09,20.192101311950502,0.0,47.41040809089696
Angola,2021-07-10,20.411178055319418,0.0,47.90581990647487
Angola,2021-07-11,20.630254798688334,0.0,48.39848191411245
Angola,2021-07-12,20.84933154205725,0.0,48.88847460571455
Angola,2021-07-13,21.068408285426166,0.0,49.375874621266036
Angola,2021-07-14,21.287485028795068,0.0,49.86075500206158
Angola,2021-07-15,21.506561772163984,0.0,50.343185422925174
Angola,2021-07-16,21.7256385155329,0.0,50.823232405511256
Angola,2021-07-17,21.944715258901816,0.0,51.30095951453799
Angola,2021-07-18,22.163792002270732,0.0,51.77642753859269
Angola,2021-07-19,22.382868745639634,0.0,52.24969465696648
Angola,2021-07-20,22.60194548900855,0.0,52.72081659381543
Nigeria,2021-06-21,15.549875539358261,0.0,37.19917818227153
Nigeria,2021-06-22,15.76895228272717,0.0,37.76466576365153
Nigeria,2021-06-23,15.988029026096086,0.0,38.324781658145895
Nigeria,2021-06-24,16.207105769465002,0.0,38.87976826763337
Nigeria,2021-06-25,16.42618251283391,0.0,39.42985029356654
Nigeria,2021-06-26,16.645259256202827,0.0,39.97523649529979
Nigeria,2021-06-27,16.864335999571736,0.0,40.516121230019955
Nigeria,2021-06-28,17.083412742940652,0.0,41.05268580654679
Nigeria,2021-06-29,17.30248948630956,0.0,41.58509967978301
Nigeria,2021-06-30,17.521566229678477,0.0,42.11352150815617
Nigeria,2021-07-01,17.740642973047393,0.0,42.6381000927838
Nigeria,2021-07-02,17.959719716416302,0.0,43.158975214140426
Nigeria,2021-07-03,18.178796459785218,0.0,43.67627837957576
Nigeria,2021-07-04,18.397873203154127,0.0,44.1901334930262
Nigeria,2021-07-05,18.616949946523043,0.0,44.70065745659488
Nigeria,2021-07-06,18.83602668989196,0.0,45.20796071228486
Nigeria,2021-07-07,19.055103433260868,0.0,45.712147731005324
Nigeria,2021-07-08,19.274180176629784,0.0,46.21331745499073
Nigeria,2021-07-09,19.493256919998693,0.0,46.71156369894515
Nigeria,2021-07-10,19.71233366336761,0.0,47.20697551452306
Nigeria,2021-07-11,19.931410406736518,0.0,47.69963752216063
Nigeria,2021-07-12,20.150487150105434,0.0,48.18963021376273
Nigeria,2021-07-13,20.36956389347435,0.0,48.67703022931421
Nigeria,2021-07-14,20.58864063684326,0.0,49.16191061010977
Nigeria,2021-07-15,20.807717380212175,0.0,49.644341030973365
Nigeria,2021-07-16,21.026794123581084,0.0,50.12438801355944
Nigeria,2021-07-17,21.24587086695,0.0,50.60211512258618
Nigeria,2021-07-18,21.464947610318916,0.0,51.077583146640876
Nigeria,2021-07-19,21.684024353687825,0.0,51.550850265014674
Nigeria,2021-07-20,21.90310109705674,0.0,52.02197220186362
Kenya,2021-06-21,15.983455786271797,0.0,37.63275842918507
Kenya,2021-06-22,16.202532529640713,0.0,38.19824601056507
Kenya,2021-06-23,16.42160927300963,0.0,38.75836190505943
Kenya,2021-06-24,16.640686016378545,0.0,39.3133485145469
Kenya,2021-06-25,16.859762759747447,0.0,39.863430540480074
Kenya,2021-06-26,17.078839503116363,0.0,40.408816742213325
Kenya,2021-06-27,17.29791624648528,0.0,40.9497014769335
Kenya,2021-06-28,17.516992989854195,0.0,41.486266053460334
Kenya,2021-06-29,17.736069733223097,0.0,42.01867992669655
Kenya,2021-06-30,17.955146476592013,0.0,42.547101755069704
Kenya,2021-07-01,18.17422321996093,0.0,43.07168033969734
Kenya,2021-07-02,18.393299963329845,0.0,43.59255546105396
Kenya,2021-07-03,18.61237670669876,0.0,44.109858626489306
Kenya,2021-07-04,18.831453450067663,0.0,44.62371373993974
Kenya,2021-07-05,19.05053019343658,0.0,45.13423770350842
Kenya,2021-07-06,19.269606936805495,0.0,45.641540959198394
Kenya,2021-07-07,19.48868368017441,0.0,46.14572797791887
Kenya,2021-07-08,19.707760423543327,0.0,46.64689770190428
Kenya,2021-07-09,19.92683716691223,0.0,47.145143945858685
Kenya,2021-07-10,20.145913910281145,0.0,47.640555761436595
Kenya,2021-07-11,20.36499065365006,0.0,48.13321776907418
Kenya,2021-07-12,20.584067397018977,0.0,48.623210460676276
Kenya,2021-07-13,20.803144140387893,0.0,49.11061047622776
Kenya,2021-07-14,21.022220883756795,0.0,49.59549085702331
Kenya,2021-07-15,21.24129762712571,0.0,50.0779212778869
Kenya,2021-07-16,21.460374370494627,0.0,50.55796826047298
Kenya,2021-07-17,21.679451113863543,0.0,51.03569536949972
Kenya,2021-07-18,21.89852785723246,0.0,51.51116339355442
Kenya,2021-07-19,22.11760460060136,0.0,51.98443051192821
Kenya,2021-07-20,22.336681343970277,0.0,52.455552448777155
Moldova,2021-06-21,17.218756920761003,0.0,38.86805956367427
Moldova,2021-06-22,17.43783366412991,0.0,39.43354714505427
Moldova,2021-06-23,17.656910407498827,0.0,39.993663039548636
Moldova,2021-06-24,17.875987150867743,0.0,40.54864964903611
Moldova,2021-06-25,18.095063894236652,0.0,41.09873167496928
Moldova,2021-06-26,18.31414063760557,0.0,41.64411787670253
Moldova,2021-06-27,18.533217380974477,0.0,42.185002611422696
Moldova,2021-06-28,18.752294124343393,0.0,42.72156718794953
Moldova,2021-06-29,18.971370867712302,0.0,43.253981061185755
Moldova,2021-06-30,19.19044761108122,0.0,43.78240288955891
Moldova,2021-07-01,19.409524354450134,0.0,44.30698147418654
Moldova,2021-07-02,19.628601097819043,0.0,44.82785659554317
Moldova,2021-07-03,19.84767784118796,0.0,45.345159760978504
Moldova,2021-07-04,20.06675458455687,0.0,45.859014874428944
Moldova,2021-07-05,20.285831327925784,0.0,46.369538837997624
Moldova,2021-07-06,20.5049080712947,0.0,46.8768420936876
Moldova,2021-07-07,20.72398481466361,0.0,47.381029112408065
Moldova,2021-07-08,20.943061558032525,0.0,47.88219883639347
Moldova,2021-07-09,21.162138301401434,0.0,48.38044508034789
Moldova,2021-07-10,21.38121504477035,0.0,48.8758568959258
Moldova,2021-07-11,21.60029178813926,0.0,49.36851890356337
Moldova,2021-07-12,21.819368531508175,0.0,49.858511595165474
Moldova,2021-07-13,22.03844527487709,0.0,50.34591161071695
Moldova,2021-07-14,22.257522018246,0.0,50.83079199151251
Moldova,2021-07-15,22.476598761614916,0.0,51.313222412376106
Moldova,2021-07-16,22.695675504983825,0.0,51.79326939496218
Moldova,2021-07-17,22.91475224835274,0.0,52.27099650398892
Moldova,2021-07-18,23.133828991721657,0.0,52.74646452804362
Moldova,2021-07-19,23.352905735090566,0.0,53.219731646417415
Moldova,2021-07-20,23.571982478459482,0.0,53.69085358326636
Vietnam,2021-06-21,15.104475049181374,0.0,36.753777692094644
Vietnam,2021-06-22,15.323551792550283,0.0,37.31926527347464
Vietnam,2021-06-23,15.5426285359192,0.0,37.879381167969
Vietnam,2021-06-24,15.761705279288115,0.0,38.43436777745647
Vietnam,2021-06-25,15.980782022657024,0.0,38.98444980338965
Vietnam,2021-06-26,16.19985876602594,0.0,39.5298360051229
Vietnam,2021-06-27,16.41893550939485,0.0,40.07072073984307
Vietnam,2021-06-28,16.638012252763765,0.0,40.607285316369904
Vietnam,2021-06-29,16.857088996132674,0.0,41.139699189606134
Vietnam,2021-06-30,17.07616573950159,0.0,41.66812101797929
Vietnam,2021-07-01,17.295242482870506,0.0,42.19269960260692
Vietnam,2021-07-02,17.514319226239415,0.0,42.71357472396353
Vietnam,2021-07-03,17.73339596960833,0.0,43.230877889398876
Vietnam,2021-07-04,17.95247271297724,0.0,43.744733002849316
Vietnam,2021-07-05,18.171549456346156,0.0,44.25525696641799
Vietnam,2021-07-06,18.390626199715072,0.0,44.76256022210797
Vietnam,2021-07-07,18.60970294308398,0.0,45.26674724082844
Vietnam,2021-07-08,18.828779686452897,0.0,45.76791696481385
Vietnam,2021-07-09,19.047856429821806,0.0,46.26616320876826
Vietnam,2021-07-10,19.266933173190722,0.0,46.76157502434617
Vietnam,2021-07-11,19.48600991655963,0.0,47.25423703198375
Vietnam,2021-07-12,19.705086659928547,0.0,47.744229723585846
Vietnam,2021-07-13,19.924163403297463,0.0,48.23162973913733
Vietnam,2021-07-14,20.143240146666372,0.0,48.71651011993288
Vietnam,2021-07-15,20.362316890035288,0.0,49.198940540796485
Vietnam,2021-07-16,20.581393633404197,0.0,49.67898752338255
Vietnam,2021-07-17,20.800470376773113,0.0,50.15671463240929
Vietnam,2021-07-18,21.01954712014203,0.0,50.63218265646399
Vietnam,2021-07-19,21.238623863510938,0.0,51.10544977483778
Vietnam,2021-07-20,21.457700606879854,0.0,51.57657171168673
Mozambique,2021-06-21,15.073834023540364,0.0,36.723136666453634
Mozambique,2021-06-22,15.29291076690928,0.0,37.28862424783364
Mozambique,2021-06-23,15.511987510278196,0.0,37.848740142328
Mozambique,2021-06-24,15.731064253647112,0.0,38.40372675181547
Mozambique,2021-06-25,15.950140997016014,0.0,38.95380877774864
Mozambique,2021-06-26,16.16921774038493,0.0,39.49919497948189
Mozambique,2021-06-27,16.388294483753846,0.0,40.040079714202065
Mozambique,2021-06-28,16.607371227122762,0.0,40.5766442907289
Mozambique,2021-06-29,16.826447970491664,0.0,41.109058163965116
Mozambique,2021-06-30,17.04552471386058,0.0,41.63747999233827
Mozambique,2021-07-01,17.264601457229496,0.0,42.162058576965904
Mozambique,2021-07-02,17.483678200598412,0.0,42.68293369832253
Mozambique,2021-07-03,17.702754943967328,0.0,43.20023686375787
Mozambique,2021-07-04,17.92183168733623,0.0,43.714091977208305
Mozambique,2021-07-05,18.140908430705146,0.0,44.224615940776985
Mozambique,2021-07-06,18.359985174074062,0.0,44.73191919646696
Mozambique,2021-07-07,18.579061917442978,0.0,45.236106215187434
Mozambique,2021-07-08,18.798138660811894,0.0,45.73727593917285
Mozambique,2021-07-09,19.017215404180796,0.0,46.23552218312725
Mozambique,2021-07-10,19.23629214754971,0.0,46.73093399870516
Mozambique,2021-07-11,19.455368890918628,0.0,47.223596006342746
Mozambique,2021-07-12,19.674445634287544,0.0,47.71358869794484
Mozambique,2021-07-13,19.89352237765646,0.0,48.20098871349633
Mozambique,2021-07-14,20.11259912102536,0.0,48.685869094291874
Mozambique,2021-07-15,20.331675864394278,0.0,49.16829951515547
Mozambique,2021-07-16,20.550752607763194,0.0,49.64834649774155
Mozambique,2021-07-17,20.76982935113211,0.0,50.12607360676829
Mozambique,2021-07-18,20.988906094501026,0.0,50.601541630822986
Mozambique,2021-07-19,21.207982837869928,0.0,51.07480874919678
Mozambique,2021-07-20,21.427059581238844,0.0,51.54593068604572
Uganda,2021-06-21,15.060708697177112,0.0,36.71001134009038
Uganda,2021-06-22,15.279785440546028,0.0,37.27549892147039
Uganda,2021-06-23,15.498862183914945,0.0,37.835614815964746
Uganda,2021-06-24,15.71793892728386,0.0,38.39060142545222
Uganda,2021-06-25,15.937015670652762,0.0,38.94068345138539
Uganda,2021-06-26,16.15609241402168,0.0,39.48606965311864
Uganda,2021-06-27,16.375169157390594,0.0,40.02695438783881
Uganda,2021-06-28,16.59424590075951,0.0,40.56351896436565
Uganda,2021-06-29,16.813322644128412,0.0,41.095932837601865
Uganda,2021-06-30,17.03239938749733,0.0,41.62435466597502
Uganda,2021-07-01,17.251476130866244,0.0,42.14893325060265
Uganda,2021-07-02,17.47055287423516,0.0,42.66980837195928
Uganda,2021-07-03,17.689629617604076,0.0,43.18711153739462
Uganda,2021-07-04,17.908706360972978,0.0,43.700966650845054
Uganda,2021-07-05,18.127783104341894,0.0,44.211490614413734
Uganda,2021-07-06,18.34685984771081,0.0,44.71879387010371
Uganda,2021-07-07,18.565936591079726,0.0,45.22298088882418
Uganda,2021-07-08,18.785013334448642,0.0,45.724150612809595
Uganda,2021-07-09,19.004090077817544,0.0,46.222396856764
Uganda,2021-07-10,19.22316682118646,0.0,46.71780867234191
Uganda,2021-07-11,19.442243564555376,0.0,47.210470679979494
Uganda,2021-07-12,19.661320307924292,0.0,47.70046337158159
Uganda,2021-07-13,19.880397051293208,0.0,48.18786338713308
Uganda,2021-07-14,20.09947379466211,0.0,48.67274376792862
Uganda,2021-07-15,20.318550538031026,0.0,49.155174188792216
Uganda,2021-07-16,20.537627281399942,0.0,49.6352211713783
Uganda,2021-07-17,20.756704024768858,0.0,50.112948280405035
Uganda,2021-07-18,20.975780768137774,0.0,50.588416304459734
Uganda,2021-07-19,21.194857511506676,0.0,51.061683422833525
Uganda,2021-07-20,21.413934254875592,0.0,51.53280535968247
Togo,2021-06-21,15.73834027612449,0.0,37.38764291903776
Togo,2021-06-22,15.957417019493398,0.0,37.95313050041776
Togo,2021-06-23,16.176493762862314,0.0,38.513246394912116
Togo,2021-06-24,16.39557050623123,0.0,39.06823300439959
Togo,2021-06-25,16.61464724960014,0.0,39.61831503033277
Togo,2021-06-26,16.833723992969055,0.0,40.16370123206602
Togo,2021-06-27,17.052800736337964,0.0,40.70458596678618
Togo,2021-06-28,17.27187747970688,0.0,41.24115054331302
Togo,2021-06-29,17.49095422307579,0.0,41.77356441654925
Togo,2021-06-30,17.710030966444705,0.0,42.301986244922404
Togo,2021-07-01,17.92910770981362,0.0,42.82656482955004
Togo,2021-07-02,18.14818445318253,0.0,43.34743995090665
Togo,2021-07-03,18.367261196551446,0.0,43.86474311634199
Togo,2021-07-04,18.586337939920355,0.0,44.37859822979243
Togo,2021-07-05,18.80541468328927,0.0,44.8891221933611
Togo,2021-07-06,19.024491426658187,0.0,45.39642544905109
Togo,2021-07-07,19.243568170027096,0.0,45.90061246777155
Togo,2021-07-08,19.462644913396012,0.0,46.401782191756965
Togo,2021-07-09,19.68172165676492,0.0,46.90002843571138
Togo,2021-07-10,19.900798400133837,0.0,47.39544025128929
Togo,2021-07-11,20.119875143502746,0.0,47.888102258926864
Togo,2021-07-12,20.338951886871662,0.0,48.37809495052896
Togo,2021-07-13,20.558028630240578,0.0,48.86549496608045
Togo,2021-07-14,20.777105373609487,0.0,49.35037534687599
Togo,2021-07-15,20.996182116978403,0.0,49.8328057677396
Togo,2021-07-16,21.215258860347312,0.0,50.31285275032567
Togo,2021-07-17,21.434335603716228,0.0,50.790579859352405
Togo,2021-07-18,21.653412347085144,0.0,51.266047883407104
Togo,2021-07-19,21.872489090454053,0.0,51.739315001780895
Togo,2021-07-20,22.09156583382297,0.0,52.21043693862985
Lesotho,2021-06-21,15.194301799019591,0.0,36.84360444193286
Lesotho,2021-06-22,15.413378542388493,0.0,37.40909202331285
Lesotho,2021-06-23,15.632455285757409,0.0,37.96920791780721
Lesotho,2021-06-24,15.851532029126325,0.0,38.52419452729468
Lesotho,2021-06-25,16.07060877249524,0.0,39.07427655322787
Lesotho,2021-06-26,16.289685515864157,0.0,39.61966275496112
Lesotho,2021-06-27,16.50876225923306,0.0,40.16054748968128
Lesotho,2021-06-28,16.727839002601975,0.0,40.69711206620811
Lesotho,2021-06-29,16.94691574597089,0.0,41.22952593944434
Lesotho,2021-06-30,17.165992489339807,0.0,41.7579477678175
Lesotho,2021-07-01,17.385069232708723,0.0,42.28252635244513
Lesotho,2021-07-02,17.604145976077625,0.0,42.80340147380174
Lesotho,2021-07-03,17.82322271944654,0.0,43.320704639237086
Lesotho,2021-07-04,18.042299462815457,0.0,43.83455975268753
Lesotho,2021-07-05,18.261376206184373,0.0,44.34508371625621
Lesotho,2021-07-06,18.48045294955329,0.0,44.85238697194619
Lesotho,2021-07-07,18.69952969292219,0.0,45.35657399066665
Lesotho,2021-07-08,18.918606436291107,0.0,45.85774371465206
Lesotho,2021-07-09,19.137683179660023,0.0,46.35598995860648
Lesotho,2021-07-10,19.35675992302894,0.0,46.85140177418439
Lesotho,2021-07-11,19.57583666639784,0.0,47.34406378182196
Lesotho,2021-07-12,19.794913409766757,0.0,47.834056473424056
Lesotho,2021-07-13,20.013990153135673,0.0,48.32145648897554
Lesotho,2021-07-14,20.23306689650459,0.0,48.8063368697711
Lesotho,2021-07-15,20.452143639873505,0.0,49.288767290634695
Lesotho,2021-07-16,20.671220383242407,0.0,49.76881427322076
Lesotho,2021-07-17,20.890297126611323,0.0,50.2465413822475
Lesotho,2021-07-18,21.10937386998024,0.0,50.7220094063022
Lesotho,2021-07-19,21.328450613349155,0.0,51.195276524676004
Lesotho,2021-07-20,21.54752735671807,0.0,51.66639846152495
Jamaica,2021-06-21,17.504787644545537,0.0,39.15409028745881
Jamaica,2021-06-22,17.723864387914446,0.0,39.719577868838805
Jamaica,2021-06-23,17.942941131283362,0.0,40.27969376333317
Jamaica,2021-06-24,18.16201787465228,0.0,40.83468037282064
Jamaica,2021-06-25,18.381094618021187,0.0,41.384762398753814
Jamaica,2021-06-26,18.600171361390103,0.0,41.930148600487065
Jamaica,2021-06-27,18.819248104759012,0.0,42.47103333520723
Jamaica,2021-06-28,19.038324848127928,0.0,43.00759791173407
Jamaica,2021-06-29,19.257401591496837,0.0,43.54001178497029
Jamaica,2021-06-30,19.476478334865753,0.0,44.068433613343444
Jamaica,2021-07-01,19.69555507823467,0.0,44.59301219797108
Jamaica,2021-07-02,19.914631821603578,0.0,45.1138873193277
Jamaica,2021-07-03,20.133708564972494,0.0,45.63119048476304
Jamaica,2021-07-04,20.352785308341403,0.0,46.14504559821348
Jamaica,2021-07-05,20.57186205171032,0.0,46.65556956178216
Jamaica,2021-07-06,20.790938795079235,0.0,47.162872817472135
Jamaica,2021-07-07,21.010015538448144,0.0,47.6670598361926
Jamaica,2021-07-08,21.22909228181706,0.0,48.168229560178005
Jamaica,2021-07-09,21.44816902518597,0.0,48.666475804132425
Jamaica,2021-07-10,21.667245768554885,0.0,49.161887619710335
Jamaica,2021-07-11,21.886322511923794,0.0,49.654549627347905
Jamaica,2021-07-12,22.10539925529271,0.0,50.14454231895001
Jamaica,2021-07-13,22.324475998661626,0.0,50.63194233450149
Jamaica,2021-07-14,22.543552742030535,0.0,51.11682271529705
Jamaica,2021-07-15,22.76262948539945,0.0,51.59925313616064
Jamaica,2021-07-16,22.98170622876836,0.0,52.079300118746715
Jamaica,2021-07-17,23.200782972137276,0.0,52.55702722777345
Jamaica,2021-07-18,23.419859715506192,0.0,53.03249525182815
Jamaica,2021-07-19,23.6389364588751,0.0,53.50576237020195
Jamaica,2021-07-20,23.858013202244017,0.0,53.976884307050895
Gambia,2021-06-21,15.03854558182335,0.0,36.68784822473662
Gambia,2021-06-22,15.257622325192266,0.0,37.253335806116624
Gambia,2021-06-23,15.476699068561182,0.0,37.81345170061098
Gambia,2021-06-24,15.695775811930098,0.0,38.368438310098455
Gambia,2021-06-25,15.914852555299,0.0,38.91852033603163
Gambia,2021-06-26,16.133929298667915,0.0,39.46390653776488
Gambia,2021-06-27,16.35300604203683,0.0,40.00479127248505
Gambia,2021-06-28,16.572082785405748,0.0,40.541355849011886
Gambia,2021-06-29,16.79115952877465,0.0,41.0737697222481
Gambia,2021-06-30,17.010236272143565,0.0,41.60219155062126
Gambia,2021-07-01,17.22931301551248,0.0,42.12677013524889
Gambia,2021-07-02,17.448389758881397,0.0,42.647645256605514
Gambia,2021-07-03,17.667466502250313,0.0,43.16494842204086
Gambia,2021-07-04,17.886543245619215,0.0,43.67880353549129
Gambia,2021-07-05,18.10561998898813,0.0,44.18932749905997
Gambia,2021-07-06,18.324696732357047,0.0,44.69663075474995
Gambia,2021-07-07,18.543773475725963,0.0,45.20081777347042
Gambia,2021-07-08,18.76285021909488,0.0,45.70198749745583
Gambia,2021-07-09,18.98192696246378,0.0,46.20023374141024
Gambia,2021-07-10,19.201003705832697,0.0,46.69564555698815
Gambia,2021-07-11,19.420080449201613,0.0,47.18830756462573
Gambia,2021-07-12,19.63915719257053,0.0,47.67830025622783
Gambia,2021-07-13,19.858233935939445,0.0,48.165700271779315
Gambia,2021-07-14,20.077310679308347,0.0,48.65058065257486
Gambia,2021-07-15,20.296387422677263,0.0,49.13301107343845
Gambia,2021-07-16,20.51546416604618,0.0,49.613058056024535
Gambia,2021-07-17,20.734540909415095,0.0,50.09078516505127
Gambia,2021-07-18,20.95361765278401,0.0,50.56625318910597
Gambia,2021-07-19,21.172694396152913,0.0,51.03952030747976
Gambia,2021-07-20,21.39177113952183,0.0,51.51064224432871
Sudan,2021-06-21,14.640531729000113,0.0,36.289834371913386
Sudan,2021-06-22,14.859608472369025,0.0,36.855321953293384
Sudan,2021-06-23,15.078685215737941,0.0,37.41543784778774
Sudan,2021-06-24,15.297761959106857,0.0,37.970424457275215
Sudan,2021-06-25,15.51683870247576,0.0,38.520506483208386
Sudan,2021-06-26,15.735915445844675,0.0,39.06589268494164
Sudan,2021-06-27,15.954992189213591,0.0,39.60677741966181
Sudan,2021-06-28,16.174068932582507,0.0,40.143341996188646
Sudan,2021-06-29,16.39314567595141,0.0,40.67575586942486
Sudan,2021-06-30,16.612222419320325,0.0,41.204177697798016
Sudan,2021-07-01,16.83129916268924,0.0,41.72875628242565
Sudan,2021-07-02,17.050375906058157,0.0,42.249631403782274
Sudan,2021-07-03,17.269452649427073,0.0,42.76693456921762
Sudan,2021-07-04,17.488529392795975,0.0,43.28078968266805
Sudan,2021-07-05,17.70760613616489,0.0,43.79131364623673
Sudan,2021-07-06,17.926682879533807,0.0,44.29861690192671
Sudan,2021-07-07,18.145759622902723,0.0,44.80280392064718
Sudan,2021-07-08,18.36483636627164,0.0,45.30397364463259
Sudan,2021-07-09,18.58391310964054,0.0,45.802219888587
Sudan,2021-07-10,18.802989853009457,0.0,46.29763170416491
Sudan,2021-07-11,19.022066596378373,0.0,46.79029371180249
Sudan,2021-07-12,19.24114333974729,0.0,47.28028640340459
Sudan,2021-07-13,19.460220083116205,0.0,47.767686418956075
Sudan,2021-07-14,19.679296826485107,0.0,48.25256679975162
Sudan,2021-07-15,19.898373569854023,0.0,48.73499722061521
Sudan,2021-07-16,20.11745031322294,0.0,49.215044203201295
Sudan,2021-07-17,20.336527056591855,0.0,49.69277131222803
Sudan,2021-07-18,20.55560379996077,0.0,50.16823933628273
Sudan,2021-07-19,20.774680543329673,0.0,50.64150645465652
Sudan,2021-07-20,20.99375728669859,0.0,51.11262839150547
Tunisia,2021-06-21,15.948207497046717,0.0,37.59751013995999
Tunisia,2021-06-22,16.167284240415626,0.0,38.162997721339984
Tunisia,2021-06-23,16.38636098378454,0.0,38.72311361583435
Tunisia,2021-06-24,16.605437727153458,0.0,39.27810022532182
Tunisia,2021-06-25,16.824514470522367,0.0,39.828182251254994
Tunisia,2021-06-26,17.043591213891283,0.0,40.373568452988245
Tunisia,2021-06-27,17.26266795726019,0.0,40.91445318770841
Tunisia,2021-06-28,17.481744700629108,0.0,41.451017764235246
Tunisia,2021-06-29,17.700821443998016,0.0,41.98343163747147
Tunisia,2021-06-30,17.919898187366933,0.0,42.511853465844624
Tunisia,2021-07-01,18.13897493073585,0.0,43.03643205047226
Tunisia,2021-07-02,18.358051674104757,0.0,43.55730717182888
Tunisia,2021-07-03,18.577128417473673,0.0,44.07461033726422
Tunisia,2021-07-04,18.796205160842582,0.0,44.58846545071466
Tunisia,2021-07-05,19.0152819042115,0.0,45.09898941428334
Tunisia,2021-07-06,19.234358647580414,0.0,45.606292669973314
Tunisia,2021-07-07,19.453435390949323,0.0,46.11047968869378
Tunisia,2021-07-08,19.67251213431824,0.0,46.611649412679185
Tunisia,2021-07-09,19.89158887768715,0.0,47.109895656633604
Tunisia,2021-07-10,20.110665621056064,0.0,47.605307472211514
Tunisia,2021-07-11,20.329742364424973,0.0,48.097969479849084
Tunisia,2021-07-12,20.54881910779389,0.0,48.58796217145119
Tunisia,2021-07-13,20.767895851162805,0.0,49.07536218700267
Tunisia,2021-07-14,20.986972594531714,0.0,49.56024256779823
Tunisia,2021-07-15,21.20604933790063,0.0,50.04267298866182
Tunisia,2021-07-16,21.42512608126954,0.0,50.522719971247895
Tunisia,2021-07-17,21.644202824638455,0.0,51.00044708027463
Tunisia,2021-07-18,21.86327956800737,0.0,51.47591510432933
Tunisia,2021-07-19,22.08235631137628,0.0,51.94918222270313
Tunisia,2021-07-20,22.301433054745196,0.0,52.420304159552074
Bahamas,2021-06-21,18.64104856189607,0.0,40.29035120480934
Bahamas,2021-06-22,18.86012530526498,0.0,40.85583878618934
Bahamas,2021-06-23,19.079202048633896,0.0,41.4159546806837
Bahamas,2021-06-24,19.29827879200281,0.0,41.97094129017117
Bahamas,2021-06-25,19.51735553537172,0.0,42.52102331610435
Bahamas,2021-06-26,19.736432278740637,0.0,43.0664095178376
Bahamas,2021-06-27,19.955509022109545,0.0,43.607294252557764
Bahamas,2021-06-28,20.17458576547846,0.0,44.1438588290846
Bahamas,2021-06-29,20.39366250884737,0.0,44.67627270232083
Bahamas,2021-06-30,20.612739252216286,0.0,45.204694530693985
Bahamas,2021-07-01,20.831815995585202,0.0,45.72927311532162
Bahamas,2021-07-02,21.05089273895411,0.0,46.25014823667823
Bahamas,2021-07-03,21.269969482323027,0.0,46.76745140211357
Bahamas,2021-07-04,21.489046225691936,0.0,47.28130651556401
Bahamas,2021-07-05,21.708122969060852,0.0,47.791830479132685
Bahamas,2021-07-06,21.92719971242977,0.0,48.29913373482267
Bahamas,2021-07-07,22.146276455798677,0.0,48.80332075354313
Bahamas,2021-07-08,22.365353199167593,0.0,49.304490477528546
Bahamas,2021-07-09,22.584429942536502,0.0,49.80273672148296
Bahamas,2021-07-10,22.80350668590542,0.0,50.29814853706087
Bahamas,2021-07-11,23.022583429274327,0.0,50.790810544698445
Bahamas,2021-07-12,23.241660172643243,0.0,51.28080323630054
Bahamas,2021-07-13,23.46073691601216,0.0,51.76820325185203
Bahamas,2021-07-14,23.679813659381068,0.0,52.253083632647574
Bahamas,2021-07-15,23.898890402749984,0.0,52.73551405351118
Bahamas,2021-07-16,24.117967146118893,0.0,53.21556103609725
Bahamas,2021-07-17,24.33704388948781,0.0,53.69328814512399
Bahamas,2021-07-18,24.556120632856725,0.0,54.168756169178685
Bahamas,2021-07-19,24.775197376225634,0.0,54.642023287552476
Bahamas,2021-07-20,24.99427411959455,0.0,55.11314522440143
Georgia,2021-06-21,14.890066505174978,0.0,36.53936914808825
Georgia,2021-06-22,15.10914324854388,0.0,37.10485672946824
Georgia,2021-06-23,15.328219991912796,0.0,37.6649726239626
Georgia,2021-06-24,15.547296735281712,0.0,38.21995923345007
Georgia,2021-06-25,15.766373478650628,0.0,38.770041259383255
Georgia,2021-06-26,15.985450222019544,0.0,39.315427461116506
Georgia,2021-06-27,16.204526965388446,0.0,39.856312195836665
Georgia,2021-06-28,16.423603708757362,0.0,40.3928767723635
Georgia,2021-06-29,16.642680452126278,0.0,40.92529064559973
Georgia,2021-06-30,16.861757195495194,0.0,41.453712473972885
Georgia,2021-07-01,17.08083393886411,0.0,41.97829105860052
Georgia,2021-07-02,17.299910682233012,0.0,42.49916617995713
Georgia,2021-07-03,17.518987425601928,0.0,43.01646934539247
Georgia,2021-07-04,17.738064168970844,0.0,43.53032445884292
Georgia,2021-07-05,17.95714091233976,0.0,44.0408484224116
Georgia,2021-07-06,18.176217655708676,0.0,44.548151678101576
Georgia,2021-07-07,18.395294399077578,0.0,45.052338696822034
Georgia,2021-07-08,18.614371142446494,0.0,45.55350842080745
Georgia,2021-07-09,18.83344788581541,0.0,46.051754664761866
Georgia,2021-07-10,19.052524629184326,0.0,46.547166480339776
Georgia,2021-07-11,19.271601372553228,0.0,47.039828487977346
Georgia,2021-07-12,19.490678115922144,0.0,47.52982117957944
Georgia,2021-07-13,19.70975485929106,0.0,48.01722119513093
Georgia,2021-07-14,19.928831602659976,0.0,48.50210157592649
Georgia,2021-07-15,20.147908346028892,0.0,48.98453199679008
Georgia,2021-07-16,20.366985089397794,0.0,49.46457897937615
Georgia,2021-07-17,20.58606183276671,0.0,49.94230608840289
Georgia,2021-07-18,20.805138576135626,0.0,50.417774112457586
Georgia,2021-07-19,21.024215319504542,0.0,50.89104123083139
Georgia,2021-07-20,21.243292062873458,0.0,51.362163167680336
Jersey,2021-06-21,62.22710875869624,40.57780611578297,83.87641140160952
Jersey,2021-06-22,62.446185502065156,40.4504720211408,84.44189898298951
Jersey,2021-06-23,62.66526224543406,40.328509613384256,85.00201487748386
Jersey,2021-06-24,62.88433898880299,40.21167649063463,85.55700148697134
Jersey,2021-06-25,63.10341573217189,40.09974795143926,86.10708351290452
Jersey,2021-06-26,63.322492475540805,39.99251523644384,86.65246971463776
Jersey,2021-06-27,63.54156921890972,39.8897839884615,87.19335444935794
Jersey,2021-06-28,63.76064596227862,39.791372898672485,87.72991902588475
Jersey,2021-06-29,63.97972270564754,39.69711251217409,88.26233289912099
Jersey,2021-06-30,64.19879944901646,39.606844170538764,88.79075472749416
Jersey,2021-07-01,64.41787619238536,39.52041907264895,89.31533331212178
Jersey,2021-07-02,64.6369529357543,39.43769743803017,89.83620843347842
Jersey,2021-07-03,64.8560296791232,39.35854775933265,90.35351159891374
Jersey,2021-07-04,65.0751064224921,39.28284613262002,90.86736671236417
Jersey,2021-07-05,65.29418316586103,39.210475655789196,91.37789067593286
Jersey,2021-07-06,65.51325990922993,39.14132588683703,91.88519393162284
Jersey,2021-07-07,65.73233665259886,39.075292354854405,92.38938095034331
Jersey,2021-07-08,65.95141339596776,39.01227611760682,92.89055067432871
Jersey,2021-07-09,66.17049013933666,38.95218336039021,93.38879691828312
Jersey,2021-07-10,66.3895668827056,38.894925031550144,93.88420873386104
Jersey,2021-07-11,66.6086436260745,38.840416510650385,94.3768707414986
Jersey,2021-07-12,66.82772036944343,38.78857730578613,94.86686343310072
Jersey,2021-07-13,67.04679711281233,38.739330776972466,95.35426344865219
Jersey,2021-07-14,67.26587385618123,38.692603882914725,95.83914382944774
Jersey,2021-07-15,67.48495059955016,38.64832694878896,96.32157425031136
Jersey,2021-07-16,67.70402734291906,38.606433452940706,96.80162123289742
Jersey,2021-07-17,67.92310408628799,38.566859830651815,97.27934834192416
Jersey,2021-07-18,68.1421808296569,38.529545293334934,97.75481636597885
Jersey,2021-07-19,68.3612575730258,38.494431661698954,98.22808348435264
Jersey,2021-07-20,68.58033431639473,38.46146321158785,98.69920542120161
Sierra Leone,2021-06-21,14.48908058968204,0.0,36.13838323259531
Sierra Leone,2021-06-22,14.708157333050949,0.0,36.70387081397531
Sierra Leone,2021-06-23,14.927234076419865,0.0,37.26398670846967
Sierra Leone,2021-06-24,15.14631081978878,0.0,37.818973317957145
Sierra Leone,2021-06-25,15.36538756315769,0.0,38.36905534389032
Sierra Leone,2021-06-26,15.584464306526606,0.0,38.91444154562357
Sierra Leone,2021-06-27,15.803541049895514,0.0,39.45532628034373
Sierra Leone,2021-06-28,16.02261779326443,0.0,39.99189085687057
Sierra Leone,2021-06-29,16.24169453663334,0.0,40.52430473010679
Sierra Leone,2021-06-30,16.460771280002255,0.0,41.05272655847995
Sierra Leone,2021-07-01,16.67984802337117,0.0,41.57730514310758
Sierra Leone,2021-07-02,16.89892476674008,0.0,42.098180264464204
Sierra Leone,2021-07-03,17.118001510108996,0.0,42.61548342989954
Sierra Leone,2021-07-04,17.337078253477905,0.0,43.12933854334998
Sierra Leone,2021-07-05,17.55615499684682,0.0,43.63986250691866
Sierra Leone,2021-07-06,17.775231740215737,0.0,44.14716576260864
Sierra Leone,2021-07-07,17.994308483584646,0.0,44.6513527813291
Sierra Leone,2021-07-08,18.213385226953562,0.0,45.15252250531451
Sierra Leone,2021-07-09,18.43246197032247,0.0,45.65076874926893
Sierra Leone,2021-07-10,18.651538713691387,0.0,46.14618056484684
Sierra Leone,2021-07-11,18.870615457060296,0.0,46.63884257248441
Sierra Leone,2021-07-12,19.089692200429212,0.0,47.12883526408651
Sierra Leone,2021-07-13,19.30876894379813,0.0,47.61623527963799
Sierra Leone,2021-07-14,19.527845687167037,0.0,48.10111566043355
Sierra Leone,2021-07-15,19.746922430535953,0.0,48.58354608129714
Sierra Leone,2021-07-16,19.965999173904862,0.0,49.06359306388322
Sierra Leone,2021-07-17,20.185075917273778,0.0,49.541320172909955
Sierra Leone,2021-07-18,20.404152660642694,0.0,50.016788196964654
Sierra Leone,2021-07-19,20.623229404011603,0.0,50.49005531533845
Sierra Leone,2021-07-20,20.84230614738052,0.0,50.9611772521874
Sao Tome and Principe,2021-06-21,17.748087489620026,0.0,39.397390132533296
Sao Tome and Principe,2021-06-22,17.967164232988935,0.0,39.962877713913294
Sao Tome and Principe,2021-06-23,18.18624097635785,0.0,40.52299360840766
Sao Tome and Principe,2021-06-24,18.405317719726767,0.0,41.07798021789513
Sao Tome and Principe,2021-06-25,18.624394463095676,0.0,41.6280622438283
Sao Tome and Principe,2021-06-26,18.843471206464592,0.0,42.173448445561554
Sao Tome and Principe,2021-06-27,19.0625479498335,0.0,42.71433318028172
Sao Tome and Principe,2021-06-28,19.281624693202417,0.0,43.250897756808556
Sao Tome and Principe,2021-06-29,19.500701436571326,0.0,43.78331163004478
Sao Tome and Principe,2021-06-30,19.719778179940242,0.0,44.31173345841793
Sao Tome and Principe,2021-07-01,19.938854923309158,0.0,44.83631204304557
Sao Tome and Principe,2021-07-02,20.157931666678067,0.0,45.35718716440219
Sao Tome and Principe,2021-07-03,20.377008410046983,0.0,45.87449032983753
Sao Tome and Principe,2021-07-04,20.596085153415892,0.0,46.38834544328797
Sao Tome and Principe,2021-07-05,20.815161896784808,0.0,46.89886940685665
Sao Tome and Principe,2021-07-06,21.034238640153724,0.0,47.40617266254662
Sao Tome and Principe,2021-07-07,21.253315383522633,0.0,47.91035968126709
Sao Tome and Principe,2021-07-08,21.47239212689155,0.0,48.411529405252494
Sao Tome and Principe,2021-07-09,21.691468870260458,0.0,48.909775649206914
Sao Tome and Principe,2021-07-10,21.910545613629374,0.0,49.405187464784824
Sao Tome and Principe,2021-07-11,22.129622356998283,0.0,49.89784947242239
Sao Tome and Principe,2021-07-12,22.3486991003672,0.0,50.3878421640245
Sao Tome and Principe,2021-07-13,22.567775843736115,0.0,50.87524217957598
Sao Tome and Principe,2021-07-14,22.786852587105024,0.0,51.360122560371536
Sao Tome and Principe,2021-07-15,23.00592933047394,0.0,51.84255298123513
Sao Tome and Principe,2021-07-16,23.22500607384285,0.0,52.322599963821204
Sao Tome and Principe,2021-07-17,23.444082817211765,0.0,52.80032707284794
Sao Tome and Principe,2021-07-18,23.66315956058068,0.0,53.27579509690264
Sao Tome and Principe,2021-07-19,23.88223630394959,0.0,53.74906221527644
Sao Tome and Principe,2021-07-20,24.101313047318506,0.0,54.220184152125384
Equatorial Guinea,2021-06-21,16.724588455419195,0.0,38.373891098332464
Equatorial Guinea,2021-06-22,16.943665198788104,0.0,38.93937867971246
Equatorial Guinea,2021-06-23,17.16274194215702,0.0,39.49949457420682
Equatorial Guinea,2021-06-24,17.381818685525936,0.0,40.05448118369429
Equatorial Guinea,2021-06-25,17.600895428894844,0.0,40.60456320962747
Equatorial Guinea,2021-06-26,17.81997217226376,0.0,41.14994941136072
Equatorial Guinea,2021-06-27,18.03904891563267,0.0,41.69083414608089
Equatorial Guinea,2021-06-28,18.258125659001585,0.0,42.227398722607724
Equatorial Guinea,2021-06-29,18.477202402370494,0.0,42.759812595843954
Equatorial Guinea,2021-06-30,18.69627914573941,0.0,43.28823442421711
Equatorial Guinea,2021-07-01,18.915355889108326,0.0,43.81281300884474
Equatorial Guinea,2021-07-02,19.134432632477235,0.0,44.33368813020135
Equatorial Guinea,2021-07-03,19.35350937584615,0.0,44.850991295636696
Equatorial Guinea,2021-07-04,19.57258611921506,0.0,45.364846409087136
Equatorial Guinea,2021-07-05,19.791662862583976,0.0,45.87537037265581
Equatorial Guinea,2021-07-06,20.010739605952892,0.0,46.38267362834579
Equatorial Guinea,2021-07-07,20.2298163493218,0.0,46.88686064706626
Equatorial Guinea,2021-07-08,20.448893092690717,0.0,47.38803037105167
Equatorial Guinea,2021-07-09,20.667969836059626,0.0,47.88627661500608
Equatorial Guinea,2021-07-10,20.887046579428542,0.0,48.38168843058399
Equatorial Guinea,2021-07-11,21.10612332279745,0.0,48.87435043822157
Equatorial Guinea,2021-07-12,21.325200066166367,0.0,49.364343129823666
Equatorial Guinea,2021-07-13,21.544276809535283,0.0,49.85174314537515
Equatorial Guinea,2021-07-14,21.763353552904192,0.0,50.3366235261707
Equatorial Guinea,2021-07-15,21.982430296273108,0.0,50.819053947034305
Equatorial Guinea,2021-07-16,22.201507039642017,0.0,51.29910092962037
Equatorial Guinea,2021-07-17,22.420583783010933,0.0,51.77682803864711
Equatorial Guinea,2021-07-18,22.63966052637985,0.0,52.25229606270181
Equatorial Guinea,2021-07-19,22.858737269748758,0.0,52.7255631810756
Equatorial Guinea,2021-07-20,23.077814013117674,0.0,53.19668511792455
Laos,2021-06-21,15.973767048777397,0.0,37.62306969169067
Laos,2021-06-22,16.192843792146306,0.0,38.188557273070664
Laos,2021-06-23,16.411920535515222,0.0,38.74867316756503
Laos,2021-06-24,16.630997278884138,0.0,39.3036597770525
Laos,2021-06-25,16.850074022253047,0.0,39.853741802985674
Laos,2021-06-26,17.069150765621963,0.0,40.399128004718925
Laos,2021-06-27,17.28822750899087,0.0,40.94001273943909
Laos,2021-06-28,17.507304252359788,0.0,41.476577315965926
Laos,2021-06-29,17.726380995728697,0.0,42.00899118920215
Laos,2021-06-30,17.945457739097613,0.0,42.537413017575304
Laos,2021-07-01,18.16453448246653,0.0,43.06199160220294
Laos,2021-07-02,18.383611225835438,0.0,43.58286672355956
Laos,2021-07-03,18.602687969204354,0.0,44.1001698889949
Laos,2021-07-04,18.821764712573263,0.0,44.61402500244534
Laos,2021-07-05,19.04084145594218,0.0,45.12454896601402
Laos,2021-07-06,19.259918199311095,0.0,45.631852221703994
Laos,2021-07-07,19.478994942680004,0.0,46.13603924042446
Laos,2021-07-08,19.69807168604892,0.0,46.637208964409865
Laos,2021-07-09,19.91714842941783,0.0,47.135455208364284
Laos,2021-07-10,20.136225172786745,0.0,47.630867023942194
Laos,2021-07-11,20.355301916155653,0.0,48.123529031579764
Laos,2021-07-12,20.57437865952457,0.0,48.61352172318187
Laos,2021-07-13,20.793455402893485,0.0,49.10092173873335
Laos,2021-07-14,21.012532146262394,0.0,49.58580211952891
Laos,2021-07-15,21.23160888963131,0.0,50.0682325403925
Laos,2021-07-16,21.45068563300022,0.0,50.548279522978575
Laos,2021-07-17,21.669762376369135,0.0,51.02600663200531
Laos,2021-07-18,21.88883911973805,0.0,51.50147465606001
Laos,2021-07-19,22.10791586310696,0.0,51.97474177443381
Laos,2021-07-20,22.326992606475876,0.0,52.445863711282755
Malawi,2021-06-21,14.858472931130336,0.0,36.507775574043606
Malawi,2021-06-22,15.077549674499245,0.0,37.073263155423604
Malawi,2021-06-23,15.296626417868161,0.0,37.63337904991796
Malawi,2021-06-24,15.515703161237077,0.0,38.188365659405434
Malawi,2021-06-25,15.734779904605986,0.0,38.73844768533861
Malawi,2021-06-26,15.953856647974902,0.0,39.283833887071864
Malawi,2021-06-27,16.17293339134381,0.0,39.82471862179203
Malawi,2021-06-28,16.392010134712727,0.0,40.361283198318866
Malawi,2021-06-29,16.611086878081636,0.0,40.893697071555096
Malawi,2021-06-30,16.830163621450552,0.0,41.42211889992825
Malawi,2021-07-01,17.049240364819468,0.0,41.946697484555884
Malawi,2021-07-02,17.268317108188377,0.0,42.467572605912494
Malawi,2021-07-03,17.487393851557293,0.0,42.98487577134784
Malawi,2021-07-04,17.706470594926202,0.0,43.49873088479828
Malawi,2021-07-05,17.925547338295118,0.0,44.00925484836695
Malawi,2021-07-06,18.144624081664034,0.0,44.516558104056934
Malawi,2021-07-07,18.363700825032943,0.0,45.0207451227774
Malawi,2021-07-08,18.58277756840186,0.0,45.52191484676281
Malawi,2021-07-09,18.801854311770768,0.0,46.020161090717224
Malawi,2021-07-10,19.020931055139684,0.0,46.515572906295134
Malawi,2021-07-11,19.240007798508593,0.0,47.00823491393271
Malawi,2021-07-12,19.45908454187751,0.0,47.49822760553481
Malawi,2021-07-13,19.678161285246425,0.0,47.985627621086294
Malawi,2021-07-14,19.897238028615334,0.0,48.47050800188184
Malawi,2021-07-15,20.11631477198425,0.0,48.95293842274545
Malawi,2021-07-16,20.33539151535316,0.0,49.432985405331515
Malawi,2021-07-17,20.554468258722075,0.0,49.91071251435825
Malawi,2021-07-18,20.77354500209099,0.0,50.38618053841295
Malawi,2021-07-19,20.9926217454599,0.0,50.85944765678674
Malawi,2021-07-20,21.211698488828816,0.0,51.330569593635694
Saint Vincent and the Grenadines,2021-06-21,25.410384695836164,3.7610820529228945,47.059687338749434
Saint Vincent and the Grenadines,2021-06-22,25.629461439205073,3.633747958280715,47.62517492012943
Saint Vincent and the Grenadines,2021-06-23,25.84853818257399,3.511785550524184,48.1852908146238
Saint Vincent and the Grenadines,2021-06-24,26.067614925942905,3.3949524277745446,48.74027742411127
Saint Vincent and the Grenadines,2021-06-25,26.286691669311814,3.283023888579187,49.29035945004444
Saint Vincent and the Grenadines,2021-06-26,26.50576841268073,3.175791173583768,49.83574565177769
Saint Vincent and the Grenadines,2021-06-27,26.72484515604964,3.07305992560142,50.37663038649786
Saint Vincent and the Grenadines,2021-06-28,26.943921899418555,2.974648835812417,50.913194963024694
Saint Vincent and the Grenadines,2021-06-29,27.162998642787464,2.880388449314008,51.44560883626092
Saint Vincent and the Grenadines,2021-06-30,27.38207538615638,2.7901201076786855,51.97403066463407
Saint Vincent and the Grenadines,2021-07-01,27.601152129525296,2.703695009788884,52.498609249261705
Saint Vincent and the Grenadines,2021-07-02,27.820228872894205,2.6209733751700846,53.01948437061833
Saint Vincent and the Grenadines,2021-07-03,28.03930561626312,2.5418236964725764,53.536787536053666
Saint Vincent and the Grenadines,2021-07-04,28.25838235963203,2.4661220697599546,54.050642649504105
Saint Vincent and the Grenadines,2021-07-05,28.477459103000946,2.39375159292911,54.561166613072785
Saint Vincent and the Grenadines,2021-07-06,28.696535846369862,2.3246018239769626,55.06846986876276
Saint Vincent and the Grenadines,2021-07-07,28.91561258973877,2.2585682919943153,55.57265688748323
Saint Vincent and the Grenadines,2021-07-08,29.134689333107687,2.195552054746738,56.07382661146863
Saint Vincent and the Grenadines,2021-07-09,29.353766076476596,2.13545929753014,56.57207285542305
Saint Vincent and the Grenadines,2021-07-10,29.572842819845512,2.078200968690062,57.06748467100096
Saint Vincent and the Grenadines,2021-07-11,29.79191956321442,2.0236924477903067,57.56014667863853
Saint Vincent and the Grenadines,2021-07-12,30.010996306583337,1.9718532429260378,58.050139370240636
Saint Vincent and the Grenadines,2021-07-13,30.230073049952253,1.922606714112387,58.537539385792115
Saint Vincent and the Grenadines,2021-07-14,30.449149793321162,1.875879820054653,59.022419766587674
Saint Vincent and the Grenadines,2021-07-15,30.668226536690078,1.8316028859288842,59.50485018745127
Saint Vincent and the Grenadines,2021-07-16,30.887303280058987,1.7897093900806311,59.98489717003734
Saint Vincent and the Grenadines,2021-07-17,31.106380023427903,1.7501357677917255,60.46262427906408
Saint Vincent and the Grenadines,2021-07-18,31.32545676679682,1.7128212304748587,60.93809230311878
Saint Vincent and the Grenadines,2021-07-19,31.544533510165728,1.6777075988388823,61.41135942149258
Saint Vincent and the Grenadines,2021-07-20,31.763610253534644,1.6447391487277656,61.88248135834152
Fiji,2021-06-21,18.03861998995375,0.0,39.68792263286702
Fiji,2021-06-22,18.257696733322668,0.0,40.253410214247026
Fiji,2021-06-23,18.476773476691584,0.0,40.813526108741385
Fiji,2021-06-24,18.6958502200605,0.0,41.36851271822886
Fiji,2021-06-25,18.9149269634294,0.0,41.91859474416203
Fiji,2021-06-26,19.134003706798318,0.0,42.46398094589528
Fiji,2021-06-27,19.353080450167234,0.0,43.00486568061545
Fiji,2021-06-28,19.57215719353615,0.0,43.54143025714229
Fiji,2021-06-29,19.79123393690505,0.0,44.073844130378504
Fiji,2021-06-30,20.010310680273967,0.0,44.60226595875166
Fiji,2021-07-01,20.229387423642883,0.0,45.12684454337929
Fiji,2021-07-02,20.4484641670118,0.0,45.64771966473592
Fiji,2021-07-03,20.667540910380716,0.0,46.16502283017126
Fiji,2021-07-04,20.886617653749617,0.0,46.67887794362169
Fiji,2021-07-05,21.105694397118533,0.0,47.18940190719037
Fiji,2021-07-06,21.32477114048745,0.0,47.69670516288035
Fiji,2021-07-07,21.543847883856365,0.0,48.20089218160082
Fiji,2021-07-08,21.76292462722528,0.0,48.702061905586234
Fiji,2021-07-09,21.982001370594183,0.0,49.20030814954064
Fiji,2021-07-10,22.2010781139631,0.0,49.69571996511855
Fiji,2021-07-11,22.420154857332015,0.0,50.18838197275613
Fiji,2021-07-12,22.63923160070093,0.0,50.67837466435823
Fiji,2021-07-13,22.858308344069847,0.0,51.16577467990972
Fiji,2021-07-14,23.07738508743875,0.0,51.65065506070526
Fiji,2021-07-15,23.296461830807665,0.0,52.133085481568855
Fiji,2021-07-16,23.51553857417658,0.0,52.61313246415494
Fiji,2021-07-17,23.734615317545497,0.0,53.090859573181675
Fiji,2021-07-18,23.953692060914413,0.0,53.56632759723637
Fiji,2021-07-19,24.172768804283315,0.0,54.039594715610164
Fiji,2021-07-20,24.39184554765223,0.0,54.51071665245911
Cape Verde,2021-06-21,14.499773014231387,0.0,36.14907565714466
Cape Verde,2021-06-22,14.718849757600296,0.0,36.714563238524654
Cape Verde,2021-06-23,14.937926500969212,0.0,37.27467913301902
Cape Verde,2021-06-24,15.157003244338128,0.0,37.82966574250649
Cape Verde,2021-06-25,15.376079987707037,0.0,38.379747768439664
Cape Verde,2021-06-26,15.595156731075953,0.0,38.925133970172915
Cape Verde,2021-06-27,15.814233474444862,0.0,39.46601870489308
Cape Verde,2021-06-28,16.033310217813778,0.0,40.002583281419916
Cape Verde,2021-06-29,16.252386961182687,0.0,40.53499715465614
Cape Verde,2021-06-30,16.471463704551603,0.0,41.063418983029294
Cape Verde,2021-07-01,16.69054044792052,0.0,41.58799756765693
Cape Verde,2021-07-02,16.909617191289428,0.0,42.10887268901355
Cape Verde,2021-07-03,17.128693934658344,0.0,42.62617585444889
Cape Verde,2021-07-04,17.347770678027253,0.0,43.14003096789933
Cape Verde,2021-07-05,17.56684742139617,0.0,43.65055493146801
Cape Verde,2021-07-06,17.785924164765085,0.0,44.157858187157984
Cape Verde,2021-07-07,18.005000908133994,0.0,44.66204520587845
Cape Verde,2021-07-08,18.22407765150291,0.0,45.163214929863855
Cape Verde,2021-07-09,18.44315439487182,0.0,45.661461173818275
Cape Verde,2021-07-10,18.662231138240735,0.0,46.156872989396184
Cape Verde,2021-07-11,18.881307881609644,0.0,46.649534997033754
Cape Verde,2021-07-12,19.10038462497856,0.0,47.13952768863586
Cape Verde,2021-07-13,19.319461368347476,0.0,47.62692770418734
Cape Verde,2021-07-14,19.538538111716385,0.0,48.1118080849829
Cape Verde,2021-07-15,19.7576148550853,0.0,48.59423850584649
Cape Verde,2021-07-16,19.97669159845421,0.0,49.074285488432565
Cape Verde,2021-07-17,20.195768341823126,0.0,49.5520125974593
Cape Verde,2021-07-18,20.41484508519204,0.0,50.027480621514
Cape Verde,2021-07-19,20.63392182856095,0.0,50.5007477398878
Cape Verde,2021-07-20,20.852998571929867,0.0,50.971869676736745
Namibia,2021-06-21,14.27320585005215,0.0,35.92250849296542
Namibia,2021-06-22,14.49228259342106,0.0,36.48799607434542
Namibia,2021-06-23,14.711359336789975,0.0,37.04811196883978
Namibia,2021-06-24,14.930436080158891,0.0,37.60309857832725
Namibia,2021-06-25,15.1495128235278,0.0,38.15318060426043
Namibia,2021-06-26,15.368589566896716,0.0,38.69856680599368
Namibia,2021-06-27,15.587666310265625,0.0,39.239451540713844
Namibia,2021-06-28,15.806743053634541,0.0,39.77601611724068
Namibia,2021-06-29,16.02581979700345,0.0,40.30842999047691
Namibia,2021-06-30,16.244896540372366,0.0,40.836851818850064
Namibia,2021-07-01,16.463973283741282,0.0,41.3614304034777
Namibia,2021-07-02,16.68305002711019,0.0,41.88230552483431
Namibia,2021-07-03,16.902126770479107,0.0,42.39960869026965
Namibia,2021-07-04,17.121203513848016,0.0,42.91346380372009
Namibia,2021-07-05,17.340280257216932,0.0,43.423987767288764
Namibia,2021-07-06,17.559357000585848,0.0,43.93129102297875
Namibia,2021-07-07,17.778433743954757,0.0,44.43547804169921
Namibia,2021-07-08,17.997510487323673,0.0,44.936647765684626
Namibia,2021-07-09,18.216587230692582,0.0,45.43489400963904
Namibia,2021-07-10,18.435663974061498,0.0,45.93030582521695
Namibia,2021-07-11,18.654740717430407,0.0,46.422967832854525
Namibia,2021-07-12,18.873817460799323,0.0,46.91296052445662
Namibia,2021-07-13,19.09289420416824,0.0,47.40036054000811
Namibia,2021-07-14,19.311970947537148,0.0,47.88524092080365
Namibia,2021-07-15,19.531047690906064,0.0,48.36767134166726
Namibia,2021-07-16,19.750124434274973,0.0,48.84771832425333
Namibia,2021-07-17,19.96920117764389,0.0,49.325445433280066
Namibia,2021-07-18,20.188277921012805,0.0,49.800913457334765
Namibia,2021-07-19,20.407354664381714,0.0,50.274180575708556
Namibia,2021-07-20,20.62643140775063,0.0,50.74530251255751
Guinea,2021-06-21,13.205234297418379,0.0,34.85453694033165
Guinea,2021-06-22,13.424311040787288,0.0,35.420024521711646
Guinea,2021-06-23,13.643387784156204,0.0,35.98014041620601
Guinea,2021-06-24,13.86246452752512,0.0,36.535127025693484
Guinea,2021-06-25,14.081541270894029,0.0,37.085209051626656
Guinea,2021-06-26,14.300618014262945,0.0,37.63059525335991
Guinea,2021-06-27,14.519694757631854,0.0,38.17147998808007
Guinea,2021-06-28,14.73877150100077,0.0,38.70804456460691
Guinea,2021-06-29,14.957848244369679,0.0,39.24045843784313
Guinea,2021-06-30,15.176924987738595,0.0,39.768880266216286
Guinea,2021-07-01,15.39600173110751,0.0,40.29345885084392
Guinea,2021-07-02,15.61507847447642,0.0,40.814333972200544
Guinea,2021-07-03,15.834155217845336,0.0,41.33163713763588
Guinea,2021-07-04,16.053231961214244,0.0,41.84549225108632
Guinea,2021-07-05,16.27230870458316,0.0,42.356016214655
Guinea,2021-07-06,16.491385447952077,0.0,42.863319470344976
Guinea,2021-07-07,16.710462191320985,0.0,43.36750648906544
Guinea,2021-07-08,16.9295389346899,0.0,43.86867621305085
Guinea,2021-07-09,17.14861567805881,0.0,44.366922457005266
Guinea,2021-07-10,17.367692421427726,0.0,44.862334272583176
Guinea,2021-07-11,17.586769164796635,0.0,45.354996280220746
Guinea,2021-07-12,17.80584590816555,0.0,45.84498897182285
Guinea,2021-07-13,18.024922651534467,0.0,46.33238898737433
Guinea,2021-07-14,18.243999394903376,0.0,46.81726936816989
Guinea,2021-07-15,18.463076138272292,0.0,47.29969978903348
Guinea,2021-07-16,18.6821528816412,0.0,47.77974677161956
Guinea,2021-07-17,18.901229625010117,0.0,48.257473880646295
Guinea,2021-07-18,19.120306368379033,0.0,48.73294190470099
Guinea,2021-07-19,19.339383111747942,0.0,49.20620902307479
Guinea,2021-07-20,19.55845985511686,0.0,49.67733095992374
Taiwan,2021-06-21,13.560861723803,0.0,35.21016436671627
Taiwan,2021-06-22,13.77993846717191,0.0,35.77565194809627
Taiwan,2021-06-23,13.999015210540826,0.0,36.33576784259063
Taiwan,2021-06-24,14.218091953909742,0.0,36.8907544520781
Taiwan,2021-06-25,14.43716869727865,0.0,37.44083647801128
Taiwan,2021-06-26,14.656245440647567,0.0,37.98622267974453
Taiwan,2021-06-27,14.875322184016476,0.0,38.527107414464695
Taiwan,2021-06-28,15.094398927385392,0.0,39.06367199099153
Taiwan,2021-06-29,15.3134756707543,0.0,39.59608586422776
Taiwan,2021-06-30,15.532552414123217,0.0,40.124507692600915
Taiwan,2021-07-01,15.751629157492133,0.0,40.64908627722855
Taiwan,2021-07-02,15.970705900861041,0.0,41.16996139858516
Taiwan,2021-07-03,16.189782644229957,0.0,41.6872645640205
Taiwan,2021-07-04,16.408859387598866,0.0,42.20111967747094
Taiwan,2021-07-05,16.627936130967782,0.0,42.711643641039615
Taiwan,2021-07-06,16.8470128743367,0.0,43.2189468967296
Taiwan,2021-07-07,17.066089617705607,0.0,43.72313391545006
Taiwan,2021-07-08,17.285166361074523,0.0,44.224303639435476
Taiwan,2021-07-09,17.504243104443432,0.0,44.72254988338989
Taiwan,2021-07-10,17.72331984781235,0.0,45.2179616989678
Taiwan,2021-07-11,17.942396591181257,0.0,45.710623706605375
Taiwan,2021-07-12,18.161473334550173,0.0,46.20061639820747
Taiwan,2021-07-13,18.38055007791909,0.0,46.68801641375896
Taiwan,2021-07-14,18.599626821288,0.0,47.172896794554504
Taiwan,2021-07-15,18.818703564656914,0.0,47.65532721541811
Taiwan,2021-07-16,19.037780308025823,0.0,48.13537419800418
Taiwan,2021-07-17,19.25685705139474,0.0,48.61310130703092
Taiwan,2021-07-18,19.475933794763655,0.0,49.088569331085615
Taiwan,2021-07-19,19.695010538132564,0.0,49.561836449459406
Taiwan,2021-07-20,19.91408728150148,0.0,50.03295838630836
Gabon,2021-06-21,13.396033173545064,0.0,35.04533581645833
Gabon,2021-06-22,13.615109916913973,0.0,35.61082339783833
Gabon,2021-06-23,13.834186660282889,0.0,36.17093929233269
Gabon,2021-06-24,14.053263403651805,0.0,36.72592590182016
Gabon,2021-06-25,14.272340147020714,0.0,37.27600792775334
Gabon,2021-06-26,14.49141689038963,0.0,37.82139412948659
Gabon,2021-06-27,14.710493633758539,0.0,38.36227886420676
Gabon,2021-06-28,14.929570377127455,0.0,38.89884344073359
Gabon,2021-06-29,15.148647120496364,0.0,39.43125731396982
Gabon,2021-06-30,15.36772386386528,0.0,39.95967914234298
Gabon,2021-07-01,15.586800607234196,0.0,40.48425772697061
Gabon,2021-07-02,15.805877350603105,0.0,41.00513284832722
Gabon,2021-07-03,16.02495409397202,0.0,41.522436013762565
Gabon,2021-07-04,16.24403083734093,0.0,42.036291127213005
Gabon,2021-07-05,16.463107580709845,0.0,42.54681509078168
Gabon,2021-07-06,16.68218432407876,0.0,43.05411834647166
Gabon,2021-07-07,16.90126106744767,0.0,43.558305365192126
Gabon,2021-07-08,17.120337810816586,0.0,44.05947508917754
Gabon,2021-07-09,17.339414554185495,0.0,44.55772133313195
Gabon,2021-07-10,17.55849129755441,0.0,45.05313314870986
Gabon,2021-07-11,17.77756804092332,0.0,45.54579515634744
Gabon,2021-07-12,17.996644784292236,0.0,46.035787847949535
Gabon,2021-07-13,18.215721527661152,0.0,46.52318786350102
Gabon,2021-07-14,18.43479827103006,0.0,47.00806824429657
Gabon,2021-07-15,18.653875014398977,0.0,47.490498665160175
Gabon,2021-07-16,18.872951757767886,0.0,47.97054564774624
Gabon,2021-07-17,19.092028501136802,0.0,48.44827275677298
Gabon,2021-07-18,19.31110524450572,0.0,48.92374078082768
Gabon,2021-07-19,19.530181987874627,0.0,49.39700789920147
Gabon,2021-07-20,19.749258731243543,0.0,49.86812983605042
Solomon Islands,2021-06-21,13.568614617529498,0.0,35.21791726044277
Solomon Islands,2021-06-22,13.787691360898407,0.0,35.783404841822765
Solomon Islands,2021-06-23,14.006768104267323,0.0,36.34352073631713
Solomon Islands,2021-06-24,14.225844847636239,0.0,36.8985073458046
Solomon Islands,2021-06-25,14.444921591005148,0.0,37.448589371737775
Solomon Islands,2021-06-26,14.663998334374064,0.0,37.993975573471026
Solomon Islands,2021-06-27,14.883075077742973,0.0,38.53486030819119
Solomon Islands,2021-06-28,15.102151821111889,0.0,39.07142488471803
Solomon Islands,2021-06-29,15.321228564480798,0.0,39.60383875795425
Solomon Islands,2021-06-30,15.540305307849714,0.0,40.132260586327405
Solomon Islands,2021-07-01,15.75938205121863,0.0,40.65683917095504
Solomon Islands,2021-07-02,15.978458794587539,0.0,41.17771429231166
Solomon Islands,2021-07-03,16.197535537956455,0.0,41.695017457747
Solomon Islands,2021-07-04,16.416612281325364,0.0,42.20887257119744
Solomon Islands,2021-07-05,16.63568902469428,0.0,42.71939653476612
Solomon Islands,2021-07-06,16.854765768063196,0.0,43.226699790456095
Solomon Islands,2021-07-07,17.073842511432105,0.0,43.73088680917656
Solomon Islands,2021-07-08,17.29291925480102,0.0,44.232056533161966
Solomon Islands,2021-07-09,17.51199599816993,0.0,44.730302777116385
Solomon Islands,2021-07-10,17.731072741538846,0.0,45.225714592694295
Solomon Islands,2021-07-11,17.950149484907755,0.0,45.718376600331865
Solomon Islands,2021-07-12,18.16922622827667,0.0,46.20836929193397
Solomon Islands,2021-07-13,18.388302971645587,0.0,46.69576930748545
Solomon Islands,2021-07-14,18.607379715014496,0.0,47.18064968828101
Solomon Islands,2021-07-15,18.82645645838341,0.0,47.6630801091446
Solomon Islands,2021-07-16,19.04553320175232,0.0,48.143127091730676
Solomon Islands,2021-07-17,19.264609945121236,0.0,48.620854200757414
Solomon Islands,2021-07-18,19.483686688490153,0.0,49.09632222481211
Solomon Islands,2021-07-19,19.70276343185906,0.0,49.56958934318591
Solomon Islands,2021-07-20,19.921840175227977,0.0,50.040711280034856
Wallis and Futuna,2021-06-21,45.80314690636848,24.153844263455213,67.45244954928175
Wallis and Futuna,2021-06-22,46.02222364973739,24.026510168813033,68.01793713066175
Wallis and Futuna,2021-06-23,46.24130039310631,23.904547761056502,68.57805302515611
Wallis and Futuna,2021-06-24,46.46037713647522,23.787714638306863,69.13303963464358
Wallis and Futuna,2021-06-25,46.67945387984413,23.675786099111505,69.68312166057676
Wallis and Futuna,2021-06-26,46.89853062321304,23.56855338411608,70.22850786231001
Wallis and Futuna,2021-06-27,47.11760736658196,23.46582213613374,70.76939259703018
Wallis and Futuna,2021-06-28,47.33668410995087,23.367411046344735,71.305957173557
Wallis and Futuna,2021-06-29,47.555760853319775,23.27315065984632,71.83837104679323
Wallis and Futuna,2021-06-30,47.774837596688705,23.18288231821101,72.3667928751664
Wallis and Futuna,2021-07-01,47.99391434005761,23.096457220321195,72.89137145979402
Wallis and Futuna,2021-07-02,48.21299108342652,23.013735585702403,73.41224658115064
Wallis and Futuna,2021-07-03,48.43206782679544,22.934585907004895,73.92954974658599
Wallis and Futuna,2021-07-04,48.65114457016434,22.858884280292266,74.44340486003642
Wallis and Futuna,2021-07-05,48.87022131353327,22.786513803461435,74.95392882360511
Wallis and Futuna,2021-07-06,49.08929805690217,22.717364034509274,75.46123207929507
Wallis and Futuna,2021-07-07,49.30837480027109,22.651330502526633,75.96541909801554
Wallis and Futuna,2021-07-08,49.527451543640005,22.588314265279056,76.46658882200096
Wallis and Futuna,2021-07-09,49.74652828700891,22.52822150806245,76.96483506595536
Wallis and Futuna,2021-07-10,49.96560503037784,22.470963179222387,77.4602468815333
Wallis and Futuna,2021-07-11,50.18468177374674,22.416454658322625,77.95290888917086
Wallis and Futuna,2021-07-12,50.403758517115655,22.364615453458356,78.44290158077295
Wallis and Futuna,2021-07-13,50.62283526048457,22.315368924644705,78.93030159632444
Wallis and Futuna,2021-07-14,50.84191200385347,22.268642030586964,79.41518197711999
Wallis and Futuna,2021-07-15,51.0609887472224,22.22436509646121,79.8976123979836
Wallis and Futuna,2021-07-16,51.280065490591305,22.18247160061295,80.37765938056967
Wallis and Futuna,2021-07-17,51.49914223396022,22.142897978324044,80.8553864895964
Wallis and Futuna,2021-07-18,51.71821897732914,22.105583441007177,81.3308545136511
Wallis and Futuna,2021-07-19,51.93729572069804,22.070469809371193,81.80412163202489
Wallis and Futuna,2021-07-20,52.15637246406697,22.03750135926009,82.27524356887385
Botswana,2021-06-21,14.602322820397514,0.0,36.25162546331079
Botswana,2021-06-22,14.821399563766427,0.0,36.817113044690785
Botswana,2021-06-23,15.040476307135343,0.0,37.377228939185144
Botswana,2021-06-24,15.259553050504259,0.0,37.932215548672616
Botswana,2021-06-25,15.47862979387316,0.0,38.48229757460579
Botswana,2021-06-26,15.697706537242077,0.0,39.02768377633904
Botswana,2021-06-27,15.916783280610993,0.0,39.56856851105921
Botswana,2021-06-28,16.13586002397991,0.0,40.10513308758605
Botswana,2021-06-29,16.35493676734881,0.0,40.63754696082226
Botswana,2021-06-30,16.574013510717727,0.0,41.16596878919542
Botswana,2021-07-01,16.793090254086643,0.0,41.69054737382305
Botswana,2021-07-02,17.01216699745556,0.0,42.211422495179676
Botswana,2021-07-03,17.231243740824475,0.0,42.72872566061502
Botswana,2021-07-04,17.450320484193377,0.0,43.24258077406545
Botswana,2021-07-05,17.669397227562293,0.0,43.75310473763413
Botswana,2021-07-06,17.88847397093121,0.0,44.26040799332411
Botswana,2021-07-07,18.107550714300125,0.0,44.76459501204458
Botswana,2021-07-08,18.32662745766904,0.0,45.26576473602999
Botswana,2021-07-09,18.545704201037942,0.0,45.7640109799844
Botswana,2021-07-10,18.76478094440686,0.0,46.25942279556231
Botswana,2021-07-11,18.983857687775775,0.0,46.75208480319989
Botswana,2021-07-12,19.20293443114469,0.0,47.24207749480199
Botswana,2021-07-13,19.422011174513607,0.0,47.729477510353476
Botswana,2021-07-14,19.64108791788251,0.0,48.21435789114902
Botswana,2021-07-15,19.860164661251424,0.0,48.696788312012615
Botswana,2021-07-16,20.07924140462034,0.0,49.176835294598696
Botswana,2021-07-17,20.298318147989256,0.0,49.654562403625434
Botswana,2021-07-18,20.517394891358173,0.0,50.13003042768013
Botswana,2021-07-19,20.736471634727074,0.0,50.60329754605392
Botswana,2021-07-20,20.95554837809599,0.0,51.07441948290287
Bhutan,2021-06-21,71.07967145436265,49.430368811449384,92.72897409727592
Bhutan,2021-06-22,71.29874819773156,49.3030347168072,93.29446167865592
Bhutan,2021-06-23,71.51782494110049,49.18107230905068,93.8545775731503
Bhutan,2021-06-24,71.73690168446939,49.06423918630102,94.40956418263775
Bhutan,2021-06-25,71.95597842783829,48.95231064710566,94.95964620857092
Bhutan,2021-06-26,72.17505517120722,48.84507793211026,95.50503241030418
Bhutan,2021-06-27,72.39413191457612,48.7423466841279,96.04591714502433
Bhutan,2021-06-28,72.61320865794505,48.64393559433891,96.58248172155119
Bhutan,2021-06-29,72.83228540131395,48.549675207840494,97.11489559478741
Bhutan,2021-06-30,73.05136214468286,48.45940686620516,97.64331742316055
Bhutan,2021-07-01,73.27043888805179,48.37298176831537,98.1678960077882
Bhutan,2021-07-02,73.48951563142069,48.29026013369656,98.68877112914481
Bhutan,2021-07-03,73.70859237478962,48.21111045499907,99.20607429458016
Bhutan,2021-07-04,73.92766911815852,48.135408828286444,99.7199294080306
Bhutan,2021-07-05,74.14674586152742,48.06303835145559,100.0
Bhutan,2021-07-06,74.36582260489635,47.99388858250345,100.0
Bhutan,2021-07-07,74.58489934826525,47.9278550505208,100.0
Bhutan,2021-07-08,74.80397609163418,47.86483881327324,100.0
Bhutan,2021-07-09,75.02305283500309,47.80474605605663,100.0
Bhutan,2021-07-10,75.24212957837199,47.74748772721654,100.0
Bhutan,2021-07-11,75.46120632174092,47.69297920631681,100.0
Bhutan,2021-07-12,75.68028306510982,47.64114000145252,100.0
Bhutan,2021-07-13,75.89935980847875,47.59189347263889,100.0
Bhutan,2021-07-14,76.11843655184765,47.545166578581146,100.0
Bhutan,2021-07-15,76.33751329521655,47.500889644455356,100.0
Bhutan,2021-07-16,76.55659003858548,47.45899614860713,100.0
Bhutan,2021-07-17,76.77566678195438,47.41942252631821,100.0
Bhutan,2021-07-18,76.99474352532332,47.382107989001355,100.0
Bhutan,2021-07-19,77.21382026869222,47.346994357365375,100.0
Bhutan,2021-07-20,77.43289701206112,47.31402590725424,100.0
Mauritania,2021-06-21,12.865095183176589,0.0,34.51439782608986
Mauritania,2021-06-22,13.084171926545498,0.0,35.07988540746986
Mauritania,2021-06-23,13.303248669914414,0.0,35.64000130196422
Mauritania,2021-06-24,13.52232541328333,0.0,36.19498791145169
Mauritania,2021-06-25,13.741402156652239,0.0,36.74506993738487
Mauritania,2021-06-26,13.960478900021155,0.0,37.29045613911812
Mauritania,2021-06-27,14.179555643390064,0.0,37.831340873838286
Mauritania,2021-06-28,14.39863238675898,0.0,38.367905450365114
Mauritania,2021-06-29,14.617709130127889,0.0,38.900319323601344
Mauritania,2021-06-30,14.836785873496801,0.0,39.42874115197449
Mauritania,2021-07-01,15.055862616865717,0.0,39.953319736602126
Mauritania,2021-07-02,15.274939360234633,0.0,40.47419485795875
Mauritania,2021-07-03,15.494016103603549,0.0,40.991498023394094
Mauritania,2021-07-04,15.713092846972451,0.0,41.505353136844526
Mauritania,2021-07-05,15.932169590341367,0.0,42.015877100413206
Mauritania,2021-07-06,16.151246333710283,0.0,42.52318035610318
Mauritania,2021-07-07,16.3703230770792,0.0,43.027367374823655
Mauritania,2021-07-08,16.589399820448115,0.0,43.52853709880907
Mauritania,2021-07-09,16.808476563817017,0.0,44.02678334276347
Mauritania,2021-07-10,17.027553307185933,0.0,44.52219515834138
Mauritania,2021-07-11,17.24663005055485,0.0,45.01485716597897
Mauritania,2021-07-12,17.465706793923765,0.0,45.504849857581064
Mauritania,2021-07-13,17.68478353729268,0.0,45.99224987313255
Mauritania,2021-07-14,17.903860280661583,0.0,46.477130253928095
Mauritania,2021-07-15,18.1229370240305,0.0,46.95956067479169
Mauritania,2021-07-16,18.342013767399415,0.0,47.43960765737777
Mauritania,2021-07-17,18.56109051076833,0.0,47.91733476640451
Mauritania,2021-07-18,18.780167254137247,0.0,48.39280279045921
Mauritania,2021-07-19,18.99924399750615,0.0,48.866069908833
Mauritania,2021-07-20,19.218320740875065,0.0,49.33719184568194
Kosovo,2021-06-21,13.428777880782086,0.0,35.078080523695355
Kosovo,2021-06-22,13.647854624150995,0.0,35.64356810507535
Kosovo,2021-06-23,13.86693136751991,0.0,36.20368399956972
Kosovo,2021-06-24,14.086008110888827,0.0,36.75867060905719
Kosovo,2021-06-25,14.305084854257736,0.0,37.30875263499036
Kosovo,2021-06-26,14.524161597626652,0.0,37.854138836723614
Kosovo,2021-06-27,14.74323834099556,0.0,38.39502357144378
Kosovo,2021-06-28,14.962315084364477,0.0,38.931588147970615
Kosovo,2021-06-29,15.181391827733385,0.0,39.46400202120684
Kosovo,2021-06-30,15.400468571102301,0.0,39.99242384957999
Kosovo,2021-07-01,15.619545314471218,0.0,40.517002434207626
Kosovo,2021-07-02,15.838622057840126,0.0,41.03787755556425
Kosovo,2021-07-03,16.057698801209042,0.0,41.55518072099959
Kosovo,2021-07-04,16.27677554457795,0.0,42.06903583445003
Kosovo,2021-07-05,16.495852287946867,0.0,42.57955979801871
Kosovo,2021-07-06,16.714929031315783,0.0,43.08686305370868
Kosovo,2021-07-07,16.934005774684692,0.0,43.59105007242915
Kosovo,2021-07-08,17.15308251805361,0.0,44.092219796414554
Kosovo,2021-07-09,17.372159261422517,0.0,44.59046604036897
Kosovo,2021-07-10,17.591236004791433,0.0,45.08587785594688
Kosovo,2021-07-11,17.810312748160342,0.0,45.57853986358445
Kosovo,2021-07-12,18.02938949152926,0.0,46.06853255518656
Kosovo,2021-07-13,18.248466234898174,0.0,46.55593257073804
Kosovo,2021-07-14,18.467542978267083,0.0,47.040812951533596
Kosovo,2021-07-15,18.686619721636,0.0,47.52324337239719
Kosovo,2021-07-16,18.905696465004908,0.0,48.003290354983264
Kosovo,2021-07-17,19.124773208373824,0.0,48.48101746401
Kosovo,2021-07-18,19.34384995174274,0.0,48.9564854880647
Kosovo,2021-07-19,19.56292669511165,0.0,49.4297526064385
Kosovo,2021-07-20,19.782003438480565,0.0,49.90087454328744
Niger,2021-06-21,12.57176033692257,0.0,34.221062979835835
Niger,2021-06-22,12.790837080291478,0.0,34.78655056121583
Niger,2021-06-23,13.009913823660394,0.0,35.3466664557102
Niger,2021-06-24,13.22899056702931,0.0,35.90165306519767
Niger,2021-06-25,13.44806731039822,0.0,36.45173509113084
Niger,2021-06-26,13.667144053767135,0.0,36.997121292864094
Niger,2021-06-27,13.886220797136044,0.0,37.53800602758426
Niger,2021-06-28,14.10529754050496,0.0,38.0745706041111
Niger,2021-06-29,14.324374283873869,0.0,38.606984477347325
Niger,2021-06-30,14.543451027242785,0.0,39.13540630572048
Niger,2021-07-01,14.762527770611705,0.0,39.65998489034811
Niger,2021-07-02,14.981604513980606,0.0,40.18086001170472
Niger,2021-07-03,15.200681257349522,0.0,40.69816317714007
Niger,2021-07-04,15.419758000718438,0.0,41.212018290590514
Niger,2021-07-05,15.638834744087355,0.0,41.722542254159194
Niger,2021-07-06,15.85791148745627,0.0,42.22984550984917
Niger,2021-07-07,16.076988230825172,0.0,42.73403252856963
Niger,2021-07-08,16.29606497419409,0.0,43.23520225255504
Niger,2021-07-09,16.515141717563004,0.0,43.73344849650946
Niger,2021-07-10,16.73421846093192,0.0,44.22886031208737
Niger,2021-07-11,16.953295204300822,0.0,44.72152231972494
Niger,2021-07-12,17.17237194766974,0.0,45.21151501132704
Niger,2021-07-13,17.391448691038654,0.0,45.698915026878524
Niger,2021-07-14,17.61052543440757,0.0,46.18379540767408
Niger,2021-07-15,17.829602177776486,0.0,46.66622582853768
Niger,2021-07-16,18.048678921145388,0.0,47.146272811123744
Niger,2021-07-17,18.267755664514304,0.0,47.62399992015048
Niger,2021-07-18,18.48683240788322,0.0,48.09946794420518
Niger,2021-07-19,18.705909151252136,0.0,48.572735062578985
Niger,2021-07-20,18.924985894621052,0.0,49.04385699942793
Kyrgyzstan,2021-06-21,12.720356828150706,0.0,34.369659471063976
Kyrgyzstan,2021-06-22,12.939433571519615,0.0,34.93514705244397
Kyrgyzstan,2021-06-23,13.158510314888531,0.0,35.49526294693834
Kyrgyzstan,2021-06-24,13.377587058257447,0.0,36.05024955642581
Kyrgyzstan,2021-06-25,13.596663801626356,0.0,36.60033158235898
Kyrgyzstan,2021-06-26,13.815740544995272,0.0,37.145717784092234
Kyrgyzstan,2021-06-27,14.03481728836418,0.0,37.6866025188124
Kyrgyzstan,2021-06-28,14.253894031733097,0.0,38.223167095339235
Kyrgyzstan,2021-06-29,14.472970775102006,0.0,38.75558096857546
Kyrgyzstan,2021-06-30,14.692047518470922,0.0,39.28400279694861
Kyrgyzstan,2021-07-01,14.911124261839838,0.0,39.808581381576246
Kyrgyzstan,2021-07-02,15.130201005208747,0.0,40.32945650293287
Kyrgyzstan,2021-07-03,15.349277748577663,0.0,40.84675966836821
Kyrgyzstan,2021-07-04,15.568354491946572,0.0,41.36061478181865
Kyrgyzstan,2021-07-05,15.787431235315488,0.0,41.87113874538733
Kyrgyzstan,2021-07-06,16.006507978684404,0.0,42.3784420010773
Kyrgyzstan,2021-07-07,16.225584722053313,0.0,42.88262901979777
Kyrgyzstan,2021-07-08,16.44466146542223,0.0,43.383798743783174
Kyrgyzstan,2021-07-09,16.663738208791138,0.0,43.88204498773759
Kyrgyzstan,2021-07-10,16.882814952160054,0.0,44.3774568033155
Kyrgyzstan,2021-07-11,17.101891695528963,0.0,44.87011881095307
Kyrgyzstan,2021-07-12,17.32096843889788,0.0,45.36011150255518
Kyrgyzstan,2021-07-13,17.540045182266795,0.0,45.84751151810666
Kyrgyzstan,2021-07-14,17.759121925635704,0.0,46.332391898902216
Kyrgyzstan,2021-07-15,17.97819866900462,0.0,46.81482231976581
Kyrgyzstan,2021-07-16,18.19727541237353,0.0,47.294869302351884
Kyrgyzstan,2021-07-17,18.416352155742445,0.0,47.77259641137862
Kyrgyzstan,2021-07-18,18.63542889911136,0.0,48.24806443543332
Kyrgyzstan,2021-07-19,18.85450564248027,0.0,48.72133155380712
Kyrgyzstan,2021-07-20,19.073582385849186,0.0,49.192453490656064
Curacao,2021-06-21,46.935871714611004,25.286569071697734,68.58517435752427
Curacao,2021-06-22,47.15494845797992,25.15923497705556,69.15066193890428
Curacao,2021-06-23,47.374025201348836,25.03727256929903,69.71077783339864
Curacao,2021-06-24,47.59310194471775,24.92043944654939,70.26576444288611
Curacao,2021-06-25,47.81217868808667,24.80851090735404,70.8158464688193
Curacao,2021-06-26,48.03125543145557,24.701278192358608,71.36123267055254
Curacao,2021-06-27,48.250332174824486,24.598546944376267,71.9021174052727
Curacao,2021-06-28,48.4694089181934,24.500135854587263,72.43868198179953
Curacao,2021-06-29,48.688485661562304,24.405875468088848,72.97109585503576
Curacao,2021-06-30,48.907562404931234,24.31560712645354,73.49951768340892
Curacao,2021-07-01,49.126639148300136,24.229182028563724,74.02409626803654
Curacao,2021-07-02,49.34571589166905,24.14646039394493,74.54497138939317
Curacao,2021-07-03,49.56479263503797,24.067310715247423,75.06227455482852
Curacao,2021-07-04,49.78386937840687,23.991609088534794,75.57612966827895
Curacao,2021-07-05,50.0029461217758,23.919238611703964,76.08665363184764
Curacao,2021-07-06,50.2220228651447,23.850088842751802,76.5939568875376
Curacao,2021-07-07,50.44109960851362,23.784055310769162,77.09814390625807
Curacao,2021-07-08,50.660176351882534,23.721039073521585,77.59931363024349
Curacao,2021-07-09,50.879253095251435,23.66094631630498,78.09755987419788
Curacao,2021-07-10,51.098329838620366,23.603687987464916,78.59297168977582
Curacao,2021-07-11,51.31740658198927,23.549179466565153,79.08563369741339
Curacao,2021-07-12,51.53648332535818,23.497340261700884,79.57562638901548
Curacao,2021-07-13,51.7555600687271,23.448093732887234,80.06302640456697
Curacao,2021-07-14,51.974636812096,23.401366838829492,80.54790678536251
Curacao,2021-07-15,52.19371355546493,23.357089904703738,81.03033720622612
Curacao,2021-07-16,52.41279029883383,23.315196408855478,81.5103841888122
Curacao,2021-07-17,52.63186704220275,23.275622786566572,81.98811129783893
Curacao,2021-07-18,52.850943785571666,23.238308249249705,82.46357932189363
Curacao,2021-07-19,53.07002052894057,23.203194617613722,82.93684644026742
Curacao,2021-07-20,53.2890972723095,23.17022616750262,83.40796837711638
Aruba,2021-06-21,52.73140742889657,31.082104785983297,74.38071007180983
Aruba,2021-06-22,52.95048417226547,30.95477069134111,74.94619765318983
Aruba,2021-06-23,53.169560915634385,30.83280828358458,75.50631354768419
Aruba,2021-06-24,53.3886376590033,30.71597516083494,76.06130015717166
Aruba,2021-06-25,53.6077144023722,30.604046621639576,76.61138218310484
Aruba,2021-06-26,53.82679114574113,30.49681390664417,77.1567683848381
Aruba,2021-06-27,54.045867889110035,30.394082658661816,77.69765311955825
Aruba,2021-06-28,54.26494463247895,30.295671568872812,78.2342176960851
Aruba,2021-06-29,54.48402137584787,30.20141118237441,78.76663156932132
Aruba,2021-06-30,54.70309811921677,30.111142840739074,79.29505339769446
Aruba,2021-07-01,54.9221748625857,30.024717742849287,79.81963198232211
Aruba,2021-07-02,55.1412516059546,29.94199610823048,80.34050710367872
Aruba,2021-07-03,55.36032834932352,29.862846429532972,80.85781026911405
Aruba,2021-07-04,55.57940509269243,29.787144802820357,81.37166538256452
Aruba,2021-07-05,55.798481836061335,29.7147743259895,81.88218934613317
Aruba,2021-07-06,56.017558579430265,29.645624557037365,82.38949260182316
Aruba,2021-07-07,56.23663532279917,29.57959102505471,82.89367962054362
Aruba,2021-07-08,56.45571206616808,29.516574787807134,83.39484934452904
Aruba,2021-07-09,56.674788809537,29.456482030590543,83.89309558848345
Aruba,2021-07-10,56.8938655529059,29.39922370175045,84.38850740406136
Aruba,2021-07-11,57.11294229627482,29.344715180850702,84.88116941169893
Aruba,2021-07-12,57.33201903964373,29.292875975986433,85.37116210330103
Aruba,2021-07-13,57.55109578301265,29.243629447172783,85.85856211885252
Aruba,2021-07-14,57.770172526381565,29.196902553115056,86.34344249964808
Aruba,2021-07-15,57.98924926975047,29.152625618989273,86.82587292051166
Aruba,2021-07-16,58.20832601311938,29.110732123141027,87.30591990309773
Aruba,2021-07-17,58.4274027564883,29.07115850085212,87.78364701212448
Aruba,2021-07-18,58.646479499857215,29.033843963535254,88.25911503617917
Aruba,2021-07-19,58.86555624322613,28.998730331899285,88.73238215455298
Aruba,2021-07-20,59.08463298659503,28.965761881788154,89.20350409140191
Papua New Guinea,2021-06-21,12.307206719548827,0.0,33.9565093624621
Papua New Guinea,2021-06-22,12.526283462917736,0.0,34.5219969438421
Papua New Guinea,2021-06-23,12.745360206286652,0.0,35.08211283833646
Papua New Guinea,2021-06-24,12.964436949655568,0.0,35.63709944782393
Papua New Guinea,2021-06-25,13.183513693024477,0.0,36.18718147375711
Papua New Guinea,2021-06-26,13.402590436393393,0.0,36.73256767549036
Papua New Guinea,2021-06-27,13.621667179762301,0.0,37.273452410210524
Papua New Guinea,2021-06-28,13.840743923131217,0.0,37.81001698673735
Papua New Guinea,2021-06-29,14.059820666500126,0.0,38.34243085997358
Papua New Guinea,2021-06-30,14.278897409869042,0.0,38.87085268834674
Papua New Guinea,2021-07-01,14.497974153237958,0.0,39.39543127297437
Papua New Guinea,2021-07-02,14.717050896606867,0.0,39.91630639433099
Papua New Guinea,2021-07-03,14.936127639975787,0.0,40.43360955976633
Papua New Guinea,2021-07-04,15.155204383344689,0.0,40.947464673216764
Papua New Guinea,2021-07-05,15.374281126713605,0.0,41.457988636785444
Papua New Guinea,2021-07-06,15.59335787008252,0.0,41.96529189247542
Papua New Guinea,2021-07-07,15.812434613451437,0.0,42.46947891119589
Papua New Guinea,2021-07-08,16.031511356820353,0.0,42.970648635181306
Papua New Guinea,2021-07-09,16.250588100189255,0.0,43.46889487913571
Papua New Guinea,2021-07-10,16.46966484355817,0.0,43.96430669471362
Papua New Guinea,2021-07-11,16.688741586927087,0.0,44.456968702351205
Papua New Guinea,2021-07-12,16.907818330296003,0.0,44.9469613939533
Papua New Guinea,2021-07-13,17.12689507366492,0.0,45.43436140950479
Papua New Guinea,2021-07-14,17.34597181703382,0.0,45.91924179030033
Papua New Guinea,2021-07-15,17.565048560402737,0.0,46.40167221116393
Papua New Guinea,2021-07-16,17.784125303771653,0.0,46.88171919375001
Papua New Guinea,2021-07-17,18.00320204714057,0.0,47.359446302776746
Papua New Guinea,2021-07-18,18.222278790509485,0.0,47.834914326831445
Papua New Guinea,2021-07-19,18.441355533878387,0.0,48.308181445205236
Papua New Guinea,2021-07-20,18.660432277247303,0.0,48.77930338205418
Palestine,2021-06-21,15.943024901367018,0.0,37.59232754428029
Palestine,2021-06-22,16.162101644735927,0.0,38.157815125660285
Palestine,2021-06-23,16.381178388104843,0.0,38.71793102015465
Palestine,2021-06-24,16.60025513147376,0.0,39.27291762964212
Palestine,2021-06-25,16.819331874842668,0.0,39.822999655575295
Palestine,2021-06-26,17.038408618211584,0.0,40.368385857308546
Palestine,2021-06-27,17.257485361580493,0.0,40.90927059202871
Palestine,2021-06-28,17.47656210494941,0.0,41.44583516855555
Palestine,2021-06-29,17.695638848318318,0.0,41.97824904179177
Palestine,2021-06-30,17.914715591687234,0.0,42.506670870164925
Palestine,2021-07-01,18.13379233505615,0.0,43.03124945479256
Palestine,2021-07-02,18.35286907842506,0.0,43.55212457614918
Palestine,2021-07-03,18.571945821793975,0.0,44.06942774158452
Palestine,2021-07-04,18.791022565162883,0.0,44.58328285503496
Palestine,2021-07-05,19.0100993085318,0.0,45.09380681860364
Palestine,2021-07-06,19.229176051900716,0.0,45.601110074293615
Palestine,2021-07-07,19.448252795269624,0.0,46.10529709301408
Palestine,2021-07-08,19.66732953863854,0.0,46.606466816999486
Palestine,2021-07-09,19.88640628200745,0.0,47.104713060953905
Palestine,2021-07-10,20.105483025376365,0.0,47.600124876531815
Palestine,2021-07-11,20.324559768745274,0.0,48.092786884169385
Palestine,2021-07-12,20.54363651211419,0.0,48.58277957577149
Palestine,2021-07-13,20.762713255483106,0.0,49.07017959132297
Palestine,2021-07-14,20.981789998852015,0.0,49.55505997211853
Palestine,2021-07-15,21.20086674222093,0.0,50.03749039298212
Palestine,2021-07-16,21.41994348558984,0.0,50.517537375568196
Palestine,2021-07-17,21.639020228958756,0.0,50.995264484594934
Palestine,2021-07-18,21.858096972327672,0.0,51.47073250864963
Palestine,2021-07-19,22.07717371569658,0.0,51.94399962702343
Palestine,2021-07-20,22.296250459065497,0.0,52.415121563872376
Mali,2021-06-21,12.449570355912439,0.0,34.09887299882571
Mali,2021-06-22,12.668647099281348,0.0,34.66436058020571
Mali,2021-06-23,12.887723842650264,0.0,35.22447647470007
Mali,2021-06-24,13.10680058601918,0.0,35.77946308418754
Mali,2021-06-25,13.325877329388089,0.0,36.32954511012072
Mali,2021-06-26,13.544954072757005,0.0,36.87493131185397
Mali,2021-06-27,13.764030816125914,0.0,37.415816046574136
Mali,2021-06-28,13.98310755949483,0.0,37.952380623100964
Mali,2021-06-29,14.202184302863738,0.0,38.484794496337194
Mali,2021-06-30,14.421261046232654,0.0,39.01321632471035
Mali,2021-07-01,14.64033778960157,0.0,39.53779490933798
Mali,2021-07-02,14.859414532970483,0.0,40.0586700306946
Mali,2021-07-03,15.078491276339399,0.0,40.575973196129944
Mali,2021-07-04,15.2975680197083,0.0,41.089828309580376
Mali,2021-07-05,15.516644763077217,0.0,41.600352273149056
Mali,2021-07-06,15.735721506446133,0.0,42.10765552883903
Mali,2021-07-07,15.954798249815049,0.0,42.611842547559505
Mali,2021-07-08,16.173874993183965,0.0,43.11301227154492
Mali,2021-07-09,16.392951736552867,0.0,43.61125851549932
Mali,2021-07-10,16.612028479921783,0.0,44.10667033107723
Mali,2021-07-11,16.8311052232907,0.0,44.59933233871482
Mali,2021-07-12,17.050181966659615,0.0,45.089325030316914
Mali,2021-07-13,17.26925871002853,0.0,45.5767250458684
Mali,2021-07-14,17.488335453397433,0.0,46.061605426663945
Mali,2021-07-15,17.70741219676635,0.0,46.54403584752754
Mali,2021-07-16,17.926488940135265,0.0,47.02408283011362
Mali,2021-07-17,18.14556568350418,0.0,47.50180993914036
Mali,2021-07-18,18.364642426873097,0.0,47.97727796319506
Mali,2021-07-19,18.583719170242,0.0,48.45054508156885
Mali,2021-07-20,18.802795913610915,0.0,48.92166701841779
Eswatini,2021-06-21,15.71301467882158,0.0,37.36231732173485
Eswatini,2021-06-22,15.932091422190489,0.0,37.92780490311485
Eswatini,2021-06-23,16.151168165559405,0.0,38.487920797609206
Eswatini,2021-06-24,16.37024490892832,0.0,39.04290740709668
Eswatini,2021-06-25,16.58932165229723,0.0,39.59298943302986
Eswatini,2021-06-26,16.808398395666146,0.0,40.13837563476311
Eswatini,2021-06-27,17.027475139035054,0.0,40.67926036948327
Eswatini,2021-06-28,17.24655188240397,0.0,41.21582494601011
Eswatini,2021-06-29,17.46562862577288,0.0,41.74823881924634
Eswatini,2021-06-30,17.684705369141795,0.0,42.276660647619494
Eswatini,2021-07-01,17.90378211251071,0.0,42.80123923224713
Eswatini,2021-07-02,18.12285885587962,0.0,43.32211435360374
Eswatini,2021-07-03,18.341935599248536,0.0,43.83941751903908
Eswatini,2021-07-04,18.561012342617445,0.0,44.35327263248952
Eswatini,2021-07-05,18.78008908598636,0.0,44.863796596058194
Eswatini,2021-07-06,18.999165829355277,0.0,45.37109985174818
Eswatini,2021-07-07,19.218242572724186,0.0,45.87528687046864
Eswatini,2021-07-08,19.437319316093102,0.0,46.376456594454055
Eswatini,2021-07-09,19.65639605946201,0.0,46.87470283840847
Eswatini,2021-07-10,19.875472802830927,0.0,47.37011465398638
Eswatini,2021-07-11,20.094549546199836,0.0,47.862776661623954
Eswatini,2021-07-12,20.313626289568752,0.0,48.35276935322605
Eswatini,2021-07-13,20.53270303293767,0.0,48.84016936877754
Eswatini,2021-07-14,20.751779776306577,0.0,49.32504974957308
Eswatini,2021-07-15,20.970856519675493,0.0,49.80748017043669
Eswatini,2021-07-16,21.189933263044402,0.0,50.28752715302276
Eswatini,2021-07-17,21.409010006413318,0.0,50.765254262049496
Eswatini,2021-07-18,21.628086749782234,0.0,51.240722286104194
Eswatini,2021-07-19,21.847163493151143,0.0,51.713989404477985
Eswatini,2021-07-20,22.06624023652006,0.0,52.18511134132694
Armenia,2021-06-21,12.320796293992277,0.0,33.97009893690554
Armenia,2021-06-22,12.539873037361186,0.0,34.53558651828554
Armenia,2021-06-23,12.758949780730102,0.0,35.09570241277991
Armenia,2021-06-24,12.978026524099018,0.0,35.65068902226738
Armenia,2021-06-25,13.197103267467927,0.0,36.20077104820055
Armenia,2021-06-26,13.416180010836843,0.0,36.7461572499338
Armenia,2021-06-27,13.635256754205752,0.0,37.28704198465397
Armenia,2021-06-28,13.854333497574668,0.0,37.82360656118081
Armenia,2021-06-29,14.073410240943577,0.0,38.35602043441703
Armenia,2021-06-30,14.292486984312493,0.0,38.88444226279019
Armenia,2021-07-01,14.51156372768141,0.0,39.40902084741782
Armenia,2021-07-02,14.730640471050318,0.0,39.92989596877444
Armenia,2021-07-03,14.94971721441923,0.0,40.447199134209775
Armenia,2021-07-04,15.168793957788147,0.0,40.96105424766022
Armenia,2021-07-05,15.387870701157063,0.0,41.4715782112289
Armenia,2021-07-06,15.606947444525979,0.0,41.97888146691888
Armenia,2021-07-07,15.82602418789488,0.0,42.483068485639336
Armenia,2021-07-08,16.045100931263796,0.0,42.98423820962475
Armenia,2021-07-09,16.264177674632712,0.0,43.48248445357917
Armenia,2021-07-10,16.48325441800163,0.0,43.97789626915708
Armenia,2021-07-11,16.70233116137053,0.0,44.47055827679465
Armenia,2021-07-12,16.921407904739446,0.0,44.960550968396745
Armenia,2021-07-13,17.140484648108362,0.0,45.44795098394823
Armenia,2021-07-14,17.35956139147728,0.0,45.93283136474379
Armenia,2021-07-15,17.578638134846194,0.0,46.415261785607385
Armenia,2021-07-16,17.797714878215096,0.0,46.89530876819345
Armenia,2021-07-17,18.016791621584012,0.0,47.37303587722019
Armenia,2021-07-18,18.23586836495293,0.0,47.84850390127489
Armenia,2021-07-19,18.454945108321844,0.0,48.32177101964869
Armenia,2021-07-20,18.67402185169076,0.0,48.79289295649764
Uzbekistan,2021-06-21,13.774499997696061,0.0,35.42380264060933
Uzbekistan,2021-06-22,13.99357674106497,0.0,35.98929022198933
Uzbekistan,2021-06-23,14.212653484433886,0.0,36.549406116483695
Uzbekistan,2021-06-24,14.431730227802802,0.0,37.10439272597117
Uzbekistan,2021-06-25,14.650806971171711,0.0,37.65447475190434
Uzbekistan,2021-06-26,14.869883714540627,0.0,38.19986095363759
Uzbekistan,2021-06-27,15.088960457909536,0.0,38.740745688357755
Uzbekistan,2021-06-28,15.308037201278452,0.0,39.27731026488459
Uzbekistan,2021-06-29,15.527113944647361,0.0,39.809724138120814
Uzbekistan,2021-06-30,15.746190688016277,0.0,40.33814596649397
Uzbekistan,2021-07-01,15.965267431385193,0.0,40.8627245511216
Uzbekistan,2021-07-02,16.184344174754102,0.0,41.383599672478226
Uzbekistan,2021-07-03,16.403420918123018,0.0,41.90090283791356
Uzbekistan,2021-07-04,16.622497661491927,0.0,42.414757951364
Uzbekistan,2021-07-05,16.841574404860843,0.0,42.92528191493268
Uzbekistan,2021-07-06,17.06065114822976,0.0,43.43258517062266
Uzbekistan,2021-07-07,17.279727891598668,0.0,43.936772189343124
Uzbekistan,2021-07-08,17.498804634967584,0.0,44.43794191332853
Uzbekistan,2021-07-09,17.717881378336493,0.0,44.93618815728295
Uzbekistan,2021-07-10,17.93695812170541,0.0,45.43159997286086
Uzbekistan,2021-07-11,18.156034865074318,0.0,45.92426198049843
Uzbekistan,2021-07-12,18.375111608443234,0.0,46.41425467210053
Uzbekistan,2021-07-13,18.59418835181215,0.0,46.90165468765201
Uzbekistan,2021-07-14,18.81326509518106,0.0,47.38653506844757
Uzbekistan,2021-07-15,19.032341838549975,0.0,47.868965489311165
Uzbekistan,2021-07-16,19.251418581918884,0.0,48.34901247189724
Uzbekistan,2021-07-17,19.4704953252878,0.0,48.82673958092398
Uzbekistan,2021-07-18,19.689572068656716,0.0,49.302207604978676
Uzbekistan,2021-07-19,19.908648812025625,0.0,49.775474723352474
Uzbekistan,2021-07-20,20.12772555539454,0.0,50.24659666020142
Brunei,2021-06-21,14.914297898202939,0.0,36.56360054111621
Brunei,2021-06-22,15.13337464157184,0.0,37.1290881224962
Brunei,2021-06-23,15.352451384940757,0.0,37.68920401699056
Brunei,2021-06-24,15.571528128309673,0.0,38.24419062647803
Brunei,2021-06-25,15.790604871678589,0.0,38.794272652411216
Brunei,2021-06-26,16.009681615047505,0.0,39.33965885414447
Brunei,2021-06-27,16.228758358416407,0.0,39.880543588864626
Brunei,2021-06-28,16.447835101785323,0.0,40.41710816539146
Brunei,2021-06-29,16.66691184515424,0.0,40.94952203862769
Brunei,2021-06-30,16.885988588523155,0.0,41.477943867000846
Brunei,2021-07-01,17.10506533189207,0.0,42.00252245162848
Brunei,2021-07-02,17.324142075260973,0.0,42.52339757298509
Brunei,2021-07-03,17.54321881862989,0.0,43.04070073842043
Brunei,2021-07-04,17.762295561998805,0.0,43.55455585187088
Brunei,2021-07-05,17.98137230536772,0.0,44.06507981543956
Brunei,2021-07-06,18.200449048736637,0.0,44.572383071129536
Brunei,2021-07-07,18.41952579210554,0.0,45.076570089849994
Brunei,2021-07-08,18.638602535474455,0.0,45.57773981383541
Brunei,2021-07-09,18.85767927884337,0.0,46.07598605778983
Brunei,2021-07-10,19.076756022212287,0.0,46.57139787336774
Brunei,2021-07-11,19.29583276558119,0.0,47.064059881005306
Brunei,2021-07-12,19.514909508950105,0.0,47.554052572607404
Brunei,2021-07-13,19.73398625231902,0.0,48.04145258815889
Brunei,2021-07-14,19.953062995687937,0.0,48.52633296895445
Brunei,2021-07-15,20.172139739056853,0.0,49.00876338981804
Brunei,2021-07-16,20.391216482425754,0.0,49.48881037240411
Brunei,2021-07-17,20.61029322579467,0.0,49.96653748143085
Brunei,2021-07-18,20.829369969163587,0.0,50.44200550548555
Brunei,2021-07-19,21.048446712532503,0.0,50.91527262385935
Brunei,2021-07-20,21.26752345590142,0.0,51.3863945607083
Turkmenistan,2021-06-21,17.617985982770165,0.0,39.267288625683435
Turkmenistan,2021-06-22,17.837062726139074,0.0,39.83277620706343
Turkmenistan,2021-06-23,18.05613946950799,0.0,40.39289210155779
Turkmenistan,2021-06-24,18.275216212876906,0.0,40.94787871104526
Turkmenistan,2021-06-25,18.494292956245815,0.0,41.49796073697844
Turkmenistan,2021-06-26,18.71336969961473,0.0,42.04334693871169
Turkmenistan,2021-06-27,18.93244644298364,0.0,42.58423167343186
Turkmenistan,2021-06-28,19.151523186352556,0.0,43.120796249958694
Turkmenistan,2021-06-29,19.370599929721465,0.0,43.653210123194924
Turkmenistan,2021-06-30,19.58967667309038,0.0,44.18163195156808
Turkmenistan,2021-07-01,19.808753416459297,0.0,44.70621053619571
Turkmenistan,2021-07-02,20.027830159828206,0.0,45.22708565755232
Turkmenistan,2021-07-03,20.24690690319712,0.0,45.744388822987666
Turkmenistan,2021-07-04,20.46598364656603,0.0,46.258243936438106
Turkmenistan,2021-07-05,20.685060389934947,0.0,46.76876790000678
Turkmenistan,2021-07-06,20.904137133303863,0.0,47.27607115569676
Turkmenistan,2021-07-07,21.12321387667277,0.0,47.78025817441723
Turkmenistan,2021-07-08,21.342290620041688,0.0,48.28142789840264
Turkmenistan,2021-07-09,21.561367363410596,0.0,48.77967414235705
Turkmenistan,2021-07-10,21.780444106779512,0.0,49.27508595793496
Turkmenistan,2021-07-11,21.99952085014842,0.0,49.76774796557254
Turkmenistan,2021-07-12,22.218597593517337,0.0,50.25774065717464
Turkmenistan,2021-07-13,22.437674336886253,0.0,50.74514067272612
Turkmenistan,2021-07-14,22.656751080255162,0.0,51.23002105352167
Turkmenistan,2021-07-15,22.87582782362408,0.0,51.712451474385276
Turkmenistan,2021-07-16,23.094904566992987,0.0,52.19249845697134
Turkmenistan,2021-07-17,23.313981310361903,0.0,52.67022556599808
Turkmenistan,2021-07-18,23.53305805373082,0.0,53.14569359005278
Turkmenistan,2021-07-19,23.75213479709973,0.0,53.61896070842657
Turkmenistan,2021-07-20,23.971211540468644,0.0,54.09008264527552
South Sudan,2021-06-21,11.630659235266133,0.0,33.27996187817941
South Sudan,2021-06-22,11.849735978635042,0.0,33.845449459559404
South Sudan,2021-06-23,12.068812722003958,0.0,34.40556535405376
South Sudan,2021-06-24,12.287889465372874,0.0,34.960551963541235
South Sudan,2021-06-25,12.506966208741783,0.0,35.510633989474414
South Sudan,2021-06-26,12.7260429521107,0.0,36.056020191207665
South Sudan,2021-06-27,12.945119695479608,0.0,36.59690492592783
South Sudan,2021-06-28,13.164196438848524,0.0,37.13346950245466
South Sudan,2021-06-29,13.383273182217433,0.0,37.66588337569089
South Sudan,2021-06-30,13.60234992558635,0.0,38.194305204064044
South Sudan,2021-07-01,13.821426668955265,0.0,38.71888378869168
South Sudan,2021-07-02,14.040503412324174,0.0,39.239758910048295
South Sudan,2021-07-03,14.25958015569309,0.0,39.75706207548363
South Sudan,2021-07-04,14.478656899061999,0.0,40.27091718893408
South Sudan,2021-07-05,14.697733642430915,0.0,40.78144115250275
South Sudan,2021-07-06,14.916810385799828,0.0,41.28874440819273
South Sudan,2021-07-07,15.135887129168744,0.0,41.7929314269132
South Sudan,2021-07-08,15.35496387253766,0.0,42.29410115089861
South Sudan,2021-07-09,15.574040615906561,0.0,42.79234739485302
South Sudan,2021-07-10,15.793117359275477,0.0,43.28775921043093
South Sudan,2021-07-11,16.012194102644393,0.0,43.78042121806851
South Sudan,2021-07-12,16.23127084601331,0.0,44.27041390967061
South Sudan,2021-07-13,16.450347589382226,0.0,44.757813925222095
South Sudan,2021-07-14,16.669424332751127,0.0,45.24269430601764
South Sudan,2021-07-15,16.888501076120043,0.0,45.72512472688123
South Sudan,2021-07-16,17.10757781948896,0.0,46.205171709467315
South Sudan,2021-07-17,17.326654562857875,0.0,46.68289881849405
South Sudan,2021-07-18,17.54573130622679,0.0,47.15836684254875
South Sudan,2021-07-19,17.764808049595693,0.0,47.63163396092254
South Sudan,2021-07-20,17.98388479296461,0.0,48.10275589777149
Nauru,2021-06-21,24.48484358782447,2.8355409449112017,46.13414623073774
Nauru,2021-06-22,24.70392033119338,2.708206850269022,46.69963381211774
Nauru,2021-06-23,24.922997074562296,2.5862444425124913,47.2597497066121
Nauru,2021-06-24,25.142073817931212,2.4694113197628518,47.81473631609957
Nauru,2021-06-25,25.36115056130012,2.3574827805674943,48.36481834203275
Nauru,2021-06-26,25.580227304669037,2.250250065572075,48.910204543766
Nauru,2021-06-27,25.799304048037946,2.1475188175897273,49.451089278486165
Nauru,2021-06-28,26.018380791406862,2.049107727800724,49.987653855013
Nauru,2021-06-29,26.23745753477577,1.9548473413023153,50.52006772824923
Nauru,2021-06-30,26.456534278144687,1.8645789996669926,51.048489556622386
Nauru,2021-07-01,26.675611021513603,1.7781539017771912,51.57306814125002
Nauru,2021-07-02,26.894687764882512,1.6954322671583917,52.09394326260663
Nauru,2021-07-03,27.11376450825143,1.6162825884608836,52.61124642804197
Nauru,2021-07-04,27.332841251620337,1.5405809617482618,53.12510154149241
Nauru,2021-07-05,27.551917994989253,1.4682104849174173,53.635625505061086
Nauru,2021-07-06,27.77099473835817,1.3990607159652697,54.14292876075107
Nauru,2021-07-07,27.990071481727078,1.3330271839826224,54.647115779471534
Nauru,2021-07-08,28.209148225095994,1.270010946735045,55.14828550345695
Nauru,2021-07-09,28.428224968464903,1.2099181895184472,55.64653174741136
Nauru,2021-07-10,28.64730171183382,1.1526598606783693,56.14194356298927
Nauru,2021-07-11,28.866378455202728,1.0981513397786138,56.634605570626846
Nauru,2021-07-12,29.085455198571644,1.046312134914345,57.12459826222894
Nauru,2021-07-13,29.30453194194056,0.9970656061006942,57.61199827778043
Nauru,2021-07-14,29.52360868530947,0.95033871204296,58.096878658575974
Nauru,2021-07-15,29.742685428678385,0.9060617779171913,58.57930907943958
Nauru,2021-07-16,29.961762172047294,0.8641682820689383,59.05935606202565
Nauru,2021-07-17,30.18083891541621,0.8245946597800327,59.53708317105239
Nauru,2021-07-18,30.399915658785126,0.7872801224631658,60.012551195107086
Nauru,2021-07-19,30.618992402154035,0.7521664908271894,60.48581831348088
Nauru,2021-07-20,30.83806914552295,0.7191980407160727,60.95694025032983
Ethiopia,2021-06-21,12.104191413911416,0.0,33.753494056824685
Ethiopia,2021-06-22,12.323268157280324,0.0,34.31898163820468
Ethiopia,2021-06-23,12.54234490064924,0.0,34.87909753269905
Ethiopia,2021-06-24,12.761421644018156,0.0,35.43408414218652
Ethiopia,2021-06-25,12.980498387387065,0.0,35.98416616811969
Ethiopia,2021-06-26,13.199575130755981,0.0,36.529552369852944
Ethiopia,2021-06-27,13.41865187412489,0.0,37.07043710457311
Ethiopia,2021-06-28,13.637728617493806,0.0,37.607001681099945
Ethiopia,2021-06-29,13.856805360862715,0.0,38.13941555433617
Ethiopia,2021-06-30,14.075882104231631,0.0,38.66783738270932
Ethiopia,2021-07-01,14.294958847600547,0.0,39.192415967336956
Ethiopia,2021-07-02,14.514035590969456,0.0,39.71329108869358
Ethiopia,2021-07-03,14.733112334338372,0.0,40.23059425412892
Ethiopia,2021-07-04,14.952189077707281,0.0,40.74444936757936
Ethiopia,2021-07-05,15.171265821076197,0.0,41.25497333114804
Ethiopia,2021-07-06,15.390342564445113,0.0,41.76227658683801
Ethiopia,2021-07-07,15.609419307814022,0.0,42.26646360555848
Ethiopia,2021-07-08,15.828496051182938,0.0,42.767633329543884
Ethiopia,2021-07-09,16.047572794551847,0.0,43.2658795734983
Ethiopia,2021-07-10,16.266649537920763,0.0,43.76129138907621
Ethiopia,2021-07-11,16.485726281289672,0.0,44.25395339671378
Ethiopia,2021-07-12,16.704803024658588,0.0,44.74394608831589
Ethiopia,2021-07-13,16.923879768027504,0.0,45.23134610386737
Ethiopia,2021-07-14,17.142956511396413,0.0,45.716226484662926
Ethiopia,2021-07-15,17.36203325476533,0.0,46.19865690552652
Ethiopia,2021-07-16,17.581109998134238,0.0,46.678703888112594
Ethiopia,2021-07-17,17.800186741503154,0.0,47.15643099713933
Ethiopia,2021-07-18,18.01926348487207,0.0,47.63189902119403
Ethiopia,2021-07-19,18.23834022824098,0.0,48.10516613956783
Ethiopia,2021-07-20,18.457416971609895,0.0,48.57628807641677
Bonaire Sint Eustatius and Saba,2021-06-21,37.832602265922226,16.183299623008956,59.481904908835496
Bonaire Sint Eustatius and Saba,2021-06-22,38.051679009291135,16.055965528366777,60.04739249021549
Bonaire Sint Eustatius and Saba,2021-06-23,38.27075575266005,15.934003120610246,60.60750838470986
Bonaire Sint Eustatius and Saba,2021-06-24,38.48983249602897,15.817169997860606,61.16249499419733
Bonaire Sint Eustatius and Saba,2021-06-25,38.708909239397876,15.705241458665249,61.7125770201305
Bonaire Sint Eustatius and Saba,2021-06-26,38.92798598276679,15.59800874366983,62.257963221863754
Bonaire Sint Eustatius and Saba,2021-06-27,39.1470627261357,15.495277495687482,62.79884795658392
Bonaire Sint Eustatius and Saba,2021-06-28,39.36613946950462,15.396866405898479,63.335412533110755
Bonaire Sint Eustatius and Saba,2021-06-29,39.585216212873526,15.30260601940007,63.86782640634698
Bonaire Sint Eustatius and Saba,2021-06-30,39.80429295624244,15.212337677764747,64.39624823472013
Bonaire Sint Eustatius and Saba,2021-07-01,40.02336969961136,15.125912579874946,64.92082681934777
Bonaire Sint Eustatius and Saba,2021-07-02,40.24244644298027,15.043190945256146,65.44170194070439
Bonaire Sint Eustatius and Saba,2021-07-03,40.46152318634918,14.964041266558638,65.95900510613973
Bonaire Sint Eustatius and Saba,2021-07-04,40.68059992971809,14.888339639846016,66.47286021959016
Bonaire Sint Eustatius and Saba,2021-07-05,40.89967667308701,14.815969163015172,66.98338418315885
Bonaire Sint Eustatius and Saba,2021-07-06,41.118753416455924,14.746819394063024,67.49068743884882
Bonaire Sint Eustatius and Saba,2021-07-07,41.33783015982483,14.680785862080377,67.9948744575693
Bonaire Sint Eustatius and Saba,2021-07-08,41.55690690319375,14.6177696248328,68.4960441815547
Bonaire Sint Eustatius and Saba,2021-07-09,41.77598364656266,14.557676867616202,68.99429042550912
Bonaire Sint Eustatius and Saba,2021-07-10,41.995060389931574,14.500418538776124,69.48970224108703
Bonaire Sint Eustatius and Saba,2021-07-11,42.21413713330048,14.445910017876368,69.9823642487246
Bonaire Sint Eustatius and Saba,2021-07-12,42.4332138766694,14.3940708130121,70.4723569403267
Bonaire Sint Eustatius and Saba,2021-07-13,42.652290620038315,14.344824284198449,70.95975695587818
Bonaire Sint Eustatius and Saba,2021-07-14,42.871367363407224,14.298097390140715,71.44463733667374
Bonaire Sint Eustatius and Saba,2021-07-15,43.09044410677614,14.253820456014946,71.92706775753733
Bonaire Sint Eustatius and Saba,2021-07-16,43.30952085014505,14.211926960166693,72.4071147401234
Bonaire Sint Eustatius and Saba,2021-07-17,43.528597593513965,14.172353337877787,72.88484184915015
Bonaire Sint Eustatius and Saba,2021-07-18,43.74767433688288,14.13503880056092,73.36030987320484
Bonaire Sint Eustatius and Saba,2021-07-19,43.96675108025179,14.099925168924944,73.83357699157864
Bonaire Sint Eustatius and Saba,2021-07-20,44.185827823620706,14.066956718813827,74.30469892842758
Cameroon,2021-06-21,10.906344251285255,0.0,32.555646894198524
Cameroon,2021-06-22,11.125420994654164,0.0,33.12113447557852
Cameroon,2021-06-23,11.34449773802308,0.0,33.68125037007289
Cameroon,2021-06-24,11.563574481391996,0.0,34.23623697956036
Cameroon,2021-06-25,11.782651224760905,0.0,34.78631900549353
Cameroon,2021-06-26,12.00172796812982,0.0,35.33170520722678
Cameroon,2021-06-27,12.22080471149873,0.0,35.87258994194695
Cameroon,2021-06-28,12.439881454867646,0.0,36.409154518473784
Cameroon,2021-06-29,12.658958198236554,0.0,36.94156839171001
Cameroon,2021-06-30,12.87803494160547,0.0,37.46999022008316
Cameroon,2021-07-01,13.097111684974386,0.0,37.994568804710795
Cameroon,2021-07-02,13.316188428343295,0.0,38.51544392606742
Cameroon,2021-07-03,13.535265171712211,0.0,39.032747091502756
Cameroon,2021-07-04,13.75434191508112,0.0,39.546602204953196
Cameroon,2021-07-05,13.973418658450036,0.0,40.057126168521876
Cameroon,2021-07-06,14.192495401818952,0.0,40.56442942421185
Cameroon,2021-07-07,14.411572145187861,0.0,41.06861644293232
Cameroon,2021-07-08,14.630648888556777,0.0,41.56978616691772
Cameroon,2021-07-09,14.849725631925686,0.0,42.06803241087214
Cameroon,2021-07-10,15.068802375294602,0.0,42.56344422645005
Cameroon,2021-07-11,15.287879118663511,0.0,43.05610623408762
Cameroon,2021-07-12,15.506955862032427,0.0,43.546098925689726
Cameroon,2021-07-13,15.726032605401343,0.0,44.033498941241206
Cameroon,2021-07-14,15.945109348770252,0.0,44.518379322036765
Cameroon,2021-07-15,16.16418609213917,0.0,45.00080974290036
Cameroon,2021-07-16,16.383262835508077,0.0,45.48085672548643
Cameroon,2021-07-17,16.602339578876993,0.0,45.95858383451317
Cameroon,2021-07-18,16.82141632224591,0.0,46.43405185856787
Cameroon,2021-07-19,17.040493065614818,0.0,46.90731897694167
Cameroon,2021-07-20,17.259569808983734,0.0,47.37844091379061
Zambia,2021-06-21,10.926972053354412,0.0,32.57627469626768
Zambia,2021-06-22,11.14604879672332,0.0,33.14176227764768
Zambia,2021-06-23,11.365125540092237,0.0,33.701878172142045
Zambia,2021-06-24,11.584202283461153,0.0,34.25686478162952
Zambia,2021-06-25,11.803279026830062,0.0,34.80694680756269
Zambia,2021-06-26,12.022355770198978,0.0,35.35233300929594
Zambia,2021-06-27,12.241432513567887,0.0,35.893217744016106
Zambia,2021-06-28,12.460509256936803,0.0,36.42978232054294
Zambia,2021-06-29,12.679586000305711,0.0,36.962196193779164
Zambia,2021-06-30,12.898662743674628,0.0,37.49061802215232
Zambia,2021-07-01,13.117739487043544,0.0,38.01519660677995
Zambia,2021-07-02,13.336816230412452,0.0,38.53607172813658
Zambia,2021-07-03,13.555892973781368,0.0,39.05337489357191
Zambia,2021-07-04,13.774969717150277,0.0,39.56723000702235
Zambia,2021-07-05,13.994046460519193,0.0,40.07775397059103
Zambia,2021-07-06,14.21312320388811,0.0,40.58505722628101
Zambia,2021-07-07,14.432199947257018,0.0,41.089244245001474
Zambia,2021-07-08,14.651276690625934,0.0,41.59041396898688
Zambia,2021-07-09,14.870353433994843,0.0,42.0886602129413
Zambia,2021-07-10,15.08943017736376,0.0,42.58407202851921
Zambia,2021-07-11,15.308506920732668,0.0,43.07673403615678
Zambia,2021-07-12,15.527583664101584,0.0,43.56672672775888
Zambia,2021-07-13,15.7466604074705,0.0,44.05412674331036
Zambia,2021-07-14,15.96573715083941,0.0,44.53900712410592
Zambia,2021-07-15,16.184813894208325,0.0,45.021437544969515
Zambia,2021-07-16,16.403890637577234,0.0,45.50148452755559
Zambia,2021-07-17,16.62296738094615,0.0,45.97921163658233
Zambia,2021-07-18,16.842044124315066,0.0,46.45467966063703
Zambia,2021-07-19,17.061120867683975,0.0,46.927946779010824
Zambia,2021-07-20,17.28019761105289,0.0,47.39906871585977
Timor,2021-06-21,12.16747205335616,0.0,33.816774696269434
Timor,2021-06-22,12.38654879672507,0.0,34.38226227764943
Timor,2021-06-23,12.605625540093985,0.0,34.94237817214379
Timor,2021-06-24,12.824702283462901,0.0,35.49736478163126
Timor,2021-06-25,13.04377902683181,0.0,36.04744680756444
Timor,2021-06-26,13.262855770200726,0.0,36.59283300929769
Timor,2021-06-27,13.481932513569635,0.0,37.13371774401786
Timor,2021-06-28,13.701009256938551,0.0,37.670282320544686
Timor,2021-06-29,13.92008600030746,0.0,38.202696193780916
Timor,2021-06-30,14.139162743676376,0.0,38.73111802215407
Timor,2021-07-01,14.358239487045292,0.0,39.255696606781704
Timor,2021-07-02,14.577316230414201,0.0,39.77657172813832
Timor,2021-07-03,14.79639297378312,0.0,40.293874893573665
Timor,2021-07-04,15.015469717152023,0.0,40.8077300070241
Timor,2021-07-05,15.234546460520939,0.0,41.31825397059278
Timor,2021-07-06,15.453623203889855,0.0,41.825557226282754
Timor,2021-07-07,15.67269994725877,0.0,42.329744245003226
Timor,2021-07-08,15.891776690627687,0.0,42.83091396898864
Timor,2021-07-09,16.11085343399659,0.0,43.329160212943044
Timor,2021-07-10,16.329930177365505,0.0,43.824572028520954
Timor,2021-07-11,16.54900692073442,0.0,44.31723403615854
Timor,2021-07-12,16.768083664103337,0.0,44.807226727760636
Timor,2021-07-13,16.987160407472253,0.0,45.29462674331212
Timor,2021-07-14,17.206237150841154,0.0,45.77950712410767
Timor,2021-07-15,17.42531389421007,0.0,46.26193754497126
Timor,2021-07-16,17.644390637578987,0.0,46.74198452755734
Timor,2021-07-17,17.863467380947903,0.0,47.21971163658408
Timor,2021-07-18,18.08254412431682,0.0,47.69517966063878
Timor,2021-07-19,18.30162086768572,0.0,48.16844677901257
Timor,2021-07-20,18.520697611054636,0.0,48.639568715861515
Congo,2021-06-21,10.930222053394395,0.0,32.579524696307665
Congo,2021-06-22,11.149298796763304,0.0,33.14501227768766
Congo,2021-06-23,11.36837554013222,0.0,33.70512817218203
Congo,2021-06-24,11.587452283501136,0.0,34.2601147816695
Congo,2021-06-25,11.806529026870045,0.0,34.81019680760267
Congo,2021-06-26,12.025605770238961,0.0,35.35558300933592
Congo,2021-06-27,12.24468251360787,0.0,35.89646774405609
Congo,2021-06-28,12.463759256976786,0.0,36.433032320582925
Congo,2021-06-29,12.682836000345695,0.0,36.96544619381915
Congo,2021-06-30,12.901912743714611,0.0,37.4938680221923
Congo,2021-07-01,13.120989487083527,0.0,38.018446606819936
Congo,2021-07-02,13.340066230452436,0.0,38.53932172817656
Congo,2021-07-03,13.559142973821352,0.0,39.0566248936119
Congo,2021-07-04,13.778219717190261,0.0,39.570480007062336
Congo,2021-07-05,13.997296460559177,0.0,40.081003970631016
Congo,2021-07-06,14.216373203928093,0.0,40.58830722632099
Congo,2021-07-07,14.435449947297002,0.0,41.09249424504146
Congo,2021-07-08,14.654526690665918,0.0,41.59366396902686
Congo,2021-07-09,14.873603434034827,0.0,42.09191021298128
Congo,2021-07-10,15.092680177403743,0.0,42.58732202855919
Congo,2021-07-11,15.311756920772652,0.0,43.07998403619676
Congo,2021-07-12,15.530833664141568,0.0,43.56997672779887
Congo,2021-07-13,15.749910407510484,0.0,44.057376743350346
Congo,2021-07-14,15.968987150879393,0.0,44.542257124145905
Congo,2021-07-15,16.18806389424831,0.0,45.0246875450095
Congo,2021-07-16,16.407140637617218,0.0,45.50473452759557
Congo,2021-07-17,16.626217380986134,0.0,45.98246163662231
Congo,2021-07-18,16.84529412435505,0.0,46.45792966067701
Congo,2021-07-19,17.06437086772396,0.0,46.93119677905081
Congo,2021-07-20,17.283447611092875,0.0,47.40231871589975
Somalia,2021-06-21,11.060390722100635,0.0,32.709693365013905
Somalia,2021-06-22,11.279467465469544,0.0,33.2751809463939
Somalia,2021-06-23,11.49854420883846,0.0,33.83529684088826
Somalia,2021-06-24,11.717620952207376,0.0,34.39028345037573
Somalia,2021-06-25,11.936697695576285,0.0,34.94036547630891
Somalia,2021-06-26,12.155774438945201,0.0,35.48575167804216
Somalia,2021-06-27,12.37485118231411,0.0,36.02663641276233
Somalia,2021-06-28,12.593927925683026,0.0,36.563200989289165
Somalia,2021-06-29,12.813004669051935,0.0,37.095614862525395
Somalia,2021-06-30,13.032081412420851,0.0,37.62403669089855
Somalia,2021-07-01,13.251158155789767,0.0,38.14861527552618
Somalia,2021-07-02,13.470234899158676,0.0,38.66949039688279
Somalia,2021-07-03,13.689311642527592,0.0,39.18679356231814
Somalia,2021-07-04,13.908388385896501,0.0,39.700648675768576
Somalia,2021-07-05,14.127465129265417,0.0,40.21117263933725
Somalia,2021-07-06,14.346541872634333,0.0,40.71847589502723
Somalia,2021-07-07,14.565618616003242,0.0,41.2226629137477
Somalia,2021-07-08,14.784695359372158,0.0,41.72383263773311
Somalia,2021-07-09,15.003772102741067,0.0,42.22207888168752
Somalia,2021-07-10,15.222848846109983,0.0,42.71749069726543
Somalia,2021-07-11,15.441925589478892,0.0,43.21015270490301
Somalia,2021-07-12,15.661002332847808,0.0,43.70014539650511
Somalia,2021-07-13,15.880079076216724,0.0,44.18754541205659
Somalia,2021-07-14,16.099155819585633,0.0,44.67242579285214
Somalia,2021-07-15,16.31823256295455,0.0,45.154856213715746
Somalia,2021-07-16,16.537309306323458,0.0,45.63490319630181
Somalia,2021-07-17,16.756386049692374,0.0,46.11263030532855
Somalia,2021-07-18,16.97546279306129,0.0,46.58809832938325
Somalia,2021-07-19,17.1945395364302,0.0,47.06136544775704
Somalia,2021-07-20,17.413616279799115,0.0,47.53248738460599
Libya,2021-06-21,10.889309641015405,0.0,32.53861228392867
Libya,2021-06-22,11.108386384384314,0.0,33.10409986530867
Libya,2021-06-23,11.32746312775323,0.0,33.664215759803035
Libya,2021-06-24,11.546539871122146,0.0,34.21920236929051
Libya,2021-06-25,11.765616614491055,0.0,34.76928439522368
Libya,2021-06-26,11.984693357859971,0.0,35.31467059695693
Libya,2021-06-27,12.20377010122888,0.0,35.855555331677095
Libya,2021-06-28,12.422846844597796,0.0,36.39211990820394
Libya,2021-06-29,12.641923587966705,0.0,36.92453378144016
Libya,2021-06-30,12.861000331335621,0.0,37.452955609813316
Libya,2021-07-01,13.080077074704537,0.0,37.97753419444095
Libya,2021-07-02,13.299153818073446,0.0,38.498409315797566
Libya,2021-07-03,13.518230561442362,0.0,39.01571248123291
Libya,2021-07-04,13.73730730481127,0.0,39.52956759468334
Libya,2021-07-05,13.956384048180187,0.0,40.04009155825202
Libya,2021-07-06,14.175460791549103,0.0,40.547394813942006
Libya,2021-07-07,14.394537534918012,0.0,41.051581832662464
Libya,2021-07-08,14.613614278286928,0.0,41.55275155664788
Libya,2021-07-09,14.83269102165584,0.0,42.050997800602296
Libya,2021-07-10,15.051767765024756,0.0,42.546409616180206
Libya,2021-07-11,15.270844508393658,0.0,43.039071623817776
Libya,2021-07-12,15.489921251762574,0.0,43.52906431541987
Libya,2021-07-13,15.70899799513149,0.0,44.01646433097136
Libya,2021-07-14,15.928074738500406,0.0,44.50134471176692
Libya,2021-07-15,16.147151481869322,0.0,44.98377513263051
Libya,2021-07-16,16.366228225238224,0.0,45.46382211521658
Libya,2021-07-17,16.58530496860714,0.0,45.94154922424332
Libya,2021-07-18,16.804381711976056,0.0,46.417017248298016
Libya,2021-07-19,17.023458455344972,0.0,46.89028436667182
Libya,2021-07-20,17.242535198713888,0.0,47.361406303520766
Djibouti,2021-06-21,11.498228559940184,0.0,33.14753120285346
Djibouti,2021-06-22,11.717305303309093,0.0,33.713018784233455
Djibouti,2021-06-23,11.936382046678009,0.0,34.273134678727814
Djibouti,2021-06-24,12.155458790046925,0.0,34.828121288215286
Djibouti,2021-06-25,12.374535533415834,0.0,35.378203314148465
Djibouti,2021-06-26,12.59361227678475,0.0,35.923589515881716
Djibouti,2021-06-27,12.812689020153659,0.0,36.46447425060188
Djibouti,2021-06-28,13.031765763522575,0.0,37.00103882712871
Djibouti,2021-06-29,13.250842506891484,0.0,37.53345270036494
Djibouti,2021-06-30,13.4699192502604,0.0,38.061874528738095
Djibouti,2021-07-01,13.688995993629316,0.0,38.58645311336573
Djibouti,2021-07-02,13.908072736998225,0.0,39.107328234722345
Djibouti,2021-07-03,14.127149480367141,0.0,39.62463140015768
Djibouti,2021-07-04,14.34622622373605,0.0,40.13848651360813
Djibouti,2021-07-05,14.565302967104966,0.0,40.6490104771768
Djibouti,2021-07-06,14.784379710473878,0.0,41.15631373286678
Djibouti,2021-07-07,15.003456453842794,0.0,41.66050075158725
Djibouti,2021-07-08,15.22253319721171,0.0,42.16167047557266
Djibouti,2021-07-09,15.441609940580612,0.0,42.65991671952707
Djibouti,2021-07-10,15.660686683949528,0.0,43.15532853510498
Djibouti,2021-07-11,15.879763427318444,0.0,43.64799054274256
Djibouti,2021-07-12,16.09884017068736,0.0,44.13798323434466
Djibouti,2021-07-13,16.317916914056276,0.0,44.625383249896146
Djibouti,2021-07-14,16.536993657425178,0.0,45.11026363069169
Djibouti,2021-07-15,16.756070400794094,0.0,45.592694051555284
Djibouti,2021-07-16,16.97514714416301,0.0,46.072741034141366
Djibouti,2021-07-17,17.194223887531926,0.0,46.5504681431681
Djibouti,2021-07-18,17.413300630900842,0.0,47.0259361672228
Djibouti,2021-07-19,17.632377374269744,0.0,47.49920328559659
Djibouti,2021-07-20,17.85145411763866,0.0,47.97032522244554
Democratic Republic of Congo,2021-06-21,10.191235233291508,0.0,31.840537876204777
Democratic Republic of Congo,2021-06-22,10.410311976660417,0.0,32.406025457584775
Democratic Republic of Congo,2021-06-23,10.629388720029333,0.0,32.966141352079134
Democratic Republic of Congo,2021-06-24,10.848465463398249,0.0,33.521127961566606
Democratic Republic of Congo,2021-06-25,11.067542206767158,0.0,34.071209987499785
Democratic Republic of Congo,2021-06-26,11.286618950136074,0.0,34.616596189233036
Democratic Republic of Congo,2021-06-27,11.505695693504983,0.0,35.1574809239532
Democratic Republic of Congo,2021-06-28,11.724772436873899,0.0,35.69404550048004
Democratic Republic of Congo,2021-06-29,11.943849180242808,0.0,36.22645937371627
Democratic Republic of Congo,2021-06-30,12.162925923611724,0.0,36.75488120208942
Democratic Republic of Congo,2021-07-01,12.38200266698064,0.0,37.279459786717055
Democratic Republic of Congo,2021-07-02,12.601079410349548,0.0,37.800334908073665
Democratic Republic of Congo,2021-07-03,12.820156153718465,0.0,38.31763807350901
Democratic Republic of Congo,2021-07-04,13.039232897087373,0.0,38.83149318695945
Democratic Republic of Congo,2021-07-05,13.25830964045629,0.0,39.34201715052812
Democratic Republic of Congo,2021-07-06,13.477386383825205,0.0,39.849320406218105
Democratic Republic of Congo,2021-07-07,13.696463127194114,0.0,40.35350742493857
Democratic Republic of Congo,2021-07-08,13.91553987056303,0.0,40.85467714892398
Democratic Republic of Congo,2021-07-09,14.13461661393194,0.0,41.352923392878395
Democratic Republic of Congo,2021-07-10,14.353693357300855,0.0,41.848335208456305
Democratic Republic of Congo,2021-07-11,14.572770100669764,0.0,42.34099721609388
Democratic Republic of Congo,2021-07-12,14.79184684403868,0.0,42.83098990769598
Democratic Republic of Congo,2021-07-13,15.010923587407596,0.0,43.318389923247466
Democratic Republic of Congo,2021-07-14,15.230000330776505,0.0,43.80327030404301
Democratic Republic of Congo,2021-07-15,15.449077074145421,0.0,44.28570072490662
Democratic Republic of Congo,2021-07-16,15.66815381751433,0.0,44.765747707492686
Democratic Republic of Congo,2021-07-17,15.887230560883246,0.0,45.243474816519424
Democratic Republic of Congo,2021-07-18,16.106307304252162,0.0,45.71894284057412
Democratic Republic of Congo,2021-07-19,16.32538404762107,0.0,46.19220995894791
Democratic Republic of Congo,2021-07-20,16.544460790989987,0.0,46.663331895796865
Tonga,2021-06-21,20.56622711737983,0.0,42.2155297602931
Tonga,2021-06-22,20.78530386074874,0.0,42.7810173416731
Tonga,2021-06-23,21.004380604117657,0.0,43.341133236167465
Tonga,2021-06-24,21.223457347486573,0.0,43.89611984565494
Tonga,2021-06-25,21.44253409085548,0.0,44.44620187158811
Tonga,2021-06-26,21.661610834224398,0.0,44.99158807332136
Tonga,2021-06-27,21.880687577593307,0.0,45.532472808041526
Tonga,2021-06-28,22.099764320962223,0.0,46.06903738456836
Tonga,2021-06-29,22.31884106433113,0.0,46.601451257804584
Tonga,2021-06-30,22.537917807700047,0.0,47.12987308617774
Tonga,2021-07-01,22.756994551068964,0.0,47.65445167080537
Tonga,2021-07-02,22.976071294437872,0.0,48.175326792162
Tonga,2021-07-03,23.19514803780679,0.0,48.69262995759733
Tonga,2021-07-04,23.414224781175697,0.0,49.20648507104777
Tonga,2021-07-05,23.633301524544613,0.0,49.71700903461645
Tonga,2021-07-06,23.85237826791353,0.0,50.22431229030643
Tonga,2021-07-07,24.07145501128244,0.0,50.728499309026894
Tonga,2021-07-08,24.290531754651354,0.0,51.2296690330123
Tonga,2021-07-09,24.509608498020263,0.0,51.72791527696672
Tonga,2021-07-10,24.72868524138918,0.0,52.22332709254463
Tonga,2021-07-11,24.94776198475809,0.0,52.7159891001822
Tonga,2021-07-12,25.166838728127004,0.0,53.2059817917843
Tonga,2021-07-13,25.38591547149592,0.0,53.69338180733578
Tonga,2021-07-14,25.60499221486483,0.0,54.17826218813134
Tonga,2021-07-15,25.824068958233745,0.0,54.660692608994935
Tonga,2021-07-16,26.043145701602654,0.0,55.14073959158101
Tonga,2021-07-17,26.26222244497157,0.0,55.61846670060775
Tonga,2021-07-18,26.481299188340486,0.0,56.09393472466245
Tonga,2021-07-19,26.700375931709395,0.0,56.567201843036244
Tonga,2021-07-20,26.91945267507831,0.0,57.03832377988519
Comoros,2021-06-21,12.648453451574703,0.0,34.29775609448797
Comoros,2021-06-22,12.867530194943612,0.0,34.86324367586797
Comoros,2021-06-23,13.086606938312528,0.0,35.42335957036234
Comoros,2021-06-24,13.305683681681444,0.0,35.97834617984981
Comoros,2021-06-25,13.524760425050353,0.0,36.52842820578298
Comoros,2021-06-26,13.743837168419269,0.0,37.07381440751623
Comoros,2021-06-27,13.962913911788178,0.0,37.6146991422364
Comoros,2021-06-28,14.181990655157094,0.0,38.15126371876323
Comoros,2021-06-29,14.401067398526003,0.0,38.683677591999455
Comoros,2021-06-30,14.620144141894919,0.0,39.21209942037261
Comoros,2021-07-01,14.839220885263835,0.0,39.73667800500024
Comoros,2021-07-02,15.058297628632744,0.0,40.25755312635687
Comoros,2021-07-03,15.27737437200166,0.0,40.774856291792204
Comoros,2021-07-04,15.496451115370569,0.0,41.288711405242644
Comoros,2021-07-05,15.715527858739485,0.0,41.799235368811324
Comoros,2021-07-06,15.9346046021084,0.0,42.3065386245013
Comoros,2021-07-07,16.15368134547731,0.0,42.810725643221765
Comoros,2021-07-08,16.372758088846226,0.0,43.31189536720717
Comoros,2021-07-09,16.591834832215135,0.0,43.81014161116159
Comoros,2021-07-10,16.81091157558405,0.0,44.3055534267395
Comoros,2021-07-11,17.02998831895296,0.0,44.79821543437707
Comoros,2021-07-12,17.249065062321876,0.0,45.288208125979175
Comoros,2021-07-13,17.46814180569079,0.0,45.775608141530654
Comoros,2021-07-14,17.6872185490597,0.0,46.26048852232621
Comoros,2021-07-15,17.906295292428617,0.0,46.74291894318981
Comoros,2021-07-16,18.125372035797525,0.0,47.22296592577588
Comoros,2021-07-17,18.34444877916644,0.0,47.70069303480262
Comoros,2021-07-18,18.563525522535357,0.0,48.17616105885732
Comoros,2021-07-19,18.782602265904266,0.0,48.649428177231115
Comoros,2021-07-20,19.001679009273182,0.0,49.12055011408006
Tuvalu,2021-06-21,29.551223221466834,7.901920578553565,51.200525864380104
Tuvalu,2021-06-22,29.770299964835743,7.774586483911385,51.7660134457601
Tuvalu,2021-06-23,29.98937670820466,7.652624076154854,52.32612934025447
Tuvalu,2021-06-24,30.208453451573575,7.535790953405215,52.88111594974194
Tuvalu,2021-06-25,30.427530194942484,7.423862414209857,53.43119797567511
Tuvalu,2021-06-26,30.6466069383114,7.316629699214438,53.97658417740836
Tuvalu,2021-06-27,30.86568368168031,7.21389845123209,54.51746891212853
Tuvalu,2021-06-28,31.084760425049225,7.115487361443087,55.054033488655364
Tuvalu,2021-06-29,31.303837168418134,7.021226974944678,55.58644736189159
Tuvalu,2021-06-30,31.52291391178705,6.930958633309356,56.11486919026474
Tuvalu,2021-07-01,31.741990655155966,6.844533535419554,56.639447774892375
Tuvalu,2021-07-02,31.961067398524875,6.761811900800755,57.160322896249
Tuvalu,2021-07-03,32.18014414189379,6.682662222103247,57.677626061684336
Tuvalu,2021-07-04,32.3992208852627,6.606960595390625,58.191481175134776
Tuvalu,2021-07-05,32.618297628631616,6.53459011855978,58.702005138703456
Tuvalu,2021-07-06,32.83737437200053,6.465440349607633,59.20930839439343
Tuvalu,2021-07-07,33.05645111536944,6.399406817624985,59.7134954131139
Tuvalu,2021-07-08,33.27552785873836,6.336390580377408,60.2146651370993
Tuvalu,2021-07-09,33.494604602107266,6.27629782316081,60.71291138105372
Tuvalu,2021-07-10,33.71368134547618,6.219039494320732,61.20832319663163
Tuvalu,2021-07-11,33.93275808884509,6.164530973420977,61.7009852042692
Tuvalu,2021-07-12,34.15183483221401,6.112691768556708,62.190977895871306
Tuvalu,2021-07-13,34.37091157558292,6.063445239743057,62.678377911422785
Tuvalu,2021-07-14,34.58998831895183,6.016718345685323,63.163258292218345
Tuvalu,2021-07-15,34.80906506232075,5.972441411559554,63.64568871308194
Tuvalu,2021-07-16,35.02814180568966,5.930547915711301,64.12573569566801
Tuvalu,2021-07-17,35.24721854905857,5.890974293422396,64.60346280469474
Tuvalu,2021-07-18,35.46629529242749,5.853659756105529,65.07893082874945
Tuvalu,2021-07-19,35.6853720357964,5.818546124469552,65.55219794712325
Tuvalu,2021-07-20,35.904448779165314,5.785577674358436,66.02331988397219
Samoa,2021-06-21,14.95845461967346,0.0,36.60775726258673
Samoa,2021-06-22,15.17753136304237,0.0,37.17324484396673
Samoa,2021-06-23,15.396608106411286,0.0,37.73336073846109
Samoa,2021-06-24,15.615684849780202,0.0,38.28834734794856
Samoa,2021-06-25,15.83476159314911,0.0,38.83842937388174
Samoa,2021-06-26,16.053838336518027,0.0,39.38381557561499
Samoa,2021-06-27,16.272915079886936,0.0,39.924700310335155
Samoa,2021-06-28,16.49199182325585,0.0,40.46126488686199
Samoa,2021-06-29,16.71106856662476,0.0,40.99367876009822
Samoa,2021-06-30,16.930145309993677,0.0,41.522100588471375
Samoa,2021-07-01,17.149222053362593,0.0,42.04667917309901
Samoa,2021-07-02,17.3682987967315,0.0,42.56755429445562
Samoa,2021-07-03,17.587375540100417,0.0,43.08485745989096
Samoa,2021-07-04,17.806452283469326,0.0,43.5987125733414
Samoa,2021-07-05,18.025529026838242,0.0,44.109236536910075
Samoa,2021-07-06,18.24460577020716,0.0,44.61653979260006
Samoa,2021-07-07,18.463682513576067,0.0,45.12072681132052
Samoa,2021-07-08,18.682759256944983,0.0,45.621896535305936
Samoa,2021-07-09,18.901836000313892,0.0,46.12014277926035
Samoa,2021-07-10,19.12091274368281,0.0,46.61555459483826
Samoa,2021-07-11,19.339989487051717,0.0,47.108216602475835
Samoa,2021-07-12,19.559066230420633,0.0,47.59820929407793
Samoa,2021-07-13,19.77814297378955,0.0,48.08560930962942
Samoa,2021-07-14,19.99721971715846,0.0,48.570489690424964
Samoa,2021-07-15,20.216296460527374,0.0,49.05292011128857
Samoa,2021-07-16,20.435373203896283,0.0,49.53296709387464
Samoa,2021-07-17,20.6544499472652,0.0,50.01069420290138
Samoa,2021-07-18,20.873526690634115,0.0,50.486162226956075
Samoa,2021-07-19,21.092603434003024,0.0,50.959429345329866
Samoa,2021-07-20,21.31168017737194,0.0,51.43055128217882
Sint Maarten (Dutch part),2021-06-21,43.44172185756031,21.79241921464704,65.09102450047358
Sint Maarten (Dutch part),2021-06-22,43.66079860092922,21.66508512000486,65.65651208185358
Sint Maarten (Dutch part),2021-06-23,43.879875344298135,21.54312271224833,66.21662797634794
Sint Maarten (Dutch part),2021-06-24,44.09895208766705,21.42628958949869,66.77161458583541
Sint Maarten (Dutch part),2021-06-25,44.31802883103596,21.314361050303333,67.32169661176859
Sint Maarten (Dutch part),2021-06-26,44.537105574404876,21.207128335307914,67.86708281350184
Sint Maarten (Dutch part),2021-06-27,44.756182317773785,21.104397087325566,68.407967548222
Sint Maarten (Dutch part),2021-06-28,44.9752590611427,21.005985997536563,68.94453212474883
Sint Maarten (Dutch part),2021-06-29,45.19433580451161,20.911725611038154,69.47694599798507
Sint Maarten (Dutch part),2021-06-30,45.413412547880526,20.82145726940283,70.00536782635822
Sint Maarten (Dutch part),2021-07-01,45.63248929124944,20.73503217151303,70.52994641098586
Sint Maarten (Dutch part),2021-07-02,45.85156603461835,20.65231053689423,71.05082153234247
Sint Maarten (Dutch part),2021-07-03,46.07064277798727,20.573160858196722,71.56812469777782
Sint Maarten (Dutch part),2021-07-04,46.289719521356176,20.4974592314841,72.08197981122825
Sint Maarten (Dutch part),2021-07-05,46.50879626472509,20.425088754653256,72.59250377479692
Sint Maarten (Dutch part),2021-07-06,46.72787300809401,20.35593898570111,73.09980703048691
Sint Maarten (Dutch part),2021-07-07,46.94694975146292,20.28990545371846,73.60399404920737
Sint Maarten (Dutch part),2021-07-08,47.16602649483183,20.226889216470884,74.10516377319279
Sint Maarten (Dutch part),2021-07-09,47.385103238200735,20.16679645925428,74.60341001714718
Sint Maarten (Dutch part),2021-07-10,47.604179981569665,20.109538130414215,75.09882183272512
Sint Maarten (Dutch part),2021-07-11,47.82325672493857,20.055029609514452,75.59148384036268
Sint Maarten (Dutch part),2021-07-12,48.04233346830748,20.003190404650184,76.08147653196478
Sint Maarten (Dutch part),2021-07-13,48.2614102116764,19.953943875836533,76.56887654751627
Sint Maarten (Dutch part),2021-07-14,48.4804869550453,19.90721698177879,77.05375692831181
Sint Maarten (Dutch part),2021-07-15,48.69956369841423,19.862940047653037,77.53618734917542
Sint Maarten (Dutch part),2021-07-16,48.91864044178313,19.821046551804777,78.0162343317615
Sint Maarten (Dutch part),2021-07-17,49.13771718515205,19.78147292951587,78.49396144078823
Sint Maarten (Dutch part),2021-07-18,49.356793928520965,19.744158392199004,78.96942946484293
Sint Maarten (Dutch part),2021-07-19,49.57587067188987,19.70904476056302,79.44269658321672
Sint Maarten (Dutch part),2021-07-20,49.7949474152588,19.67607631045192,79.91381852006567
Yemen,2021-06-21,7.946762761249573,0.0,29.596065404162843
Yemen,2021-06-22,8.165839504618482,0.0,30.16155298554284
Yemen,2021-06-23,8.384916247987398,0.0,30.721668880037203
Yemen,2021-06-24,8.603992991356314,0.0,31.276655489524675
Yemen,2021-06-25,8.823069734725223,0.0,31.82673751545785
Yemen,2021-06-26,9.04214647809414,0.0,32.3721237171911
Yemen,2021-06-27,9.261223221463048,0.0,32.91300845191127
Yemen,2021-06-28,9.480299964831964,0.0,33.4495730284381
Yemen,2021-06-29,9.699376708200873,0.0,33.98198690167433
Yemen,2021-06-30,9.918453451569789,0.0,34.51040873004749
Yemen,2021-07-01,10.137530194938705,0.0,35.03498731467512
Yemen,2021-07-02,10.356606938307614,0.0,35.55586243603173
Yemen,2021-07-03,10.57568368167653,0.0,36.073165601467075
Yemen,2021-07-04,10.794760425045439,0.0,36.587020714917514
Yemen,2021-07-05,11.013837168414355,0.0,37.09754467848619
Yemen,2021-07-06,11.232913911783271,0.0,37.60484793417617
Yemen,2021-07-07,11.45199065515218,0.0,38.109034952896636
Yemen,2021-07-08,11.671067398521096,0.0,38.61020467688205
Yemen,2021-07-09,11.890144141890005,0.0,39.10845092083646
Yemen,2021-07-10,12.109220885258921,0.0,39.60386273641437
Yemen,2021-07-11,12.32829762862783,0.0,40.09652474405195
Yemen,2021-07-12,12.547374371996746,0.0,40.586517435654045
Yemen,2021-07-13,12.766451115365662,0.0,41.07391745120553
Yemen,2021-07-14,12.98552785873457,0.0,41.558797832001076
Yemen,2021-07-15,13.204604602103487,0.0,42.041228252864684
Yemen,2021-07-16,13.423681345472396,0.0,42.52127523545075
Yemen,2021-07-17,13.642758088841312,0.0,42.99900234447749
Yemen,2021-07-18,13.861834832210228,0.0,43.47447036853219
Yemen,2021-07-19,14.080911575579137,0.0,43.94773748690598
Yemen,2021-07-20,14.299988318948053,0.0,44.41885942375493
Tajikistan,2021-06-21,8.638762761249573,0.0,30.288065404162843
Tajikistan,2021-06-22,8.857839504618482,0.0,30.85355298554284
Tajikistan,2021-06-23,9.076916247987398,0.0,31.413668880037203
Tajikistan,2021-06-24,9.295992991356314,0.0,31.968655489524675
Tajikistan,2021-06-25,9.515069734725223,0.0,32.51873751545785
Tajikistan,2021-06-26,9.73414647809414,0.0,33.0641237171911
Tajikistan,2021-06-27,9.953223221463048,0.0,33.60500845191127
Tajikistan,2021-06-28,10.172299964831964,0.0,34.1415730284381
Tajikistan,2021-06-29,10.391376708200873,0.0,34.673986901674326
Tajikistan,2021-06-30,10.61045345156979,0.0,35.20240873004748
Tajikistan,2021-07-01,10.829530194938705,0.0,35.726987314675114
Tajikistan,2021-07-02,11.048606938307614,0.0,36.24786243603174
Tajikistan,2021-07-03,11.26768368167653,0.0,36.765165601467075
Tajikistan,2021-07-04,11.48676042504544,0.0,37.279020714917515
Tajikistan,2021-07-05,11.705837168414355,0.0,37.789544678486195
Tajikistan,2021-07-06,11.924913911783271,0.0,38.29684793417617
Tajikistan,2021-07-07,12.14399065515218,0.0,38.801034952896636
Tajikistan,2021-07-08,12.363067398521096,0.0,39.30220467688204
Tajikistan,2021-07-09,12.582144141890005,0.0,39.80045092083646
Tajikistan,2021-07-10,12.801220885258921,0.0,40.29586273641437
Tajikistan,2021-07-11,13.02029762862783,0.0,40.78852474405194
Tajikistan,2021-07-12,13.239374371996746,0.0,41.278517435654045
Tajikistan,2021-07-13,13.458451115365662,0.0,41.765917451205524
Tajikistan,2021-07-14,13.677527858734571,0.0,42.25079783200108
Tajikistan,2021-07-15,13.896604602103487,0.0,42.73322825286468
Tajikistan,2021-07-16,14.115681345472396,0.0,43.21327523545075
Tajikistan,2021-07-17,14.334758088841312,0.0,43.69100234447749
Tajikistan,2021-07-18,14.553834832210228,0.0,44.16647036853219
Tajikistan,2021-07-19,14.772911575579137,0.0,44.639737486905986
Tajikistan,2021-07-20,14.991988318948053,0.0,45.11085942375493
Central African Republic,2021-06-21,7.5681476461958574,0.0,29.217450289109127
Central African Republic,2021-06-22,7.787224389564766,0.0,29.782937870489125
Central African Republic,2021-06-23,8.006301132933682,0.0,30.343053764983487
Central African Republic,2021-06-24,8.225377876302598,0.0,30.89804037447096
Central African Republic,2021-06-25,8.444454619671507,0.0,31.448122400404134
Central African Republic,2021-06-26,8.663531363040423,0.0,31.993508602137386
Central African Republic,2021-06-27,8.882608106409332,0.0,32.53439333685755
Central African Republic,2021-06-28,9.101684849778248,0.0,33.07095791338439
Central African Republic,2021-06-29,9.320761593147157,0.0,33.60337178662061
Central African Republic,2021-06-30,9.539838336516073,0.0,34.13179361499377
Central African Republic,2021-07-01,9.75891507988499,0.0,34.6563721996214
Central African Republic,2021-07-02,9.977991823253898,0.0,35.17724732097802
Central African Republic,2021-07-03,10.197068566622814,0.0,35.69455048641336
Central African Republic,2021-07-04,10.416145309991723,0.0,36.208405599863795
Central African Republic,2021-07-05,10.63522205336064,0.0,36.718929563432475
Central African Republic,2021-07-06,10.854298796729555,0.0,37.22623281912246
Central African Republic,2021-07-07,11.073375540098464,0.0,37.730419837842916
Central African Republic,2021-07-08,11.29245228346738,0.0,38.23158956182833
Central African Republic,2021-07-09,11.511529026836289,0.0,38.72983580578274
Central African Republic,2021-07-10,11.730605770205205,0.0,39.22524762136065
Central African Republic,2021-07-11,11.949682513574114,0.0,39.71790962899823
Central African Republic,2021-07-12,12.16875925694303,0.0,40.207902320600326
Central African Republic,2021-07-13,12.387836000311946,0.0,40.69530233615181
Central African Republic,2021-07-14,12.606912743680855,0.0,41.180182716947364
Central African Republic,2021-07-15,12.825989487049771,0.0,41.662613137810965
Central African Republic,2021-07-16,13.04506623041868,0.0,42.14266012039704
Central African Republic,2021-07-17,13.264142973787596,0.0,42.62038722942377
Central African Republic,2021-07-18,13.483219717156512,0.0,43.095855253478476
Central African Republic,2021-07-19,13.702296460525421,0.0,43.569122371852266
Central African Republic,2021-07-20,13.921373203894337,0.0,44.04024430870122
Liberia,2021-06-21,8.358147646194428,0.0,30.007450289107698
Liberia,2021-06-22,8.577224389563337,0.0,30.572937870487696
Liberia,2021-06-23,8.796301132932253,0.0,31.13305376498206
Liberia,2021-06-24,9.01537787630117,0.0,31.68804037446953
Liberia,2021-06-25,9.234454619670078,0.0,32.2381224004027
Liberia,2021-06-26,9.453531363038994,0.0,32.78350860213595
Liberia,2021-06-27,9.672608106407903,0.0,33.32439333685612
Liberia,2021-06-28,9.89168484977682,0.0,33.86095791338296
Liberia,2021-06-29,10.110761593145728,0.0,34.393371786619184
Liberia,2021-06-30,10.329838336514644,0.0,34.92179361499234
Liberia,2021-07-01,10.54891507988356,0.0,35.44637219961997
Liberia,2021-07-02,10.76799182325247,0.0,35.96724732097659
Liberia,2021-07-03,10.987068566621385,0.0,36.48455048641193
Liberia,2021-07-04,11.206145309990294,0.0,36.998405599862366
Liberia,2021-07-05,11.42522205335921,0.0,37.508929563431046
Liberia,2021-07-06,11.644298796728126,0.0,38.01623281912103
Liberia,2021-07-07,11.863375540097035,0.0,38.52041983784149
Liberia,2021-07-08,12.082452283465951,0.0,39.0215895618269
Liberia,2021-07-09,12.30152902683486,0.0,39.51983580578131
Liberia,2021-07-10,12.520605770203776,0.0,40.01524762135922
Liberia,2021-07-11,12.739682513572685,0.0,40.5079096289968
Liberia,2021-07-12,12.958759256941601,0.0,40.9979023205989
Liberia,2021-07-13,13.177836000310517,0.0,41.48530233615038
Liberia,2021-07-14,13.396912743679426,0.0,41.970182716945935
Liberia,2021-07-15,13.615989487048342,0.0,42.452613137809536
Liberia,2021-07-16,13.835066230417251,0.0,42.93266012039561
Liberia,2021-07-17,14.054142973786167,0.0,43.41038722942234
Liberia,2021-07-18,14.273219717155083,0.0,43.88585525347705
Liberia,2021-07-19,14.492296460523992,0.0,44.35912237185084
Liberia,2021-07-20,14.711373203892908,0.0,44.83024430869979
Guinea-Bissau,2021-06-21,7.858147646195363,0.0,29.507450289108633
Guinea-Bissau,2021-06-22,8.077224389564272,0.0,30.07293787048863
Guinea-Bissau,2021-06-23,8.296301132933188,0.0,30.633053764982993
Guinea-Bissau,2021-06-24,8.515377876302104,0.0,31.188040374470464
Guinea-Bissau,2021-06-25,8.734454619671013,0.0,31.73812240040364
Guinea-Bissau,2021-06-26,8.953531363039929,0.0,32.28350860213689
Guinea-Bissau,2021-06-27,9.172608106408838,0.0,32.82439333685706
Guinea-Bissau,2021-06-28,9.391684849777754,0.0,33.36095791338389
Guinea-Bissau,2021-06-29,9.610761593146663,0.0,33.89337178662012
Guinea-Bissau,2021-06-30,9.829838336515579,0.0,34.42179361499328
Guinea-Bissau,2021-07-01,10.048915079884495,0.0,34.94637219962091
Guinea-Bissau,2021-07-02,10.267991823253404,0.0,35.46724732097752
Guinea-Bissau,2021-07-03,10.48706856662232,0.0,35.984550486412864
Guinea-Bissau,2021-07-04,10.706145309991228,0.0,36.498405599863304
Guinea-Bissau,2021-07-05,10.925222053360145,0.0,37.00892956343198
Guinea-Bissau,2021-07-06,11.14429879672906,0.0,37.51623281912196
Guinea-Bissau,2021-07-07,11.36337554009797,0.0,38.020419837842425
Guinea-Bissau,2021-07-08,11.582452283466885,0.0,38.52158956182784
Guinea-Bissau,2021-07-09,11.801529026835794,0.0,39.01983580578225
Guinea-Bissau,2021-07-10,12.02060577020471,0.0,39.51524762136016
Guinea-Bissau,2021-07-11,12.23968251357362,0.0,40.00790962899774
Guinea-Bissau,2021-07-12,12.458759256942535,0.0,40.497902320599835
Guinea-Bissau,2021-07-13,12.677836000311451,0.0,40.98530233615132
Guinea-Bissau,2021-07-14,12.89691274368036,0.0,41.470182716946866
Guinea-Bissau,2021-07-15,13.115989487049276,0.0,41.952613137810474
Guinea-Bissau,2021-07-16,13.335066230418185,0.0,42.43266012039654
Guinea-Bissau,2021-07-17,13.554142973787101,0.0,42.91038722942328
Guinea-Bissau,2021-07-18,13.773219717156017,0.0,43.38585525347798
Guinea-Bissau,2021-07-19,13.992296460524926,0.0,43.85912237185177
Guinea-Bissau,2021-07-20,14.211373203893842,0.0,44.33024430870072
Benin,2021-06-21,7.541686197587438,0.0,29.190988840500708
Benin,2021-06-22,7.760762940956347,0.0,29.756476421880706
Benin,2021-06-23,7.979839684325263,0.0,30.31659231637507
Benin,2021-06-24,8.19891642769418,0.0,30.87157892586254
Benin,2021-06-25,8.417993171063088,0.0,31.421660951795715
Benin,2021-06-26,8.637069914432004,0.0,31.967047153528966
Benin,2021-06-27,8.856146657800913,0.0,32.50793188824913
Benin,2021-06-28,9.07522340116983,0.0,33.04449646477597
Benin,2021-06-29,9.294300144538738,0.0,33.5769103380122
Benin,2021-06-30,9.513376887907654,0.0,34.10533216638535
Benin,2021-07-01,9.73245363127657,0.0,34.629910751012986
Benin,2021-07-02,9.951530374645479,0.0,35.150785872369596
Benin,2021-07-03,10.170607118014395,0.0,35.66808903780494
Benin,2021-07-04,10.389683861383304,0.0,36.18194415125538
Benin,2021-07-05,10.60876060475222,0.0,36.69246811482405
Benin,2021-07-06,10.827837348121136,0.0,37.199771370514036
Benin,2021-07-07,11.046914091490045,0.0,37.7039583892345
Benin,2021-07-08,11.265990834858961,0.0,38.205128113219914
Benin,2021-07-09,11.48506757822787,0.0,38.703374357174326
Benin,2021-07-10,11.704144321596786,0.0,39.198786172752236
Benin,2021-07-11,11.923221064965695,0.0,39.69144818038981
Benin,2021-07-12,12.142297808334611,0.0,40.18144087199191
Benin,2021-07-13,12.361374551703527,0.0,40.668840887543396
Benin,2021-07-14,12.580451295072436,0.0,41.15372126833894
Benin,2021-07-15,12.799528038441352,0.0,41.63615168920255
Benin,2021-07-16,13.01860478181026,0.0,42.11619867178862
Benin,2021-07-17,13.237681525179177,0.0,42.593925780815354
Benin,2021-07-18,13.456758268548093,0.0,43.06939380487005
Benin,2021-07-19,13.675835011917002,0.0,43.542660923243844
Benin,2021-07-20,13.894911755285918,0.0,44.013782860092796
Cuba,2021-06-21,12.374587347833483,0.0,34.02388999074675
Cuba,2021-06-22,12.593664091202392,0.0,34.58937757212675
Cuba,2021-06-23,12.812740834571308,0.0,35.14949346662111
Cuba,2021-06-24,13.031817577940224,0.0,35.70448007610858
Cuba,2021-06-25,13.250894321309133,0.0,36.25456210204176
Cuba,2021-06-26,13.469971064678049,0.0,36.79994830377501
Cuba,2021-06-27,13.689047808046958,0.0,37.34083303849518
Cuba,2021-06-28,13.908124551415874,0.0,37.87739761502201
Cuba,2021-06-29,14.127201294784783,0.0,38.40981148825824
Cuba,2021-06-30,14.346278038153699,0.0,38.9382333166314
Cuba,2021-07-01,14.565354781522615,0.0,39.46281190125903
Cuba,2021-07-02,14.784431524891524,0.0,39.98368702261564
Cuba,2021-07-03,15.00350826826044,0.0,40.500990188050984
Cuba,2021-07-04,15.222585011629349,0.0,41.014845301501424
Cuba,2021-07-05,15.441661754998265,0.0,41.5253692650701
Cuba,2021-07-06,15.66073849836718,0.0,42.03267252076008
Cuba,2021-07-07,15.87981524173609,0.0,42.536859539480545
Cuba,2021-07-08,16.098891985105006,0.0,43.03802926346596
Cuba,2021-07-09,16.317968728473915,0.0,43.53627550742037
Cuba,2021-07-10,16.53704547184283,0.0,44.03168732299828
Cuba,2021-07-11,16.75612221521174,0.0,44.52434933063586
Cuba,2021-07-12,16.975198958580656,0.0,45.014342022237955
Cuba,2021-07-13,17.19427570194957,0.0,45.50174203778944
Cuba,2021-07-14,17.41335244531848,0.0,45.986622418584986
Cuba,2021-07-15,17.632429188687397,0.0,46.469052839448594
Cuba,2021-07-16,17.851505932056305,0.0,46.94909982203466
Cuba,2021-07-17,18.07058267542522,0.0,47.4268269310614
Cuba,2021-07-18,18.289659418794137,0.0,47.9022949551161
Cuba,2021-07-19,18.508736162163046,0.0,48.37556207348989
Cuba,2021-07-20,18.727812905531962,0.0,48.84668401033884
Madagascar,2021-06-21,7.573147646195686,0.0,29.222450289108956
Madagascar,2021-06-22,7.792224389564595,0.0,29.787937870488953
Madagascar,2021-06-23,8.01130113293351,0.0,30.348053764983316
Madagascar,2021-06-24,8.230377876302427,0.0,30.903040374470788
Madagascar,2021-06-25,8.449454619671336,0.0,31.453122400403963
Madagascar,2021-06-26,8.668531363040252,0.0,31.998508602137214
Madagascar,2021-06-27,8.88760810640916,0.0,32.53939333685738
Madagascar,2021-06-28,9.106684849778077,0.0,33.075957913384215
Madagascar,2021-06-29,9.325761593146986,0.0,33.60837178662044
Madagascar,2021-06-30,9.544838336515902,0.0,34.13679361499359
Madagascar,2021-07-01,9.763915079884818,0.0,34.661372199621226
Madagascar,2021-07-02,9.982991823253727,0.0,35.18224732097785
Madagascar,2021-07-03,10.202068566622643,0.0,35.69955048641319
Madagascar,2021-07-04,10.421145309991552,0.0,36.21340559986363
Madagascar,2021-07-05,10.640222053360468,0.0,36.72392956343231
Madagascar,2021-07-06,10.859298796729384,0.0,37.23123281912228
Madagascar,2021-07-07,11.078375540098293,0.0,37.73541983784275
Madagascar,2021-07-08,11.297452283467209,0.0,38.236589561828154
Madagascar,2021-07-09,11.516529026836118,0.0,38.73483580578257
Madagascar,2021-07-10,11.735605770205034,0.0,39.23024762136048
Madagascar,2021-07-11,11.954682513573943,0.0,39.72290962899805
Madagascar,2021-07-12,12.173759256942859,0.0,40.21290232060016
Madagascar,2021-07-13,12.392836000311775,0.0,40.70030233615164
Madagascar,2021-07-14,12.611912743680683,0.0,41.185182716947196
Madagascar,2021-07-15,12.8309894870496,0.0,41.66761313781079
Madagascar,2021-07-16,13.050066230418508,0.0,42.147660120396864
Madagascar,2021-07-17,13.269142973787424,0.0,42.6253872294236
Madagascar,2021-07-18,13.48821971715634,0.0,43.1008552534783
Madagascar,2021-07-19,13.70729646052525,0.0,43.5741223718521
Madagascar,2021-07-20,13.926373203894165,0.0,44.045244308701044
British Virgin Islands,2021-06-21,43.7923023010325,22.14299965811923,65.44160494394578
British Virgin Islands,2021-06-22,44.01137904440141,22.01566556347705,66.00709252532576
British Virgin Islands,2021-06-23,44.230455787770325,21.89370315572052,66.56720841982013
British Virgin Islands,2021-06-24,44.44953253113924,21.77687003297088,67.1221950293076
British Virgin Islands,2021-06-25,44.66860927450815,21.664941493775522,67.67227705524078
British Virgin Islands,2021-06-26,44.887686017877066,21.557708778780103,68.21766325697402
British Virgin Islands,2021-06-27,45.106762761245975,21.454977530797755,68.7585479916942
British Virgin Islands,2021-06-28,45.32583950461489,21.356566441008752,69.29511256822103
British Virgin Islands,2021-06-29,45.5449162479838,21.262306054510344,69.82752644145725
British Virgin Islands,2021-06-30,45.763992991352715,21.17203771287502,70.3559482698304
British Virgin Islands,2021-07-01,45.98306973472163,21.08561261498522,70.88052685445804
British Virgin Islands,2021-07-02,46.20214647809054,21.00289098036642,71.40140197581466
British Virgin Islands,2021-07-03,46.42122322145946,20.92374130166891,71.91870514125
British Virgin Islands,2021-07-04,46.640299964828365,20.84803967495629,72.43256025470043
British Virgin Islands,2021-07-05,46.85937670819728,20.775669198125446,72.94308421826912
British Virgin Islands,2021-07-06,47.0784534515662,20.706519429173298,73.4503874739591
British Virgin Islands,2021-07-07,47.29753019493511,20.640485897190658,73.95457449267957
British Virgin Islands,2021-07-08,47.516606938304015,20.577469659943066,74.45574421666497
British Virgin Islands,2021-07-09,47.73568368167293,20.517376902726475,74.9539904606194
British Virgin Islands,2021-07-10,47.95476042504185,20.460118573886398,75.4494022761973
British Virgin Islands,2021-07-11,48.17383716841075,20.405610052986635,75.94206428383487
British Virgin Islands,2021-07-12,48.39291391177968,20.35377084812238,76.43205697543698
British Virgin Islands,2021-07-13,48.61199065514858,20.304524319308715,76.91945699098845
British Virgin Islands,2021-07-14,48.8310673985175,20.25779742525099,77.40433737178401
British Virgin Islands,2021-07-15,49.05014414188641,20.21352049112522,77.8867677926476
British Virgin Islands,2021-07-16,49.269220885255315,20.17162699527696,78.36681477523368
British Virgin Islands,2021-07-17,49.488297628624245,20.132053372988068,78.84454188426042
British Virgin Islands,2021-07-18,49.70737437199315,20.094738835671187,79.32000990831511
British Virgin Islands,2021-07-19,49.92645111536206,20.059625204035218,79.79327702668891
British Virgin Islands,2021-07-20,50.14552785873098,20.0266567539241,80.26439896353786
Cook Islands,2021-06-21,26.773708389081506,5.124405746168236,48.423011031994776
Cook Islands,2021-06-22,26.992785132450415,4.997071651526056,48.98849861337477
Cook Islands,2021-06-23,27.21186187581933,4.875109243769526,49.54861450786913
Cook Islands,2021-06-24,27.430938619188247,4.758276121019886,50.103601117356604
Cook Islands,2021-06-25,27.650015362557156,4.646347581824529,50.65368314328978
Cook Islands,2021-06-26,27.86909210592607,4.5391148668291095,51.199069345023034
Cook Islands,2021-06-27,28.08816884929498,4.436383618846762,51.7399540797432
Cook Islands,2021-06-28,28.307245592663897,4.337972529057758,52.276518656270035
Cook Islands,2021-06-29,28.526322336032806,4.24371214255935,52.808932529506265
Cook Islands,2021-06-30,28.74539907940172,4.153443800924027,53.33735435787942
Cook Islands,2021-07-01,28.964475822770638,4.0670187030342255,53.86193294250705
Cook Islands,2021-07-02,29.183552566139547,3.984297068415426,54.38280806386366
Cook Islands,2021-07-03,29.402629309508463,3.905147389717918,54.90011122929901
Cook Islands,2021-07-04,29.62170605287737,3.829445763005296,55.41396634274945
Cook Islands,2021-07-05,29.840782796246287,3.7570752861744516,55.92449030631812
Cook Islands,2021-07-06,30.059859539615204,3.687925517222304,56.4317935620081
Cook Islands,2021-07-07,30.278936282984112,3.6218919852396567,56.93598058072857
Cook Islands,2021-07-08,30.49801302635303,3.5588757479920794,57.43715030471398
Cook Islands,2021-07-09,30.717089769721937,3.4987829907754815,57.93539654866839
Cook Islands,2021-07-10,30.936166513090853,3.4415246619354036,58.4308083642463
Cook Islands,2021-07-11,31.155243256459762,3.387016141035648,58.92347037188388
Cook Islands,2021-07-12,31.37431999982868,3.3351769361713792,59.41346306348598
Cook Islands,2021-07-13,31.593396743197594,3.2859304073577285,59.900863079037464
Cook Islands,2021-07-14,31.812473486566503,3.2392035132999943,60.38574345983301
Cook Islands,2021-07-15,32.03155022993542,3.1949265791742256,60.86817388069662
Cook Islands,2021-07-16,32.25062697330433,3.1530330833259725,61.348220863282684
Cook Islands,2021-07-17,32.469703716673244,3.113459461037067,61.82594797230942
Cook Islands,2021-07-18,32.68878046004216,3.0761449237202,62.30141599636412
Cook Islands,2021-07-19,32.90785720341107,3.0410312920842237,62.77468311473791
Cook Islands,2021-07-20,33.126933946779985,3.008062841973107,63.24580505158686
Vanuatu,2021-06-21,26.773708389081506,5.124405746168236,48.423011031994776
Vanuatu,2021-06-22,26.992785132450415,4.997071651526056,48.98849861337477
Vanuatu,2021-06-23,27.21186187581933,4.875109243769526,49.54861450786913
Vanuatu,2021-06-24,27.430938619188247,4.758276121019886,50.103601117356604
Vanuatu,2021-06-25,27.650015362557156,4.646347581824529,50.65368314328978
Vanuatu,2021-06-26,27.86909210592607,4.5391148668291095,51.199069345023034
Vanuatu,2021-06-27,28.08816884929498,4.436383618846762,51.7399540797432
Vanuatu,2021-06-28,28.307245592663897,4.337972529057758,52.276518656270035
Vanuatu,2021-06-29,28.526322336032806,4.24371214255935,52.808932529506265
Vanuatu,2021-06-30,28.74539907940172,4.153443800924027,53.33735435787942
Vanuatu,2021-07-01,28.964475822770638,4.0670187030342255,53.86193294250705
Vanuatu,2021-07-02,29.183552566139547,3.984297068415426,54.38280806386366
Vanuatu,2021-07-03,29.402629309508463,3.905147389717918,54.90011122929901
Vanuatu,2021-07-04,29.62170605287737,3.829445763005296,55.41396634274945
Vanuatu,2021-07-05,29.840782796246287,3.7570752861744516,55.92449030631812
Vanuatu,2021-07-06,30.059859539615204,3.687925517222304,56.4317935620081
Vanuatu,2021-07-07,30.278936282984112,3.6218919852396567,56.93598058072857
Vanuatu,2021-07-08,30.49801302635303,3.5588757479920794,57.43715030471398
Vanuatu,2021-07-09,30.717089769721937,3.4987829907754815,57.93539654866839
Vanuatu,2021-07-10,30.936166513090853,3.4415246619354036,58.4308083642463
Vanuatu,2021-07-11,31.155243256459762,3.387016141035648,58.92347037188388
Vanuatu,2021-07-12,31.37431999982868,3.3351769361713792,59.41346306348598
Vanuatu,2021-07-13,31.593396743197594,3.2859304073577285,59.900863079037464
Vanuatu,2021-07-14,31.812473486566503,3.2392035132999943,60.38574345983301
Vanuatu,2021-07-15,32.03155022993542,3.1949265791742256,60.86817388069662
Vanuatu,2021-07-16,32.25062697330433,3.1530330833259725,61.348220863282684
Vanuatu,2021-07-17,32.469703716673244,3.113459461037067,61.82594797230942
Vanuatu,2021-07-18,32.68878046004216,3.0761449237202,62.30141599636412
Vanuatu,2021-07-19,32.90785720341107,3.0410312920842237,62.77468311473791
Vanuatu,2021-07-20,33.126933946779985,3.008062841973107,63.24580505158686
Burkina Faso,2021-06-21,26.773708389081506,5.124405746168236,48.423011031994776
Burkina Faso,2021-06-22,26.992785132450415,4.997071651526056,48.98849861337477
Burkina Faso,2021-06-23,27.21186187581933,4.875109243769526,49.54861450786913
Burkina Faso,2021-06-24,27.430938619188247,4.758276121019886,50.103601117356604
Burkina Faso,2021-06-25,27.650015362557156,4.646347581824529,50.65368314328978
Burkina Faso,2021-06-26,27.86909210592607,4.5391148668291095,51.199069345023034
Burkina Faso,2021-06-27,28.08816884929498,4.436383618846762,51.7399540797432
Burkina Faso,2021-06-28,28.307245592663897,4.337972529057758,52.276518656270035
Burkina Faso,2021-06-29,28.526322336032806,4.24371214255935,52.808932529506265
Burkina Faso,2021-06-30,28.74539907940172,4.153443800924027,53.33735435787942
Burkina Faso,2021-07-01,28.964475822770638,4.0670187030342255,53.86193294250705
Burkina Faso,2021-07-02,29.183552566139547,3.984297068415426,54.38280806386366
Burkina Faso,2021-07-03,29.402629309508463,3.905147389717918,54.90011122929901
Burkina Faso,2021-07-04,29.62170605287737,3.829445763005296,55.41396634274945
Burkina Faso,2021-07-05,29.840782796246287,3.7570752861744516,55.92449030631812
Burkina Faso,2021-07-06,30.059859539615204,3.687925517222304,56.4317935620081
Burkina Faso,2021-07-07,30.278936282984112,3.6218919852396567,56.93598058072857
Burkina Faso,2021-07-08,30.49801302635303,3.5588757479920794,57.43715030471398
Burkina Faso,2021-07-09,30.717089769721937,3.4987829907754815,57.93539654866839
Burkina Faso,2021-07-10,30.936166513090853,3.4415246619354036,58.4308083642463
Burkina Faso,2021-07-11,31.155243256459762,3.387016141035648,58.92347037188388
Burkina Faso,2021-07-12,31.37431999982868,3.3351769361713792,59.41346306348598
Burkina Faso,2021-07-13,31.593396743197594,3.2859304073577285,59.900863079037464
Burkina Faso,2021-07-14,31.812473486566503,3.2392035132999943,60.38574345983301
Burkina Faso,2021-07-15,32.03155022993542,3.1949265791742256,60.86817388069662
Burkina Faso,2021-07-16,32.25062697330433,3.1530330833259725,61.348220863282684
Burkina Faso,2021-07-17,32.469703716673244,3.113459461037067,61.82594797230942
Burkina Faso,2021-07-18,32.68878046004216,3.0761449237202,62.30141599636412
Burkina Faso,2021-07-19,32.90785720341107,3.0410312920842237,62.77468311473791
Burkina Faso,2021-07-20,33.126933946779985,3.008062841973107,63.24580505158686
Chad,2021-06-21,26.773708389081506,5.124405746168236,48.423011031994776
Chad,2021-06-22,26.992785132450415,4.997071651526056,48.98849861337477
Chad,2021-06-23,27.21186187581933,4.875109243769526,49.54861450786913
Chad,2021-06-24,27.430938619188247,4.758276121019886,50.103601117356604
Chad,2021-06-25,27.650015362557156,4.646347581824529,50.65368314328978
Chad,2021-06-26,27.86909210592607,4.5391148668291095,51.199069345023034
Chad,2021-06-27,28.08816884929498,4.436383618846762,51.7399540797432
Chad,2021-06-28,28.307245592663897,4.337972529057758,52.276518656270035
Chad,2021-06-29,28.526322336032806,4.24371214255935,52.808932529506265
Chad,2021-06-30,28.74539907940172,4.153443800924027,53.33735435787942
Chad,2021-07-01,28.964475822770638,4.0670187030342255,53.86193294250705
Chad,2021-07-02,29.183552566139547,3.984297068415426,54.38280806386366
Chad,2021-07-03,29.402629309508463,3.905147389717918,54.90011122929901
Chad,2021-07-04,29.62170605287737,3.829445763005296,55.41396634274945
Chad,2021-07-05,29.840782796246287,3.7570752861744516,55.92449030631812
Chad,2021-07-06,30.059859539615204,3.687925517222304,56.4317935620081
Chad,2021-07-07,30.278936282984112,3.6218919852396567,56.93598058072857
Chad,2021-07-08,30.49801302635303,3.5588757479920794,57.43715030471398
Chad,2021-07-09,30.717089769721937,3.4987829907754815,57.93539654866839
Chad,2021-07-10,30.936166513090853,3.4415246619354036,58.4308083642463
Chad,2021-07-11,31.155243256459762,3.387016141035648,58.92347037188388
Chad,2021-07-12,31.37431999982868,3.3351769361713792,59.41346306348598
Chad,2021-07-13,31.593396743197594,3.2859304073577285,59.900863079037464
Chad,2021-07-14,31.812473486566503,3.2392035132999943,60.38574345983301
Chad,2021-07-15,32.03155022993542,3.1949265791742256,60.86817388069662
Chad,2021-07-16,32.25062697330433,3.1530330833259725,61.348220863282684
Chad,2021-07-17,32.469703716673244,3.113459461037067,61.82594797230942
Chad,2021-07-18,32.68878046004216,3.0761449237202,62.30141599636412
Chad,2021-07-19,32.90785720341107,3.0410312920842237,62.77468311473791
Chad,2021-07-20,33.126933946779985,3.008062841973107,63.24580505158686
Pitcairn,2021-06-21,26.773708389081506,5.124405746168236,48.423011031994776
Pitcairn,2021-06-22,26.992785132450415,4.997071651526056,48.98849861337477
Pitcairn,2021-06-23,27.21186187581933,4.875109243769526,49.54861450786913
Pitcairn,2021-06-24,27.430938619188247,4.758276121019886,50.103601117356604
Pitcairn,2021-06-25,27.650015362557156,4.646347581824529,50.65368314328978
Pitcairn,2021-06-26,27.86909210592607,4.5391148668291095,51.199069345023034
Pitcairn,2021-06-27,28.08816884929498,4.436383618846762,51.7399540797432
Pitcairn,2021-06-28,28.307245592663897,4.337972529057758,52.276518656270035
Pitcairn,2021-06-29,28.526322336032806,4.24371214255935,52.808932529506265
Pitcairn,2021-06-30,28.74539907940172,4.153443800924027,53.33735435787942
Pitcairn,2021-07-01,28.964475822770638,4.0670187030342255,53.86193294250705
Pitcairn,2021-07-02,29.183552566139547,3.984297068415426,54.38280806386366
Pitcairn,2021-07-03,29.402629309508463,3.905147389717918,54.90011122929901
Pitcairn,2021-07-04,29.62170605287737,3.829445763005296,55.41396634274945
Pitcairn,2021-07-05,29.840782796246287,3.7570752861744516,55.92449030631812
Pitcairn,2021-07-06,30.059859539615204,3.687925517222304,56.4317935620081
Pitcairn,2021-07-07,30.278936282984112,3.6218919852396567,56.93598058072857
Pitcairn,2021-07-08,30.49801302635303,3.5588757479920794,57.43715030471398
Pitcairn,2021-07-09,30.717089769721937,3.4987829907754815,57.93539654866839
Pitcairn,2021-07-10,30.936166513090853,3.4415246619354036,58.4308083642463
Pitcairn,2021-07-11,31.155243256459762,3.387016141035648,58.92347037188388
Pitcairn,2021-07-12,31.37431999982868,3.3351769361713792,59.41346306348598
Pitcairn,2021-07-13,31.593396743197594,3.2859304073577285,59.900863079037464
Pitcairn,2021-07-14,31.812473486566503,3.2392035132999943,60.38574345983301
Pitcairn,2021-07-15,32.03155022993542,3.1949265791742256,60.86817388069662
Pitcairn,2021-07-16,32.25062697330433,3.1530330833259725,61.348220863282684
Pitcairn,2021-07-17,32.469703716673244,3.113459461037067,61.82594797230942
Pitcairn,2021-07-18,32.68878046004216,3.0761449237202,62.30141599636412
Pitcairn,2021-07-19,32.90785720341107,3.0410312920842237,62.77468311473791
Pitcairn,2021-07-20,33.126933946779985,3.008062841973107,63.24580505158686
