country,date,people_vaccinated_per_hundred,predicted,error,abs error,lower_95,upper_95
Zimbabwe,2021-05-25,4.3,12.238234109278139,-7.938234109278139,7.938234109278139,0.0,33.53549210917065
Tajikistan,2021-05-25,0.78,2.723690690288919,-1.9436906902889188,1.9436906902889188,0.0,24.020948690181424
Tuvalu,2021-05-25,20.35,23.63615115050618,-3.2861511505061785,3.2861511505061785,2.338893150613675,44.93340915039869
Montserrat,2021-05-25,26.85,31.096239380012562,-4.246239380012561,4.246239380012561,9.798981380120058,52.39349737990507
Brunei,2021-05-25,7.37,8.999225827242281,-1.6292258272422808,1.6292258272422808,0.0,30.296483827134786
Luxembourg,2021-05-25,35.68,26.8275410782743,8.852458921725699,8.852458921725699,5.530283078381796,48.1247990781668
Belgium,2021-05-25,38.61,28.06871493635149,10.541285063648509,10.541285063648509,6.771456936458986,49.36597293624399
Timor,2021-05-25,4.84,6.252399982395506,-1.412399982395506,1.412399982395506,0.0,27.54965798228801
Thailand,2021-05-25,3.09,10.620891824094976,-7.530891824094976,7.530891824094976,0.0,31.91814982398748
Iraq,2021-05-25,0.74,9.891266907968372,-9.151266907968372,9.151266907968372,0.0,31.188524907860877
Algeria,2021-05-25,0.17,13.064484380507892,-12.894484380507892,12.894484380507892,0.0,34.3617423804004
Gibraltar,2021-05-25,115.73,92.0507867715219,23.679213228478105,23.679213228478105,70.75352877162939,100.0
Vietnam,2021-05-25,1.03,9.18940297822072,-8.15940297822072,8.15940297822072,0.0,30.486660978113225
New Caledonia,2021-05-25,16.29,19.424941939594213,-3.1349419395942135,3.1349419395942135,0.0,40.722199939486714
Czechia,2021-05-25,33.57,26.176577908147138,7.393422091852862,7.393422091852862,4.879319908254633,47.473835908039646
Iran,2021-05-25,3.26,12.351572713346048,-9.091572713346048,9.091572713346048,0.0,33.64883071323855
Central African Republic,2021-05-25,0.01,1.6530755752352029,-1.6430755752352029,1.6430755752352029,0.0,22.950333575127708
Poland,2021-05-25,34.24,27.020415616623723,7.219584383376279,7.219584383376279,5.723157616731218,48.31767361651623
Sierra Leone,2021-05-25,0.73,8.574008518721385,-7.844008518721385,7.844008518721385,0.0,29.87126651861389
Singapore,2021-05-25,36.11,27.77466215811684,8.33533784188316,8.33533784188316,6.477404158224335,49.07192015800935
Faeroe Islands,2021-05-25,41.59,30.099875684855654,11.49012431514435,11.49012431514435,8.802617684963149,51.397133684748155
French Polynesia,2021-05-25,19.8,20.369086083738317,-0.5690860837383163,0.5690860837383163,0.0,41.66634408363082
Guernsey,2021-05-25,49.17,45.85146971719423,3.3185302828057743,3.3185302828057743,24.554211717301722,67.14872771708673
Hungary,2021-05-25,52.17,34.238578881929904,17.931421118070098,17.931421118070098,12.941320882037399,55.535836881822405
Samoa,2021-05-25,14.34,9.043382548712806,5.296617451287194,5.296617451287194,0.0,30.34064054860531
Macao,2021-05-25,15.01,16.436429856203098,-1.4264298562030984,1.4264298562030984,0.0,37.7336878560956
Curacao,2021-05-25,50.76,41.020799643650356,9.739200356349642,9.739200356349642,19.72354164375785,62.31805764354286
Qatar,2021-05-25,47.26,25.154914087361412,22.105085912638586,22.105085912638586,3.857656087468907,46.45217208725391
Liechtenstein,2021-05-25,31.37,26.412822584093426,4.957177415906575,4.957177415906575,5.115564584200921,47.71008058398593
Togo,2021-05-25,1.93,9.823268205163835,-7.893268205163835,7.893268205163835,0.0,31.12052620505634
Madagascar,2021-05-25,0.06,1.6580755752350314,-1.5980755752350313,1.5980755752350313,0.0,22.955333575127536
Aruba,2021-05-25,58.2,46.816335357935905,11.383664642064097,11.383664642064097,25.5190773580434,68.1135933578284
Kenya,2021-05-25,1.78,10.068383715311146,-8.288383715311147,8.288383715311147,0.0,31.36564171520365
Bulgaria,2021-05-25,11.03,20.44854614811625,-9.418546148116251,9.418546148116251,0.0,41.74580414800876
Seychelles,2021-05-25,71.64,67.39859158875771,4.24140841124229,4.24140841124229,46.1013335888652,88.69584958865022
Tonga,2021-05-25,24.57,14.651155046419177,9.918844953580823,9.918844953580823,0.0,35.948413046311686
Greenland,2021-05-25,20.82,22.563749901288702,-1.7437499012887017,1.7437499012887017,1.266491901396197,43.86100790118121
Ecuador,2021-05-25,8.56,15.598022267010506,-7.038022267010506,7.038022267010506,0.0,36.895280266903015
Portugal,2021-05-25,35.56,27.579145475714625,7.980854524285377,7.980854524285377,6.281887475822121,48.876403475607134
Sint Maarten (Dutch part),2021-05-25,37.09,37.526649786599656,-0.43664978659965215,0.43664978659965215,16.22939178670715,58.82390778649216
New Zealand,2021-05-25,7.72,13.065009287430826,-5.345009287430826,5.345009287430826,0.0,34.362267287323334
Montenegro,2021-05-25,19.72,16.082135294606488,3.637864705393511,3.637864705393511,0.0,37.379393294498996
Zambia,2021-05-25,0.76,5.011899982393757,-4.251899982393757,4.251899982393757,0.0,26.309157982286262
Kazakhstan,2021-05-25,10.73,15.373530761410905,-4.643530761410904,4.643530761410904,0.0,36.67078876130341
Ukraine,2021-05-25,2.26,11.016294239903289,-8.756294239903289,8.756294239903289,0.0,32.3135522397958
Antigua and Barbuda,2021-05-25,33.45,31.975280467410528,1.474719532589475,1.474719532589475,10.678022467518023,53.272538467303036
Peru,2021-05-25,7.57,14.107817308695576,-6.537817308695576,6.537817308695576,0.0,35.40507530858808
Djibouti,2021-05-25,1.27,5.5831564889795295,-4.31315648897953,4.31315648897953,0.0,26.880414488872034
Georgia,2021-05-25,2.94,8.97499443421432,-6.034994434214321,6.034994434214321,0.0,30.272252434106825
Malta,2021-05-25,70.3,42.762980444967766,27.53701955503223,27.53701955503223,21.46572244507526,64.06023844486027
South Korea,2021-05-25,7.69,13.320832732366625,-5.630832732366625,5.630832732366625,0.0,34.618090732259134
Estonia,2021-05-25,33.69,28.536780610849902,5.153219389150095,5.153219389150095,7.239522610957398,49.83403861074241
England,2021-05-25,56.99,48.891011901540715,8.098988098459287,8.098988098459287,27.59375390164821,70.18826990143322
Saint Lucia,2021-05-25,14.98,19.430228921018745,-4.450228921018745,4.450228921018745,0.0,40.72748692091125
Mexico,2021-05-25,14.43,21.052617848687966,-6.622617848687966,6.622617848687966,0.0,42.34987584858047
Guatemala,2021-05-25,2.09,10.701514550548293,-8.611514550548293,8.611514550548293,0.0,31.998772550440798
Barbados,2021-05-25,26.63,31.63572247889963,-5.0057224788996315,5.0057224788996315,10.338464479007126,52.93298047879213
Suriname,2021-05-25,11.2,14.709573971298735,-3.5095739712987353,3.5095739712987353,0.0,36.00683197119124
Japan,2021-05-25,5.62,12.036069630086843,-6.4160696300868425,6.4160696300868425,0.0,33.33332762997935
Congo,2021-05-25,0.41,5.015149982433741,-4.6051499824337405,4.6051499824337405,0.0,26.312407982326246
Panama,2021-05-25,14.61,19.69911513941196,-5.089115139411959,5.089115139411959,0.0,40.99637313930447
Mali,2021-05-25,0.36,6.534498284951784,-6.174498284951784,6.174498284951784,0.0,27.83175628484429
Azerbaijan,2021-05-25,11.43,19.095893830794644,-7.665893830794644,7.665893830794644,0.0,40.393151830687145
Isle of Man,2021-05-25,72.06,50.23598117371045,21.824018826289553,21.824018826289553,28.938723173817944,71.53323917360295
South Africa,2021-05-25,1.28,11.378476343699067,-10.098476343699067,10.098476343699067,0.0,32.67573434359157
Papua New Guinea,2021-05-25,0.24,6.392134648588172,-6.152134648588172,6.152134648588172,0.0,27.689392648480677
Northern Ireland,2021-05-25,54.43,46.77444750838526,7.655552491614742,7.655552491614742,25.477189508492753,68.07170550827776
Uzbekistan,2021-05-25,3.58,7.859427926735407,-4.279427926735407,4.279427926735407,0.0,29.15668592662791
Cambodia,2021-05-25,13.8,16.552625001003328,-2.7526250010033273,2.7526250010033273,0.0,37.84988300089583
Hong Kong,2021-05-25,17.05,18.116936608661256,-1.0669366086612548,1.0669366086612548,0.0,39.41419460855376
Comoros,2021-05-25,4.96,6.733381380614048,-1.7733813806140484,1.7733813806140484,0.0,28.030639380506553
Cape Verde,2021-05-25,3.84,8.584700943270732,-4.7447009432707326,4.7447009432707326,0.0,29.881958943163237
Cote d'Ivoire,2021-05-25,1.88,9.979600241301952,-8.099600241301953,8.099600241301953,0.0,31.276858241194457
Saudi Arabia,2021-05-25,0.0,15.444910407515998,-15.444910407515998,15.444910407515998,0.0,36.7421684074085
Jamaica,2021-05-25,5.07,11.589715573584883,-6.519715573584882,6.519715573584882,0.0,32.88697357347739
Libya,2021-05-25,1.55,4.9742375700547505,-3.4242375700547507,3.4242375700547507,0.0,26.271495569947255
Honduras,2021-05-25,1.38,10.12831788468986,-8.748317884689861,8.748317884689861,0.0,31.425575884582365
Equatorial Guinea,2021-05-25,10.16,10.80951638445854,-0.6495163844585399,0.6495163844585399,0.0,32.10677438435104
Mauritius,2021-05-25,16.68,18.937210757264836,-2.2572107572648363,2.2572107572648363,0.0,40.234468757157344
Democratic Republic of Congo,2021-05-25,0.02,4.276163162330853,-4.256163162330854,4.256163162330854,0.0,25.573421162223358
Spain,2021-05-25,36.76,27.550058579455836,9.209941420544162,9.209941420544162,6.252800579563331,48.847316579348345
Oman,2021-05-25,4.24,18.31796663703185,-14.077966637031851,14.077966637031851,0.0,39.61522463692435
Austria,2021-05-25,38.06,28.290564394633726,9.769435605366276,9.769435605366276,6.9933063947412215,49.58782239452623
Yemen,2021-05-25,0.06,2.0316906902889187,-1.9716906902889186,1.9716906902889186,0.0,23.328948690181424
Germany,2021-05-25,40.58,28.37029412436341,12.209705875636587,12.209705875636587,7.073036124470907,49.66755212425592
Italy,2021-05-25,36.11,27.33522655679574,8.77477344320426,8.77477344320426,6.037968556903234,48.63248455668824
Israel,2021-05-25,62.91,63.76884468758474,-0.8588446875847424,0.8588446875847424,42.47158668769224,85.06610268747724
Palestine,2021-05-25,5.48,10.027952830406363,-4.547952830406363,4.547952830406363,0.0,31.325210830298868
Sri Lanka,2021-05-25,6.73,16.430238644240525,-9.700238644240525,9.700238644240525,0.0,37.727496644133026
Costa Rica,2021-05-25,17.03,21.258644338754223,-4.228644338754222,4.228644338754222,0.0,42.55590233864673
Mauritania,2021-05-25,0.48,6.950023112215934,-6.470023112215934,6.470023112215934,0.0,28.24728111210844
British Virgin Islands,2021-05-25,37.22,37.877230230071845,-0.6572302300718462,0.6572302300718462,16.57997223017934,59.17448822996435
United Arab Emirates,2021-05-25,51.38,44.97747036193389,6.402529638066113,6.402529638066113,23.680212362041384,66.27472836182639
Cook Islands,2021-05-25,24.84,20.85863631812085,3.9813636818791487,3.9813636818791487,0.0,42.15589431801335
Norway,2021-05-25,29.95,28.810660930933004,1.1393390690669953,1.1393390690669953,7.513402931040499,50.107918930825505
Pakistan,2021-05-25,1.88,12.927824822477017,-11.047824822477018,11.047824822477018,0.0,34.22508282236952
Bermuda,2021-05-25,57.96,44.40944348794016,13.550556512059842,13.550556512059842,23.112185488047654,65.70670148783266
Guyana,2021-05-25,23.8,18.695450595490783,5.104549404509218,5.104549404509218,0.0,39.99270859538329
Sudan,2021-05-25,0.32,8.725459658039458,-8.405459658039458,8.405459658039458,0.0,30.022717657931963
South Sudan,2021-05-25,0.07,5.715587164305479,-5.6455871643054785,5.6455871643054785,0.0,27.012845164197984
Afghanistan,2021-05-25,1.22,10.681442103166525,-9.461442103166524,9.461442103166524,0.0,31.97870010305903
Wales,2021-05-25,67.01,51.17253261476821,15.837467385231797,15.837467385231797,29.875274614875703,72.46979061466071
Latvia,2021-05-25,26.86,23.56116391594349,3.2988360840565107,3.2988360840565107,2.263905916050984,44.85842191583599
Turks and Caicos Islands,2021-05-25,53.62,39.686831547641304,13.933168452358693,13.933168452358693,18.3895735477488,60.98408954753381
Malaysia,2021-05-25,5.35,12.134401899982613,-6.784401899982614,6.784401899982614,0.0,33.431659899875115
Guinea,2021-05-25,1.57,7.290162226457724,-5.720162226457724,5.720162226457724,0.0,28.58742022635023
Bosnia and Herzegovina,2021-05-25,5.76,12.304176085686976,-6.544176085686976,6.544176085686976,0.0,33.601434085579484
Philippines,2021-05-25,3.16,10.639023767042808,-7.479023767042808,7.479023767042808,0.0,31.936281766935313
Angola,2021-05-25,1.92,10.33364786034942,-8.41364786034942,8.41364786034942,0.0,31.630905860241924
Liberia,2021-05-25,1.06,2.443075575233774,-1.3830755752337738,1.3830755752337738,0.0,23.74033357512628
Ethiopia,2021-05-25,1.49,6.189119342950761,-4.699119342950761,4.699119342950761,0.0,27.486377342843266
Egypt,2021-05-25,1.77,13.759969717194487,-11.989969717194487,11.989969717194487,0.0,35.05722771708699
Nigeria,2021-05-25,0.94,9.634803468397607,-8.694803468397607,8.694803468397607,0.0,30.93206146829011
Slovakia,2021-05-25,29.66,26.301772865170122,3.3582271348298782,3.3582271348298782,5.004514865277617,47.59903086506263
Syria,2021-05-25,0.01,9.53531452701597,-9.52531452701597,9.52531452701597,0.0,30.832572526908475
Croatia,2021-05-25,29.16,24.43505831965362,4.7249416803463795,4.7249416803463795,3.1378003197611157,45.73231631954613
Albania,2021-05-25,16.51,16.67548826405924,-0.16548826405923833,0.16548826405923833,0.0,37.97274626395175
Brazil,2021-05-25,20.09,21.37913606566142,-1.2891360656614204,1.2891360656614204,0.08187806576891532,42.67639406555392
Saint Vincent and the Grenadines,2021-05-25,16.6,19.49531262487551,-2.8953126248755083,2.8953126248755083,0.0,40.79257062476802
Andorra,2021-05-25,35.74,26.913681345500123,8.826318654499879,8.826318654499879,5.616423345607618,48.21093934539263
China,2021-05-25,0.0,17.85475458458025,-17.85475458458025,17.85475458458025,0.0,39.15201258447276
Jordan,2021-05-25,10.14,17.787377147101616,-7.647377147101615,7.647377147101615,0.0,39.08463514699412
Mongolia,2021-05-25,56.16,29.785068476793143,26.374931523206854,26.374931523206854,8.487810476900638,51.08232647668565
Malawi,2021-05-25,1.81,8.943400860169682,-7.133400860169681,7.133400860169681,0.0,30.240658860062187
Cuba,2021-05-25,7.05,6.459515276872828,0.5904847231271715,0.5904847231271715,0.0,27.756773276765333
United Kingdom,2021-05-25,56.53,48.824376586399346,7.705623413600655,7.705623413600655,27.52711858650684,70.12163458629185
Taiwan,2021-05-25,1.34,7.645789652842346,-6.305789652842346,6.305789652842346,0.0,28.94304765273485
Niger,2021-05-25,0.48,6.656688265961915,-6.176688265961914,6.176688265961914,0.0,27.95394626585442
Australia,2021-05-25,12.83,11.576640846246363,1.253359153753637,1.253359153753637,0.0,32.87389884613887
Cayman Islands,2021-05-25,64.7,45.5292955832954,19.170704416704602,19.170704416704602,24.232037583402896,66.8265535831879
Sao Tome and Principe,2021-05-25,5.65,11.833015418659372,-6.183015418659371,6.183015418659371,0.0,33.13027341855188
North Macedonia,2021-05-25,10.6,13.031569127204293,-2.431569127204293,2.431569127204293,0.0,34.3288271270968
Bhutan,2021-05-25,62.55,65.16459938340199,-2.6145993834019947,2.6145993834019947,43.86734138350948,86.4618573832945
Maldives,2021-05-25,56.97,50.019446444098755,6.950553555901244,6.950553555901244,28.72218844420625,71.31670444399126
Somalia,2021-05-25,0.79,5.145318651139981,-4.355318651139981,4.355318651139981,0.0,26.442576651032486
Ghana,2021-05-25,2.73,11.459481193682702,-8.729481193682702,8.729481193682702,0.0,32.75673919357521
Saint Kitts and Nevis,2021-05-25,29.36,25.855727817452582,3.5042721825474175,3.5042721825474175,4.558469817560077,47.15298581734508
Paraguay,2021-05-25,3.97,11.475493136100638,-7.505493136100638,7.505493136100638,0.0,32.77275113599315
Moldova,2021-05-25,7.47,11.303684849800348,-3.833684849800348,3.833684849800348,0.0,32.600942849692856
Sweden,2021-05-25,35.7,27.37799682706602,8.322003172933982,8.322003172933982,6.080738827173516,48.67525482695852
Solomon Islands,2021-05-25,1.91,7.653542546568843,-5.743542546568843,5.743542546568843,0.0,28.95080054646135
El Salvador,2021-05-25,17.11,16.648673796753478,0.4613262032465215,0.4613262032465215,0.0,37.94593179664598
Uganda,2021-05-25,1.17,9.145636626216461,-7.9756366262164615,7.9756366262164615,0.0,30.442894626108966
Jersey,2021-05-25,58.76,56.31203668773559,2.447963312264406,2.447963312264406,35.01477868784309,77.6092946876281
Northern Cyprus,2021-05-25,19.54,21.960680357106085,-2.420680357106086,2.420680357106086,0.6634223572135802,43.257938356998594
Colombia,2021-05-25,10.69,14.88461129675347,-4.19461129675347,4.19461129675347,0.0,36.18186929664597
Bangladesh,2021-05-25,3.54,15.69727856704089,-12.15727856704089,12.15727856704089,0.0,36.99453656693339
Guinea-Bissau,2021-05-25,0.3,1.9430755752347082,-1.6430755752347082,1.6430755752347082,0.0,23.240333575127213
Gambia,2021-05-25,1.07,9.123473510862699,-8.053473510862698,8.053473510862698,0.0,30.420731510755203
Ireland,2021-05-25,35.12,26.973085024560028,8.14691497543997,8.14691497543997,5.675827024667523,48.27034302445253
Bahamas,2021-05-25,11.25,12.725976490935416,-1.475976490935416,1.475976490935416,0.0,34.02323449082792
Slovenia,2021-05-25,30.53,26.923306088248268,3.6066939117517336,3.6066939117517336,5.626048088355763,48.220564088140776
Venezuela,2021-05-25,1.11,11.186822280741936,-10.076822280741936,10.076822280741936,0.0,32.484080280634444
Denmark,2021-05-25,33.43,28.2797917652613,5.150208234738699,5.150208234738699,6.982533765368796,49.5770497651538
Monaco,2021-05-25,39.98,32.798506595515605,7.181493404484392,7.181493404484392,11.5012485956231,54.09576459540811
Benin,2021-05-25,0.1,1.6266141266267837,-1.5266141266267836,1.5266141266267836,0.0,22.92387212651929
Switzerland,2021-05-25,33.08,25.354011924010692,7.7259880759893065,7.7259880759893065,4.056753924118187,46.6512699239032
Gabon,2021-05-25,0.48,7.480961102584409,-7.000961102584409,7.000961102584409,0.0,28.778219102476914
Cameroon,2021-05-25,0.2,4.9912721803246,-4.7912721803246,4.7912721803246,0.0,26.288530180217105
Namibia,2021-05-25,2.49,8.358133779091496,-5.868133779091496,5.868133779091496,0.0,29.655391778984
Kyrgyzstan,2021-05-25,0.57,6.805284757190051,-6.235284757190051,6.235284757190051,0.0,28.102542757082556
Trinidad and Tobago,2021-05-25,5.15,12.417865336042269,-7.267865336042268,7.267865336042268,0.0,33.71512333593478
Botswana,2021-05-25,5.65,8.68725074943686,-3.0372507494368595,3.0372507494368595,0.0,29.984508749329365
Turkey,2021-05-25,19.27,23.9375311187068,-4.667531118706801,4.667531118706801,2.640273118814296,45.23478911859931
Lebanon,2021-05-25,6.72,13.699452283497596,-6.979452283497596,6.979452283497596,0.0,34.9967102833901
Mozambique,2021-05-25,1.02,9.158761952579713,-8.138761952579713,8.138761952579713,0.0,30.456019952472218
Chile,2021-05-25,52.28,39.32298928878645,12.957010711213549,12.957010711213549,18.025731288893947,60.620247288678954
United States,2021-05-25,49.15,38.55835304873736,10.59164695126264,10.59164695126264,17.261095048844854,59.85561104862987
Cyprus,2021-05-25,42.24,27.446214755342055,14.793785244657947,14.793785244657947,6.14895675544955,48.74347275523456
Laos,2021-05-25,8.28,10.058694977816742,-1.778694977816743,1.778694977816743,0.0,31.355952977709247
Bahrain,2021-05-25,52.22,39.85009234794557,12.36990765205443,12.36990765205443,18.552834348053064,61.14735034783807
Serbia,2021-05-25,35.68,33.00068660532265,2.679313394677351,2.679313394677351,11.703428605430144,54.29794460521515
San Marino,2021-05-25,63.38,45.79879880083914,17.581201199160866,17.581201199160866,24.501540800946632,67.09605680073165
Fiji,2021-05-25,11.94,12.1235479189931,-0.18354791899310108,0.18354791899310108,0.0,33.420805918885605
Nauru,2021-05-25,68.23,18.569771516863817,49.66022848313619,49.66022848313619,0.0,39.86702951675632
France,2021-05-25,35.45,27.289280610849765,8.160719389150238,8.160719389150238,5.99202261095726,48.58653861074227
Armenia,2021-05-25,0.9,6.405724223031623,-5.505724223031622,5.505724223031622,0.0,27.702982222924128
Rwanda,2021-05-25,2.71,13.140620438083065,-10.430620438083064,10.430620438083064,0.0,34.43787843797557
India,2021-05-25,11.12,18.586041806546554,-7.466041806546555,7.466041806546555,0.0,39.883299806439055
Wallis and Futuna,2021-05-25,38.7,39.88807483540783,-1.188074835407825,1.188074835407825,18.590816835515323,61.18533283530033
Morocco,2021-05-25,22.13,23.177048989068105,-1.0470489890681058,1.0470489890681058,1.8797909891756,44.474306988960606
Bolivia,2021-05-25,9.81,15.450324851137033,-5.6403248511370325,5.6403248511370325,0.0,36.747582851029534
Argentina,2021-05-25,19.49,22.520052997431172,-3.0300529974311736,3.0300529974311736,1.2227949975386672,43.81731099732367
Iceland,2021-05-25,48.14,30.2126445265501,17.9273554734499,17.9273554734499,8.915386526657596,51.5099025264426
Indonesia,2021-05-25,5.68,17.01358926831376,-11.333589268313759,11.333589268313759,0.0,38.31084726820626
Netherlands,2021-05-25,36.67,26.722801696895083,9.94719830310492,9.94719830310492,5.425543697002578,48.020059696787584
Canada,2021-05-25,52.84,30.331622148811512,22.50837785118849,22.50837785118849,9.034364148919007,51.62888014870401
Anguilla,2021-05-25,58.73,44.54224258278389,14.187757417216105,14.187757417216105,23.244984582891387,65.8395005826764
Greece,2021-05-25,32.21,26.318578881929902,5.891421118070099,5.891421118070099,5.021320882037397,47.6158368818224
Senegal,2021-05-25,2.64,11.93199155371624,-9.29199155371624,9.29199155371624,0.0,33.229249553608746
Finland,2021-05-25,42.33,29.951446193180765,12.378553806819234,12.378553806819234,8.65418819328826,51.248704193073266
Kosovo,2021-05-25,2.86,7.513705809821431,-4.653705809821432,4.653705809821432,0.0,28.810963809713936
Belize,2021-05-25,15.41,16.874553178807496,-1.4645531788074955,1.4645531788074955,0.0,38.1718111787
Grenada,2021-05-25,14.52,19.089372164118195,-4.569372164118196,4.569372164118196,0.0,40.3866301640107
Uruguay,2021-05-25,47.57,32.586705777583376,14.983294222416625,14.983294222416625,11.28944777769087,53.883963777475884
Belarus,2021-05-25,4.64,17.240279562201906,-12.600279562201905,12.600279562201905,0.0,38.537537562094414
Dominica,2021-05-25,26.89,30.844274124902547,-3.954274124902547,3.954274124902547,9.547016125010042,52.14153212479505
Kuwait,2021-05-25,19.25,24.472524460161132,-5.222524460161132,5.222524460161132,3.1752664602686274,45.769782460053634
Scotland,2021-05-25,57.76,46.787961594519125,10.972038405480873,10.972038405480873,25.49070359462662,68.08521959441163
Russia,2021-05-25,10.81,21.383004584580227,-10.573004584580227,10.573004584580227,0.08574658468772256,42.68026258447273
Tunisia,2021-05-25,4.74,10.033135426086062,-5.293135426086062,5.293135426086062,0.0,31.330393425978567
Nepal,2021-05-25,7.25,17.29956670263406,-10.04956670263406,10.04956670263406,0.0,38.59682470252656
Lithuania,2021-05-25,35.24,28.33630763787678,6.903692362123223,6.903692362123223,7.039049637984274,49.63356563776928
Romania,2021-05-25,21.75,24.91765898922816,-3.1676589892281584,3.1676589892281584,3.6204009893356535,46.21491698912067
Dominican Republic,2021-05-25,27.69,19.760200804803397,7.929799195196605,7.929799195196605,0.0,41.0574588046959
England,2021-05-26,57.36,49.11008864490963,8.249911355090369,8.249911355090369,27.812830645017126,70.40734664480213
Sri Lanka,2021-05-26,6.74,16.64931538760944,-9.90931538760944,9.90931538760944,0.0,37.94657338750194
Cote d'Ivoire,2021-05-26,1.88,10.198676984670868,-8.31867698467087,8.31867698467087,0.0,31.495934984563373
Sudan,2021-05-26,0.32,8.944536401408374,-8.624536401408374,8.624536401408374,0.0,30.24179440130088
Faeroe Islands,2021-05-26,41.85,30.31895242822457,11.531047571775431,11.531047571775431,9.021694428332065,51.61621042811707
Jersey,2021-05-26,59.48,56.531113431104494,2.948886568895503,2.948886568895503,35.23385543121199,77.828371430997
Sao Tome and Principe,2021-05-26,5.65,12.052092162028288,-6.402092162028287,6.402092162028287,0.0,33.349350161920796
Afghanistan,2021-05-26,1.23,10.90051884653544,-9.67051884653544,9.67051884653544,0.0,32.19777684642794
Finland,2021-05-26,42.88,30.17052293654968,12.709477063450322,12.709477063450322,8.873264936657176,51.46778093644218
Zambia,2021-05-26,0.76,5.230976725762673,-4.470976725762673,4.470976725762673,0.0,26.528234725655178
Tunisia,2021-05-26,4.89,10.252212169454978,-5.3622121694549785,5.3622121694549785,0.0,31.549470169347483
Estonia,2021-05-26,34.12,28.75585735421882,5.364142645781179,5.364142645781179,7.458599354326314,50.05311535411133
Mozambique,2021-05-26,1.02,9.377838695948629,-8.35783869594863,8.35783869594863,0.0,30.675096695841134
Netherlands,2021-05-26,36.67,26.941878440264,9.728121559736003,9.728121559736003,5.644620440371494,48.2391364401565
El Salvador,2021-05-26,17.19,16.867750540122394,0.32224945987760734,0.32224945987760734,0.0,38.165008540014895
Romania,2021-05-26,21.88,25.136735732597074,-3.2567357325970754,3.2567357325970754,3.8394777327045695,46.43399373248958
South Korea,2021-05-26,7.86,13.539909475735541,-5.679909475735541,5.679909475735541,0.0,34.83716747562805
Germany,2021-05-26,41.23,28.589370867732327,12.64062913226767,12.64062913226767,7.292112867839823,49.886628867624836
Malaysia,2021-05-26,5.35,12.35347864335153,-7.00347864335153,7.00347864335153,0.0,33.65073664324403
Venezuela,2021-05-26,1.11,11.405899024110852,-10.295899024110852,10.295899024110852,0.0,32.70315702400336
Cayman Islands,2021-05-26,65.11,45.74837232666432,19.361627673335683,19.361627673335683,24.451114326771812,67.04563032655682
Iran,2021-05-26,3.26,12.570649456714964,-9.310649456714964,9.310649456714964,0.0,33.86790745660747
Sweden,2021-05-26,35.7,27.597073570434937,8.102926429565066,8.102926429565066,6.299815570542432,48.89433157032744
Montserrat,2021-05-26,26.85,31.31531612338148,-4.465316123381477,4.465316123381477,10.018058123488974,52.61257412327399
South Sudan,2021-05-26,0.08,5.934663907674395,-5.854663907674395,5.854663907674395,0.0,27.2319219075669
Niger,2021-05-26,0.63,6.875765009330831,-6.245765009330831,6.245765009330831,0.0,28.173023009223336
Mali,2021-05-26,0.41,6.7535750283207,-6.3435750283207,6.3435750283207,0.0,28.050833028213205
New Caledonia,2021-05-26,16.29,19.64401868296313,-3.3540186829631295,3.3540186829631295,0.0,40.94127668285563
Zimbabwe,2021-05-26,4.33,12.457310852647055,-8.127310852647055,8.127310852647055,0.0,33.75456885253956
Morocco,2021-05-26,22.13,23.39612573243702,-1.2661257324370219,1.2661257324370219,2.098867732544516,44.69338373232952
Croatia,2021-05-26,29.74,24.654135063022537,5.085864936977462,5.085864936977462,3.3568770631300318,45.951393062915045
France,2021-05-26,36.05,27.50835735421868,8.541642645781316,8.541642645781316,6.211099354326176,48.80561535411118
Solomon Islands,2021-05-26,1.91,7.872619289937759,-5.962619289937759,5.962619289937759,0.0,29.169877289830264
Italy,2021-05-26,36.59,27.554303300164655,9.035696699835349,9.035696699835349,6.25704530027215,48.851561300057156
Kuwait,2021-05-26,19.25,24.69160120353005,-5.441601203530048,5.441601203530048,3.3943432036375434,45.98885920342255
Israel,2021-05-26,62.92,63.987921430953655,-1.0679214309536533,1.0679214309536533,42.690663431061154,85.28517943084616
Djibouti,2021-05-26,1.27,5.802233232348446,-4.532233232348446,4.532233232348446,0.0,27.09949123224095
Rwanda,2021-05-26,2.71,13.359697181451981,-10.64969718145198,10.64969718145198,0.0,34.656955181344486
Timor,2021-05-26,4.84,6.471476725764422,-1.631476725764422,1.631476725764422,0.0,27.768734725656927
Tajikistan,2021-05-26,0.78,2.942767433657835,-2.1627674336578346,2.1627674336578346,0.0,24.24002543355034
Uganda,2021-05-26,1.24,9.364713369585377,-8.124713369585377,8.124713369585377,0.0,30.661971369477882
Gabon,2021-05-26,0.48,7.700037845953325,-7.220037845953325,7.220037845953325,0.0,28.99729584584583
Costa Rica,2021-05-26,17.03,21.47772108212314,-4.447721082123138,4.447721082123138,0.18046308223063434,42.77497908201565
North Macedonia,2021-05-26,10.6,13.250645870573209,-2.650645870573209,2.650645870573209,0.0,34.54790387046572
Peru,2021-05-26,7.81,14.326894052064493,-6.516894052064493,6.516894052064493,0.0,35.624152051957
Suriname,2021-05-26,11.36,14.928650714667647,-3.5686507146676476,3.5686507146676476,0.0,36.22590871456015
British Virgin Islands,2021-05-26,37.22,38.09630697344076,-0.8763069734407622,0.8763069734407622,16.799048973548256,59.39356497333327
San Marino,2021-05-26,63.39,46.01787554420805,17.372124455791948,17.372124455791948,24.720617544315548,67.31513354410056
New Zealand,2021-05-26,7.95,13.284086030799742,-5.3340860307997415,5.3340860307997415,0.0,34.58134403069225
Sint Maarten (Dutch part),2021-05-26,37.09,37.74572652996857,-0.6557265299685682,0.6557265299685682,16.448468530076067,59.04298452986107
Ireland,2021-05-26,35.12,27.192161767928944,7.927838232071053,7.927838232071053,5.894903768036439,48.489419767821445
Lebanon,2021-05-26,7.03,13.918529026866512,-6.888529026866512,6.888529026866512,0.0,35.21578702675902
Antigua and Barbuda,2021-05-26,33.57,32.194357210779444,1.3756427892205565,1.3756427892205565,10.897099210886939,53.49161521067195
Trinidad and Tobago,2021-05-26,5.4,12.636942079411185,-7.236942079411184,7.236942079411184,0.0,33.93420007930369
Macao,2021-05-26,15.23,16.655506599572014,-1.4255065995720138,1.4255065995720138,0.0,37.952764599464516
Montenegro,2021-05-26,20.25,16.301212037975404,3.9487879620245963,3.9487879620245963,0.0,37.59847003786791
Dominican Republic,2021-05-26,28.25,19.979277548172313,8.270722451827687,8.270722451827687,0.0,41.276535548064814
United Arab Emirates,2021-05-26,51.38,45.196547105302805,6.183452894697197,6.183452894697197,23.8992891054103,66.4938051051953
Botswana,2021-05-26,5.65,8.906327492805776,-3.2563274928057755,3.2563274928057755,0.0,30.20358549269828
Benin,2021-05-26,0.1,1.8456908699956998,-1.7456908699956997,1.7456908699956997,0.0,23.142948869888205
Uzbekistan,2021-05-26,3.58,8.078504670104323,-4.498504670104323,4.498504670104323,0.0,29.375762669996828
Bahamas,2021-05-26,11.25,12.945053234304332,-1.695053234304332,1.695053234304332,0.0,34.24231123419683
Madagascar,2021-05-26,0.08,1.8771523186039474,-1.7971523186039473,1.7971523186039473,0.0,23.174410318496452
Pakistan,2021-05-26,1.88,13.146901565845933,-11.266901565845934,11.266901565845934,0.0,34.44415956573844
Singapore,2021-05-26,36.11,27.993738901485756,8.116261098514244,8.116261098514244,6.696480901593251,49.290996901378264
Monaco,2021-05-26,39.98,33.01758333888452,6.962416661115476,6.962416661115476,11.720325338992016,54.31484133877703
Iceland,2021-05-26,48.14,30.431721269919016,17.708278730080984,17.708278730080984,9.134463270026512,51.72897926981152
Guatemala,2021-05-26,2.15,10.920591293917209,-8.770591293917208,8.770591293917208,0.0,32.217849293809714
Cook Islands,2021-05-26,24.84,21.077713061489767,3.7622869385102327,3.7622869385102327,0.0,42.37497106138227
Barbados,2021-05-26,26.82,31.854799222268547,-5.034799222268546,5.034799222268546,10.557541222376042,53.15205722216105
Slovenia,2021-05-26,30.87,27.142382831617184,3.7276171683828174,3.7276171683828174,5.845124831724679,48.43964083150969
Norway,2021-05-26,30.13,29.02973767430192,1.100262325698079,1.100262325698079,7.732479674409415,50.32699567419442
Hungary,2021-05-26,52.34,34.45765562529882,17.882344374701184,17.882344374701184,13.160397625406315,55.75491362519132
French Polynesia,2021-05-26,19.8,20.588162827107233,-0.7881628271072323,0.7881628271072323,0.0,41.885420826999734
Poland,2021-05-26,34.73,27.23949235999264,7.490507640007358,7.490507640007358,5.942234360100134,48.53675035988515
Gambia,2021-05-26,1.07,9.342550254231615,-8.272550254231614,8.272550254231614,0.0,30.63980825412412
Japan,2021-05-26,6.01,12.255146373455759,-6.245146373455759,6.245146373455759,0.0,33.55240437334827
Kyrgyzstan,2021-05-26,0.57,7.0243615005589675,-6.454361500558967,6.454361500558967,0.0,28.321619500451472
Kazakhstan,2021-05-26,10.84,15.59260750477982,-4.752607504779821,4.752607504779821,0.0,36.88986550467233
Guyana,2021-05-26,23.8,18.9145273388597,4.885472661140302,4.885472661140302,0.0,40.21178533875221
Portugal,2021-05-26,36.05,27.79822221908354,8.251777780916456,8.251777780916456,6.500964219191037,49.09548021897605
India,2021-05-26,11.32,18.80511854991547,-7.4851185499154695,7.4851185499154695,0.0,40.10237654980797
Iraq,2021-05-26,0.74,10.110343651337288,-9.370343651337288,9.370343651337288,0.0,31.407601651229793
Austria,2021-05-26,38.6,28.509641138002642,10.090358861997359,10.090358861997359,7.2123831381101375,49.806899137895144
Dominica,2021-05-26,27.27,31.063350868271463,-3.793350868271464,3.793350868271464,9.766092868378959,52.360608868163965
Northern Cyprus,2021-05-26,19.54,22.179757100475,-2.639757100475002,2.639757100475002,0.8824991005824963,43.47701510036751
Greenland,2021-05-26,21.63,22.782826644657618,-1.152826644657619,1.152826644657619,1.485568644765113,44.080084644550126
Saint Lucia,2021-05-26,15.02,19.64930566438766,-4.629305664387662,4.629305664387662,0.0,40.94656366428016
Panama,2021-05-26,14.98,19.918191882780874,-4.938191882780874,4.938191882780874,0.0,41.21544988267338
Serbia,2021-05-26,35.68,33.219763348691565,2.460236651308435,2.460236651308435,11.92250534879906,54.517021348584066
Colombia,2021-05-26,11.1,15.103688040122385,-4.003688040122386,4.003688040122386,0.0,36.40094604001489
Bahrain,2021-05-26,52.42,40.069169091314485,12.350830908685516,12.350830908685516,18.77191109142198,61.36642709120699
Canada,2021-05-26,53.51,30.550698892180428,22.95930110781957,22.95930110781957,9.253440892287923,51.84795689207293
Curacao,2021-05-26,50.79,41.23987638701927,9.550123612980727,9.550123612980727,19.942618387126767,62.537134386911774
Belgium,2021-05-26,38.92,28.287791679720407,10.632208320279595,10.632208320279595,6.990533679827902,49.58504967961291
Tuvalu,2021-05-26,20.35,23.855227893875096,-3.5052278938750945,3.5052278938750945,2.557969893982591,45.152485893767604
Uruguay,2021-05-26,48.58,32.80578252095229,15.774217479047707,15.774217479047707,11.508524521059787,54.1030405208448
Guinea-Bissau,2021-05-26,0.3,2.1621523186036242,-1.8621523186036242,1.8621523186036242,0.0,23.45941031849613
Fiji,2021-05-26,11.94,12.342624662362017,-0.4026246623620171,0.4026246623620171,0.0,33.63988266225452
Switzerland,2021-05-26,33.73,25.573088667379608,8.156911332620389,8.156911332620389,4.275830667487103,46.870346667272116
Ecuador,2021-05-26,8.56,15.817099010379422,-7.257099010379422,7.257099010379422,0.0,37.11435701027193
Chile,2021-05-26,53.22,39.54206603215537,13.67793396784463,13.67793396784463,18.244808032262863,60.83932403204787
Thailand,2021-05-26,3.17,10.839968567463892,-7.669968567463892,7.669968567463892,0.0,32.13722656735639
Mexico,2021-05-26,14.99,21.271694592056882,-6.281694592056882,6.281694592056882,0.0,42.56895259194938
United States,2021-05-26,49.36,38.777429792106275,10.582570207893724,10.582570207893724,17.48017179221377,60.074687791998784
Mauritania,2021-05-26,0.48,7.16909985558485,-6.68909985558485,6.68909985558485,0.0,28.466357855477355
Bermuda,2021-05-26,57.96,44.628520231309075,13.331479768690926,13.331479768690926,23.33126223141657,65.92577823120158
Taiwan,2021-05-26,1.34,7.864866396211262,-6.524866396211262,6.524866396211262,0.0,29.162124396103767
Azerbaijan,2021-05-26,11.69,19.31497057416356,-7.6249705741635605,7.6249705741635605,0.0,40.61222857405606
Sierra Leone,2021-05-26,0.73,8.793085262090301,-8.0630852620903,8.0630852620903,0.0,30.090343261982806
Ukraine,2021-05-26,2.27,11.235370983272205,-8.965370983272205,8.965370983272205,0.0,32.53262898316471
Liechtenstein,2021-05-26,32.11,26.631899327462342,5.478100672537657,5.478100672537657,5.334641327569837,47.929157327354844
Kosovo,2021-05-26,2.86,7.732782553190347,-4.872782553190348,4.872782553190348,0.0,29.030040553082852
Seychelles,2021-05-26,71.64,67.61766833212664,4.02233166787336,4.02233166787336,46.32041033223413,88.91492633201915
Australia,2021-05-26,13.03,11.795717589615279,1.2342824103847203,1.2342824103847203,0.0,33.09297558950779
Cape Verde,2021-05-26,3.9,8.803777686639648,-4.903777686639648,4.903777686639648,0.0,30.101035686532153
Georgia,2021-05-26,3.04,9.194071177583236,-6.154071177583236,6.154071177583236,0.0,30.49132917747574
Scotland,2021-05-26,58.11,47.00703833788804,11.102961662111959,11.102961662111959,25.709780337995536,68.30429633778054
Equatorial Guinea,2021-05-26,10.16,11.028593127827456,-0.8685931278274559,0.8685931278274559,0.0,32.32585112771996
Bangladesh,2021-05-26,3.54,15.916355310409806,-12.376355310409807,12.376355310409807,0.0,37.21361331030231
Brazil,2021-05-26,20.34,21.598212809030336,-1.2582128090303364,1.2582128090303364,0.30095480913783135,42.89547080892284
Papua New Guinea,2021-05-26,0.24,6.611211391957088,-6.371211391957088,6.371211391957088,0.0,27.908469391849593
Wales,2021-05-26,67.24,51.39160935813711,15.848390641862885,15.848390641862885,30.094351358244605,72.68886735802961
Malta,2021-05-26,70.64,42.98205718833668,27.657942811663318,27.657942811663318,21.684799188444178,64.27931518822919
Russia,2021-05-26,11.07,21.602081327949143,-10.532081327949143,10.532081327949143,0.3048233280566386,42.899339327841645
Saint Vincent and the Grenadines,2021-05-26,16.6,19.714389368244426,-3.1143893682444244,3.1143893682444244,0.0,41.011647368136934
Angola,2021-05-26,2.02,10.552724603718335,-8.532724603718336,8.532724603718336,0.0,31.84998260361084
Turkey,2021-05-26,19.35,24.156607862075717,-4.806607862075715,4.806607862075715,2.859349862183212,45.453865861968225
Bolivia,2021-05-26,10.16,15.669401594505949,-5.509401594505949,5.509401594505949,0.0,36.96665959439845
Tonga,2021-05-26,24.57,14.870231789788093,9.699768210211907,9.699768210211907,0.0,36.1674897896806
Anguilla,2021-05-26,58.73,44.76131932615281,13.968680673847189,13.968680673847189,23.464061326260303,66.05857732604531
Mauritius,2021-05-26,16.68,19.156287500633752,-2.4762875006337524,2.4762875006337524,0.0,40.45354550052626
South Africa,2021-05-26,1.4,11.597553087067983,-10.197553087067982,10.197553087067982,0.0,32.89481108696049
China,2021-05-26,0.0,18.073831327949165,-18.073831327949165,18.073831327949165,0.0,39.37108932784167
Namibia,2021-05-26,2.56,8.577210522460412,-6.017210522460411,6.017210522460411,0.0,29.874468522352917
Palestine,2021-05-26,5.75,10.24702957377528,-4.497029573775279,4.497029573775279,0.0,31.544287573667784
Belarus,2021-05-26,4.64,17.45935630557082,-12.819356305570821,12.819356305570821,0.0,38.75661430546333
Jamaica,2021-05-26,5.07,11.808792316953799,-6.738792316953798,6.738792316953798,0.0,33.10605031684631
Nauru,2021-05-26,68.23,18.788848260232733,49.44115173976727,49.44115173976727,0.0,40.086106260125234
Maldives,2021-05-26,57.06,50.23852318746767,6.821476812532332,6.821476812532332,28.941265187575166,71.53578118736017
Albania,2021-05-26,16.67,16.894565007428156,-0.22456500742815422,0.22456500742815422,0.0,38.191823007320664
Andorra,2021-05-26,35.74,27.13275808886904,8.607241911130963,8.607241911130963,5.835500088976534,48.43001608876155
Czechia,2021-05-26,34.19,26.395654651516054,7.794345348483944,7.794345348483944,5.098396651623549,47.69291265140856
Congo,2021-05-26,0.41,5.234226725802657,-4.8242267258026565,4.8242267258026565,0.0,26.53148472569516
Cambodia,2021-05-26,14.13,16.771701744372244,-2.6417017443722433,2.6417017443722433,0.0,38.068959744264745
Lithuania,2021-05-26,35.84,28.555384381245695,7.284615618754309,7.284615618754309,7.25812638135319,49.852642381138196
Egypt,2021-05-26,1.77,13.979046460563403,-12.209046460563403,12.209046460563403,0.0,35.276304460455904
Ethiopia,2021-05-26,1.51,6.408196086319677,-4.898196086319677,4.898196086319677,0.0,27.705454086212182
Senegal,2021-05-26,2.65,12.151068297085157,-9.501068297085157,9.501068297085157,0.0,33.44832629697766
Hong Kong,2021-05-26,17.2,18.33601335203017,-1.1360133520301723,1.1360133520301723,0.0,39.63327135192267
Nigeria,2021-05-26,0.94,9.853880211766523,-8.913880211766523,8.913880211766523,0.0,31.151138211659028
Central African Republic,2021-05-26,0.01,1.872152318604119,-1.862152318604119,1.862152318604119,0.0,23.169410318496624
Cyprus,2021-05-26,43.0,27.66529149871097,15.334708501289029,15.334708501289029,6.368033498818466,48.96254949860348
Samoa,2021-05-26,14.34,9.262459292081722,5.077540707918278,5.077540707918278,0.0,30.559717291974227
Cameroon,2021-05-26,0.21,5.210348923693516,-5.000348923693516,5.000348923693516,0.0,26.50760692358602
Algeria,2021-05-26,0.17,13.283561123876808,-13.113561123876808,13.113561123876808,0.0,34.58081912376932
Argentina,2021-05-26,19.64,22.739129740800088,-3.0991297408000875,3.0991297408000875,1.4418717409075832,44.03638774069259
Luxembourg,2021-05-26,35.68,27.046617821643217,8.633382178356783,8.633382178356783,5.749359821750712,48.34387582153572
Liberia,2021-05-26,1.1,2.66215231860269,-1.5621523186026898,1.5621523186026898,0.0,23.959410318495195
Grenada,2021-05-26,14.52,19.30844890748711,-4.788448907487112,4.788448907487112,0.0,40.60570690737961
Northern Ireland,2021-05-26,54.61,46.993524251754174,7.616475748245826,7.616475748245826,25.69626625186167,68.29078225164668
Slovakia,2021-05-26,30.04,26.520849608539038,3.519150391460961,3.519150391460961,5.223591608646533,47.818107608431546
Comoros,2021-05-26,4.96,6.952458123982964,-1.9924581239829644,1.9924581239829644,0.0,28.24971612387547
Laos,2021-05-26,8.45,10.277771721185658,-1.827771721185659,1.827771721185659,0.0,31.575029721078163
Kenya,2021-05-26,1.79,10.287460458680062,-8.497460458680063,8.497460458680063,0.0,31.584718458572567
Syria,2021-05-26,0.01,9.754391270384886,-9.744391270384886,9.744391270384886,0.0,31.05164927027739
Armenia,2021-05-26,0.9,6.624800966400539,-5.724800966400538,5.724800966400538,0.0,27.922058966293044
Honduras,2021-05-26,1.38,10.347394628058776,-8.967394628058777,8.967394628058777,0.0,31.64465262795128
Democratic Republic of Congo,2021-05-26,0.02,4.495239905699769,-4.47523990569977,4.47523990569977,0.0,25.792497905592274
Saudi Arabia,2021-05-26,0.0,15.663987150884914,-15.663987150884914,15.663987150884914,0.0,36.961245150777415
Qatar,2021-05-26,47.95,25.373990830730328,22.576009169269675,22.576009169269675,4.076732830837823,46.67124883062283
Nepal,2021-05-26,7.25,17.518643446002976,-10.268643446002976,10.268643446002976,0.0,38.81590144589548
Gibraltar,2021-05-26,115.73,92.26986351489083,23.460136485109174,23.460136485109174,70.97260551499832,100.0
Bosnia and Herzegovina,2021-05-26,5.76,12.523252829055892,-6.763252829055892,6.763252829055892,0.0,33.8205108289484
Libya,2021-05-26,1.55,5.193314313423667,-3.6433143134236667,3.6433143134236667,0.0,26.49057231331617
Oman,2021-05-26,4.24,18.537043380400767,-14.297043380400767,14.297043380400767,0.0,39.83430138029327
Guernsey,2021-05-26,49.17,46.07054646056314,3.0994535394368583,3.0994535394368583,24.77328846067064,67.36780446045564
Brunei,2021-05-26,8.07,9.218302570611197,-1.1483025706111967,1.1483025706111967,0.0,30.515560570503702
Somalia,2021-05-26,0.79,5.364395394508897,-4.574395394508897,4.574395394508897,0.0,26.6616533944014
Yemen,2021-05-26,0.06,2.2507674336578347,-2.1907674336578347,2.1907674336578347,0.0,23.54802543355034
Malawi,2021-05-26,1.82,9.162477603538598,-7.3424776035385975,7.3424776035385975,0.0,30.459735603431103
Saint Kitts and Nevis,2021-05-26,29.36,26.074804560821498,3.2851954391785014,3.2851954391785014,4.777546560928993,47.372062560714
Guinea,2021-05-26,1.67,7.50923896982664,-5.83923896982664,5.83923896982664,0.0,28.806496969719145
Aruba,2021-05-26,58.3,47.03541210130482,11.264587898695176,11.264587898695176,25.738154101412317,68.33267010119732
Isle of Man,2021-05-26,72.07,50.455057917079365,21.614942082920628,21.614942082920628,29.15779991718686,71.75231591697187
Cuba,2021-05-26,7.1,6.678592020241744,0.4214079797582553,0.4214079797582553,0.0,27.97585002013425
Indonesia,2021-05-26,5.68,17.232666011682674,-11.552666011682675,11.552666011682675,0.0,38.529924011575176
Paraguay,2021-05-26,3.99,11.694569879469555,-7.704569879469554,7.704569879469554,0.0,32.99182787936206
United Kingdom,2021-05-26,56.88,49.04345332976826,7.836546670231741,7.836546670231741,27.746195329875757,70.34071132966076
Bulgaria,2021-05-26,11.18,20.667622891485166,-9.487622891485167,9.487622891485167,0.0,41.964880891377675
Belize,2021-05-26,15.41,17.09362992217641,-1.6836299221764115,1.6836299221764115,0.0,38.39088792206891
Moldova,2021-05-26,7.47,11.522761593169264,-4.052761593169264,4.052761593169264,0.0,32.82001959306177
Ghana,2021-05-26,2.73,11.678557937051618,-8.948557937051618,8.948557937051618,0.0,32.97581593694412
Mongolia,2021-05-26,56.24,30.00414522016206,26.235854779837943,26.235854779837943,8.706887220269554,51.30140322005457
Greece,2021-05-26,32.78,26.537655625298818,6.242344374701183,6.242344374701183,5.240397625406313,47.83491362519132
Denmark,2021-05-26,34.25,28.498868508630217,5.751131491369783,5.751131491369783,7.201610508737712,49.79612650852272
Philippines,2021-05-26,3.16,10.858100510411724,-7.698100510411724,7.698100510411724,0.0,32.155358510304225
Vietnam,2021-05-26,1.03,9.408479721589636,-8.378479721589636,8.378479721589636,0.0,30.70573772148214
Bhutan,2021-05-26,62.55,65.38367612677092,-2.833676126770925,2.833676126770925,44.086418126878414,86.68093412666343
Wallis and Futuna,2021-05-26,38.7,40.107151578776744,-1.407151578776741,1.407151578776741,18.80989357888424,61.404409578669245
Latvia,2021-05-26,27.28,23.780240659312405,3.4997593406875964,3.4997593406875964,2.4829826594199,45.077498659204906
Spain,2021-05-26,37.4,27.769135322824752,9.630864677175246,9.630864677175246,6.471877322932247,49.06639332271726
Jordan,2021-05-26,12.74,18.00645389047053,-5.266453890470531,5.266453890470531,0.0,39.30371189036303
Turks and Caicos Islands,2021-05-26,53.62,39.90590829101022,13.714091708989777,13.714091708989777,18.608650291117716,61.20316629090273
Togo,2021-05-26,1.93,10.042344948532751,-8.112344948532751,8.112344948532751,0.0,31.339602948425256
Guinea,2021-05-27,1.67,7.728315713195549,-6.058315713195549,6.058315713195549,0.0,29.025573713088054
Montenegro,2021-05-27,20.25,16.520288781344313,3.7297112186556873,3.7297112186556873,0.0,37.817546781236814
Jordan,2021-05-27,13.62,18.22553063383944,-4.605530633839441,4.605530633839441,0.0,39.52278863373195
Sao Tome and Principe,2021-05-27,5.65,12.271168905397197,-6.621168905397196,6.621168905397196,0.0,33.5684269052897
Palestine,2021-05-27,5.81,10.466106317144188,-4.6561063171441885,4.6561063171441885,0.0,31.763364317036693
United Kingdom,2021-05-27,57.26,49.26253007313718,7.99746992686282,7.99746992686282,27.965272073244673,70.55978807302968
Jamaica,2021-05-27,5.07,12.027869060322708,-6.957869060322707,6.957869060322707,0.0,33.32512706021521
Slovakia,2021-05-27,30.48,26.739926351907947,3.7400736480920536,3.7400736480920536,5.442668352015442,48.03718435180045
Malaysia,2021-05-27,5.59,12.572555386720438,-6.982555386720438,6.982555386720438,0.0,33.86981338661295
Cuba,2021-05-27,7.15,6.897668763610653,0.25233123638934707,0.25233123638934707,0.0,28.194926763503158
Egypt,2021-05-27,1.77,14.198123203932312,-12.428123203932312,12.428123203932312,0.0,35.49538120382482
Botswana,2021-05-27,5.65,9.125404236174685,-3.4754042361746844,3.4754042361746844,0.0,30.42266223606719
Niger,2021-05-27,0.63,7.09484175269974,-6.46484175269974,6.46484175269974,0.0,28.392099752592244
United States,2021-05-27,49.55,38.996506535475184,10.553493464524813,10.553493464524813,17.69924853558268,60.293764535367686
Argentina,2021-05-27,19.89,22.958206484168997,-3.0682064841689964,3.0682064841689964,1.660948484276492,44.255464484061505
Albania,2021-05-27,16.74,17.113641750797065,-0.3736417507970664,0.3736417507970664,0.0,38.410899750689566
Philippines,2021-05-27,3.16,11.077177253780633,-7.917177253780633,7.917177253780633,0.0,32.37443525367314
Norway,2021-05-27,30.3,29.24881441767083,1.0511855823291718,1.0511855823291718,7.951556417778324,50.54607241756334
Taiwan,2021-05-27,1.34,8.083943139580171,-6.743943139580171,6.743943139580171,0.0,29.381201139472676
Congo,2021-05-27,0.41,5.453303469171566,-5.0433034691715655,5.0433034691715655,0.0,26.75056146906407
Barbados,2021-05-27,26.97,32.073875965637455,-5.103875965637457,5.103875965637457,10.77661796574495,53.371133965529964
Romania,2021-05-27,22.0,25.355812475965983,-3.3558124759659833,3.3558124759659833,4.058554476073478,46.653070475858485
Nauru,2021-05-27,68.23,19.007925003601642,49.22207499639836,49.22207499639836,0.0,40.30518300349415
South Korea,2021-05-27,9.14,13.75898621910445,-4.61898621910445,4.61898621910445,0.0,35.05624421899695
Ethiopia,2021-05-27,1.55,6.627272829688586,-5.077272829688586,5.077272829688586,0.0,27.92453082958109
Cayman Islands,2021-05-27,65.11,45.967449070033226,19.142550929966774,19.142550929966774,24.67019107014072,67.26470706992573
Belize,2021-05-27,15.86,17.31270666554532,-1.4527066655453211,1.4527066655453211,0.0,38.60996466543783
Monaco,2021-05-27,42.05,33.23666008225343,8.813339917746568,8.813339917746568,11.939402082360925,54.53391808214593
Djibouti,2021-05-27,1.27,6.0213099757173545,-4.751309975717355,4.751309975717355,0.0,27.31856797560986
Nigeria,2021-05-27,0.94,10.072956955135432,-9.132956955135432,9.132956955135432,0.0,31.370214955027937
Iraq,2021-05-27,0.74,10.329420394706197,-9.589420394706197,9.589420394706197,0.0,31.626678394598702
Madagascar,2021-05-27,0.08,2.0962290619728563,-2.0162290619728562,2.0162290619728562,0.0,23.39348706186536
Bermuda,2021-05-27,57.96,44.847596974677984,13.112403025322017,13.112403025322017,23.55033897478548,66.14485497457049
Cyprus,2021-05-27,43.54,27.88436824207988,15.65563175792012,15.65563175792012,6.587110242187375,49.18162624197238
Pakistan,2021-05-27,2.12,13.365978309214842,-11.245978309214841,11.245978309214841,0.0,34.66323630910735
Malta,2021-05-27,71.12,43.20113393170559,27.918866068294413,27.918866068294413,21.903875931813086,64.49839193159809
Benin,2021-05-27,0.1,2.0647676133646087,-1.9647676133646086,1.9647676133646086,0.0,23.362025613257114
China,2021-05-27,0.0,18.292908071318074,-18.292908071318074,18.292908071318074,0.0,39.590166071210575
Syria,2021-05-27,0.14,9.973468013753795,-9.833468013753794,9.833468013753794,0.0,31.2707260136463
Armenia,2021-05-27,0.9,6.843877709769448,-5.943877709769447,5.943877709769447,0.0,28.141135709661953
Bosnia and Herzegovina,2021-05-27,5.76,12.7423295724248,-6.982329572424801,6.982329572424801,0.0,34.0395875723173
Serbia,2021-05-27,36.33,33.43884009206048,2.8911599079395174,2.8911599079395174,12.141582092167976,54.73609809195298
Sudan,2021-05-27,0.32,9.163613144777283,-8.843613144777283,8.843613144777283,0.0,30.460871144669788
Mongolia,2021-05-27,56.35,30.223221963530968,26.126778036469034,26.126778036469034,8.925963963638463,51.52047996342347
Belgium,2021-05-27,39.27,28.506868423089315,10.763131576910688,10.763131576910688,7.209610423196811,49.804126422981824
Brazil,2021-05-27,20.57,21.817289552399252,-1.247289552399252,1.247289552399252,0.5200315525067474,43.114547552291754
Tuvalu,2021-05-27,20.35,24.074304637244005,-3.7243046372440034,3.7243046372440034,2.7770466373515,45.371562637136506
Tajikistan,2021-05-27,0.78,3.161844177026744,-2.3818441770267436,2.3818441770267436,0.0,24.45910217691925
Turkey,2021-05-27,19.42,24.375684605444626,-4.955684605444624,4.955684605444624,3.0784266055521208,45.67294260533713
Uzbekistan,2021-05-27,3.58,8.297581413473232,-4.717581413473232,4.717581413473232,0.0,29.594839413365737
Bangladesh,2021-05-27,3.54,16.135432053778707,-12.595432053778708,12.595432053778708,0.0,37.43269005367121
Guyana,2021-05-27,23.8,19.133604082228608,4.666395917771393,4.666395917771393,0.0,40.43086208212111
Bolivia,2021-05-27,10.49,15.888478337874858,-5.398478337874858,5.398478337874858,0.0,37.185736337767366
North Macedonia,2021-05-27,10.75,13.469722613942118,-2.7197226139421176,2.7197226139421176,0.0,34.76698061383462
Rwanda,2021-05-27,2.71,13.57877392482089,-10.86877392482089,10.86877392482089,0.0,34.876031924713395
Angola,2021-05-27,2.02,10.771801347087244,-8.751801347087245,8.751801347087245,0.0,32.06905934697975
Switzerland,2021-05-27,34.36,25.792165410748517,8.567834589251483,8.567834589251483,4.494907410856012,47.08942341064102
Gabon,2021-05-27,0.48,7.919114589322234,-7.439114589322234,7.439114589322234,0.0,29.21637258921474
England,2021-05-27,57.76,49.32916538827853,8.430834611721465,8.430834611721465,28.031907388386028,70.62642338817103
Sint Maarten (Dutch part),2021-05-27,37.09,37.96480327333748,-0.8748032733374771,0.8748032733374771,16.667545273444976,59.26206127322999
Poland,2021-05-27,35.15,27.458569103361548,7.691430896638451,7.691430896638451,6.161311103469043,48.75582710325405
Peru,2021-05-27,8.08,14.545970795433401,-6.465970795433401,6.465970795433401,0.0,35.843228795325906
South Sudan,2021-05-27,0.08,6.153740651043304,-6.073740651043304,6.073740651043304,0.0,27.45099865093581
Croatia,2021-05-27,30.21,24.873211806391446,5.336788193608555,5.336788193608555,3.5759538064989407,46.17046980628395
Kyrgyzstan,2021-05-27,0.57,7.243438243927876,-6.673438243927876,6.673438243927876,0.0,28.54069624382038
Malawi,2021-05-27,1.82,9.381554346907507,-7.561554346907506,7.561554346907506,0.0,30.67881234680001
Liberia,2021-05-27,1.1,2.881229061971599,-1.7812290619715987,1.7812290619715987,0.0,24.178487061864104
British Virgin Islands,2021-05-27,37.22,38.31538371680967,-1.0953837168096712,1.0953837168096712,17.018125716917165,59.61264171670217
Libya,2021-05-27,1.55,5.4123910567925755,-3.8623910567925757,3.8623910567925757,0.0,26.70964905668508
Greece,2021-05-27,33.34,26.75673236866772,6.5832676313322835,6.5832676313322835,5.459474368775215,48.05399036856022
France,2021-05-27,36.7,27.72743409758759,8.972565902412413,8.972565902412413,6.430176097695085,49.0246920974801
Georgia,2021-05-27,3.15,9.413147920952145,-6.263147920952145,6.263147920952145,0.0,30.71040592084465
Australia,2021-05-27,13.43,12.014794332984188,1.4152056670158117,1.4152056670158117,0.0,33.31205233287669
Bahrain,2021-05-27,52.74,40.2882458346834,12.4517541653166,12.4517541653166,18.990987834790896,61.5855038345759
Chile,2021-05-27,54.09,39.76114277552428,14.328857224475726,14.328857224475726,18.463884775631772,61.058400775416786
Saint Vincent and the Grenadines,2021-05-27,16.6,19.933466111613335,-3.3334661116133333,3.3334661116133333,0.0,41.230724111505836
Laos,2021-05-27,8.45,10.496848464554567,-2.046848464554568,2.046848464554568,0.0,31.794106464447072
Mexico,2021-05-27,14.99,21.49077133542579,-6.5007713354257906,6.5007713354257906,0.19351333553328587,42.7880293353183
Mauritania,2021-05-27,0.48,7.388176598953759,-6.908176598953759,6.908176598953759,0.0,28.685434598846264
Moldova,2021-05-27,7.84,11.741838336538173,-3.901838336538173,3.901838336538173,0.0,33.039096336430674
Isle of Man,2021-05-27,72.1,50.67413466044827,21.425865339551727,21.425865339551727,29.376876660555762,71.97139266034077
Aruba,2021-05-27,58.54,47.25448884467374,11.285511155326262,11.285511155326262,25.957230844781233,68.55174684456624
Indonesia,2021-05-27,5.68,17.451742755051583,-11.771742755051584,11.771742755051584,0.0,38.74900075494409
Saint Kitts and Nevis,2021-05-27,34.64,26.293881304190407,8.346118695809594,8.346118695809594,4.996623304297902,47.591139304082915
Oman,2021-05-27,4.24,18.756120123769676,-14.516120123769676,14.516120123769676,0.0,40.053378123662185
Guernsey,2021-05-27,49.17,46.28962320393206,2.8803767960679423,2.8803767960679423,24.992365204039555,67.58688120382456
Somalia,2021-05-27,0.81,5.583472137877806,-4.773472137877805,4.773472137877805,0.0,26.88073013777031
Saudi Arabia,2021-05-27,0.0,15.883063894253823,-15.883063894253823,15.883063894253823,0.0,37.18032189414633
Wallis and Futuna,2021-05-27,38.7,40.32622832214565,-1.62622832214565,1.62622832214565,19.028970322253148,61.62348632203816
Gibraltar,2021-05-27,115.86,92.48894025825973,23.371059741740268,23.371059741740268,71.19168225836722,100.0
Latvia,2021-05-27,27.58,23.999317402681314,3.5806825973186847,3.5806825973186847,2.7020594027888087,45.29657540257382
Togo,2021-05-27,1.93,10.26142169190166,-8.33142169190166,8.33142169190166,0.0,31.558679691794165
Vietnam,2021-05-27,1.03,9.627556464958545,-8.597556464958545,8.597556464958545,0.0,30.92481446485105
Nepal,2021-05-27,7.25,17.737720189371885,-10.487720189371885,10.487720189371885,0.0,39.03497818926439
Namibia,2021-05-27,2.61,8.79628726582932,-6.186287265829321,6.186287265829321,0.0,30.093545265721826
Paraguay,2021-05-27,4.0,11.913646622838463,-7.913646622838463,7.913646622838463,0.0,33.210904622730965
Bulgaria,2021-05-27,11.34,20.886699634854075,-9.546699634854075,9.546699634854075,0.0,42.18395763474658
Mozambique,2021-05-27,1.02,9.596915439317538,-8.576915439317538,8.576915439317538,0.0,30.894173439210043
Sierra Leone,2021-05-27,0.73,9.01216200545921,-8.28216200545921,8.28216200545921,0.0,30.309420005351715
Italy,2021-05-27,37.1,27.773380043533564,9.326619956466438,9.326619956466438,6.476122043641059,49.07063804342607
Kuwait,2021-05-27,19.25,24.910677946898964,-5.660677946898964,5.660677946898964,3.6134199470064594,46.207935946791466
Israel,2021-05-27,62.94,64.20699817432256,-1.2669981743225662,1.2669981743225662,42.909740174430056,85.50425617421507
Solomon Islands,2021-05-27,1.91,8.091696033306668,-6.181696033306668,6.181696033306668,0.0,29.388954033199173
Morocco,2021-05-27,22.13,23.61520247580593,-1.4852024758059308,1.4852024758059308,2.317944475913425,44.91246047569844
Zimbabwe,2021-05-27,4.36,12.676387596015964,-8.316387596015964,8.316387596015964,0.0,33.973645595908465
New Caledonia,2021-05-27,16.29,19.863095426332038,-3.5730954263320385,3.5730954263320385,0.0,41.160353426224546
Spain,2021-05-27,37.87,27.98821206619366,9.881787933806336,9.881787933806336,6.690954066301156,49.28547006608616
Mali,2021-05-27,0.41,6.972651771689609,-6.562651771689609,6.562651771689609,0.0,28.269909771582114
Sweden,2021-05-27,35.7,27.816150313803846,7.883849686196157,7.883849686196157,6.518892313911341,49.113408313696354
Iran,2021-05-27,3.26,12.789726200083873,-9.529726200083873,9.529726200083873,0.0,34.08698419997638
Germany,2021-05-27,41.81,28.808447611101236,13.001552388898766,13.001552388898766,7.5111896112087315,50.10570561099374
Montserrat,2021-05-27,26.85,31.534392866750387,-4.684392866750386,4.684392866750386,10.237134866857883,52.83165086664289
Azerbaijan,2021-05-27,12.09,19.53404731753247,-7.444047317532469,7.444047317532469,0.0,40.83130531742498
Austria,2021-05-27,39.2,28.72871788137155,10.471282118628451,10.471282118628451,7.4314598814790465,50.02597588126406
Ghana,2021-05-27,2.73,11.897634680420527,-9.167634680420527,9.167634680420527,0.0,33.19489268031303
Uruguay,2021-05-27,49.59,33.0248592643212,16.565140735678803,16.565140735678803,11.727601264428696,54.3221172642137
Uganda,2021-05-27,1.26,9.583790112954286,-8.323790112954287,8.323790112954287,0.0,30.88104811284679
Turks and Caicos Islands,2021-05-27,53.62,40.12498503437913,13.495014965620868,13.495014965620868,18.827727034486625,61.42224303427163
Anguilla,2021-05-27,58.73,44.980396069521724,13.749603930478273,13.749603930478273,23.68313806962922,66.27765406941423
Algeria,2021-05-27,0.17,13.502637867245717,-13.332637867245717,13.332637867245717,0.0,34.79989586713822
Northern Ireland,2021-05-27,54.81,47.21260099512309,7.597399004876912,7.597399004876912,25.915342995230585,68.50985899501559
Luxembourg,2021-05-27,35.81,27.265694565012126,8.544305434987876,8.544305434987876,5.968436565119621,48.562952564904634
Yemen,2021-05-27,0.06,2.4698441770267436,-2.4098441770267436,2.4098441770267436,0.0,23.76710217691925
Cameroon,2021-05-27,0.21,5.429425667062425,-5.219425667062425,5.219425667062425,0.0,26.72668366695493
Samoa,2021-05-27,14.34,9.481536035450631,4.858463964549369,4.858463964549369,0.0,30.778794035343136
Netherlands,2021-05-27,36.67,27.1609551836329,9.509044816367101,9.509044816367101,5.8636971837403955,48.4582131835254
Democratic Republic of Congo,2021-05-27,0.02,4.714316649068678,-4.6943166490686785,4.6943166490686785,0.0,26.011574648961183
Central African Republic,2021-05-27,0.01,2.091229061973028,-2.081229061973028,2.081229061973028,0.0,23.388487061865533
Hong Kong,2021-05-27,17.37,18.55509009539908,-1.1850900953990795,1.1850900953990795,0.0,39.85234809529159
Senegal,2021-05-27,2.65,12.370145040454066,-9.720145040454065,9.720145040454065,0.0,33.66740304034657
Cambodia,2021-05-27,14.46,16.990778487741153,-2.530778487741152,2.530778487741152,0.0,38.28803648763366
Andorra,2021-05-27,35.74,27.351834832237948,8.388165167762054,8.388165167762054,6.054576832345443,48.64909283213045
Czechia,2021-05-27,34.76,26.614731394884963,8.145268605115035,8.145268605115035,5.317473394992458,47.911989394777464
Grenada,2021-05-27,14.52,19.527525650856013,-5.007525650856014,5.007525650856014,0.0,40.824783650748515
Comoros,2021-05-27,4.96,7.171534867351873,-2.2115348673518733,2.2115348673518733,0.0,28.468792867244378
Kenya,2021-05-27,1.79,10.506537202048971,-8.716537202048972,8.716537202048972,0.0,31.803795201941476
Estonia,2021-05-27,34.56,28.974934097587727,5.585065902412275,5.585065902412275,7.6776760976952225,50.27219209748023
Honduras,2021-05-27,1.38,10.566471371427685,-9.186471371427686,9.186471371427686,0.0,31.86372937132019
South Africa,2021-05-27,1.52,11.816629830436892,-10.296629830436892,10.296629830436892,0.0,33.113887830329396
Scotland,2021-05-27,58.5,47.22611508125696,11.273884918743043,11.273884918743043,25.928857081364452,68.52337308114946
Tonga,2021-05-27,24.57,15.089308533157002,9.480691466842998,9.480691466842998,0.0,36.3865665330495
Russia,2021-05-27,11.12,21.821158071318052,-10.701158071318053,10.701158071318053,0.5239000714255475,43.11841607121056
Mauritius,2021-05-27,16.68,19.37536424400266,-2.6953642440026613,2.6953642440026613,0.0,40.67262224389516
Wales,2021-05-27,67.5,51.610686101506026,15.889313898493974,15.889313898493974,30.31342810161352,72.90794410139853
Kosovo,2021-05-27,2.86,7.951859296559256,-5.091859296559257,5.091859296559257,0.0,29.24911729645176
Brunei,2021-05-27,8.78,9.437379313980106,-0.6573793139801065,0.6573793139801065,0.0,30.73463731387261
Qatar,2021-05-27,48.62,25.593067574099237,23.02693242590076,23.02693242590076,4.295809574206732,46.890325573991746
Equatorial Guinea,2021-05-27,10.16,11.247669871196365,-1.0876698711963648,1.0876698711963648,0.0,32.54492787108887
Belarus,2021-05-27,4.64,17.67843304893973,-13.03843304893973,13.03843304893973,0.0,38.97569104883223
Cape Verde,2021-05-27,3.9,9.022854430008557,-5.122854430008557,5.122854430008557,0.0,30.320112429901062
Seychelles,2021-05-27,71.64,67.83674507549554,3.803254924504458,3.803254924504458,46.539487075603034,89.13400307538805
Liechtenstein,2021-05-27,32.88,26.850976070831244,6.029023929168758,6.029023929168758,5.553718070938739,48.148234070723746
Ukraine,2021-05-27,2.28,11.454447726641114,-9.174447726641114,9.174447726641114,0.0,32.751705726533615
Maldives,2021-05-27,57.15,50.45759993083659,6.692400069163412,6.692400069163412,29.16034193094408,71.75485793072909
Papua New Guinea,2021-05-27,0.24,6.830288135325997,-6.590288135325997,6.590288135325997,0.0,28.127546135218502
Timor,2021-05-27,4.84,6.690553469133331,-1.850553469133331,1.850553469133331,0.0,27.987811469025836
Lithuania,2021-05-27,36.4,28.774461124614604,7.625538875385395,7.625538875385395,7.477203124722099,50.07171912450711
El Salvador,2021-05-27,17.25,17.086827283491303,0.16317271650869714,0.16317271650869714,0.0,38.38408528338381
Greenland,2021-05-27,22.17,23.001903388026527,-0.8319033880265252,0.8319033880265252,1.704645388134022,44.29916138791903
Panama,2021-05-27,14.98,20.137268626149783,-5.157268626149783,5.157268626149783,0.0,41.434526626042285
Colombia,2021-05-27,11.1,15.322764783491294,-4.222764783491295,4.222764783491295,0.0,36.6200227833838
Curacao,2021-05-27,50.99,41.45895313038818,9.53104686961182,9.53104686961182,20.161695130495676,62.75621113028069
San Marino,2021-05-27,63.46,46.23695228757696,17.22304771242304,17.22304771242304,24.939694287684457,67.53421028746946
Canada,2021-05-27,54.42,30.769775635549344,23.650224364450658,23.650224364450658,9.472517635656839,52.067033635441845
Guinea-Bissau,2021-05-27,0.3,2.381229061972533,-2.0812290619725333,2.0812290619725333,0.0,23.678487061865038
Thailand,2021-05-27,3.32,11.0590453108328,-7.7390453108328,7.7390453108328,0.0,32.35630331072531
Fiji,2021-05-27,11.94,12.561701405730926,-0.621701405730926,0.621701405730926,0.0,33.85895940562343
Japan,2021-05-27,6.41,12.474223116824668,-6.064223116824667,6.064223116824667,0.0,33.77148111671717
Venezuela,2021-05-27,1.11,11.62497576747976,-10.514975767479761,10.514975767479761,0.0,32.92223376737226
Gambia,2021-05-27,1.07,9.561626997600523,-8.491626997600523,8.491626997600523,0.0,30.85888499749303
French Polynesia,2021-05-27,19.8,20.807239570476142,-1.0072395704761412,1.0072395704761412,0.0,42.10449757036865
Guatemala,2021-05-27,2.22,11.139668037286118,-8.919668037286117,8.919668037286117,0.0,32.43692603717862
New Zealand,2021-05-27,8.16,13.50316277416865,-5.3431627741686505,5.3431627741686505,0.0,34.80042077406115
Ireland,2021-05-27,35.12,27.41123851129786,7.708761488702137,7.708761488702137,6.113980511405355,48.70849651119036
Antigua and Barbuda,2021-05-27,33.72,32.41343395414835,1.3065660458516462,1.3065660458516462,11.116175954255848,53.710691954040854
Hungary,2021-05-27,52.63,34.67673236866773,17.953267631332274,17.953267631332274,13.379474368775224,55.97399036856024
Iceland,2021-05-27,49.69,30.650798013287933,19.039201986712065,19.039201986712065,9.353540013395428,51.948056013180434
Lebanon,2021-05-27,7.13,14.137605770235421,-7.007605770235421,7.007605770235421,0.0,35.434863770127926
Slovenia,2021-05-27,31.31,27.361459574986092,3.9485404250139062,3.9485404250139062,6.064201575093588,48.658717574878594
Cook Islands,2021-05-27,24.84,21.296789804858676,3.5432101951413237,3.5432101951413237,0.0,42.594047804751185
Bahamas,2021-05-27,11.25,13.164129977673241,-1.914129977673241,1.914129977673241,0.0,34.46138797756575
Costa Rica,2021-05-27,17.03,21.696797825492048,-4.666797825492047,4.666797825492047,0.39953982559954326,42.99405582538455
Singapore,2021-05-27,36.11,28.212815644854665,7.897184355145335,7.897184355145335,6.91555764496216,49.510073644747166
Trinidad and Tobago,2021-05-27,5.59,12.856018822780094,-7.266018822780094,7.266018822780094,0.0,34.153276822672595
Saint Lucia,2021-05-27,15.09,19.86838240775657,-4.77838240775657,4.77838240775657,0.0,41.16564040764908
Dominican Republic,2021-05-27,28.72,20.19835429154122,8.521645708458777,8.521645708458777,0.0,41.49561229143373
Denmark,2021-05-27,35.1,28.717945251999126,6.382054748000876,6.382054748000876,7.420687252106621,50.015203251891634
United Arab Emirates,2021-05-27,51.38,45.41562384867171,5.964376151328295,5.964376151328295,24.118365848779202,66.71288184856421
Macao,2021-05-27,15.43,16.87458334294093,-1.4445833429409305,1.4445833429409305,0.0,38.17184134283343
Dominica,2021-05-27,27.27,31.28242761164038,-4.01242761164038,4.01242761164038,9.985169611747875,52.57968561153288
India,2021-05-27,11.51,19.02419529328438,-7.514195293284379,7.514195293284379,0.0,40.32145329317689
Ecuador,2021-05-27,8.65,16.03617575374833,-7.386175753748331,7.386175753748331,0.0,37.33343375364083
Kazakhstan,2021-05-27,11.06,15.81168424814873,-4.751684248148729,4.751684248148729,0.0,37.10894224804123
Bhutan,2021-05-27,62.56,65.60275287013982,-3.0427528701398217,3.0427528701398217,44.305494870247315,86.90001087003233
Portugal,2021-05-27,36.49,28.01729896245245,8.472701037547552,8.472701037547552,6.7200409625599455,49.31455696234495
Afghanistan,2021-05-27,1.23,11.11959558990435,-9.88959558990435,9.88959558990435,0.0,32.41685358979686
Faeroe Islands,2021-05-27,41.85,30.538029171593486,11.311970828406515,11.311970828406515,9.240771171700981,51.83528717148599
Sri Lanka,2021-05-27,6.76,16.86839213097835,-10.10839213097835,10.10839213097835,0.0,38.16565013087086
Jersey,2021-05-27,59.48,56.75019017447341,2.729809825526587,2.729809825526587,35.45293217458091,78.04744817436591
Tunisia,2021-05-27,5.06,10.471288912823887,-5.4112889128238875,5.4112889128238875,0.0,31.768546912716392
Cote d'Ivoire,2021-05-27,2.0,10.417753728039777,-8.417753728039777,8.417753728039777,0.0,31.715011727932282
Northern Cyprus,2021-05-27,19.74,22.39883384384391,-2.6588338438439116,2.6588338438439116,1.1015758439514052,43.69609184373641
Zambia,2021-05-27,0.77,5.450053469131582,-4.6800534691315825,4.6800534691315825,0.0,26.747311469024087
Suriname,2021-05-27,11.36,15.147727458036563,-3.7877274580365636,3.7877274580365636,0.0,36.444985457929064
Finland,2021-05-27,42.88,30.389599679918582,12.49040032008142,12.49040032008142,9.092341680026077,51.686857679811084
Liberia,2021-05-28,1.1,3.100305805340515,-2.0003058053405147,2.0003058053405147,0.0,24.39756380523302
Papua New Guinea,2021-05-28,0.24,7.049364878694913,-6.809364878694913,6.809364878694913,0.0,28.346622878587418
Northern Ireland,2021-05-28,54.96,47.43167773849199,7.528322261508009,7.528322261508009,26.134419738599487,68.7289357383845
Maldives,2021-05-28,57.17,50.6766766742055,6.493323325794499,6.493323325794499,29.379418674312998,71.973934674098
Denmark,2021-05-28,35.81,28.937021995368042,6.87297800463196,6.87297800463196,7.639763995475537,50.23427999526055
Cape Verde,2021-05-28,3.9,9.241931173377473,-5.341931173377473,5.341931173377473,0.0,30.53918917326998
Egypt,2021-05-28,1.77,14.417199947301228,-12.647199947301228,12.647199947301228,0.0,35.714457947193736
Saint Lucia,2021-05-28,15.09,20.087459151125486,-4.997459151125486,4.997459151125486,0.0,41.384717151017995
Brazil,2021-05-28,20.97,22.03636629576817,-1.0663662957681694,1.0663662957681694,0.7391082958756634,43.33362429566067
Croatia,2021-05-28,30.56,25.09228854976036,5.467711450239637,5.467711450239637,3.7950305498678567,46.38954654965286
Ireland,2021-05-28,35.12,27.630315254666776,7.489684745333221,7.489684745333221,6.333057254774271,48.92757325455928
Sao Tome and Principe,2021-05-28,5.65,12.490245648766113,-6.840245648766112,6.840245648766112,0.0,33.787503648658614
Uzbekistan,2021-05-28,3.58,8.516658156842148,-4.936658156842148,4.936658156842148,0.0,29.813916156734653
Jersey,2021-05-28,59.48,56.969266917842326,2.510733082157671,2.510733082157671,35.672008917949825,78.26652491773483
Georgia,2021-05-28,3.26,9.632224664321061,-6.372224664321061,6.372224664321061,0.0,30.929482664213566
Senegal,2021-05-28,2.65,12.589221783822982,-9.939221783822981,9.939221783822981,0.0,33.88647978371549
Benin,2021-05-28,0.1,2.2838443567335247,-2.1838443567335246,2.1838443567335246,0.0,23.58110235662603
Suriname,2021-05-28,11.5,15.366804201405479,-3.866804201405479,3.866804201405479,0.0,36.66406220129798
Malaysia,2021-05-28,5.73,12.791632130089354,-7.061632130089354,7.061632130089354,0.0,34.08889012998186
Bolivia,2021-05-28,10.89,16.107555081243774,-5.217555081243773,5.217555081243773,0.0,37.40481308113628
Ethiopia,2021-05-28,1.56,6.846349573057502,-5.286349573057501,5.286349573057501,0.0,28.143607572950007
Uganda,2021-05-28,1.26,9.802866856323202,-8.542866856323203,8.542866856323203,0.0,31.100124856215707
Cambodia,2021-05-28,14.74,17.20985523111007,-2.4698552311100688,2.4698552311100688,0.0,38.50711323100258
Yemen,2021-05-28,0.06,2.6889209203956597,-2.6289209203956596,2.6289209203956596,0.0,23.986178920288165
Greece,2021-05-28,33.89,26.975809112036636,6.914190887963365,6.914190887963365,5.678551112144131,48.27306711192914
Slovenia,2021-05-28,31.71,27.58053631835501,4.129463681644992,4.129463681644992,6.283278318462504,48.87779431824751
Cote d'Ivoire,2021-05-28,2.03,10.636830471408693,-8.606830471408694,8.606830471408694,0.0,31.934088471301198
Monaco,2021-05-28,42.05,33.455736825622346,8.594263174377652,8.594263174377652,12.15847882572984,54.75299482551485
Bahrain,2021-05-28,53.19,40.50732257805232,12.68267742194768,12.68267742194768,19.210064578159812,61.80458057794482
Hong Kong,2021-05-28,17.6,18.774166838767997,-1.174166838767995,1.174166838767995,0.0,40.071424838660505
Libya,2021-05-28,1.55,5.6314678001614915,-4.081467800161492,4.081467800161492,0.0,26.928725800053996
Solomon Islands,2021-05-28,1.91,8.310772776675584,-6.400772776675584,6.400772776675584,0.0,29.60803077656809
Mexico,2021-05-28,16.07,21.709848078794707,-5.6398480787947065,5.6398480787947065,0.4125900789022019,43.007106078687215
Comoros,2021-05-28,4.96,7.390611610720789,-2.4306116107207894,2.4306116107207894,0.0,28.687869610613294
Dominican Republic,2021-05-28,29.09,20.417431034910138,8.672568965089862,8.672568965089862,0.0,41.714689034802646
France,2021-05-28,37.33,27.946510840956506,9.383489159043492,9.383489159043492,6.649252841064001,49.243768840849015
Estonia,2021-05-28,34.92,29.194010840956643,5.725989159043358,5.725989159043358,7.8967528410641386,50.491268840849145
Rwanda,2021-05-28,2.71,13.797850668189806,-11.087850668189805,11.087850668189805,0.0,35.09510866808231
Sweden,2021-05-28,35.7,28.03522705717276,7.664772942827241,7.664772942827241,6.737969057280257,49.33248505706527
Guatemala,2021-05-28,2.31,11.358744780655034,-9.048744780655033,9.048744780655033,0.0,32.65600278054754
Saudi Arabia,2021-05-28,0.0,16.10214063762274,-16.10214063762274,16.10214063762274,0.0,37.39939863751525
Somalia,2021-05-28,0.81,5.802548881246722,-4.992548881246721,4.992548881246721,0.0,27.099806881139227
Barbados,2021-05-28,27.08,32.29295270900637,-5.212952709006373,5.212952709006373,10.995694709113867,53.59021070889888
Bosnia and Herzegovina,2021-05-28,5.76,12.961406315793717,-7.201406315793717,7.201406315793717,0.0,34.25866431568622
Azerbaijan,2021-05-28,12.62,19.753124060901385,-7.133124060901386,7.133124060901386,0.0,41.05038206079389
Saint Kitts and Nevis,2021-05-28,34.64,26.512958047559323,8.127041952440678,8.127041952440678,5.215700047666818,47.81021604745183
Tunisia,2021-05-28,5.22,10.690365656192803,-5.470365656192803,5.470365656192803,0.0,31.987623656085308
South Korea,2021-05-28,10.21,13.978062962473366,-3.7680629624733655,3.7680629624733655,0.0,35.27532096236587
Colombia,2021-05-28,11.1,15.54184152686021,-4.441841526860211,4.441841526860211,0.0,36.83909952675272
United Kingdom,2021-05-28,57.56,49.48160681650608,8.078393183493922,8.078393183493922,28.184348816613575,70.77886481639858
Panama,2021-05-28,14.98,20.3563453695187,-5.376345369518699,5.376345369518699,0.0,41.6536033694112
Guinea,2021-05-28,1.67,7.947392456564465,-6.277392456564465,6.277392456564465,0.0,29.24465045645697
Isle of Man,2021-05-28,72.1,50.89321140381718,21.20678859618281,21.20678859618281,29.59595340392468,72.19046940370968
Mozambique,2021-05-28,1.02,9.815992182686454,-8.795992182686454,8.795992182686454,0.0,31.11325018257896
Vietnam,2021-05-28,1.03,9.84663320832746,-8.816633208327461,8.816633208327461,0.0,31.143891208219966
Malta,2021-05-28,71.51,43.42021067507451,28.089789324925498,28.089789324925498,22.122952675182002,64.71746867496701
Paraguay,2021-05-28,4.01,12.13272336620738,-8.12272336620738,8.12272336620738,0.0,33.42998136609988
Ghana,2021-05-28,2.73,12.116711423789443,-9.386711423789443,9.386711423789443,0.0,33.41396942368195
United Arab Emirates,2021-05-28,51.38,45.63470059204062,5.745299407959379,5.745299407959379,24.33744259214812,66.93195859193312
Moldova,2021-05-28,8.14,11.960915079907089,-3.8209150799070883,3.8209150799070883,0.0,33.25817307979959
North Macedonia,2021-05-28,11.09,13.688799357311034,-2.5987993573110337,2.5987993573110337,0.0,34.986057357203535
Nepal,2021-05-28,7.25,17.9567969327408,-10.7067969327408,10.7067969327408,0.0,39.25405493263331
Switzerland,2021-05-28,34.94,26.011242154117433,8.928757845882565,8.928757845882565,4.713984154224928,47.308500154009934
Angola,2021-05-28,2.02,10.99087809045616,-8.97087809045616,8.97087809045616,0.0,32.288136090348665
Peru,2021-05-28,8.45,14.765047538802321,-6.315047538802322,6.315047538802322,0.0,36.06230553869483
Guinea-Bissau,2021-05-28,0.3,2.600305805341449,-2.3003058053414494,2.3003058053414494,0.0,23.897563805233954
Argentina,2021-05-28,20.1,23.177283227537913,-3.0772832275379116,3.0772832275379116,1.8800252276454081,44.47454122743042
Russia,2021-05-28,11.19,22.04023481468697,-10.850234814686969,10.850234814686969,0.7429768147944635,43.33749281457948
Gambia,2021-05-28,1.07,9.78070374096944,-8.71070374096944,8.71070374096944,0.0,31.077961740861944
Kuwait,2021-05-28,19.25,25.12975469026788,-5.87975469026788,5.87975469026788,3.8324966903753754,46.42701269016038
Japan,2021-05-28,6.41,12.693299860193584,-6.283299860193583,6.283299860193583,0.0,33.990557860086085
Venezuela,2021-05-28,1.11,11.844052510848677,-10.734052510848677,10.734052510848677,0.0,33.14131051074118
Wales,2021-05-28,67.73,51.82976284487494,15.900237155125062,15.900237155125062,30.532504844982437,73.12702084476744
Grenada,2021-05-28,15.41,19.74660239422493,-4.336602394224929,4.336602394224929,0.0,41.04386039411743
Mali,2021-05-28,0.41,7.191728515058525,-6.781728515058525,6.781728515058525,0.0,28.48898651495103
Iceland,2021-05-28,50.22,30.86987475665685,19.35012524334315,19.35012524334315,9.572616756764344,52.16713275654935
Philippines,2021-05-28,3.16,11.296253997149549,-8.136253997149549,8.136253997149549,0.0,32.59351199704206
El Salvador,2021-05-28,17.25,17.30590402686022,-0.05590402686021889,0.05590402686021889,0.0,38.60316202675273
Turks and Caicos Islands,2021-05-28,53.62,40.344061777748045,13.275938222251952,13.275938222251952,19.04680377785554,61.64131977764055
Bhutan,2021-05-28,62.56,65.82182961350873,-3.2618296135087235,3.2618296135087235,44.52457161361622,87.11908761340123
Canada,2021-05-28,55.46,30.98885237891826,24.47114762108174,24.47114762108174,9.691594379025755,52.28611037881076
South Africa,2021-05-28,1.63,12.035706573805808,-10.405706573805809,10.405706573805809,0.0,33.33296457369831
Chile,2021-05-28,54.85,39.98021951889319,14.869780481106808,14.869780481106808,18.68296151900069,61.2774775187857
Congo,2021-05-28,0.41,5.672380212540482,-5.2623802125404815,5.2623802125404815,0.0,26.969638212432987
Bahamas,2021-05-28,11.25,13.383206721042157,-2.133206721042157,2.133206721042157,0.0,34.680464720934665
Mongolia,2021-05-28,56.51,30.442298706899884,26.067701293100114,26.067701293100114,9.145040707007379,51.739556706792385
Fiji,2021-05-28,11.94,12.780778149099842,-0.840778149099842,0.840778149099842,0.0,34.07803614899235
New Zealand,2021-05-28,8.38,13.722239517537567,-5.342239517537566,5.342239517537566,0.0,35.01949751743007
French Polynesia,2021-05-28,19.8,21.026316313845058,-1.2263163138450572,1.2263163138450572,0.0,42.323574313737566
India,2021-05-28,11.64,19.243272036653295,-7.603272036653294,7.603272036653294,0.0,40.5405300365458
Ecuador,2021-05-28,8.72,16.255252497117247,-7.535252497117247,7.535252497117247,0.0,37.55251049700975
Thailand,2021-05-28,3.46,11.278122054201717,-7.818122054201717,7.818122054201717,0.0,32.575380054094225
Mauritania,2021-05-28,0.48,7.607253342322675,-7.127253342322675,7.127253342322675,0.0,28.90451134221518
Curacao,2021-05-28,51.19,41.6780298737571,9.5119701262429,9.5119701262429,20.380771873864592,62.975287873649606
Costa Rica,2021-05-28,17.03,21.915874568860964,-4.885874568860963,4.885874568860963,0.6186165689684593,43.213132568753466
Macao,2021-05-28,15.72,17.093660086309846,-1.3736600863098456,1.3736600863098456,0.0,38.39091808620235
Greenland,2021-05-28,23.53,23.220980131395443,0.3090198686045582,0.3090198686045582,1.923722131502938,44.518238131287944
Kazakhstan,2021-05-28,11.06,16.030760991517646,-4.970760991517645,4.970760991517645,0.0,37.32801899141015
Zambia,2021-05-28,0.77,5.669130212500498,-4.8991302125004985,4.8991302125004985,0.0,26.966388212393003
Sri Lanka,2021-05-28,6.95,17.087468874347266,-10.137468874347267,10.137468874347267,0.0,38.384726874239774
Portugal,2021-05-28,36.9,28.236375705821366,8.663624294178632,8.663624294178632,6.939117705928862,49.53363370571387
Afghanistan,2021-05-28,1.23,11.338672333273266,-10.108672333273265,10.108672333273265,0.0,32.635930333165774
Faeroe Islands,2021-05-28,42.32,30.757105914962402,11.562894085037598,11.562894085037598,9.459847915069897,52.0543639148549
Finland,2021-05-28,43.98,30.6086764232875,13.371323576712498,13.371323576712498,9.311418423394993,51.90593442318
Morocco,2021-05-28,22.13,23.834279219174846,-1.7042792191748468,1.7042792191748468,2.537021219282341,45.131537219067354
San Marino,2021-05-28,63.46,46.45602903094588,17.003970969054123,17.003970969054123,25.158771031053373,67.75328703083838
Timor,2021-05-28,4.84,6.909630212502247,-2.069630212502247,2.069630212502247,0.0,28.20688821239475
Cook Islands,2021-05-28,24.84,21.515866548227592,3.3241334517724077,3.3241334517724077,0.21860854833508725,42.8131245481201
Singapore,2021-05-28,36.11,28.43189238822358,7.678107611776419,7.678107611776419,7.134634388331076,49.72915038811608
Poland,2021-05-28,35.54,27.677645846730464,7.862354153269536,7.862354153269536,6.380387846837959,48.974903846622965
Albania,2021-05-28,16.74,17.33271849416598,-0.5927184941659824,0.5927184941659824,0.0,38.62997649405848
Belgium,2021-05-28,39.61,28.72594516645823,10.884054833541768,10.884054833541768,7.428687166565727,50.02320316635074
Serbia,2021-05-28,36.33,33.6579168354294,2.6720831645706014,2.6720831645706014,12.360658835536892,54.9551748353219
Tuvalu,2021-05-28,20.35,24.29338138061292,-3.9433813806129194,3.9433813806129194,2.996123380720416,45.59063938050542
Guyana,2021-05-28,23.8,19.352680825597524,4.447319174402477,4.447319174402477,0.0,40.649938825490025
British Virgin Islands,2021-05-28,38.21,38.534460460178586,-0.3244604601785852,0.3244604601785852,17.23720246028608,59.83171846007109
Sint Maarten (Dutch part),2021-05-28,39.7,38.1838800167064,1.5161199832936063,1.5161199832936063,16.88662201681389,59.481138016598905
Antigua and Barbuda,2021-05-28,33.72,32.63251069751727,1.0874893024827301,1.0874893024827301,11.335252697624764,53.92976869740977
Montenegro,2021-05-28,20.55,16.73936552471323,3.810634475286772,3.810634475286772,0.0,38.03662352460573
Madagascar,2021-05-28,0.08,2.3153058053417723,-2.2353058053417723,2.2353058053417723,0.0,23.612563805234277
Dominica,2021-05-28,27.41,31.501504355009295,-4.091504355009295,4.091504355009295,10.20424635511679,52.7987623549018
Kyrgyzstan,2021-05-28,0.57,7.462514987296792,-6.892514987296792,6.892514987296792,0.0,28.759772987189297
Cayman Islands,2021-05-28,65.79,46.18652581340214,19.603474186597865,19.603474186597865,24.889267813509637,67.48378381329465
Lebanon,2021-05-28,7.28,14.356682513604337,-7.076682513604337,7.076682513604337,0.0,35.65394051349684
Norway,2021-05-28,30.4,29.467891161039745,0.9321088389602536,0.9321088389602536,8.17063316114724,50.76514916093225
Trinidad and Tobago,2021-05-28,6.07,13.07509556614901,-7.005095566149009,7.005095566149009,0.0,34.37235356604151
Hungary,2021-05-28,53.0,34.895809112036645,18.104190887963355,18.104190887963355,13.59855111214414,56.19306711192915
Pakistan,2021-05-28,2.12,13.585055052583758,-11.465055052583757,11.465055052583757,0.0,34.88231305247626
Italy,2021-05-28,37.63,27.99245678690248,9.637543213097523,9.637543213097523,6.695198787009975,49.28971478679499
Israel,2021-05-28,62.95,64.4260749176915,-1.4760749176914914,1.4760749176914914,43.128816917798986,85.723332917584
New Caledonia,2021-05-28,16.29,20.082172169700954,-3.7921721697009545,3.7921721697009545,0.0,41.37943016959346
Kosovo,2021-05-28,2.86,8.170936039928172,-5.310936039928173,5.310936039928173,0.0,29.468194039820677
Equatorial Guinea,2021-05-28,10.55,11.466746614565281,-0.9167466145652803,0.9167466145652803,0.0,32.76400461445779
Qatar,2021-05-28,49.29,25.812144317468153,23.477855682531846,23.477855682531846,4.514886317575648,47.10940231736066
Ukraine,2021-05-28,2.31,11.67352447001003,-9.363524470010029,9.363524470010029,0.0,32.97078246990253
Seychelles,2021-05-28,71.64,68.05582181886444,3.584178181135556,3.584178181135556,46.758563818971936,89.35307981875695
Honduras,2021-05-28,2.12,10.785548114796601,-8.6655481147966,8.6655481147966,0.0,32.082806114689106
Liechtenstein,2021-05-28,32.91,27.07005281420016,5.839947185799836,5.839947185799836,5.772794814307655,48.36731081409266
Netherlands,2021-05-28,36.67,27.380031927001816,9.289968072998185,9.289968072998185,6.0827739271093115,48.67728992689432
Mauritius,2021-05-28,16.68,19.594440987371577,-2.9144409873715773,2.9144409873715773,0.0,40.89169898726408
Algeria,2021-05-28,0.17,13.721714610614633,-13.551714610614633,13.551714610614633,0.0,35.018972610507134
Democratic Republic of Congo,2021-05-28,0.02,4.933393392437594,-4.9133933924375945,4.9133933924375945,0.0,26.2306513923301
Luxembourg,2021-05-28,36.03,27.484771308381042,8.54522869161896,8.54522869161896,6.187513308488537,48.78202930827355
Cameroon,2021-05-28,0.21,5.648502410431341,-5.438502410431341,5.438502410431341,0.0,26.945760410323846
Central African Republic,2021-05-28,0.01,2.310305805341944,-2.300305805341944,2.300305805341944,0.0,23.60756380523445
Czechia,2021-05-28,35.33,26.83380813825388,8.49619186174612,8.49619186174612,5.536550138361374,48.13106613814638
Andorra,2021-05-28,35.74,27.570911575606864,8.169088424393138,8.169088424393138,6.273653575714359,48.868169575499365
Zimbabwe,2021-05-28,4.42,12.89546433938488,-8.47546433938488,8.47546433938488,0.0,34.19272233927738
Samoa,2021-05-28,14.34,9.700612778819547,4.639387221180453,4.639387221180453,0.0,30.997870778712052
Kenya,2021-05-28,1.8,10.725613945417887,-8.925613945417886,8.925613945417886,0.0,32.02287194531039
Tonga,2021-05-28,24.57,15.308385276525918,9.261614723474082,9.261614723474082,0.0,36.60564327641842
Scotland,2021-05-28,58.86,47.44519182462587,11.414808175374127,11.414808175374127,26.147933824733368,68.74244982451837
Brunei,2021-05-28,8.79,9.656456057349022,-0.8664560573490228,0.8664560573490228,0.0,30.953714057241527
Uruguay,2021-05-28,50.52,33.24393600769012,17.276063992309886,17.276063992309886,11.946678007797612,54.54119400758262
Iran,2021-05-28,3.26,13.008802943452789,-9.74880294345279,9.74880294345279,0.0,34.306060943345294
Germany,2021-05-28,42.32,29.027524354470152,13.292475645529848,13.292475645529848,7.7302663545776475,50.324782354362654
Montserrat,2021-05-28,27.17,31.753469610119303,-4.583469610119302,4.583469610119302,10.456211610226799,53.050727610011805
Austria,2021-05-28,39.86,28.947794624740467,10.912205375259532,10.912205375259532,7.6505366248479625,50.245052624632976
Sierra Leone,2021-05-28,0.73,9.231238748828126,-8.501238748828126,8.501238748828126,0.0,30.52849674872063
Namibia,2021-05-28,2.61,9.015364009198237,-6.405364009198237,6.405364009198237,0.0,30.31262200909074
Bulgaria,2021-05-28,11.47,21.10577637822299,-9.63577637822299,9.63577637822299,0.0,42.40303437811549
Botswana,2021-05-28,6.08,9.3444809795436,-3.2644809795436007,3.2644809795436007,0.0,30.641738979436106
Aruba,2021-05-28,58.72,47.47356558804264,11.24643441195736,11.24643441195736,26.176307588150134,68.77082358793514
Indonesia,2021-05-28,5.68,17.6708194984205,-11.9908194984205,11.9908194984205,0.0,38.96807749831301
Oman,2021-05-28,4.24,18.975196867138592,-14.735196867138592,14.735196867138592,0.0,40.2724548670311
Guernsey,2021-05-28,49.17,46.508699947300975,2.6613000526990263,2.6613000526990263,25.21144194740847,67.80595794719348
Wallis and Futuna,2021-05-28,38.7,40.54530506551457,-1.845305065514566,1.845305065514566,19.248047065622064,61.84256306540708
Gibraltar,2021-05-28,115.94,92.70801700162866,23.231982998371336,23.231982998371336,71.41075900173615,100.0
Togo,2021-05-28,1.93,10.480498435270576,-8.550498435270576,8.550498435270576,0.0,31.77775643516308
Spain,2021-05-28,37.87,28.207288809562577,9.66271119043742,9.66271119043742,6.910030809670072,49.50454680945508
Armenia,2021-05-28,0.9,7.062954453138364,-6.162954453138363,6.162954453138363,0.0,28.36021245303087
Anguilla,2021-05-28,60.02,45.19947281289064,14.820527187109363,14.820527187109363,23.902214812998135,66.49673081278314
Djibouti,2021-05-28,1.27,6.2403867190862705,-4.970386719086271,4.970386719086271,0.0,27.537644718978775
Iraq,2021-05-28,0.74,10.548497138075113,-9.808497138075113,9.808497138075113,0.0,31.84575513796762
Belarus,2021-05-28,4.64,17.897509792308647,-13.257509792308646,13.257509792308646,0.0,39.19476779220115
South Sudan,2021-05-28,0.08,6.37281739441222,-6.29281739441222,6.29281739441222,0.0,27.670075394304725
Cuba,2021-05-28,7.19,7.116745506979569,0.07325449302043108,0.07325449302043108,0.0,28.414003506872074
Syria,2021-05-28,0.14,10.192544757122711,-10.05254475712271,10.05254475712271,0.0,31.489802757015216
Saint Vincent and the Grenadines,2021-05-28,16.6,20.15254285498225,-3.5525428549822493,3.5525428549822493,0.0,41.44980085487475
Latvia,2021-05-28,28.13,24.21839414605023,3.9116058539497693,3.9116058539497693,2.9211361461577248,45.51565214594274
Lithuania,2021-05-28,37.02,28.99353786798352,8.026462132016484,8.026462132016484,7.696279868091015,50.29079586787603
Australia,2021-05-28,13.88,12.233871076353104,1.6461289236468968,1.6461289236468968,0.0,33.531129076245605
Nauru,2021-05-28,68.23,19.227001746970558,49.002998253029446,49.002998253029446,0.0,40.524259746863066
Jamaica,2021-05-28,5.26,12.246945803691624,-6.986945803691624,6.986945803691624,0.0,33.544203803584125
Bangladesh,2021-05-28,3.54,16.354508797147624,-12.814508797147624,12.814508797147624,0.0,37.651766797040125
China,2021-05-28,0.0,18.51198481468699,-18.51198481468699,18.51198481468699,0.0,39.80924281457949
Bermuda,2021-05-28,57.96,45.0666737180469,12.893326281953101,12.893326281953101,23.769415718154395,66.36393171793941
Slovakia,2021-05-28,30.78,26.959003095276863,3.8209969047231382,3.8209969047231382,5.661745095384358,48.256261095169364
Jordan,2021-05-28,13.84,18.444607377208357,-4.604607377208357,4.604607377208357,0.0,39.741865377100865
Niger,2021-05-28,0.63,7.313918496068656,-6.683918496068656,6.683918496068656,0.0,28.61117649596116
Belize,2021-05-28,16.11,17.531783408914237,-1.4217834089142372,1.4217834089142372,0.0,38.829041408806745
England,2021-05-28,58.07,49.54824213164746,8.521757868352537,8.521757868352537,28.250984131754958,70.84550013153996
Nigeria,2021-05-28,0.95,10.292033698504348,-9.342033698504348,9.342033698504348,0.0,31.589291698396853
United States,2021-05-28,49.75,39.2155832788441,10.5344167211559,10.5344167211559,17.918325278951595,60.5128412787366
Gabon,2021-05-28,0.48,8.13819133269115,-7.65819133269115,7.65819133269115,0.0,29.435449332583655
Malawi,2021-05-28,1.84,9.600631090276423,-7.760631090276423,7.760631090276423,0.0,30.897889090168928
Sudan,2021-05-28,0.32,9.3826898881462,-9.062689888146199,9.062689888146199,0.0,30.679947888038704
Turkey,2021-05-28,19.51,24.59476134881354,-5.08476134881354,5.08476134881354,3.297503348921037,45.89201934870604
Cyprus,2021-05-28,43.54,28.103444985448796,15.436555014551203,15.436555014551203,6.806186985556291,49.4007029853413
Romania,2021-05-28,22.13,25.5748892193349,-3.4448892193349003,3.4448892193349003,4.277631219442394,46.8721472192274
Palestine,2021-05-28,5.81,10.685183060513104,-4.875183060513105,4.875183060513105,0.0,31.98244106040561
Laos,2021-05-28,8.45,10.715925207923483,-2.265925207923484,2.265925207923484,0.0,32.013183207815985
Taiwan,2021-05-28,1.34,8.303019882949087,-6.963019882949087,6.963019882949087,0.0,29.600277882841592
Tajikistan,2021-05-28,0.78,3.38092092039566,-2.6009209203956596,2.6009209203956596,0.0,24.678178920288165
Philippines,2021-05-29,3.16,11.515330740518458,-8.355330740518458,8.355330740518458,0.0,32.81258874041096
Bulgaria,2021-05-29,11.5,21.3248531215919,-9.8248531215919,9.8248531215919,0.027595121699395264,42.62211112148441
Sierra Leone,2021-05-29,0.73,9.450315492197035,-8.720315492197035,8.720315492197035,0.0,30.74757349208954
Indonesia,2021-05-29,5.68,17.88989624178941,-12.209896241789409,12.209896241789409,0.0,39.18715424168191
Namibia,2021-05-29,2.66,9.234440752567146,-6.5744407525671456,6.5744407525671456,0.0,30.53169875245965
Russia,2021-05-29,11.29,22.259311558055877,-10.969311558055878,10.969311558055878,0.9620535581633725,43.55656955794838
Oman,2021-05-29,4.24,19.1942736105075,-14.954273610507501,14.954273610507501,0.0,40.4915316104
Palestine,2021-05-29,5.98,10.904259803882013,-4.924259803882013,4.924259803882013,0.0,32.20151780377452
Paraguay,2021-05-29,4.01,12.351800109576288,-8.341800109576289,8.341800109576289,0.0,33.6490581094688
China,2021-05-29,0.0,18.7310615580559,-18.7310615580559,18.7310615580559,0.0,40.02831955794841
Botswana,2021-05-29,6.08,9.56355772291251,-3.4835577229125096,3.4835577229125096,0.0,30.860815722805015
Lithuania,2021-05-29,37.23,29.21261461135243,8.017385388647568,8.017385388647568,7.915356611459924,50.50987261124493
Ukraine,2021-05-29,2.32,11.892601213378938,-9.572601213378938,9.572601213378938,0.0,33.18985921327145
Aruba,2021-05-29,58.93,47.692642331411555,11.237357668588444,11.237357668588444,26.39538433151905,68.98990033130406
Isle of Man,2021-05-29,72.11,51.1122881471861,20.9977118528139,20.9977118528139,29.815030147293594,72.4095461470786
Mozambique,2021-05-29,1.02,10.035068926055363,-9.015068926055363,9.015068926055363,0.0,31.332326925947868
Argentina,2021-05-29,20.38,23.396359970906822,-3.016359970906823,3.016359970906823,2.099101971014317,44.69361797079932
Ghana,2021-05-29,2.73,12.335788167158352,-9.605788167158352,9.605788167158352,0.0,33.63304616705086
Tajikistan,2021-05-29,0.78,3.5999976637645688,-2.8199976637645685,2.8199976637645685,0.0,24.897255663657074
Austria,2021-05-29,40.14,29.166871368109376,10.973128631890624,10.973128631890624,7.869613368216871,50.46412936800188
Morocco,2021-05-29,22.13,24.053355962543755,-1.9233559625437557,1.9233559625437557,2.75609796265125,45.350613962436256
Yemen,2021-05-29,0.35,2.9079976637645686,-2.5579976637645685,2.5579976637645685,0.0,24.205255663657073
El Salvador,2021-05-29,17.25,17.524980770229128,-0.2749807702291278,0.2749807702291278,0.0,38.82223877012163
Cote d'Ivoire,2021-05-29,2.05,10.855907214777602,-8.805907214777601,8.805907214777601,0.0,32.15316521467011
Timor,2021-05-29,4.84,7.128706955871156,-2.288706955871156,2.288706955871156,0.0,28.42596495576366
Italy,2021-05-29,38.16,28.21153353027139,9.948466469728608,9.948466469728608,6.914275530378884,49.50879153016389
Mongolia,2021-05-29,56.51,30.661375450268793,25.848624549731205,25.848624549731205,9.364117450376288,51.9586334501613
Liechtenstein,2021-05-29,32.91,27.289129557569076,5.62087044243092,5.62087044243092,5.991871557676571,48.58638755746158
Saint Kitts and Nevis,2021-05-29,34.64,26.732034790928232,7.907965209071769,7.907965209071769,5.434776791035727,48.02929279082073
New Caledonia,2021-05-29,16.29,20.301248913069863,-4.011248913069863,4.011248913069863,0.0,41.598506912962364
Romania,2021-05-29,22.25,25.79396596270381,-3.5439659627038083,3.5439659627038083,4.496707962811303,47.09122396259632
Solomon Islands,2021-05-29,1.91,8.529849520044493,-6.619849520044493,6.619849520044493,0.0,29.827107519936998
Israel,2021-05-29,62.95,64.6451516610604,-1.6951516610603932,1.6951516610603932,43.34789366116789,85.9424096609529
Uruguay,2021-05-29,50.86,33.463012751059026,17.396987248940974,17.396987248940974,12.16575475116652,54.760270750951534
Suriname,2021-05-29,11.67,15.585880944774381,-3.915880944774381,3.915880944774381,0.0,36.88313894466688
Sweden,2021-05-29,35.7,28.25430380054167,7.445696199458332,7.445696199458332,6.957045800649166,49.55156180043417
Iran,2021-05-29,3.26,13.227879686821698,-9.967879686821698,9.967879686821698,0.0,34.5251376867142
Bangladesh,2021-05-29,3.54,16.57358554051654,-13.03358554051654,13.03358554051654,0.0,37.87084354040904
Germany,2021-05-29,42.54,29.24660109783906,13.293398902160938,13.293398902160938,7.9493430979465565,50.54385909773157
Kuwait,2021-05-29,19.25,25.348831433636782,-6.098831433636782,6.098831433636782,4.051573433744277,46.64608943352928
Jordan,2021-05-29,13.84,18.663684120577265,-4.823684120577266,4.823684120577266,0.0,39.96094212046977
Guernsey,2021-05-29,49.17,46.72777669066988,2.4422233093301244,2.4422233093301244,25.430518690777372,68.02503469056238
Montserrat,2021-05-29,27.17,31.972546353488212,-4.802546353488211,4.802546353488211,10.675288353595707,53.26980435338072
Moldova,2021-05-29,8.28,12.179991823275998,-3.8999918232759985,3.8999918232759985,0.0,33.477249823168506
Uganda,2021-05-29,1.3,10.021943599692111,-8.72194359969211,8.72194359969211,0.0,31.319201599584616
Azerbaijan,2021-05-29,12.95,19.972200804270294,-7.022200804270295,7.022200804270295,0.0,41.269458804162795
United Arab Emirates,2021-05-29,51.38,45.85377733540954,5.526222664590463,5.526222664590463,24.556519335517034,67.15103533530204
Gibraltar,2021-05-29,116.0,92.92709374499756,23.072906255002437,23.072906255002437,71.62983574510505,100.0
Angola,2021-05-29,2.02,11.20995483382507,-9.18995483382507,9.18995483382507,0.0,32.507212833717574
Cape Verde,2021-05-29,3.9,9.461007916746382,-5.561007916746382,5.561007916746382,0.0,30.758265916638887
Latvia,2021-05-29,28.4,24.43747088941914,3.96252911058086,3.96252911058086,3.1402128895266337,45.73472888931164
Papua New Guinea,2021-05-29,0.24,7.268441622063822,-7.028441622063822,7.028441622063822,0.0,28.565699621956327
Maldives,2021-05-29,57.25,50.895753417574404,6.354246582425596,6.354246582425596,29.5984954176819,72.1930114174669
Northern Ireland,2021-05-29,55.14,47.65075448186091,7.489245518139093,7.489245518139093,26.353496481968403,68.94801248175341
Japan,2021-05-29,6.41,12.912376603562493,-6.502376603562492,6.502376603562492,0.0,34.209634603455
Netherlands,2021-05-29,36.67,27.599108670370732,9.07089132962927,9.07089132962927,6.301850670478228,48.896366670263234
Estonia,2021-05-29,35.2,29.413087584325552,5.7869124156744505,5.7869124156744505,8.115829584433047,50.71034558421806
Democratic Republic of Congo,2021-05-29,0.02,5.152470135806503,-5.1324701358065035,5.1324701358065035,0.0,26.449728135699008
Senegal,2021-05-29,2.65,12.80829852719189,-10.15829852719189,10.15829852719189,0.0,34.105556527084396
Nigeria,2021-05-29,0.95,10.511110441873257,-9.561110441873257,9.561110441873257,0.0,31.80836844176576
Kenya,2021-05-29,1.8,10.944690688786796,-9.144690688786795,9.144690688786795,0.0,32.2419486886793
Jamaica,2021-05-29,5.26,12.466022547060533,-7.206022547060533,7.206022547060533,0.0,33.76328054695304
Comoros,2021-05-29,4.96,7.609688354089698,-2.6496883540896983,2.6496883540896983,0.0,28.906946353982203
Luxembourg,2021-05-29,36.23,27.70384805174995,8.526151948250046,8.526151948250046,6.406590051857446,49.00110605164245
Hong Kong,2021-05-29,17.9,18.993243582136905,-1.0932435821369069,1.0932435821369069,0.0,40.29050158202941
Cameroon,2021-05-29,0.21,5.86757915380025,-5.65757915380025,5.65757915380025,0.0,27.164837153692755
Ethiopia,2021-05-29,1.57,7.065426316426411,-5.4954263164264106,5.4954263164264106,0.0,28.362684316318916
Samoa,2021-05-29,14.34,9.919689522188456,4.420310477811544,4.420310477811544,0.0,31.21694752208096
Czechia,2021-05-29,35.6,27.052884881622788,8.547115118377214,8.547115118377214,5.755626881730283,48.350142881515296
Nauru,2021-05-29,68.23,19.446078490339467,48.78392150966054,48.78392150966054,0.0,40.74333649023197
Belarus,2021-05-29,4.64,18.116586535677556,-13.476586535677555,13.476586535677555,0.0,39.413844535570064
Central African Republic,2021-05-29,0.01,2.5293825487108528,-2.519382548710853,2.519382548710853,0.0,23.826640548603358
Cambodia,2021-05-29,15.04,17.428931974478978,-2.3889319744789788,2.3889319744789788,0.0,38.72618997437148
Andorra,2021-05-29,35.74,27.789988318975773,7.950011681024229,7.950011681024229,6.492730319083268,49.08724631886828
Zimbabwe,2021-05-29,4.49,13.114541082753789,-8.624541082753789,8.624541082753789,0.0,34.4117990826463
Cyprus,2021-05-29,43.54,28.322521728817705,15.217478271182294,15.217478271182294,7.0252637289252,49.61977972871021
Slovakia,2021-05-29,31.26,27.178079838645772,4.08192016135423,4.08192016135423,5.880821838753267,48.47533783853828
Wallis and Futuna,2021-05-29,38.7,40.76438180888348,-2.064381808883475,2.064381808883475,19.467123808990973,62.06163980877598
Seychelles,2021-05-29,71.64,68.27489856223337,3.3651014377666257,3.3651014377666257,46.977640562340866,89.57215656212588
Honduras,2021-05-29,2.12,11.00462485816551,-8.884624858165509,8.884624858165509,0.0,32.301882858058015
Somalia,2021-05-29,0.81,6.021625624615631,-5.21162562461563,5.21162562461563,0.0,27.318883624508135
Saudi Arabia,2021-05-29,0.0,16.321217380991648,-16.321217380991648,16.321217380991648,0.0,37.61847538088415
South Africa,2021-05-29,1.63,12.254783317174716,-10.624783317174717,10.624783317174717,0.0,33.55204131706722
Nepal,2021-05-29,7.25,18.17587367610971,-10.92587367610971,10.92587367610971,0.0,39.47313167600221
Anguilla,2021-05-29,60.02,45.41854955625954,14.601450443740461,14.601450443740461,24.121291556367037,66.71580755615204
Turkey,2021-05-29,19.56,24.81383809218245,-5.253838092182452,5.253838092182452,3.5165800922899457,46.11109609207496
Finland,2021-05-29,44.29,30.827753166656414,13.462246833343585,13.462246833343585,9.53049516676391,52.125011166548916
Equatorial Guinea,2021-05-29,10.55,11.68582335793419,-1.1358233579341892,1.1358233579341892,0.0,32.98308135782669
Turks and Caicos Islands,2021-05-29,53.62,40.563138521116954,13.056861478883043,13.056861478883043,19.26588052122445,61.86039652100946
Togo,2021-05-29,1.93,10.699575178639485,-8.769575178639485,8.769575178639485,0.0,31.99683317853199
England,2021-05-29,58.34,49.767318875016365,8.572681124983639,8.572681124983639,28.47006087512386,71.06457687490887
Armenia,2021-05-29,0.9,7.282031196507273,-6.382031196507272,6.382031196507272,0.0,28.579289196399777
Spain,2021-05-29,37.87,28.426365552931486,9.443634447068511,9.443634447068511,7.129107553038981,49.723623552823994
Grenada,2021-05-29,15.41,19.965679137593845,-4.555679137593845,4.555679137593845,0.0,41.26293713748635
Brunei,2021-05-29,9.52,9.87553280071793,-0.35553280071793125,0.35553280071793125,0.0,31.172790800610436
Venezuela,2021-05-29,1.11,12.063129254217586,-10.953129254217586,10.953129254217586,0.0,33.360387254110094
Scotland,2021-05-29,59.2,47.664268567994775,11.535731432005228,11.535731432005228,26.36701056810227,68.96152656788728
Australia,2021-05-29,14.34,12.452947819722013,1.887052180277987,1.887052180277987,0.0,33.75020581961452
Egypt,2021-05-29,2.2,14.636276690670137,-12.436276690670137,12.436276690670137,0.0,35.93353469056264
Tonga,2021-05-29,24.57,15.527462019894827,9.042537980105173,9.042537980105173,0.0,36.824720019787335
Guinea-Bissau,2021-05-29,0.3,2.819382548710358,-2.5193825487103583,2.5193825487103583,0.0,24.116640548602863
Bolivia,2021-05-29,11.0,16.326631824612683,-5.326631824612683,5.326631824612683,0.0,37.623889824505184
Mauritius,2021-05-29,16.68,19.813517730740486,-3.1335177307404862,3.1335177307404862,0.0,41.110775730632994
Kosovo,2021-05-29,2.86,8.390012783297081,-5.530012783297082,5.530012783297082,0.0,29.687270783189586
Syria,2021-05-29,0.14,10.41162150049162,-10.27162150049162,10.27162150049162,0.0,31.708879500384125
Wales,2021-05-29,67.92,52.048839588243844,15.871160411756158,15.871160411756158,30.75158158835134,73.34609758813635
Qatar,2021-05-29,49.64,26.031221060837062,23.60877893916294,23.60877893916294,4.733963060944557,47.32847906072956
Georgia,2021-05-29,3.37,9.85130140768997,-6.48130140768997,6.48130140768997,0.0,31.148559407582475
Rwanda,2021-05-29,2.71,14.016927411558715,-11.306927411558714,11.306927411558714,0.0,35.31418541145122
Brazil,2021-05-29,21.15,22.25544303913707,-1.1054430391370715,1.1054430391370715,0.9581850392445652,43.55270103902957
Malawi,2021-05-29,1.85,9.819707833645332,-7.969707833645332,7.969707833645332,0.0,31.116965833537837
Faeroe Islands,2021-05-29,42.32,30.976182658331304,11.343817341668696,11.343817341668696,9.678924658438799,52.273440658223805
Antigua and Barbuda,2021-05-29,33.92,32.85158744088618,1.068412559113824,1.068412559113824,11.554329440993673,54.148845440778686
Djibouti,2021-05-29,1.27,6.459463462455179,-5.18946346245518,5.18946346245518,0.0,27.756721462347684
Dominica,2021-05-29,27.41,31.720581098378197,-4.310581098378197,4.310581098378197,10.423323098485692,53.0178390982707
Taiwan,2021-05-29,1.34,8.522096626317996,-7.182096626317996,7.182096626317996,0.0,29.8193546262105
Cook Islands,2021-05-29,24.84,21.7349432915965,3.105056708403499,3.105056708403499,0.43768529170399617,43.032201291489
Sint Maarten (Dutch part),2021-05-29,39.7,38.402956760075305,1.2970432399246974,1.2970432399246974,17.1056987601828,59.70021475996781
Denmark,2021-05-29,36.33,29.15609873873695,7.1739012612630475,7.1739012612630475,7.858840738844446,50.45335673862945
Peru,2021-05-29,8.67,14.98412428217123,-6.31412428217123,6.31412428217123,0.0,36.28138228206373
Saint Lucia,2021-05-29,15.25,20.306535894494395,-5.056535894494395,5.056535894494395,0.0,41.6037938943869
Macao,2021-05-29,16.11,17.312736829678748,-1.2027368296787486,1.2027368296787486,0.0,38.60999482957125
New Zealand,2021-05-29,8.5,13.941316260906476,-5.441316260906476,5.441316260906476,0.0,35.238574260798984
British Virgin Islands,2021-05-29,38.21,38.753537203547495,-0.5435372035474941,0.5435372035474941,17.45627920365499,60.05079520344
Belize,2021-05-29,16.11,17.750860152283146,-1.640860152283146,1.640860152283146,0.0,39.04811815217565
South Korea,2021-05-29,10.53,14.197139705842275,-3.667139705842276,3.667139705842276,0.0,35.494397705734784
Ireland,2021-05-29,35.12,27.849391998035678,7.2706080019643196,7.2706080019643196,6.552133998143173,49.14664999792818
Guyana,2021-05-29,23.8,19.571757568966433,4.228242431033568,4.228242431033568,0.0,40.86901556885894
Gabon,2021-05-29,0.64,8.357268076060059,-7.717268076060059,7.717268076060059,0.0,29.654526075952564
Mexico,2021-05-29,16.49,21.928924822163616,-5.438924822163617,5.438924822163617,0.6316668222711108,43.22618282205612
Tuvalu,2021-05-29,20.35,24.51245812398183,-4.162458123981828,4.162458123981828,3.215200124089325,45.80971612387434
Sudan,2021-05-29,0.32,9.601766631515108,-9.281766631515108,9.281766631515108,0.0,30.899024631407613
Sao Tome and Principe,2021-05-29,5.65,12.709322392135022,-7.059322392135021,7.059322392135021,0.0,34.00658039202753
Slovenia,2021-05-29,31.89,27.799613061723917,4.090386938276083,4.090386938276083,6.5023550618314125,49.096871061616426
Singapore,2021-05-29,36.11,28.65096913159249,7.45903086840751,7.45903086840751,7.353711131699985,49.948227131485
Hungary,2021-05-29,53.18,35.114885855405554,18.065114144594446,18.065114144594446,13.817627855513049,56.412143855298055
Croatia,2021-05-29,30.95,25.31136529312927,5.638634706870729,5.638634706870729,4.014107293236766,46.60862329302178
Niger,2021-05-29,0.63,7.5329952394375645,-6.902995239437565,6.902995239437565,0.0,28.83025323933007
Kyrgyzstan,2021-05-29,0.57,7.681591730665701,-7.111591730665701,7.111591730665701,0.0,28.978849730558206
Lebanon,2021-05-29,7.34,14.575759256973246,-7.235759256973246,7.235759256973246,0.0,35.87301725686575
Madagascar,2021-05-29,0.08,2.5343825487106812,-2.454382548710681,2.454382548710681,0.0,23.831640548603186
Cayman Islands,2021-05-29,65.79,46.40560255677105,19.384397443228956,19.384397443228956,25.108344556878546,67.70286055666355
Greece,2021-05-29,34.44,27.194885855405552,7.245114144594446,7.245114144594446,5.897627855513047,48.49214385529805
Benin,2021-05-29,0.1,2.5029211001024336,-2.4029211001024335,2.4029211001024335,0.0,23.80017909999494
Liberia,2021-05-29,1.1,3.3193825487094237,-2.2193825487094236,2.2193825487094236,0.0,24.61664054860193
Bahrain,2021-05-29,53.59,40.72639932142122,12.863600678578784,12.863600678578784,19.429141321528714,62.02365732131372
India,2021-05-29,11.9,19.462348780022204,-7.562348780022203,7.562348780022203,0.0,40.759606779914705
United Kingdom,2021-05-29,57.83,49.700683559874996,8.129316440125002,8.129316440125002,28.40342555998249,70.9979415597675
Uzbekistan,2021-05-29,3.58,8.735734900211057,-5.155734900211057,5.155734900211057,0.0,30.03299290010356
Montenegro,2021-05-29,20.81,16.958442268082138,3.851557731917861,3.851557731917861,0.0,38.255700267974646
Bosnia and Herzegovina,2021-05-29,5.76,13.180483059162626,-7.420483059162626,7.420483059162626,0.0,34.477741059055134
South Sudan,2021-05-29,0.08,6.591894137781129,-6.511894137781129,6.511894137781129,0.0,27.889152137673634
Norway,2021-05-29,30.41,29.686967904408654,0.7230320955913463,0.7230320955913463,8.389709904516149,50.984225904301155
Barbados,2021-05-29,27.12,32.51202945237528,-5.392029452375279,5.392029452375279,11.214771452482776,53.80928745226778
Trinidad and Tobago,2021-05-29,6.49,13.294172309517919,-6.804172309517918,6.804172309517918,0.0,34.59143030941043
Bahamas,2021-05-29,11.79,13.602283464411066,-1.8122834644110668,1.8122834644110668,0.0,34.89954146430357
France,2021-05-29,37.76,28.165587584325415,9.594412415674583,9.594412415674583,6.86832958443291,49.462845584217916
Dominican Republic,2021-05-29,29.21,20.636507778279046,8.573492221720954,8.573492221720954,0.0,41.93376577817155
Pakistan,2021-05-29,2.12,13.804131795952667,-11.684131795952666,11.684131795952666,0.0,35.10138979584517
Serbia,2021-05-29,36.33,33.8769935787983,2.4530064212016995,2.4530064212016995,12.579735578905794,55.1742515786908
French Polynesia,2021-05-29,19.8,21.245393057213967,-1.4453930572139662,1.4453930572139662,0.0,42.54265105710647
Costa Rica,2021-05-29,17.03,22.134951312229873,-5.104951312229872,5.104951312229872,0.8376933123373682,43.43220931212238
Curacao,2021-05-29,51.35,41.897106617126006,9.452893382873995,9.452893382873995,20.5998486172335,63.19436461701851
Switzerland,2021-05-29,35.25,26.23031889748634,9.019681102513658,9.019681102513658,4.933060897593837,47.52757689737885
United States,2021-05-29,49.98,39.43466002221301,10.545339977786988,10.545339977786988,18.137402022320504,60.73191802210552
Sri Lanka,2021-05-29,7.03,17.306545617716175,-10.276545617716174,10.276545617716174,0.0,38.603803617608676
Colombia,2021-05-29,12.58,15.76091827022912,-3.180918270229119,3.180918270229119,0.0,37.05817627012162
Greenland,2021-05-29,23.53,23.440056874764352,0.08994312523564929,0.08994312523564929,2.142798874871847,44.73731487465686
Iraq,2021-05-29,0.74,10.767573881444022,-10.027573881444022,10.027573881444022,0.0,32.06483188133653
Guinea,2021-05-29,1.92,8.166469199933374,-6.246469199933374,6.246469199933374,0.0,29.46372719982588
Panama,2021-05-29,15.35,20.57542211288761,-5.225422112887609,5.225422112887609,0.0,41.87268011278012
San Marino,2021-05-29,63.46,46.67510577431479,16.784894225685214,16.784894225685214,25.377847774422282,67.9723637742073
Zambia,2021-05-29,0.77,5.888206955869407,-5.118206955869407,5.118206955869407,0.0,27.185464955761912
Laos,2021-05-29,8.45,10.935001951292392,-2.485001951292393,2.485001951292393,0.0,32.2322599511849
Bhutan,2021-05-29,62.56,66.04090635687766,-3.4809063568776537,3.4809063568776537,44.74364835698515,87.33816435677016
Kazakhstan,2021-05-29,11.18,16.249837734886555,-5.069837734886555,5.069837734886555,0.0,37.54709573477906
Belgium,2021-05-29,39.98,28.94502190982714,11.034978090172856,11.034978090172856,7.6477639099346355,50.24227990971964
Jersey,2021-05-29,59.48,57.18834366121123,2.291656338788769,2.291656338788769,35.891085661318726,78.48560166110373
Portugal,2021-05-29,37.28,28.455452449190275,8.824547550809726,8.824547550809726,7.1581944492977705,49.752710449082784
Afghanistan,2021-05-29,1.23,11.557749076642175,-10.327749076642174,10.327749076642174,0.0,32.855007076534676
Libya,2021-05-29,1.55,5.8505445435304,-4.300544543530401,4.300544543530401,0.0,27.147802543422905
Monaco,2021-05-29,42.05,33.674813568991254,8.375186431008743,8.375186431008743,12.37755556909875,54.97207156888376
Malaysia,2021-05-29,5.89,13.010708873458263,-7.1207088734582635,7.1207088734582635,0.0,34.307966873350765
Tunisia,2021-05-29,5.36,10.909442399561712,-5.549442399561712,5.549442399561712,0.0,32.20670039945422
Iceland,2021-05-29,50.22,31.08895150002575,19.13104849997425,19.13104849997425,9.791693500133245,52.38620949991825
Chile,2021-05-29,55.07,40.1992962622621,14.870703737737898,14.870703737737898,18.902038262369597,61.4965542621546
Congo,2021-05-29,0.41,5.891456955909391,-5.48145695590939,5.48145695590939,0.0,27.188714955801895
Gambia,2021-05-29,1.07,9.999780484338348,-8.929780484338348,8.929780484338348,0.0,31.297038484230853
Albania,2021-05-29,16.74,17.55179523753489,-0.8117952375348914,0.8117952375348914,0.0,38.8490532374274
Ecuador,2021-05-29,8.8,16.474329240486156,-7.674329240486156,7.674329240486156,0.0,37.771587240378665
Mali,2021-05-29,0.41,7.410805258427434,-7.000805258427434,7.000805258427434,0.0,28.70806325831994
Algeria,2021-05-29,0.17,13.940791353983542,-13.770791353983542,13.770791353983542,0.0,35.23804935387605
Fiji,2021-05-29,11.94,12.99985489246875,-1.059854892468751,1.059854892468751,0.0,34.297112892361255
Guatemala,2021-05-29,2.33,11.577821524023943,-9.247821524023943,9.247821524023943,0.0,32.87507952391645
Saint Vincent and the Grenadines,2021-05-29,16.6,20.37161959835116,-3.7716195983511582,3.7716195983511582,0.0,41.66887759824367
Malta,2021-05-29,71.62,43.639287418443416,27.98071258155659,27.98071258155659,22.34202941855091,64.93654541833592
Poland,2021-05-29,35.88,27.896722590099372,7.98327740990063,7.98327740990063,6.599464590206868,49.19398058999188
Canada,2021-05-29,56.19,31.20792912228716,24.982070877712836,24.982070877712836,9.910671122394657,52.50518712217966
Bermuda,2021-05-29,57.96,45.28575046141581,12.674249538584192,12.674249538584192,23.988492461523304,66.58300846130831
North Macedonia,2021-05-29,11.22,13.907876100679943,-2.687876100679942,2.687876100679942,0.0,35.20513410057245
Thailand,2021-05-29,3.52,11.497198797570626,-7.977198797570626,7.977198797570626,0.0,32.79445679746313
Mauritania,2021-05-29,0.48,7.826330085691584,-7.346330085691584,7.346330085691584,0.0,29.12358808558409
Vietnam,2021-05-29,1.03,10.06570995169637,-9.03570995169637,9.03570995169637,0.0,31.362967951588875
Sudan,2021-05-30,0.73,9.820843374884024,-9.090843374884024,9.090843374884024,0.0,31.11810137477653
Yemen,2021-05-30,0.35,3.1270744071334846,-2.7770744071334845,2.7770744071334845,0.0,24.42433240702599
Andorra,2021-05-30,35.74,28.00906506234469,7.730934937655313,7.730934937655313,6.711807062452184,49.3063230622372
Saint Kitts and Nevis,2021-05-30,34.64,26.951111534297148,7.688888465702853,7.688888465702853,5.653853534404643,48.24836953418965
Jamaica,2021-05-30,5.26,12.685099290429449,-7.425099290429449,7.425099290429449,0.0,33.98235729032196
Nauru,2021-05-30,68.23,19.665155233708383,48.56484476629162,48.56484476629162,0.0,40.962413233600884
South Sudan,2021-05-30,0.08,6.810970881150045,-6.730970881150045,6.730970881150045,0.0,28.10822888104255
Liechtenstein,2021-05-30,32.91,27.508206300937992,5.401793699062004,5.401793699062004,6.210948301045487,48.805464300830494
British Virgin Islands,2021-05-30,38.21,38.97261394691641,-0.7626139469164102,0.7626139469164102,17.675355947023906,60.26987194680892
Pakistan,2021-05-30,2.12,14.023208539321583,-11.903208539321582,11.903208539321582,0.0,35.32046653921409
Georgia,2021-05-30,3.37,10.070378151058886,-6.700378151058886,6.700378151058886,0.0,31.36763615095139
Democratic Republic of Congo,2021-05-30,0.02,5.371546879175419,-5.3515468791754195,5.3515468791754195,0.0,26.668804879067924
Japan,2021-05-30,7.21,13.131453346931409,-5.921453346931409,5.921453346931409,0.0,34.42871134682392
Brunei,2021-05-30,9.52,10.094609544086847,-0.5746095440868473,0.5746095440868473,0.0,31.39186754397935
Papua New Guinea,2021-05-30,0.24,7.487518365432738,-7.247518365432738,7.247518365432738,0.0,28.784776365325243
Belarus,2021-05-30,5.47,18.33566327904647,-12.865663279046473,12.865663279046473,0.0,39.63292127893898
Guyana,2021-05-30,23.8,19.79083431233535,4.009165687664652,4.009165687664652,0.0,41.08809231222786
Libya,2021-05-30,1.55,6.0696212868993165,-4.519621286899317,4.519621286899317,0.0,27.36687928679182
Northern Ireland,2021-05-30,55.36,47.869831225229824,7.490168774770176,7.490168774770176,26.57257322533732,69.16708922512233
Barbados,2021-05-30,27.23,32.731106195744196,-5.501106195744196,5.501106195744196,11.433848195851692,54.0283641956367
Mauritius,2021-05-30,16.68,20.032594474109402,-3.3525944741094023,3.3525944741094023,0.0,41.32985247400191
South Korea,2021-05-30,10.54,14.416216449211191,-3.876216449211192,3.876216449211192,0.0,35.7134744491037
Costa Rica,2021-05-30,17.03,22.35402805559879,-5.324028055598788,5.324028055598788,1.0567700557062842,43.6512860554913
Tunisia,2021-05-30,5.45,11.128519142930628,-5.678519142930628,5.678519142930628,0.0,32.42577714282314
Azerbaijan,2021-05-30,13.34,20.19127754763921,-6.85127754763921,6.85127754763921,0.0,41.48853554753171
Sri Lanka,2021-05-30,7.13,17.52562236108509,-10.395622361085092,10.395622361085092,0.0,38.82288036097759
Guatemala,2021-05-30,2.34,11.796898267392859,-9.456898267392859,9.456898267392859,0.0,33.09415626728536
Namibia,2021-05-30,2.66,9.453517495936062,-6.793517495936062,6.793517495936062,0.0,30.750775495828567
Suriname,2021-05-30,11.67,15.804957688143297,-4.134957688143297,4.134957688143297,0.0,37.1022156880358
Austria,2021-05-30,40.3,29.385948111478292,10.914051888521705,10.914051888521705,8.088690111585787,50.683206111370794
Isle of Man,2021-05-30,72.11,51.331364890555015,20.778635109444984,20.778635109444984,30.03410689066251,72.62862289044752
Mauritania,2021-05-30,0.48,8.0454068290605,-7.5654068290605,7.5654068290605,0.0,29.342664828953005
Malta,2021-05-30,71.74,43.85836416181233,27.881635838187663,27.881635838187663,22.561106161919827,65.15562216170484
Cote d'Ivoire,2021-05-30,2.05,11.074983958146518,-9.024983958146517,9.024983958146517,0.0,32.37224195803903
Panama,2021-05-30,15.78,20.794498856256524,-5.014498856256525,5.014498856256525,0.0,42.09175685614903
Bermuda,2021-05-30,57.96,45.504827204784725,12.455172795215276,12.455172795215276,24.20756920489222,66.80208520467723
Italy,2021-05-30,38.58,28.430610273640305,10.149389726359693,10.149389726359693,7.1333522737478,49.727868273532806
Finland,2021-05-30,44.29,31.04682991002533,13.243170089974669,13.243170089974669,9.749571910132826,52.34408790991783
Afghanistan,2021-05-30,1.23,11.77682582001109,-10.54682582001109,10.54682582001109,0.0,33.07408381990359
Liberia,2021-05-30,1.1,3.5384592920783398,-2.4384592920783397,2.4384592920783397,0.0,24.835717291970845
Bangladesh,2021-05-30,3.54,16.792662283885456,-13.252662283885456,13.252662283885456,0.0,38.08992028377796
Israel,2021-05-30,62.97,64.8642284044293,-1.894228404429299,1.894228404429299,43.56697040453679,86.1614864043218
Mexico,2021-05-30,16.78,22.14800156553253,-5.368001565532531,5.368001565532531,0.8507435656400268,43.44525956542503
Oman,2021-05-30,4.24,19.413350353876417,-15.173350353876417,15.173350353876417,0.0,40.71060835376892
India,2021-05-30,12.0,19.68142552339112,-7.68142552339112,7.68142552339112,0.0,40.97868352328362
Honduras,2021-05-30,2.12,11.223701601534426,-9.103701601534425,9.103701601534425,0.0,32.52095960142693
Bahrain,2021-05-30,54.33,40.945476064790135,13.384523935209863,13.384523935209863,19.64821806489763,62.24273406468264
Kyrgyzstan,2021-05-30,0.57,7.900668474034617,-7.330668474034617,7.330668474034617,0.0,29.197926473927122
Scotland,2021-05-30,59.51,47.88334531136369,11.626654688636307,11.626654688636307,26.586087311471186,69.18060331125619
Spain,2021-05-30,38.57,28.645442296300402,9.924557703699598,9.924557703699598,7.348184296407897,49.94270029619291
Lebanon,2021-05-30,7.44,14.794836000342166,-7.354836000342165,7.354836000342165,0.0,36.09209400023467
Uzbekistan,2021-05-30,3.58,8.954811643579973,-5.374811643579973,5.374811643579973,0.0,30.252069643472478
Equatorial Guinea,2021-05-30,10.55,11.904900101303106,-1.3549001013031052,1.3549001013031052,0.0,33.20215810119561
Germany,2021-05-30,42.67,29.465677841207977,13.204322158792024,13.204322158792024,8.168419841315472,50.762935841100486
Mali,2021-05-30,0.41,7.62988200179635,-7.21988200179635,7.21988200179635,0.0,28.927140001688855
England,2021-05-30,58.52,49.98639561838528,8.533604381614722,8.533604381614722,28.689137618492776,71.28365361827778
Bolivia,2021-05-30,11.04,16.5457085679816,-5.5057085679816,5.5057085679816,0.0,37.8429665678741
United Arab Emirates,2021-05-30,51.38,46.072854078778455,5.307145921221547,5.307145921221547,24.77559607888595,67.37011207867096
Cook Islands,2021-05-30,24.84,21.954020034965417,2.8859799650345828,2.8859799650345828,0.6567620350729122,43.25127803485792
Norway,2021-05-30,30.41,29.90604464777757,0.5039553522224303,0.5039553522224303,8.608786647885065,51.20330264767007
Palestine,2021-05-30,5.98,11.12333654725093,-5.143336547250929,5.143336547250929,0.0,32.42059454714344
South Africa,2021-05-30,1.64,12.473860060543632,-10.833860060543632,10.833860060543632,0.0,33.77111806043614
Belgium,2021-05-30,40.01,29.164098653196056,10.845901346803942,10.845901346803942,7.8668406533035515,50.46135665308856
Russia,2021-05-30,11.33,22.478388301424793,-11.148388301424793,11.148388301424793,1.1811303015322885,43.775646301317295
Saint Lucia,2021-05-30,15.31,20.52561263786331,-5.215612637863311,5.215612637863311,0.0,41.82287063775581
Botswana,2021-05-30,6.08,9.782634466281426,-3.7026344662814257,3.7026344662814257,0.0,31.07989246617393
Congo,2021-05-30,0.41,6.110533699278307,-5.700533699278306,5.700533699278306,0.0,27.40779169917081
Sao Tome and Principe,2021-05-30,5.65,12.928399135503938,-7.278399135503937,7.278399135503937,0.0,34.225657135396446
Cambodia,2021-05-30,15.36,17.648008717847894,-2.2880087178478945,2.2880087178478945,0.0,38.945266717740395
Switzerland,2021-05-30,35.47,26.449395640855258,9.020604359144741,9.020604359144741,5.152137640962753,47.746653640747766
Kazakhstan,2021-05-30,11.18,16.46891447825547,-5.288914478255471,5.288914478255471,0.0,37.76617247814798
Zambia,2021-05-30,0.77,6.107283699238323,-5.3372836992383235,5.3372836992383235,0.0,27.404541699130828
Malaysia,2021-05-30,5.89,13.22978561682718,-7.33978561682718,7.33978561682718,0.0,34.52704361671968
Chile,2021-05-30,55.11,40.41837300563102,14.691626994368981,14.691626994368981,19.121115005738513,61.71563100552352
Monaco,2021-05-30,42.05,33.89389031236017,8.156109687639827,8.156109687639827,12.596632312467666,55.19114831225268
Curacao,2021-05-30,51.5,42.11618336049492,9.383816639505078,9.383816639505078,20.818925360602417,63.413441360387424
Greenland,2021-05-30,23.53,23.659133618133268,-0.12913361813326674,0.12913361813326674,2.361875618240763,44.956391618025776
Thailand,2021-05-30,3.58,11.716275540939542,-8.136275540939542,8.136275540939542,0.0,33.01353354083204
Fiji,2021-05-30,11.94,13.218931635837667,-1.278931635837667,1.278931635837667,0.0,34.51618963573017
Bosnia and Herzegovina,2021-05-30,5.76,13.399559802531542,-7.639559802531542,7.639559802531542,0.0,34.69681780242405
Ecuador,2021-05-30,8.86,16.693405983855072,-7.833405983855073,7.833405983855073,0.0,37.99066398374758
Croatia,2021-05-30,31.0,25.530442036498187,5.4695579635018134,5.4695579635018134,4.233184036605682,46.827700036390695
France,2021-05-30,37.92,28.38466432769433,9.53533567230567,9.53533567230567,7.087406327801826,49.68192232758683
French Polynesia,2021-05-30,19.8,21.464469800582883,-1.6644698005828822,1.6644698005828822,0.167211800690378,42.761727800475384
Vietnam,2021-05-30,1.03,10.284786695065286,-9.254786695065286,9.254786695065286,0.0,31.58204469495779
Belize,2021-05-30,16.11,17.96993689565206,-1.859936895652062,1.859936895652062,0.0,39.26719489554456
Peru,2021-05-30,8.76,15.203201025540146,-6.443201025540146,6.443201025540146,0.0,36.50045902543265
Guinea,2021-05-30,1.92,8.38554594330229,-6.46554594330229,6.46554594330229,0.0,29.682803943194795
Benin,2021-05-30,0.1,2.7219978434713497,-2.6219978434713496,2.6219978434713496,0.0,24.019255843363855
North Macedonia,2021-05-30,11.22,14.126952844048859,-2.906952844048858,2.906952844048858,0.0,35.42421084394137
Montserrat,2021-05-30,27.17,32.19162309685713,-5.021623096857127,5.021623096857127,10.894365096964624,53.48888109674964
Gambia,2021-05-30,1.07,10.218857227707264,-9.148857227707264,9.148857227707264,0.0,31.51611522759977
Uruguay,2021-05-30,50.89,33.68208949442794,17.20791050557206,17.20791050557206,12.384831494535437,54.97934749432045
Wallis and Futuna,2021-05-30,38.7,40.983458552252394,-2.283458552252391,2.283458552252391,19.68620055235989,62.280716552144895
Iran,2021-05-30,3.26,13.446956430190614,-10.186956430190614,10.186956430190614,0.0,34.74421443008312
Canada,2021-05-30,56.86,31.427005865656078,25.43299413434392,25.43299413434392,10.129747865763573,52.72426386554858
Ireland,2021-05-30,35.66,28.068468741404594,7.591531258595403,7.591531258595403,6.771210741512089,49.365726741297095
New Caledonia,2021-05-30,16.29,20.52032565643878,-4.2303256564387794,4.2303256564387794,0.0,41.81758365633128
Timor,2021-05-30,4.84,7.347783699240072,-2.507783699240072,2.507783699240072,0.0,28.645041699132577
Denmark,2021-05-30,36.77,29.375175482105867,7.394824517894136,7.394824517894136,8.077917482213362,50.67243348199837
Grenada,2021-05-30,15.41,20.18475588096276,-4.774755880962761,4.774755880962761,0.0,41.48201388085526
Slovenia,2021-05-30,31.89,28.018689805092833,3.871310194907167,3.871310194907167,6.721431805200329,49.31594780498534
Dominican Republic,2021-05-30,29.23,20.855584521647963,8.374415478352038,8.374415478352038,0.0,42.152842521540464
Gabon,2021-05-30,0.64,8.576344819428975,-7.936344819428975,7.936344819428975,0.0,29.87360281932148
Zimbabwe,2021-05-30,4.51,13.333617826122705,-8.823617826122705,8.823617826122705,0.0,34.63087582601521
Greece,2021-05-30,34.44,27.413962598774468,7.02603740122553,7.02603740122553,6.116704598881963,48.71122059866697
Morocco,2021-05-30,22.13,24.27243270591267,-2.1424327059126718,2.1424327059126718,2.975174706020166,45.56969070580517
Portugal,2021-05-30,37.62,28.67452919255919,8.945470807440806,8.945470807440806,7.3772711926666865,49.9717871924517
Macao,2021-05-30,16.11,17.531813573047664,-1.4218135730476646,1.4218135730476646,0.0,38.829071572940165
Brazil,2021-05-30,21.21,22.474519782505986,-1.2645197825059853,1.2645197825059853,1.1772617826134812,43.77177778239849
Argentina,2021-05-30,20.71,23.615436714275738,-2.905436714275737,2.905436714275737,2.318178714383233,44.91269471416824
Djibouti,2021-05-30,1.27,6.6785402058240955,-5.408540205824096,5.408540205824096,0.0,27.9757982057166
Romania,2021-05-30,22.35,26.013042706072724,-3.663042706072723,3.663042706072723,4.715784706180219,47.31030070596523
Sint Maarten (Dutch part),2021-05-30,39.7,38.62203350344422,1.0779664965557814,1.0779664965557814,17.324775503551717,59.91929150333672
Jordan,2021-05-30,13.84,18.88276086394618,-5.042760863946182,5.042760863946182,0.0,40.18001886383868
Malawi,2021-05-30,1.86,10.038784577014248,-8.178784577014248,8.178784577014248,0.0,31.336042576906753
Mongolia,2021-05-30,56.57,30.88045219363771,25.68954780636229,25.68954780636229,9.583194193745204,52.17771019353022
Serbia,2021-05-30,36.99,34.096070322167215,2.893929677832787,2.893929677832787,12.79881232227471,55.393328322059716
Saint Vincent and the Grenadines,2021-05-30,16.6,20.590696341720076,-3.9906963417200743,3.9906963417200743,0.0,41.887954341612584
Tuvalu,2021-05-30,20.35,24.731534867350746,-4.381534867350744,4.381534867350744,3.434276867458241,46.028792867243254
Taiwan,2021-05-30,1.34,8.741173369686912,-7.401173369686912,7.401173369686912,0.0,30.038431369579417
Albania,2021-05-30,16.86,17.770871980903806,-0.9108719809038064,0.9108719809038064,0.0,39.068129980796314
Dominica,2021-05-30,27.41,31.939657841747113,-4.529657841747113,4.529657841747113,10.642399841854608,53.236915841639615
Poland,2021-05-30,36.02,28.11579933346829,7.904200666531715,7.904200666531715,6.818541333575784,49.4130573333608
Niger,2021-05-30,0.63,7.752071982806481,-7.122071982806481,7.122071982806481,0.0,29.049329982698985
Tajikistan,2021-05-30,0.83,3.819074407133485,-2.9890744071334847,2.9890744071334847,0.0,25.11633240702599
United States,2021-05-30,50.15,39.653736765581925,10.496263234418073,10.496263234418073,18.35647876568942,60.950994765474434
Iraq,2021-05-30,0.74,10.986650624812938,-10.246650624812938,10.246650624812938,0.0,32.28390862470545
Lithuania,2021-05-30,37.25,29.431691354721345,7.818308645278655,7.818308645278655,8.13443335482884,50.728949354613846
Montenegro,2021-05-30,20.98,17.177519011451054,3.802480988548947,3.802480988548947,0.0,38.47477701134356
Turkey,2021-05-30,19.63,25.032914835551367,-5.402914835551368,5.402914835551368,3.7356568356588618,46.330172835443875
Madagascar,2021-05-30,0.08,2.7534592920795973,-2.673459292079597,2.673459292079597,0.0,24.050717291972102
Philippines,2021-05-30,3.63,11.734407483887374,-8.104407483887375,8.104407483887375,0.0,33.031665483779875
Angola,2021-05-30,2.02,11.429031577193985,-9.409031577193986,9.409031577193986,0.0,32.72628957708649
New Zealand,2021-05-30,8.57,14.160393004275392,-5.590393004275391,5.590393004275391,0.0,35.4576510041679
Egypt,2021-05-30,2.2,14.855353434039053,-12.655353434039053,12.655353434039053,0.0,36.152611433931554
China,2021-05-30,0.0,18.950138301424815,-18.950138301424815,18.950138301424815,0.0,40.24739630131732
Ethiopia,2021-05-30,1.57,7.284503059795327,-5.714503059795327,5.714503059795327,0.0,28.58176105968783
Singapore,2021-05-30,36.11,28.870045874961406,7.239954125038594,7.239954125038594,7.572787875068901,50.167303874853914
Hungary,2021-05-30,53.28,35.33396259877447,17.94603740122553,17.94603740122553,14.036704598881965,56.63122059866697
Algeria,2021-05-30,0.17,14.159868097352458,-13.989868097352458,13.989868097352458,0.0,35.457126097244966
Cyprus,2021-05-30,44.15,28.54159847218662,15.608401527813378,15.608401527813378,7.244340472294116,49.83885647207913
Antigua and Barbuda,2021-05-30,33.92,33.070664184255094,0.849335815744908,0.849335815744908,11.773406184362589,54.3679221841476
Nigeria,2021-05-30,0.95,10.730187185242173,-9.780187185242173,9.780187185242173,0.0,32.02744518513468
Slovakia,2021-05-30,31.52,27.397156582014688,4.122843417985312,4.122843417985312,6.099898582122183,48.694414581907196
Australia,2021-05-30,14.57,12.672024563090929,1.8979754369090713,1.8979754369090713,0.0,33.96928256298344
Latvia,2021-05-30,28.54,24.656547632788055,3.8834523672119445,3.8834523672119445,3.3592896328955497,45.953805632680556
Cayman Islands,2021-05-30,65.79,46.62467930013997,19.16532069986004,19.16532069986004,25.32742130024746,67.92193730003247
Syria,2021-05-30,0.14,10.630698243860536,-10.490698243860535,10.490698243860535,0.0,31.92795624375304
Trinidad and Tobago,2021-05-30,6.67,13.513249052886835,-6.843249052886835,6.843249052886835,0.0,34.81050705277934
Bahamas,2021-05-30,11.79,13.821360207779982,-2.031360207779983,2.031360207779983,0.0,35.11861820767248
Sierra Leone,2021-05-30,0.73,9.669392235565951,-8.93939223556595,8.93939223556595,0.0,30.966650235458456
Faeroe Islands,2021-05-30,42.39,31.19525940170022,11.19474059829978,11.19474059829978,9.898001401807715,52.49251740159272
Estonia,2021-05-30,35.47,29.63216432769447,5.8378356723055305,5.8378356723055305,8.334906327801963,50.92942232758698
Paraguay,2021-05-30,4.01,12.570876852945204,-8.560876852945205,8.560876852945205,0.0,33.86813485283771
Guernsey,2021-05-30,49.17,46.94685343403879,2.2231465659612084,2.2231465659612084,25.64959543414629,68.2441114339313
Mozambique,2021-05-30,1.02,10.254145669424279,-9.23414566942428,9.23414566942428,0.0,31.551403669316784
Solomon Islands,2021-05-30,1.91,8.74892626341341,-6.838926263413409,6.838926263413409,0.0,30.046184263305914
Indonesia,2021-05-30,5.96,18.108972985158324,-12.148972985158323,12.148972985158323,0.0,39.406230985050826
Netherlands,2021-05-30,39.53,27.81818541373965,11.711814586260353,11.711814586260353,6.520927413847144,49.11544341363215
Anguilla,2021-05-30,60.02,45.63762629962846,14.382373700371545,14.382373700371545,24.340368299735953,66.93488429952096
Maldives,2021-05-30,57.32,51.11483016094332,6.20516983905668,6.20516983905668,29.817572161050816,72.41208816083582
Gibraltar,2021-05-30,116.0,93.14617048836647,22.853829511633535,22.853829511633535,71.84891248847396,100.0
Czechia,2021-05-30,35.81,27.271961624991704,8.538038375008298,8.538038375008298,5.974703625099199,48.56921962488421
Venezuela,2021-05-30,1.11,12.282205997586502,-11.172205997586502,11.172205997586502,0.0,33.57946399747901
Sweden,2021-05-30,37.32,28.473380543910586,8.846619456089414,8.846619456089414,7.176122544018082,49.77063854380309
Somalia,2021-05-30,0.81,6.240702367984547,-5.430702367984546,5.430702367984546,0.0,27.53796036787705
Uganda,2021-05-30,1.42,10.241020343061027,-8.821020343061027,8.821020343061027,0.0,31.538278342953532
Cape Verde,2021-05-30,3.9,9.680084660115298,-5.780084660115298,5.780084660115298,0.0,30.977342660007803
Cameroon,2021-05-30,0.21,6.086655897169166,-5.876655897169166,5.876655897169166,0.0,27.38391389706167
Togo,2021-05-30,1.93,10.9186519220084,-8.988651922008401,8.988651922008401,0.0,32.2159099219009
Kuwait,2021-05-30,19.25,25.567908177005698,-6.317908177005698,6.317908177005698,4.270650177113193,46.8651661768982
Guinea-Bissau,2021-05-30,0.3,3.038459292079274,-2.7384592920792743,2.7384592920792743,0.0,24.33571729197178
Wales,2021-05-30,68.07,52.267916331612774,15.802083668387219,15.802083668387219,30.97065833172027,73.56517433150528
Moldova,2021-05-30,8.28,12.399068566644914,-4.1190685666449145,4.1190685666449145,0.0,33.69632656653742
Ghana,2021-05-30,2.73,12.554864910527268,-9.824864910527268,9.824864910527268,0.0,33.85212291041977
Seychelles,2021-05-30,71.64,68.49397530560228,3.146024694397724,3.146024694397724,47.19671730570977,89.79123330549479
Iceland,2021-05-30,50.22,31.308028243394666,18.911971756605332,18.911971756605332,10.010770243502161,52.60528624328717
Luxembourg,2021-05-30,36.23,27.922924795118867,8.30707520488113,8.30707520488113,6.625666795226362,49.22018279501137
Qatar,2021-05-30,50.12,26.250297804205978,23.86970219579402,23.86970219579402,4.953039804313473,47.54755580409848
Senegal,2021-05-30,2.65,13.027375270560807,-10.377375270560806,10.377375270560806,0.0,34.32463327045331
Nepal,2021-05-30,7.25,18.394950419478626,-11.144950419478626,11.144950419478626,0.0,39.69220841937113
Tonga,2021-05-30,24.57,15.746538763263743,8.823461236736257,8.823461236736257,0.0,37.04379676315625
Colombia,2021-05-30,12.88,15.979995013598035,-3.0999950135980345,3.0999950135980345,0.0,37.27725301349054
Armenia,2021-05-30,1.13,7.501107939876189,-6.371107939876189,6.371107939876189,0.0,28.798365939768694
San Marino,2021-05-30,63.56,46.894182517683696,16.665817482316307,16.665817482316307,25.59692451779119,68.1914405175762
Bulgaria,2021-05-30,11.53,21.543929864960816,-10.013929864960817,10.013929864960817,0.2466718650683113,42.841187864853325
Hong Kong,2021-05-30,18.13,19.21232032550582,-1.0823203255058225,1.0823203255058225,0.0,40.50957832539832
Ukraine,2021-05-30,2.34,12.111677956747855,-9.771677956747855,9.771677956747855,0.0,33.40893595664036
Kosovo,2021-05-30,2.86,8.609089526665997,-5.749089526665998,5.749089526665998,0.0,29.906347526558502
Saudi Arabia,2021-05-30,0.0,16.540294124360564,-16.540294124360564,16.540294124360564,0.0,37.837552124253065
Samoa,2021-05-30,14.34,10.138766265557372,4.201233734442628,4.201233734442628,0.0,31.436024265449877
Bhutan,2021-05-30,62.56,66.25998310024656,-3.6999831002465555,3.6999831002465555,44.96272510035405,87.55724110013907
Central African Republic,2021-05-30,0.01,2.748459292079769,-2.738459292079769,2.738459292079769,0.0,24.045717291972274
El Salvador,2021-05-30,17.25,17.744057513598044,-0.49405751359804384,0.49405751359804384,0.0,39.041315513490545
Laos,2021-05-30,8.45,11.154078694661308,-2.704078694661309,2.704078694661309,0.0,32.45133669455382
Comoros,2021-05-30,4.96,7.828765097458614,-2.8687650974586143,2.8687650974586143,0.0,29.12602309735112
Jersey,2021-05-30,60.31,57.40742040458016,2.9025795954198443,2.9025795954198443,36.11016240468766,78.70467840447266
Rwanda,2021-05-30,2.71,14.236004154927631,-11.52600415492763,11.52600415492763,0.0,35.533262154820136
Aruba,2021-05-30,58.93,47.91171907478047,11.018280925219528,11.018280925219528,26.614461074887966,69.20897707467297
Turks and Caicos Islands,2021-05-30,53.62,40.78221526448587,12.837784735514127,12.837784735514127,19.484957264593366,62.07947326437838
Kenya,2021-05-30,1.8,11.163767432155712,-9.363767432155711,9.363767432155711,0.0,32.46102543204822
United Kingdom,2021-05-30,58.01,49.91976030324391,8.090239696756086,8.090239696756086,28.622502303351407,71.21701830313641
Mauritius,2021-05-31,18.3,20.25167121747831,-1.9516712174783102,1.9516712174783102,0.0,41.54892921737081
Cayman Islands,2021-05-31,65.79,46.84375604350887,18.946243956491138,18.946243956491138,25.546498043616364,68.14101404340137
Tonga,2021-05-31,24.57,15.965615506632652,8.604384493367348,8.604384493367348,0.0,37.26287350652515
Singapore,2021-05-31,38.99,29.089122618330315,9.900877381669687,9.900877381669687,7.79186461843781,50.386380618222816
Saint Vincent and the Grenadines,2021-05-31,16.6,20.809773085088985,-4.209773085088983,4.209773085088983,0.0,42.107031084981486
Djibouti,2021-05-31,1.27,6.897616949193004,-5.627616949193005,5.627616949193005,0.0,28.19487494908551
Kyrgyzstan,2021-05-31,0.57,8.119745217403526,-7.549745217403526,7.549745217403526,0.0,29.41700321729603
Antigua and Barbuda,2021-05-31,34.17,33.289740927624,0.8802590723759991,0.8802590723759991,11.992482927731498,54.586998927516504
Sierra Leone,2021-05-31,0.86,9.88846897893486,-9.02846897893486,9.02846897893486,0.0,31.185726978827365
Guyana,2021-05-31,23.8,20.009911055704258,3.790088944295743,3.790088944295743,0.0,41.30716905559676
Seychelles,2021-05-31,71.64,68.71305204897118,2.926947951028822,2.926947951028822,47.41579404907867,90.01031004886369
Jordan,2021-05-31,13.84,19.10183760731509,-5.2618376073150905,5.2618376073150905,0.0,40.3990956072076
United States,2021-05-31,50.15,39.872813508950834,10.277186491049164,10.277186491049164,18.57555550905833,61.170071508843336
Zimbabwe,2021-05-31,4.55,13.552694569491614,-9.002694569491613,9.002694569491613,0.0,34.849952569384115
Central African Republic,2021-05-31,0.37,2.9675360354486777,-2.5975360354486776,2.5975360354486776,0.0,24.264794035341183
Tajikistan,2021-05-31,0.83,4.038151150502394,-3.2081511505023936,3.2081511505023936,0.0,25.3354091503949
Dominica,2021-05-31,27.52,32.15873458511603,-4.63873458511603,4.63873458511603,10.861476585223524,53.45599258500853
Poland,2021-05-31,36.22,28.334876076837197,7.885123923162801,7.885123923162801,7.0376180769446925,49.6321340767297
Kenya,2021-05-31,1.8,11.382844175524621,-9.58284417552462,9.58284417552462,0.0,32.680102175417126
Andorra,2021-05-31,35.74,28.228141805713598,7.511858194286404,7.511858194286404,6.930883805821093,49.5253998056061
British Virgin Islands,2021-05-31,38.21,39.19169069028532,-0.9816906902853191,0.9816906902853191,17.894432690392815,60.48894869017782
Pakistan,2021-05-31,2.12,14.242285282690492,-12.122285282690491,12.122285282690491,0.0,35.539543282583
Qatar,2021-05-31,50.74,26.469374547574887,24.270625452425115,24.270625452425115,5.172116547682382,47.766632547467395
Tuvalu,2021-05-31,20.35,24.950611610719655,-4.600611610719653,4.600611610719653,3.65335361082715,46.247869610612156
Liechtenstein,2021-05-31,33.63,27.727283044306894,5.9027169556931085,5.9027169556931085,6.430025044414389,49.024541044199395
Serbia,2021-05-31,36.99,34.31514706553613,2.674852934463871,2.674852934463871,13.017889065643626,55.61240506542863
Sint Maarten (Dutch part),2021-05-31,39.7,38.84111024681313,0.8588897531868724,0.8588897531868724,17.543852246920626,60.13836824670564
Netherlands,2021-05-31,39.53,28.03726215710855,11.49273784289145,11.49273784289145,6.740004157216045,49.33452015700105
Czechia,2021-05-31,36.32,27.491038368360613,8.828961631639388,8.828961631639388,6.193780368468108,48.788296368253114
Botswana,2021-05-31,6.24,10.001711209650335,-3.7617112096503345,3.7617112096503345,0.0,31.29896920954284
Madagascar,2021-05-31,0.13,2.972536035448506,-2.8425360354485063,2.8425360354485063,0.0,24.26979403534101
Armenia,2021-05-31,1.13,7.7201846832450975,-6.590184683245098,6.590184683245098,0.0,29.017442683137602
Democratic Republic of Congo,2021-05-31,0.03,5.590623622544328,-5.560623622544328,5.560623622544328,0.0,26.887881622436833
Montenegro,2021-05-31,21.09,17.396595754819963,3.6934042451800373,3.6934042451800373,0.0,38.693853754712464
Yemen,2021-05-31,0.35,3.3461511505023935,-2.9961511505023934,2.9961511505023934,0.0,24.6434091503949
Albania,2021-05-31,16.89,17.989948724272715,-1.0999487242727142,1.0999487242727142,0.0,39.287206724165216
Uzbekistan,2021-05-31,3.58,9.173888386948882,-5.593888386948882,5.593888386948882,0.0,30.471146386841387
Belize,2021-05-31,16.11,18.18901363902097,-2.079013639020971,2.079013639020971,0.0,39.48627163891348
Cook Islands,2021-05-31,24.84,22.173096778334326,2.666903221665674,2.666903221665674,0.8758387784418211,43.470354778226834
Equatorial Guinea,2021-05-31,10.55,12.123976844672015,-1.5739768446720142,1.5739768446720142,0.0,33.42123484456452
Bolivia,2021-05-31,11.41,16.764785311350508,-5.354785311350508,5.354785311350508,0.0,38.062043311243016
Portugal,2021-05-31,37.89,28.8936059359281,8.9963940640719,8.9963940640719,7.596347936035595,50.1908639358206
Wallis and Futuna,2021-05-31,38.7,41.2025352956213,-2.5025352956213,2.5025352956213,19.905277295728798,62.49979329551381
Afghanistan,2021-05-31,1.23,11.99590256338,-10.76590256338,10.76590256338,0.0,33.29316056327251
Anguilla,2021-05-31,60.02,45.856703042997374,14.163296957002629,14.163296957002629,24.55944504310487,67.15396104288988
Guernsey,2021-05-31,49.17,47.16593017740771,2.0040698225922924,2.0040698225922924,25.868672177515204,68.46318817730021
Faeroe Islands,2021-05-31,42.39,31.414336145069136,10.975663854930865,10.975663854930865,10.117078145176631,52.71159414496164
Iran,2021-05-31,3.26,13.666033173559523,-10.406033173559523,10.406033173559523,0.0,34.96329117345203
Liberia,2021-05-31,1.11,3.7575360354472487,-2.6475360354472484,2.6475360354472484,0.0,25.054794035339754
Grenada,2021-05-31,15.41,20.403832624331663,-4.993832624331663,4.993832624331663,0.0,41.701090624224165
Italy,2021-05-31,39.12,28.649687017009214,10.470312982990784,10.470312982990784,7.352429017116709,49.94694501690172
Timor,2021-05-31,4.84,7.566860442608981,-2.726860442608981,2.726860442608981,0.0,28.864118442501486
Finland,2021-05-31,44.33,31.265906653394232,13.064093346605766,13.064093346605766,9.968648653501727,52.563164653286734
New Caledonia,2021-05-31,16.29,20.739402399807688,-4.449402399807688,4.449402399807688,0.0,42.036660399700196
Aruba,2021-05-31,59.11,48.13079581814937,10.979204181850626,10.979204181850626,26.83353781825687,69.42805381804187
Samoa,2021-05-31,14.34,10.357843008926281,3.982156991073719,3.982156991073719,0.0,31.655101008818786
Austria,2021-05-31,40.53,29.6050248548472,10.9249751451528,10.9249751451528,8.307766854954696,50.90228285473971
Israel,2021-05-31,62.99,65.08330514779823,-2.093305147798226,2.093305147798226,43.78604714790572,86.38056314769074
Oman,2021-05-31,4.24,19.632427097245326,-15.392427097245326,15.392427097245326,0.0,40.929685097137835
Ukraine,2021-05-31,2.36,12.330754700116763,-9.970754700116764,9.970754700116764,0.0,33.628012700009265
Uruguay,2021-05-31,51.91,33.90116623779685,18.008833762203146,18.008833762203146,12.603908237904346,55.19842423768935
Bulgaria,2021-05-31,11.59,21.763006608329725,-10.173006608329725,10.173006608329725,0.4657486084372202,43.06026460822223
Namibia,2021-05-31,2.67,9.67259423930497,-7.002594239304971,7.002594239304971,0.0,30.969852239197476
Montserrat,2021-05-31,27.17,32.41069984022604,-5.240699840226036,5.240699840226036,11.113441840333532,53.70795784011854
Morocco,2021-05-31,23.5,24.49150944928158,-0.9915094492815797,0.9915094492815797,3.194251449389075,45.78876744917409
Hungary,2021-05-31,53.59,35.55303934214338,18.036960657856625,18.036960657856625,14.255781342250874,56.85029734203589
Mauritania,2021-05-31,0.66,8.264483572429409,-7.604483572429409,7.604483572429409,0.0,29.561741572321914
Gibraltar,2021-05-31,116.0,93.3652472317354,22.634752768264605,22.634752768264605,72.06798923184289,100.0
New Zealand,2021-05-31,8.75,14.3794697476443,-5.6294697476443005,5.6294697476443005,0.0,35.6767277475368
Norway,2021-05-31,30.46,30.12512139114648,0.33487860885352205,0.33487860885352205,8.827863391253974,51.42237939103899
Kosovo,2021-05-31,2.86,8.828166270034906,-5.9681662700349065,5.9681662700349065,0.0,30.12542426992741
Macao,2021-05-31,16.78,17.75089031641658,-0.970890316416579,0.970890316416579,0.0,39.04814831630908
Laos,2021-05-31,8.77,11.373155438030217,-2.6031554380302175,2.6031554380302175,0.0,32.67041343792272
Belgium,2021-05-31,40.58,29.383175396564965,11.196824603435033,11.196824603435033,8.08591739667246,50.680433396457474
Luxembourg,2021-05-31,36.43,28.142001538487776,8.287998461512224,8.287998461512224,6.844743538595271,49.439259538380284
French Polynesia,2021-05-31,19.8,21.683546543951792,-1.883546543951791,1.883546543951791,0.3862885440592869,42.9808045438443
India,2021-05-31,12.12,19.90050226676003,-7.780502266760029,7.780502266760029,0.0,41.19776026665254
Sri Lanka,2021-05-31,7.51,17.744699104454,-10.234699104454,10.234699104454,0.0,39.04195710434651
Indonesia,2021-05-31,6.0,18.328049728527233,-12.328049728527233,12.328049728527233,0.0,39.62530772841974
Costa Rica,2021-05-31,17.03,22.573104798967698,-5.543104798967697,5.543104798967697,1.2758467990751932,43.8703627988602
France,2021-05-31,38.44,28.60374107106324,9.836258928936758,9.836258928936758,7.306483071170735,49.90099907095575
Fiji,2021-05-31,11.94,13.438008379206575,-1.498008379206576,1.498008379206576,0.0,34.73526637909908
Ecuador,2021-05-31,8.86,16.91248272722398,-8.052482727223982,8.052482727223982,0.0,38.20974072711648
Spain,2021-05-31,38.88,28.86451903966931,10.015480960330692,10.015480960330692,7.567261039776806,50.16177703956181
Honduras,2021-05-31,2.12,11.442778344903335,-9.322778344903334,9.322778344903334,0.0,32.74003634479584
Cameroon,2021-05-31,0.24,6.305732640538075,-6.065732640538075,6.065732640538075,0.0,27.60299064043058
San Marino,2021-05-31,63.59,47.11325926105261,16.47674073894739,16.47674073894739,25.816001261160107,68.41051726094511
Greenland,2021-05-31,24.72,23.878210361502177,0.8417896384978221,0.8417896384978221,2.580952361609672,45.17546836139468
Togo,2021-05-31,3.27,11.13772866537731,-7.86772866537731,7.86772866537731,0.0,32.43498666526982
Curacao,2021-05-31,51.78,42.33526010386383,9.44473989613617,9.44473989613617,21.038002103971326,63.63251810375634
Thailand,2021-05-31,3.64,11.93535228430845,-8.29535228430845,8.29535228430845,0.0,33.23261028420096
Scotland,2021-05-31,59.8,48.10242205473261,11.69757794526739,11.69757794526739,26.805164054840102,69.39968005462511
Zambia,2021-05-31,0.77,6.326360442607232,-5.556360442607232,5.556360442607232,0.0,27.623618442499737
Kazakhstan,2021-05-31,11.26,16.68799122162438,-5.42799122162438,5.42799122162438,0.0,37.98524922151688
Sudan,2021-05-31,0.73,10.039920118252933,-9.309920118252933,9.309920118252933,0.0,31.337178118145438
Taiwan,2021-05-31,1.34,8.960250113055821,-7.620250113055821,7.620250113055821,0.0,30.257508112948326
South Sudan,2021-05-31,0.09,7.030047624518954,-6.940047624518954,6.940047624518954,0.0,28.32730562441146
Moldova,2021-05-31,8.43,12.618145310013823,-4.188145310013823,4.188145310013823,0.0,33.915403309906324
Benin,2021-05-31,0.1,2.9410745868402586,-2.8410745868402585,2.8410745868402585,0.0,24.238332586732763
Peru,2021-05-31,8.96,15.422277768909055,-6.462277768909054,6.462277768909054,0.0,36.71953576880156
Ghana,2021-05-31,2.74,12.773941653896177,-10.033941653896177,10.033941653896177,0.0,34.07119965378868
Paraguay,2021-05-31,4.03,12.789953596314113,-8.759953596314112,8.759953596314112,0.0,34.087211596206615
Vietnam,2021-05-31,1.1,10.503863438434195,-9.403863438434195,9.403863438434195,0.0,31.8011214383267
Switzerland,2021-05-31,35.98,26.668472384224167,9.31152761577583,9.31152761577583,5.371214384331662,47.96573038411667
Argentina,2021-05-31,20.97,23.834513457644647,-2.864513457644648,2.864513457644648,2.537255457752142,45.131771457537155
Malaysia,2021-05-31,5.89,13.448862360196088,-7.5588623601960885,7.5588623601960885,0.0,34.7461203600886
Brunei,2021-05-31,9.52,10.313686287455756,-0.7936862874557562,0.7936862874557562,0.0,31.61094428734826
Azerbaijan,2021-05-31,13.34,20.41035429100812,-7.070354291008119,7.070354291008119,0.0,41.70761229090063
Monaco,2021-05-31,42.05,34.11296705572908,7.937032944270918,7.937032944270918,12.815709055836574,55.41022505562158
Isle of Man,2021-05-31,72.11,51.55044163392392,20.559558366076082,20.559558366076082,30.253183634031412,72.84769963381642
Bosnia and Herzegovina,2021-05-31,5.76,13.61863654590045,-7.858636545900451,7.858636545900451,0.0,34.91589454579295
Nauru,2021-05-31,68.23,19.88423197707729,48.34576802292271,48.34576802292271,0.0,41.1814899769698
Chile,2021-05-31,55.93,40.63744974899993,15.292550251000073,15.292550251000073,19.340191749107422,61.934707748892436
Croatia,2021-05-31,31.19,25.749518779867095,5.440481220132906,5.440481220132906,4.452260779974591,47.0467767797596
Mozambique,2021-05-31,1.02,10.473222412793188,-9.453222412793188,9.453222412793188,0.0,31.770480412685693
Uganda,2021-05-31,1.47,10.460097086429936,-8.990097086429936,8.990097086429936,0.0,31.75735508632244
South Korea,2021-05-31,11.3,14.6352931925801,-3.3352931925800995,3.3352931925800995,0.0,35.9325511924726
China,2021-05-31,0.0,19.169215044793724,-19.169215044793724,19.169215044793724,0.0,40.466473044686225
Nepal,2021-05-31,7.25,18.614027162847535,-11.364027162847535,11.364027162847535,0.0,39.91128516274004
Egypt,2021-05-31,2.2,15.074430177407962,-12.874430177407962,12.874430177407962,0.0,36.37168817730047
Guinea,2021-05-31,2.02,8.604622686671199,-6.584622686671199,6.584622686671199,0.0,29.901880686563704
Malta,2021-05-31,72.19,44.07744090518124,28.112559094818756,28.112559094818756,22.780182905288736,65.37469890507374
North Macedonia,2021-05-31,11.26,14.346029587417767,-3.0860295874177677,3.0860295874177677,0.0,35.64328758731027
Mexico,2021-05-31,16.91,22.36707830890144,-5.4570783089014405,5.4570783089014405,1.0698203090089358,43.66433630879395
Suriname,2021-05-31,11.67,16.024034431512213,-4.354034431512213,4.354034431512213,0.0,37.321292431404714
Sweden,2021-05-31,37.32,28.692457287279495,8.627542712720505,8.627542712720505,7.3951992873869905,49.989715287172004
Libya,2021-05-31,1.55,6.288698030268225,-4.738698030268226,4.738698030268226,0.0,27.58595603016073
Algeria,2021-05-31,0.17,14.378944840721367,-14.208944840721367,14.208944840721367,0.0,35.67620284061387
Gambia,2021-05-31,1.21,10.437933971076173,-9.227933971076173,9.227933971076173,0.0,31.73519197096868
Turks and Caicos Islands,2021-05-31,53.62,41.00129200785478,12.618707992145218,12.618707992145218,19.704034007962274,62.29855000774728
Tunisia,2021-05-31,5.54,11.347595886299537,-5.807595886299537,5.807595886299537,0.0,32.64485388619204
Canada,2021-05-31,57.72,31.646082609024994,26.073917390975005,26.073917390975005,10.348824609132489,52.943340608917495
Ireland,2021-05-31,35.66,28.28754548477351,7.372454515226487,7.372454515226487,6.990287484881005,49.58480348466601
Mali,2021-05-31,0.46,7.848958745165259,-7.388958745165259,7.388958745165259,0.0,29.146216745057764
Iceland,2021-05-31,50.22,31.527104986763582,18.692895013236416,18.692895013236416,10.229846986871078,52.824362986656084
Rwanda,2021-05-31,2.71,14.45508089829654,-11.74508089829654,11.74508089829654,0.0,35.752338898189045
Saint Lucia,2021-05-31,15.31,20.74468938123222,-5.43468938123222,5.43468938123222,0.0,42.04194738112473
Panama,2021-05-31,16.09,21.013575599625433,-4.923575599625433,4.923575599625433,0.0,42.310833599517935
Brazil,2021-05-31,21.35,22.693596525874902,-1.3435965258749007,1.3435965258749007,1.3963385259823973,43.9908545257674
Guatemala,2021-05-31,2.43,12.015975010761768,-9.585975010761768,9.585975010761768,0.0,33.31323301065427
Denmark,2021-05-31,37.4,29.594252225474776,7.805747774525223,7.805747774525223,8.29699422558227,50.891510225367284
Slovenia,2021-05-31,32.03,28.237766548461742,3.7922334515382587,3.7922334515382587,6.9405085485692375,49.535024548354244
Barbados,2021-05-31,27.36,32.950182939113105,-5.590182939113106,5.590182939113106,11.6529249392206,54.247440939005614
Dominican Republic,2021-05-31,29.72,21.07466126501687,8.645338734983127,8.645338734983127,0.0,42.37191926490938
El Salvador,2021-05-31,17.59,17.963134256966953,-0.3731342569669529,0.3731342569669529,0.0,39.26039225685946
United Kingdom,2021-05-31,58.15,50.138837046612814,8.011162953387185,8.011162953387185,28.84157904672031,71.43609504650532
Greece,2021-05-31,35.0,27.63303934214337,7.36696065785663,7.36696065785663,6.335781342250865,48.93029734203587
Cote d'Ivoire,2021-05-31,2.05,11.294060701515427,-9.244060701515426,9.244060701515426,0.0,32.59131870140793
Solomon Islands,2021-05-31,1.91,8.968003006782318,-7.058003006782318,7.058003006782318,0.0,30.265261006674823
Russia,2021-05-31,11.36,22.697465044793702,-11.337465044793703,11.337465044793703,1.4002070449011974,43.99472304468621
Bahrain,2021-05-31,55.34,41.16455280815905,14.175447191840952,14.175447191840952,19.867294808266546,62.46181080805155
Sao Tome and Principe,2021-05-31,5.65,13.147475878872847,-7.497475878872846,7.497475878872846,0.0,34.44473387876535
Jersey,2021-05-31,60.31,57.62649714794906,2.6835028520509425,2.6835028520509425,36.32923914805656,78.92375514784156
Kuwait,2021-05-31,19.25,25.786984920374614,-6.536984920374614,6.536984920374614,4.489726920482109,47.084242920267116
Saudi Arabia,2021-05-31,0.0,16.759370867729473,-16.759370867729473,16.759370867729473,0.0,38.05662886762198
South Africa,2021-05-31,1.76,12.692936803912541,-10.932936803912542,10.932936803912542,0.0,33.990194803805046
Cape Verde,2021-05-31,3.9,9.899161403484207,-5.999161403484207,5.999161403484207,0.0,31.196419403376712
Papua New Guinea,2021-05-31,0.24,7.706595108801647,-7.466595108801647,7.466595108801647,0.0,29.003853108694152
Syria,2021-05-31,0.14,10.849774987229445,-10.709774987229444,10.709774987229444,0.0,32.147032987121946
Latvia,2021-05-31,28.85,24.875624376156964,3.974375623843038,3.974375623843038,3.5783663762644586,46.17288237604947
Angola,2021-05-31,2.07,11.648108320562894,-9.578108320562894,9.578108320562894,0.0,32.9453663204554
Turkey,2021-05-31,19.72,25.251991578920276,-5.531991578920277,5.531991578920277,3.9547335790277707,46.54924957881278
Maldives,2021-05-31,57.38,51.33390690431224,6.046093095687766,6.046093095687766,30.03664890441973,72.63116490420474
Lithuania,2021-05-31,37.44,29.650768098090253,7.789231901909744,7.789231901909744,8.353510098197749,50.94802609798276
Romania,2021-05-31,22.46,26.232119449441633,-3.7721194494416324,3.7721194494416324,4.934861449549128,47.529377449334135
Malawi,2021-05-31,1.86,10.257861320383157,-8.397861320383157,8.397861320383157,0.0,31.55511932027566
Mongolia,2021-05-31,56.69,31.099528937006617,25.59047106299338,25.59047106299338,9.802270937114113,52.39678693689912
Bangladesh,2021-05-31,3.54,17.011739027254357,-13.471739027254358,13.471739027254358,0.0,38.30899702714686
Bermuda,2021-05-31,60.31,45.723903948153634,14.586096051846368,14.586096051846368,24.42664594826113,67.02116194804614
Estonia,2021-05-31,35.64,29.851241071063377,5.788758928936623,5.788758928936623,8.553983071170872,51.14849907095588
Cuba,2021-05-31,10.46,7.773975737086303,2.6860242629136977,2.6860242629136977,0.0,29.071233736978808
Japan,2021-05-31,7.73,13.350530090300317,-5.620530090300317,5.620530090300317,0.0,34.64778809019282
Lebanon,2021-05-31,7.64,15.013912743711074,-7.373912743711075,7.373912743711075,0.0,36.31117074360358
Germany,2021-05-31,42.93,29.684754584576886,13.245245415423113,13.245245415423113,8.387496584684381,50.98201258446939
Comoros,2021-05-31,4.96,8.047841840827523,-3.087841840827523,3.087841840827523,0.0,29.345099840720028
Niger,2021-05-31,0.63,7.9711487261753895,-7.34114872617539,7.34114872617539,0.0,29.268406726067894
Belarus,2021-05-31,5.47,18.55474002241538,-13.084740022415382,13.084740022415382,0.0,39.85199802230788
Saint Kitts and Nevis,2021-05-31,34.64,27.170188277666057,7.469811722333944,7.469811722333944,5.872930277773552,48.467446277558565
Cambodia,2021-05-31,15.7,17.867085461216803,-2.1670854612168036,2.1670854612168036,0.0,39.16434346110931
Trinidad and Tobago,2021-05-31,6.76,13.732325796255743,-6.972325796255744,6.972325796255744,0.0,35.029583796148245
Iraq,2021-05-31,0.74,11.205727368181847,-10.465727368181847,10.465727368181847,0.0,32.50298536807435
England,2021-05-31,58.64,50.2054723617542,8.434527638245804,8.434527638245804,28.908214361861692,71.5027303616467
Gabon,2021-05-31,0.64,8.795421562797884,-8.155421562797883,8.155421562797883,0.0,30.09267956269039
Congo,2021-05-31,0.41,6.3296104426472155,-5.919610442647215,5.919610442647215,0.0,27.62686844253972
Wales,2021-05-31,68.11,52.486993074981676,15.623006925018323,15.623006925018323,31.18973507508917,73.78425107487418
Palestine,2021-05-31,6.24,11.342413290619838,-5.102413290619838,5.102413290619838,0.0,32.63967129051234
Hong Kong,2021-05-31,18.4,19.43139706887473,-1.0313970688747318,1.0313970688747318,0.0,40.72865506876724
Philippines,2021-05-31,3.63,11.953484227256283,-8.323484227256284,8.323484227256284,0.0,33.25074222714879
Bhutan,2021-05-31,62.56,66.47905984361546,-3.9190598436154573,3.9190598436154573,45.18180184372295,87.77631784350797
Somalia,2021-05-31,0.81,6.4597791113534555,-5.649779111353455,5.649779111353455,0.0,27.75703711124596
Georgia,2021-05-31,3.48,10.289454894427795,-6.809454894427795,6.809454894427795,0.0,31.5867128943203
Senegal,2021-05-31,2.7,13.246452013929716,-10.546452013929716,10.546452013929716,0.0,34.54371001382222
United Arab Emirates,2021-05-31,51.38,46.29193082214736,5.0880691778526455,5.0880691778526455,24.994672822254852,67.58918882203986
Ethiopia,2021-05-31,1.58,7.503579803164236,-5.923579803164236,5.923579803164236,0.0,28.80083780305674
Australia,2021-05-31,14.68,12.891101306459838,1.7888986935401618,1.7888986935401618,0.0,34.18835930635234
Guinea-Bissau,2021-05-31,0.3,3.257536035448183,-2.957536035448183,2.957536035448183,0.0,24.554794035340688
Cyprus,2021-05-31,44.15,28.76067521555553,15.389324784444469,15.389324784444469,7.463417215663025,50.05793321544803
Bahamas,2021-05-31,11.79,14.040436951148891,-2.2504369511488918,2.2504369511488918,0.0,35.3376949510414
Colombia,2021-05-31,13.36,16.199071756966944,-2.839071756966945,2.839071756966945,0.0,37.49632975685945
Slovakia,2021-05-31,31.77,27.616233325383597,4.153766674616403,4.153766674616403,6.318975325491092,48.9134913252761
Northern Ireland,2021-05-31,55.61,48.088907968598726,7.521092031401274,7.521092031401274,26.79164996870622,69.38616596849123
Nigeria,2021-05-31,0.95,10.949263928611082,-9.999263928611082,9.999263928611082,0.0,32.24652192850358
Jamaica,2021-05-31,5.26,12.904176033798358,-7.644176033798358,7.644176033798358,0.0,34.20143403369086
Venezuela,2021-05-31,1.11,12.50128274095541,-11.391282740955411,11.391282740955411,0.0,33.79854074084791
Estonia,2021-06-01,36.08,30.070317814432293,6.009682185567705,6.009682185567705,8.773059814539788,51.367575814324795
Hong Kong,2021-06-01,18.67,19.650473812243646,-0.9804738122436447,0.9804738122436447,0.0,40.947731812136155
Equatorial Guinea,2021-06-01,10.55,12.343053588040931,-1.7930535880409302,1.7930535880409302,0.0,33.64031158793344
Central African Republic,2021-06-01,0.37,3.1866127788175937,-2.8166127788175936,2.8166127788175936,0.0,24.4838707787101
Denmark,2021-06-01,38.08,29.81332896884369,8.266671031156307,8.266671031156307,8.516070968951187,51.1105869687362
Vanuatu,2021-06-01,0.0,22.392173521703242,-22.392173521703242,22.392173521703242,1.0949155218107371,43.68943152159575
Suriname,2021-06-01,11.8,16.24311117488113,-4.443111174881128,4.443111174881128,0.0,37.54036917477363
Israel,2021-06-01,63.0,65.30238189116713,-2.30238189116713,2.30238189116713,44.00512389127462,86.59963989105964
Saint Lucia,2021-06-01,15.39,20.963766124601136,-5.573766124601136,5.573766124601136,0.0,42.261024124493645
Bolivia,2021-06-01,11.79,16.983862054719424,-5.193862054719425,5.193862054719425,0.0,38.28112005461193
Moldova,2021-06-01,8.55,12.837222053382739,-4.287222053382738,4.287222053382738,0.0,34.13448005327524
Togo,2021-06-01,3.27,11.356805408746226,-8.086805408746226,8.086805408746226,0.0,32.654063408638734
Honduras,2021-06-01,2.12,11.661855088272251,-9.54185508827225,9.54185508827225,0.0,32.959113088164756
Azerbaijan,2021-06-01,13.86,20.629431034377035,-6.769431034377035,6.769431034377035,0.0,41.92668903426954
Colombia,2021-06-01,13.89,16.41814850033586,-2.5281485003358597,2.5281485003358597,0.0,37.71540650022837
Comoros,2021-06-01,4.96,8.26691858419644,-3.3069185841964392,3.3069185841964392,0.0,29.564176584088944
Nepal,2021-06-01,7.25,18.83310390621645,-11.58310390621645,11.58310390621645,0.0,40.13036190610896
Northern Ireland,2021-06-01,56.06,48.307984711967656,7.7520152880323465,7.7520152880323465,27.01072671207515,69.60524271186016
Sweden,2021-06-01,37.32,28.91153403064841,8.408465969351589,8.408465969351589,7.6142760307559065,50.20879203054092
Iceland,2021-06-01,50.22,31.7461817301325,18.4738182698675,18.4738182698675,10.448923730239994,53.043439730025
Tonga,2021-06-01,27.09,16.184692250001568,10.905307749998432,10.905307749998432,0.0,37.48195024989407
Netherlands,2021-06-01,39.53,28.256338900477466,11.273661099522535,11.273661099522535,6.959080900584961,49.55359690036997
Indonesia,2021-06-01,6.07,18.54712647189615,-12.477126471896149,12.477126471896149,0.0,39.84438447178866
United Kingdom,2021-06-01,58.31,50.357913789981744,7.952086210018258,7.952086210018258,29.06065579008924,71.65517178987425
Zimbabwe,2021-06-01,4.56,13.77177131286053,-9.211771312860531,9.211771312860531,0.0,35.06902931275303
United Arab Emirates,2021-06-01,51.38,46.51100756551627,4.868992434483729,4.868992434483729,25.21374956562377,67.80826556540877
San Marino,2021-06-01,63.59,47.33233600442153,16.257663995578476,16.257663995578476,26.035078004529023,68.62959400431403
Democratic Republic of Congo,2021-06-01,0.03,5.809700365913244,-5.779700365913244,5.779700365913244,0.0,27.10695836580575
Montserrat,2021-06-01,27.17,32.62977658359495,-5.459776583594952,5.459776583594952,11.332518583702448,53.927034583487455
Sri Lanka,2021-06-01,7.9,17.963775847822916,-10.063775847822916,10.063775847822916,0.0,39.261033847715424
Samoa,2021-06-01,16.44,10.576919752295197,5.863080247704804,5.863080247704804,0.0,31.874177752187702
Bermuda,2021-06-01,60.31,45.94298069152255,14.367019308477452,14.367019308477452,24.645722691630045,67.24023869141506
Norway,2021-06-01,30.81,30.344198134515395,0.4658018654846039,0.4658018654846039,9.04694013462289,51.6414561344079
Cook Islands,2021-06-01,47.2,22.392173521703242,24.80782647829676,24.80782647829676,1.0949155218107371,43.68943152159575
New Zealand,2021-06-01,9.0,14.598546491013217,-5.5985464910132166,5.5985464910132166,0.0,35.89580449090572
French Polynesia,2021-06-01,20.56,21.902623287320708,-1.3426232873207091,1.3426232873207091,0.605365287428203,43.199881287213216
Hungary,2021-06-01,53.9,35.772116085512295,18.127883914487704,18.127883914487704,14.47485808561979,57.0693740854048
Georgia,2021-06-01,3.61,10.508531637796711,-6.898531637796712,6.898531637796712,0.0,31.805789637689216
Ethiopia,2021-06-01,1.59,7.722656546533152,-6.132656546533152,6.132656546533152,0.0,29.019914546425657
Bhutan,2021-06-01,62.56,66.69813658698439,-4.138136586984388,4.138136586984388,45.40087858709188,87.9953945868769
Saint Vincent and the Grenadines,2021-06-01,16.6,21.0288498284579,-4.428849828457899,4.428849828457899,0.0,42.3261078283504
Venezuela,2021-06-01,1.11,12.720359484324327,-11.610359484324327,11.610359484324327,0.0,34.01761748421683
Nigeria,2021-06-01,0.95,11.168340671979998,-10.218340671979998,10.218340671979998,0.0,32.4655986718725
Gabon,2021-06-01,0.64,9.0144983061668,-8.3744983061668,8.3744983061668,0.0,30.311756306059305
Cayman Islands,2021-06-01,65.79,47.0628327868778,18.727167213122208,18.727167213122208,25.765574786985294,68.3600907867703
Congo,2021-06-01,0.41,6.5486871860161315,-6.138687186016131,6.138687186016131,0.0,27.845945185908636
Montenegro,2021-06-01,21.31,17.61567249818888,3.69432750181112,3.69432750181112,0.0,38.91293049808138
Trinidad and Tobago,2021-06-01,7.04,13.95140253962466,-6.9114025396246594,6.9114025396246594,0.0,35.24866053951716
Iraq,2021-06-01,0.74,11.424804111550763,-10.684804111550763,10.684804111550763,0.0,32.722062111443265
Mongolia,2021-06-01,56.72,31.318605680375533,25.401394319624465,25.401394319624465,10.021347680483029,52.615863680268035
Bangladesh,2021-06-01,3.54,17.230815770623273,-13.690815770623274,13.690815770623274,0.0,38.528073770515775
Latvia,2021-06-01,29.22,25.09470111952588,4.125298880474119,4.125298880474119,3.7974431196333747,46.39195911941839
Mozambique,2021-06-01,1.02,10.692299156162104,-9.672299156162104,9.672299156162104,0.0,31.98955715605461
Niger,2021-06-01,0.63,8.190225469544306,-7.560225469544306,7.560225469544306,0.0,29.48748346943681
India,2021-06-01,12.29,20.119579010128945,-7.8295790101289455,7.8295790101289455,0.0,41.41683701002145
British Virgin Islands,2021-06-01,38.21,39.410767433654236,-1.200767433654235,1.200767433654235,18.11350943376173,60.70802543354674
Tajikistan,2021-06-01,0.83,4.25722789387131,-3.4272278938713097,3.4272278938713097,0.0,25.554485893763815
Taiwan,2021-06-01,1.34,9.179326856424737,-7.839326856424737,7.839326856424737,0.0,30.476584856317242
Finland,2021-06-01,44.69,31.48498339676315,13.20501660323685,13.20501660323685,10.187725396870643,52.78224139665565
Yemen,2021-06-01,0.35,3.5652278938713096,-3.2152278938713095,3.2152278938713095,0.0,24.862485893763814
Lebanon,2021-06-01,7.85,15.23298948707999,-7.382989487079991,7.382989487079991,0.0,36.5302474869725
China,2021-06-01,0.0,19.38829178816264,-19.38829178816264,19.38829178816264,0.0,40.68554978805514
Fiji,2021-06-01,15.2,13.657085122575491,1.5429148774245078,1.5429148774245078,0.0,34.954343122467996
Gambia,2021-06-01,1.21,10.65701071444509,-9.447010714445089,9.447010714445089,0.0,31.954268714337594
Ireland,2021-06-01,35.66,28.506622228142426,7.153377771857571,7.153377771857571,7.209364228249921,49.80388022803493
Uganda,2021-06-01,1.48,10.679173829798852,-9.199173829798852,9.199173829798852,0.0,31.976431829691357
Bahrain,2021-06-01,56.25,41.38362955152797,14.866370448472033,14.866370448472033,20.086371551635462,62.68088755142047
Tunisia,2021-06-01,5.69,11.566672629668453,-5.876672629668453,5.876672629668453,0.0,32.863930629560954
Turkey,2021-06-01,19.85,25.47106832228919,-5.62106832228919,5.62106832228919,4.173810322396687,46.76832632218169
Namibia,2021-06-01,2.72,9.891670982673887,-7.171670982673886,7.171670982673886,0.0,31.18892898256639
Timor,2021-06-01,6.2,7.785937185977897,-1.5859371859778966,1.5859371859778966,0.0,29.0831951858704
New Caledonia,2021-06-01,17.47,20.958479143176604,-3.4884791431766047,3.4884791431766047,0.0,42.25573714306911
Bulgaria,2021-06-01,11.69,21.98208335169864,-10.292083351698642,10.292083351698642,0.6848253518061362,43.27934135159114
Sao Tome and Principe,2021-06-01,5.65,13.366552622241763,-7.716552622241762,7.716552622241762,0.0,34.663810622134264
Bahamas,2021-06-01,11.79,14.259513694517807,-2.469513694517808,2.469513694517808,0.0,35.556771694410315
Liberia,2021-06-01,1.11,3.9766127788161647,-2.8666127788161644,2.8666127788161644,0.0,25.27387077870867
Austria,2021-06-01,41.15,29.824101598216117,11.325898401783881,11.325898401783881,8.526843598323612,51.121359598108626
Wales,2021-06-01,68.28,52.70606981835059,15.57393018164941,15.57393018164941,31.408811818458087,74.0033278182431
Faeroe Islands,2021-06-01,42.39,31.633412888438052,10.756587111561949,10.756587111561949,10.336154888545547,52.93067088833055
Sudan,2021-06-01,0.73,10.25899686162185,-9.528996861621849,9.528996861621849,0.0,31.556254861514354
Chile,2021-06-01,56.71,40.85652649236884,15.853473507631158,15.853473507631158,19.55926849247634,62.15378449226135
Monaco,2021-06-01,42.05,34.332043799097995,7.717956200902002,7.717956200902002,13.03478579920549,55.6293017989905
Nauru,2021-06-01,68.23,20.103308720446208,48.126691279553796,48.126691279553796,0.0,41.400566720338716
Isle of Man,2021-06-01,72.11,51.76951837729283,20.340481622707166,20.340481622707166,30.47226037740033,73.06677637718533
Brunei,2021-06-01,9.52,10.532763030824672,-1.0127630308246722,1.0127630308246722,0.0,31.830021030717177
France,2021-06-01,39.05,28.822817814432156,10.227182185567841,10.227182185567841,7.525559814539651,50.120075814324665
Algeria,2021-06-01,0.17,14.598021584090283,-14.428021584090283,14.428021584090283,0.0,35.895279583982784
Switzerland,2021-06-01,36.59,26.887549127593083,9.70245087240692,9.70245087240692,5.590291127700578,48.184807127485584
Grenada,2021-06-01,15.41,20.62290936770058,-5.212909367700579,5.212909367700579,0.0,41.92016736759308
Thailand,2021-06-01,3.71,12.154429027677367,-8.444429027677366,8.444429027677366,0.0,33.451687027569875
Mexico,2021-06-01,17.1,22.586155052270357,-5.486155052270355,5.486155052270355,1.2888970523778518,43.883413052162865
North Macedonia,2021-06-01,11.37,14.565106330786683,-3.1951063307866843,3.1951063307866843,0.0,35.862364330679185
Iran,2021-06-01,3.26,13.885109916928439,-10.625109916928439,10.625109916928439,0.0,35.182367916820944
Bosnia and Herzegovina,2021-06-01,5.76,13.837713289269367,-8.077713289269367,8.077713289269367,0.0,35.13497128916187
Morocco,2021-06-01,23.77,24.710586192650496,-0.9405861926504961,0.9405861926504961,3.413328192757991,46.007844192543004
Syria,2021-06-01,0.14,11.068851730598361,-10.92885173059836,10.92885173059836,0.0,32.36610973049086
England,2021-06-01,58.78,50.4245491051231,8.355450894876903,8.355450894876903,29.127291105230594,71.7218071050156
Mali,2021-06-01,0.46,8.068035488534175,-7.608035488534175,7.608035488534175,0.0,29.36529348842668
Malta,2021-06-01,72.38,44.29651764855016,28.083482351449838,28.083482351449838,22.999259648657652,65.59377564844266
Uruguay,2021-06-01,52.92,34.12024298116577,18.799757018834235,18.799757018834235,12.822984981273262,55.41750098105827
Kenya,2021-06-01,1.8,11.601920918893537,-9.801920918893536,9.801920918893536,0.0,32.89917891878604
Qatar,2021-06-01,51.36,26.688451290943803,24.671548709056196,24.671548709056196,5.391193291051298,47.98570929083631
Seychelles,2021-06-01,71.64,68.93212879234011,2.707871207659892,2.707871207659892,47.6348707924476,90.22938679223262
Czechia,2021-06-01,36.86,27.71011511172953,9.14988488827047,9.14988488827047,6.412857111837024,49.00737311162203
Luxembourg,2021-06-01,36.7,28.36107828185669,8.338921718143311,8.338921718143311,7.063820281964187,49.6583362817492
Jamaica,2021-06-01,5.26,13.123252777167274,-7.863252777167274,7.863252777167274,0.0,34.420510777059775
Laos,2021-06-01,9.11,11.592232181399133,-2.4822321813991337,2.4822321813991337,0.0,32.889490181291634
Palestine,2021-06-01,6.47,11.561490033988754,-5.091490033988754,5.091490033988754,0.0,32.858748033881255
Gibraltar,2021-06-01,116.0,93.5843239751043,22.415676024895703,22.415676024895703,72.28706597521179,100.0
Aruba,2021-06-01,59.27,48.3498725615183,10.9201274384817,10.9201274384817,27.0526145616258,69.6471305614108
Ukraine,2021-06-01,2.4,12.54983144348568,-10.14983144348568,10.14983144348568,0.0,33.84708944337818
Germany,2021-06-01,43.5,29.903831327945802,13.596168672054198,13.596168672054198,8.606573328053297,51.201089327838304
Sierra Leone,2021-06-01,0.86,10.107545722303776,-9.247545722303776,9.247545722303776,0.0,31.40480372219628
Panama,2021-06-01,16.24,21.23265234299435,-4.992652342994351,4.992652342994351,0.0,42.52991034288685
Guernsey,2021-06-01,49.17,47.385006920776625,1.7849930792233764,1.7849930792233764,26.08774892088412,68.68226492066913
South Africa,2021-06-01,1.88,12.912013547281457,-11.032013547281458,11.032013547281458,0.0,34.20927154717396
Maldives,2021-06-01,57.42,51.55298364768115,5.867016352318849,5.867016352318849,30.255725647788648,72.85024164757365
Saint Kitts and Nevis,2021-06-01,37.77,27.389265021034973,10.38073497896503,10.38073497896503,6.092007021142468,48.68652302092748
South Korea,2021-06-01,12.4,14.854369935949016,-2.454369935949016,2.454369935949016,0.0,36.15162793584152
Papua New Guinea,2021-06-01,0.24,7.925671852170563,-7.685671852170563,7.685671852170563,0.0,29.222929852063068
Belgium,2021-06-01,41.14,29.60225213993388,11.53774786006612,11.53774786006612,8.304994140041376,50.89951013982639
Cameroon,2021-06-01,0.24,6.524809383906991,-6.284809383906991,6.284809383906991,0.0,27.822067383799496
Andorra,2021-06-01,35.74,28.447218549082514,7.292781450917488,7.292781450917488,7.149960549190009,49.744476548975015
Belarus,2021-06-01,5.47,18.773816765784296,-13.303816765784298,13.303816765784298,0.0,40.0710747656768
Russia,2021-06-01,11.45,22.91654178816262,-11.466541788162619,11.466541788162619,1.6192837882701134,44.21379978805513
Kuwait,2021-06-01,19.25,26.00606166374353,-6.75606166374353,6.75606166374353,4.708803663851025,47.30331966363603
Senegal,2021-06-01,2.7,13.465528757298632,-10.765528757298632,10.765528757298632,0.0,34.76278675719114
Rwanda,2021-06-01,2.71,14.674157641665456,-11.964157641665455,11.964157641665455,0.0,35.97141564155796
Greece,2021-06-01,35.49,27.852116085512286,7.637883914487716,7.637883914487716,6.554858085619781,49.14937408540479
Canada,2021-06-01,58.31,31.86515935239391,26.444840647606092,26.444840647606092,10.567901352501405,53.16241735228641
Costa Rica,2021-06-01,19.87,22.792181542336614,-2.922181542336613,2.922181542336613,1.4949235424441092,44.089439542229115
Armenia,2021-06-01,1.13,7.939261426614014,-6.809261426614014,6.809261426614014,0.0,29.23651942650652
Cyprus,2021-06-01,44.29,28.979751958924446,15.310248041075553,15.310248041075553,7.682493959031941,50.27700995881695
Lithuania,2021-06-01,38.1,29.86984484145917,8.230155158540832,8.230155158540832,8.572586841566665,51.16710284135168
Serbia,2021-06-01,36.99,34.53422380890505,2.455776191094955,2.455776191094955,13.236965809012542,55.83148180879755
Guyana,2021-06-01,23.8,20.228987799073174,3.571012200926827,3.571012200926827,0.0,41.526245798965675
Dominican Republic,2021-06-01,30.55,21.293738008385787,9.256261991614213,9.256261991614213,0.0,42.590996008278296
Wallis and Futuna,2021-06-01,38.89,41.42161203899022,-2.531612038990218,2.531612038990218,20.124354039097714,62.71887003888273
Pakistan,2021-06-01,2.48,14.461362026059408,-11.981362026059408,11.981362026059408,0.0,35.75862002595191
South Sudan,2021-06-01,0.09,7.24912436788787,-7.15912436788787,7.15912436788787,0.0,28.546382367780375
Kosovo,2021-06-01,2.86,9.047243013403822,-6.1872430134038225,6.1872430134038225,0.0,30.344501013296327
Anguilla,2021-06-01,60.02,46.07577978636629,13.944220213633713,13.944220213633713,24.778521786473785,67.37303778625879
Romania,2021-06-01,22.54,26.45119619281055,-3.91119619281055,3.91119619281055,5.153938192918044,47.74845419270305
Mauritania,2021-06-01,0.66,8.483560315798325,-7.823560315798325,7.823560315798325,0.0,29.78081831569083
Kazakhstan,2021-06-01,11.35,16.907067964993296,-5.557067964993296,5.557067964993296,0.0,38.2043259648858
Japan,2021-06-01,8.21,13.569606833669233,-5.359606833669233,5.359606833669233,0.0,34.866864833561735
Zambia,2021-06-01,0.77,6.545437185976148,-5.775437185976148,5.775437185976148,0.0,27.842695185868653
Cuba,2021-06-01,11.52,7.993052480455219,3.5269475195447804,3.5269475195447804,0.0,29.290310480347724
Barbados,2021-06-01,27.67,33.16925968248202,-5.49925968248202,5.49925968248202,11.872001682589516,54.46651768237453
Jersey,2021-06-01,60.31,57.845573891317976,2.4644261086820265,2.4644261086820265,36.548315891425474,79.14283189121048
Croatia,2021-06-01,31.52,25.96859552323601,5.551404476763988,5.551404476763988,4.671337523343507,47.26585352312851
Malawi,2021-06-01,1.86,10.476938063752073,-8.616938063752073,8.616938063752073,0.0,31.774196063644577
Australia,2021-06-01,15.14,13.110178049828754,2.0298219501712467,2.0298219501712467,0.0,34.407436049721255
Libya,2021-06-01,3.55,6.507774773637141,-2.9577747736371416,2.9577747736371416,0.0,27.805032773529646
Guatemala,2021-06-01,2.52,12.235051754130684,-9.715051754130684,9.715051754130684,0.0,33.53230975402319
Ghana,2021-06-01,2.74,12.993018397265093,-10.253018397265093,10.253018397265093,0.0,34.2902763971576
Slovakia,2021-06-01,32.11,27.835310068752513,4.274689931247487,4.274689931247487,6.538052068860008,49.132568068645014
Angola,2021-06-01,2.07,11.86718506393181,-9.79718506393181,9.79718506393181,0.0,33.164443063824315
Turks and Caicos Islands,2021-06-01,53.62,41.220368751223695,12.399631248776302,12.399631248776302,19.92311075133119,62.5176267511162
Philippines,2021-06-01,3.63,12.172560970625199,-8.5425609706252,8.5425609706252,0.0,33.46981897051771
Slovenia,2021-06-01,32.25,28.45684329183066,3.7931567081693416,3.7931567081693416,7.1595852919381535,49.75410129172316
Brazil,2021-06-01,21.61,22.912673269243818,-1.3026732692438188,1.3026732692438188,1.6154152693513133,44.20993126913632
Egypt,2021-06-01,2.41,15.293506920776878,-12.883506920776878,12.883506920776878,0.0,36.590764920669386
Guinea,2021-06-01,2.02,8.823699430040115,-6.8036994300401155,6.8036994300401155,0.0,30.12095742993262
Malaysia,2021-06-01,5.89,13.667939103565004,-7.7779391035650045,7.7779391035650045,0.0,34.96519710345751
Peru,2021-06-01,9.17,15.641354512277971,-6.471354512277971,6.471354512277971,0.0,36.93861251217048
Vietnam,2021-06-01,1.1,10.72294018180311,-9.622940181803111,9.622940181803111,0.0,32.02019818169562
Albania,2021-06-01,16.93,18.20902546764163,-1.279025467641631,1.279025467641631,0.0,39.50628346753413
El Salvador,2021-06-01,17.78,18.18221100033587,-0.40221100033586765,0.40221100033586765,0.0,39.47946900022838
Solomon Islands,2021-06-01,1.91,9.187079750151234,-7.277079750151234,7.277079750151234,0.0,30.48433775004374
Cote d'Ivoire,2021-06-01,2.06,11.513137444884343,-9.453137444884343,9.453137444884343,0.0,32.810395444776844
Portugal,2021-06-01,38.2,29.112682679297016,9.087317320702986,9.087317320702986,7.8154246794045115,50.40994067918952
Curacao,2021-06-01,51.9,42.55433684723275,9.345663152767251,9.345663152767251,21.257078847340242,63.851594847125256
Greenland,2021-06-01,25.88,24.097287104871093,1.7827128951289062,1.7827128951289062,2.800029104978588,45.394545104763594
Djibouti,2021-06-01,1.27,7.11669369256192,-5.846693692561921,5.846693692561921,0.0,28.413951692454425
Ecuador,2021-06-01,9.2,17.131559470592897,-7.931559470592898,7.931559470592898,0.0,38.4288174704854
Macao,2021-06-01,17.33,17.969967059785496,-0.6399670597854978,0.6399670597854978,0.0,39.267225059678
Cape Verde,2021-06-01,3.9,10.118238146853123,-6.218238146853123,6.218238146853123,0.0,31.415496146745628
Cambodia,2021-06-01,15.84,18.08616220458572,-2.246162204585719,2.246162204585719,0.0,39.38342020447823
Antigua and Barbuda,2021-06-01,34.17,33.50881767099292,0.6611823290070831,0.6611823290070831,12.211559671100414,54.80607567088542
Singapore,2021-06-01,38.99,29.30819936169923,9.681800638300771,9.681800638300771,8.010941361806726,50.60545736159173
Madagascar,2021-06-01,0.13,3.1916127788174222,-3.0616127788174223,3.0616127788174223,0.0,24.488870778709927
Guinea-Bissau,2021-06-01,0.3,3.476612778817099,-3.1766127788170992,3.1766127788170992,0.0,24.773870778709604
Sint Maarten (Dutch part),2021-06-01,39.7,39.060186990182046,0.6398130098179564,0.6398130098179564,17.76292899028954,60.357444990074555
Poland,2021-06-01,36.72,28.553952820206113,8.166047179793885,8.166047179793885,7.256694820313609,49.851210820098615
Belize,2021-06-01,16.42,18.408090382389886,-1.9880903823898848,1.9880903823898848,0.0,39.705348382282395
Jordan,2021-06-01,13.84,19.320914350684006,-5.480914350684007,5.480914350684007,0.0,40.618172350576515
Somalia,2021-06-01,0.81,6.6788558547223715,-5.868855854722371,5.868855854722371,0.0,27.976113854614876
Paraguay,2021-06-01,4.04,13.00903033968303,-8.96903033968303,8.96903033968303,0.0,34.30628833957553
Saudi Arabia,2021-06-01,0.0,16.97844761109839,-16.97844761109839,16.97844761109839,0.0,38.2757056109909
Tuvalu,2021-06-01,20.35,25.16968835408857,-4.819688354088569,4.819688354088569,3.872430354196066,46.46694635398107
Liechtenstein,2021-06-01,34.38,27.94635978767581,6.4336402123241925,6.4336402123241925,6.649101787783305,49.24361778756831
Benin,2021-06-01,0.1,3.1601513302091746,-3.0601513302091745,3.0601513302091745,0.0,24.45740933010168
Spain,2021-06-01,39.41,29.083595783038227,10.32640421696177,10.32640421696177,7.786337783145722,50.38085378293073
Botswana,2021-06-01,6.24,10.22078795301925,-3.9807879530192505,3.9807879530192505,0.0,31.518045952911756
Scotland,2021-06-01,60.15,48.32149879810152,11.828501201898476,11.828501201898476,27.024240798209018,69.61875679799402
Kyrgyzstan,2021-06-01,0.57,8.338821960772442,-7.768821960772442,7.768821960772442,0.0,29.636079960664947
Mauritius,2021-06-01,18.3,20.470747960847227,-2.170747960847226,2.170747960847226,0.0,41.76800596073973
Argentina,2021-06-01,21.39,24.053590201013563,-2.6635902010135624,2.6635902010135624,2.756332201121058,45.35084820090607
Dominica,2021-06-01,27.52,32.377811328484945,-4.857811328484946,4.857811328484946,11.08055332859244,53.67506932837745
Oman,2021-06-01,4.24,19.851503840614242,-15.611503840614242,15.611503840614242,0.0,41.14876184050675
Afghanistan,2021-06-01,1.23,12.214979306748916,-10.984979306748915,10.984979306748915,0.0,33.512237306641424
United States,2021-06-01,50.38,40.09189025231975,10.288109747680252,10.288109747680252,18.794632252427245,61.38914825221225
Italy,2021-06-01,39.67,28.86876376037813,10.801236239621872,10.801236239621872,7.571505760485625,50.16602176027064
Uzbekistan,2021-06-01,3.58,9.392965130317798,-5.812965130317798,5.812965130317798,0.0,30.690223130210303
Togo,2021-06-02,3.27,11.575882152115142,-8.305882152115142,8.305882152115142,0.0,32.87314015200765
United Kingdom,2021-06-02,58.57,50.576990533350646,7.9930094666493545,7.9930094666493545,29.27973253345814,71.87424853324315
Indonesia,2021-06-02,6.13,18.766203215265065,-12.636203215265066,12.636203215265066,0.0,40.063461215157574
Cuba,2021-06-02,12.64,8.212129223824135,4.427870776175865,4.427870776175865,0.0,29.50938722371664
Angola,2021-06-02,2.07,12.086261807300726,-10.016261807300726,10.016261807300726,0.0,33.38351980719323
Bahrain,2021-06-02,56.96,41.60270629489688,15.357293705103118,15.357293705103118,20.30544829500438,62.899964294789385
Bermuda,2021-06-02,60.31,46.162057434891466,14.147942565108536,14.147942565108536,24.86479943499896,67.45931543478397
Gibraltar,2021-06-02,116.05,93.80340071847323,22.24659928152677,22.24659928152677,72.50614271858072,100.0
Lebanon,2021-06-02,8.01,15.452066230448906,-7.442066230448907,7.442066230448907,0.0,36.749324230341415
Mauritius,2021-06-02,18.3,20.689824704216143,-2.3898247042161422,2.3898247042161422,0.0,41.987082704108644
Laos,2021-06-02,9.14,11.81130892476805,-2.6713089247680486,2.6713089247680486,0.0,33.10856692466055
Isle of Man,2021-06-02,72.11,51.98859512066175,20.12140487933825,20.12140487933825,30.691337120769244,73.28585312055425
Mongolia,2021-06-02,56.76,31.53768242374445,25.22231757625555,25.22231757625555,10.240424423851945,52.83494042363695
Oman,2021-06-02,4.24,20.07058058398316,-15.830580583983158,15.830580583983158,0.0,41.36783858387567
Aruba,2021-06-02,59.43,48.568949304887205,10.861050695112795,10.861050695112795,27.2716913049947,69.8662073047797
Cameroon,2021-06-02,0.24,6.743886127275907,-6.503886127275907,6.503886127275907,0.0,28.041144127168412
Paraguay,2021-06-02,4.04,13.228107083051945,-9.188107083051946,9.188107083051946,0.0,34.52536508294445
El Salvador,2021-06-02,18.02,18.401287743704785,-0.38128774370478524,0.38128774370478524,0.0,39.69854574359729
Germany,2021-06-02,44.24,30.12290807131472,14.117091928685284,14.117091928685284,8.825650071422213,51.42016607120722
Taiwan,2021-06-02,2.36,9.398403599793653,-7.038403599793654,7.038403599793654,0.0,30.695661599686158
Somalia,2021-06-02,0.81,6.897932598091288,-6.087932598091287,6.087932598091287,0.0,28.195190597983792
Montserrat,2021-06-02,27.17,32.84885332696387,-5.678853326963868,5.678853326963868,11.551595327071364,54.14611132685637
Solomon Islands,2021-06-02,1.91,9.40615649352015,-7.49615649352015,7.49615649352015,0.0,30.703414493412655
Moldova,2021-06-02,8.67,13.056298796751655,-4.386298796751655,4.386298796751655,0.0,34.353556796644156
Zambia,2021-06-02,0.77,6.764513929345064,-5.994513929345064,5.994513929345064,0.0,28.06177192923757
Bahamas,2021-06-02,11.79,14.478590437886723,-2.688590437886724,2.688590437886724,0.0,35.77584843777923
Afghanistan,2021-06-02,1.24,12.434056050117832,-11.194056050117831,11.194056050117831,0.0,33.73131405001034
Kenya,2021-06-02,1.81,11.820997662262453,-10.010997662262453,10.010997662262453,0.0,33.11825566215496
Jersey,2021-06-02,60.63,58.06465063468689,2.5653493653131108,2.5653493653131108,36.76739263479439,79.3619086345794
Malta,2021-06-02,73.01,44.51559439191907,28.494405608080932,28.494405608080932,23.21833639202657,65.81285239181157
Brunei,2021-06-02,10.01,10.751839774193588,-0.741839774193588,0.741839774193588,0.0,32.04909777408609
Belgium,2021-06-02,41.83,29.821328883302797,12.0086711166972,12.0086711166972,8.524070883410293,51.118586883195306
Croatia,2021-06-02,31.97,26.187672266604928,5.782327733395071,5.782327733395071,4.890414266712423,47.48493026649743
Uruguay,2021-06-02,53.9,34.33931972453468,19.560680275465316,19.560680275465316,13.042061724642178,55.636577724427184
Ghana,2021-06-02,2.74,13.212095140634009,-10.472095140634009,10.472095140634009,0.0,34.509353140526514
Palestine,2021-06-02,6.75,11.78056677735767,-5.03056677735767,5.03056677735767,0.0,33.07782477725017
Iraq,2021-06-02,0.74,11.64388085491968,-10.903880854919679,10.903880854919679,0.0,32.94113885481218
Burkina Faso,2021-06-02,0.0,22.611250265072158,-22.611250265072158,22.611250265072158,1.3139922651796532,43.90850826496467
Iceland,2021-06-02,52.02,31.965258473501414,20.05474152649859,20.05474152649859,10.66800047360891,53.262516473393916
Mauritania,2021-06-02,0.66,8.702637059167241,-8.042637059167241,8.042637059167241,0.0,29.999895059059746
Sweden,2021-06-02,37.32,29.130610774017327,8.189389225982673,8.189389225982673,7.833352774124823,50.427868773909836
Seychelles,2021-06-02,71.85,69.15120553570901,2.698794464290984,2.698794464290984,47.8539475358165,90.44846353560152
Bulgaria,2021-06-02,11.79,22.201160095067557,-10.411160095067558,10.411160095067558,0.9039020951750523,43.49841809496006
Niger,2021-06-02,0.63,8.409302212913222,-7.779302212913222,7.779302212913222,0.0,29.706560212805726
Luxembourg,2021-06-02,37.12,28.580155025225608,8.53984497477439,8.53984497477439,7.282897025333103,49.877413025118116
Georgia,2021-06-02,3.74,10.727608381165627,-6.987608381165627,6.987608381165627,0.0,32.02486638105813
Liberia,2021-06-02,1.11,4.195689522185081,-3.0856895221850804,3.0856895221850804,0.0,25.492947522077586
Latvia,2021-06-02,29.47,25.313777862894796,4.156222137105203,4.156222137105203,4.016519863002291,46.611035862787304
South Korea,2021-06-02,13.15,15.073446679317932,-1.923446679317932,1.923446679317932,0.0,36.370704679210434
Ukraine,2021-06-02,2.46,12.768908186854595,-10.308908186854595,10.308908186854595,0.0,34.0661661867471
Nauru,2021-06-02,68.23,20.322385463815124,47.90761453618488,47.90761453618488,0.0,41.61964346370763
Jamaica,2021-06-02,5.26,13.34232952053619,-8.08232952053619,8.08232952053619,0.0,34.63958752042869
Netherlands,2021-06-02,39.53,28.475415643846382,11.054584356153619,11.054584356153619,7.1781576439538775,49.772673643738884
Madagascar,2021-06-02,0.13,3.4106895221863383,-3.2806895221863384,3.2806895221863384,0.0,24.707947522078843
San Marino,2021-06-02,63.59,47.551412747790444,16.03858725220956,16.03858725220956,26.25415474789794,68.84867074768295
Uganda,2021-06-02,1.54,10.898250573167768,-9.35825057316777,9.35825057316777,0.0,32.19550857306027
Kazakhstan,2021-06-02,11.43,17.12614470836221,-5.696144708362212,5.696144708362212,0.0,38.42340270825471
Maldives,2021-06-02,57.5,51.77206039105007,5.7279396089499315,5.7279396089499315,30.474802391157564,73.06931839094257
Northern Ireland,2021-06-02,56.7,48.52706145533656,8.172938544663445,8.172938544663445,27.229803455444053,69.82431945522906
Cape Verde,2021-06-02,3.9,10.33731489022204,-6.437314890222039,6.437314890222039,0.0,31.634572890114544
England,2021-06-02,59.02,50.64362584849203,8.376374151507974,8.376374151507974,29.346367848599524,71.94088384838453
Saint Kitts and Nevis,2021-06-02,37.77,27.60834176440389,10.161658235596114,10.161658235596114,6.311083764511384,48.9055997642964
Vanuatu,2021-06-02,0.0,22.611250265072158,-22.611250265072158,22.611250265072158,1.3139922651796532,43.90850826496467
Papua New Guinea,2021-06-02,0.24,8.144748595539479,-7.904748595539479,7.904748595539479,0.0,29.442006595431984
India,2021-06-02,12.45,20.33865575349786,-7.888655753497861,7.888655753497861,0.0,41.63591375339037
Finland,2021-06-02,45.32,31.704060140132064,13.615939859867936,13.615939859867936,10.40680214023956,53.001318140024566
Iran,2021-06-02,3.26,14.104186660297355,-10.844186660297355,10.844186660297355,0.0,35.40144466018986
Macao,2021-06-02,17.95,18.189043803154412,-0.23904380315441287,0.23904380315441287,0.0,39.48630180304691
Japan,2021-06-02,8.69,13.78868357703815,-5.09868357703815,5.09868357703815,0.0,35.08594157693065
Saint Lucia,2021-06-02,15.51,21.182842867970052,-5.672842867970052,5.672842867970052,0.0,42.48010086786256
New Zealand,2021-06-02,9.26,14.817623234382133,-5.557623234382133,5.557623234382133,0.0,36.114881234274634
French Polynesia,2021-06-02,20.56,22.121700030689624,-1.5617000306896252,1.5617000306896252,0.824442030797119,43.41895803058213
Hungary,2021-06-02,54.11,35.99119282888121,18.11880717111879,18.11880717111879,14.693934828988706,57.28845082877372
Thailand,2021-06-02,3.71,12.373505771046283,-8.663505771046282,8.663505771046282,0.0,33.67076377093879
Dominica,2021-06-02,27.55,32.59688807185386,-5.046888071853861,5.046888071853861,11.299630071961356,53.89414607174636
Cote d'Ivoire,2021-06-02,2.11,11.73221418825326,-9.62221418825326,9.62221418825326,0.0,33.02947218814576
Saint Vincent and the Grenadines,2021-06-02,16.6,21.247926571826817,-4.647926571826815,4.647926571826815,0.0,42.54518457171932
Curacao,2021-06-02,51.99,42.77341359060166,9.216586409398339,9.216586409398339,21.47615559070916,64.07067159049417
Grenada,2021-06-02,15.41,20.841986111069495,-5.431986111069495,5.431986111069495,0.0,42.139244110962
Botswana,2021-06-02,6.24,10.439864696388167,-4.1998646963881665,4.1998646963881665,0.0,31.73712269628067
Comoros,2021-06-02,4.96,8.485995327565355,-3.5259953275653553,3.5259953275653553,0.0,29.78325332745786
Israel,2021-06-02,63.01,65.52145863453606,-2.511458634536062,2.511458634536062,44.22420063464355,86.81871663442857
Ecuador,2021-06-02,9.39,17.350636213961813,-7.960636213961813,7.960636213961813,0.0,38.647894213854315
Guernsey,2021-06-02,49.17,47.60408366414554,1.5659163358544603,1.5659163358544603,26.306825664253036,68.90134166403804
Jordan,2021-06-02,13.84,19.539991094052922,-5.699991094052923,5.699991094052923,0.0,40.83724909394543
Estonia,2021-06-02,36.51,30.28939455780121,6.220605442198789,6.220605442198789,8.992136557908704,51.58665255769371
Guinea-Bissau,2021-06-02,0.3,3.695689522186015,-3.3956895221860153,3.3956895221860153,0.0,24.99294752207852
Central African Republic,2021-06-02,0.37,3.4056895221865098,-3.0356895221865097,3.0356895221865097,0.0,24.702947522079015
Azerbaijan,2021-06-02,14.33,20.84850777774595,-6.518507777745951,6.518507777745951,0.0,42.14576577763846
Mali,2021-06-02,0.46,8.287112231903091,-7.827112231903091,7.827112231903091,0.0,29.584370231795596
Benin,2021-06-02,0.1,3.3792280735780906,-3.2792280735780905,3.2792280735780905,0.0,24.676486073470596
Sierra Leone,2021-06-02,0.86,10.326622465672692,-9.466622465672692,9.466622465672692,0.0,31.623880465565197
Belize,2021-06-02,16.56,18.627167125758803,-2.067167125758804,2.067167125758804,0.0,39.92442512565131
Scotland,2021-06-02,60.51,48.54057554147044,11.96942445852956,11.96942445852956,27.243317541577934,69.83783354136294
United Arab Emirates,2021-06-02,51.38,46.73008430888519,4.649915691114813,4.649915691114813,25.432826308992684,68.02734230877769
Tajikistan,2021-06-02,0.83,4.476304637240226,-3.6463046372402257,3.6463046372402257,0.0,25.77356263713273
South Africa,2021-06-02,2.01,13.131090290650373,-11.121090290650374,11.121090290650374,0.0,34.42834829054288
Cayman Islands,2021-06-02,68.0,47.2819095302467,20.7180904697533,20.7180904697533,25.984651530354196,68.5791675301392
Panama,2021-06-02,16.24,21.451729086363265,-5.211729086363267,5.211729086363267,0.15447108647076035,42.74898708625577
Hong Kong,2021-06-02,18.93,19.869550555612562,-0.9395505556125627,0.9395505556125627,0.0,41.16680855550507
Tuvalu,2021-06-02,20.35,25.388765097457487,-5.038765097457485,5.038765097457485,4.091507097564982,46.68602309734999
Sint Maarten (Dutch part),2021-06-02,39.7,39.27926373355096,0.4207362664490404,0.4207362664490404,17.982005733658458,60.57652173344347
Timor,2021-06-02,6.2,8.005013929346813,-1.8050139293468126,1.8050139293468126,0.0,29.302271929239318
Namibia,2021-06-02,2.78,10.110747726042803,-7.330747726042803,7.330747726042803,0.0,31.408005725935308
Kyrgyzstan,2021-06-02,0.57,8.557898704141358,-7.987898704141358,7.987898704141358,0.0,29.855156704033863
Turkey,2021-06-02,20.07,25.690145065658108,-5.620145065658107,5.620145065658107,4.392887065765603,46.98740306555061
Poland,2021-06-02,37.37,28.77302956357503,8.596970436424968,8.596970436424968,7.475771563682525,50.07028756346753
Colombia,2021-06-02,14.46,16.637225243704776,-2.1772252437047754,2.1772252437047754,0.0,37.934483243597285
Suriname,2021-06-02,11.99,16.462187918250045,-4.472187918250045,4.472187918250045,0.0,37.759445918142546
Portugal,2021-06-02,38.61,29.331759422665932,9.278240577334067,9.278240577334067,8.034501422773427,50.629017422558434
New Caledonia,2021-06-02,17.47,21.17755588654552,-3.7075558865455207,3.7075558865455207,0.0,42.47481388643803
Montenegro,2021-06-02,21.5,17.834749241557795,3.6652507584422054,3.6652507584422054,0.0,39.132007241450296
Albania,2021-06-02,16.93,18.428102211010547,-1.498102211010547,1.498102211010547,0.0,39.72536021090305
Singapore,2021-06-02,38.99,29.527276105068147,9.462723894931855,9.462723894931855,8.230018105175642,50.82453410496065
Faeroe Islands,2021-06-02,42.39,31.852489631806968,10.537510368193033,10.537510368193033,10.555231631914463,53.14974763169947
Malawi,2021-06-02,1.87,10.696014807120989,-8.826014807120988,8.826014807120988,0.0,31.993272807013494
Qatar,2021-06-02,51.87,26.90752803431272,24.96247196568728,24.96247196568728,5.610270034420214,48.20478603420523
Mexico,2021-06-02,17.55,22.805231795639273,-5.255231795639272,5.255231795639272,1.5079737957467678,44.10248979553178
Slovenia,2021-06-02,32.98,28.675920035199574,4.304079964800422,4.304079964800422,7.3786620353070695,49.973178035092076
Switzerland,2021-06-02,37.36,27.106625870962,10.253374129038,10.253374129038,5.809367871069494,48.4038838708545
Nepal,2021-06-02,7.25,19.052180649585367,-11.802180649585367,11.802180649585367,0.0,40.349438649477875
Fiji,2021-06-02,15.2,13.876161865944407,1.3238381340555918,1.3238381340555918,0.0,35.17341986583691
Kosovo,2021-06-02,3.61,9.266319756772738,-5.656319756772739,5.656319756772739,0.0,30.563577756665243
Slovakia,2021-06-02,32.44,28.05438681212143,4.385613187878569,4.385613187878569,6.757128812228924,49.35164481201393
Equatorial Guinea,2021-06-02,10.55,12.562130331409847,-2.012130331409846,2.012130331409846,0.0,33.859388331302355
Sri Lanka,2021-06-02,8.25,18.182852591191832,-9.932852591191832,9.932852591191832,0.0,39.48011059108434
Yemen,2021-06-02,0.35,3.7843046372402256,-3.4343046372402255,3.4343046372402255,0.0,25.08156263713273
Rwanda,2021-06-02,2.71,14.893234385034368,-12.183234385034368,12.183234385034368,0.0,36.19049238492687
Serbia,2021-06-02,37.75,34.75330055227396,2.996699447726037,2.996699447726037,13.456042552381458,56.050558552166464
Guyana,2021-06-02,25.92,20.44806454244209,5.471935457557912,5.471935457557912,0.0,41.74532254233459
Belarus,2021-06-02,5.47,18.992893509153213,-13.522893509153214,13.522893509153214,0.0,40.290151509045714
China,2021-06-02,0.0,19.607368531531556,-19.607368531531556,19.607368531531556,0.0,40.90462653142406
Guatemala,2021-06-02,2.59,12.4541284974996,-9.8641284974996,9.8641284974996,0.0,33.751386497392105
Bhutan,2021-06-02,62.56,66.91721333035329,-4.357213330353289,4.357213330353289,45.61995533046078,88.2144713302458
Norway,2021-06-02,31.79,30.56327487788431,1.2267251221156883,1.2267251221156883,9.266016877991806,51.86053287777682
Malaysia,2021-06-02,5.89,13.88701584693392,-7.9970158469339205,7.9970158469339205,0.0,35.18427384682643
Nigeria,2021-06-02,0.95,11.387417415348914,-10.437417415348914,10.437417415348914,0.0,32.684675415241415
South Sudan,2021-06-02,0.09,7.468201111256786,-7.378201111256786,7.378201111256786,0.0,28.76545911114929
Ireland,2021-06-02,35.66,28.725698971511342,6.934301028488655,6.934301028488655,7.428440971618837,50.02295697140384
Philippines,2021-06-02,3.63,12.391637713994115,-8.761637713994116,8.761637713994116,0.0,33.68889571388662
Bosnia and Herzegovina,2021-06-02,5.76,14.056790032638283,-8.296790032638283,8.296790032638283,0.0,35.354048032530784
Lithuania,2021-06-02,38.8,30.088921584828086,8.711078415171912,8.711078415171912,8.79166358493558,51.386179584720594
Monaco,2021-06-02,42.05,34.55112054246691,7.498879457533086,7.498879457533086,13.253862542574407,55.84837854235941
Costa Rica,2021-06-02,19.87,23.01125828570553,-3.141258285705529,3.141258285705529,1.7140002858130252,44.30851628559803
Gabon,2021-06-02,0.64,9.233575049535716,-8.593575049535715,8.593575049535715,0.0,30.53083304942822
United States,2021-06-02,50.45,40.310966995688666,10.139033004311337,10.139033004311337,19.01370899579616,61.60822499558117
Italy,2021-06-02,40.23,29.087840503747046,11.142159496252951,11.142159496252951,7.790582503854541,50.385098503639554
Liechtenstein,2021-06-02,35.14,28.165436531044726,6.9745634689552745,6.9745634689552745,6.868178531152221,49.46269453093723
Canada,2021-06-02,58.97,32.084236095762826,26.885763904237173,26.885763904237173,10.786978095870321,53.38149409565533
Samoa,2021-06-02,16.44,10.795996495664113,5.644003504335888,5.644003504335888,0.0,32.09325449555662
Guinea,2021-06-02,2.09,9.042776173409031,-6.952776173409031,6.952776173409031,0.0,30.340034173301536
Trinidad and Tobago,2021-06-02,7.42,14.170479282993576,-6.750479282993576,6.750479282993576,0.0,35.46773728288608
Cyprus,2021-06-02,44.35,29.198828702293362,15.15117129770664,15.15117129770664,7.901570702400857,50.49608670218586
Turks and Caicos Islands,2021-06-02,53.62,41.43944549459261,12.180554505407386,12.180554505407386,20.142187494700106,62.73670349448511
Egypt,2021-06-02,2.41,15.512583664145794,-13.102583664145794,13.102583664145794,0.0,36.8098416640383
Bolivia,2021-06-02,12.1,17.20293879808834,-5.10293879808834,5.10293879808834,0.0,38.50019679798085
Romania,2021-06-02,22.64,26.670272936179465,-4.030272936179465,4.030272936179465,5.37301493628696,47.96753093607197
Argentina,2021-06-02,21.96,24.27266694438248,-2.312666944382478,2.312666944382478,2.975408944489974,45.56992494427499
Venezuela,2021-06-02,1.11,12.939436227693243,-11.829436227693243,11.829436227693243,0.0,34.236694227585744
Honduras,2021-06-02,3.24,11.880931831641167,-8.640931831641167,8.640931831641167,0.0,33.17818983153367
Wales,2021-06-02,68.54,52.92514656171951,15.614853438280498,15.614853438280498,31.627888561827003,74.22240456161201
Kuwait,2021-06-02,19.25,26.225138407112446,-6.975138407112446,6.975138407112446,4.927880407219941,47.52239640700495
Barbados,2021-06-02,27.97,33.38833642585094,-5.4183364258509386,5.4183364258509386,12.091078425958433,54.685594425743446
Saudi Arabia,2021-06-02,0.0,17.197524354467305,-17.197524354467305,17.197524354467305,0.0,38.49478235435981
British Virgin Islands,2021-06-02,38.21,39.62984417702315,-1.4198441770231511,1.4198441770231511,18.332586177130647,60.92710217691565
Greece,2021-06-02,36.0,28.071192828881202,7.928807171118798,7.928807171118798,6.773934828988697,49.3684508287737
Morocco,2021-06-02,24.03,24.92966293601941,-0.8996629360194106,0.8996629360194106,3.632404936126907,46.22692093591192
Cambodia,2021-06-02,15.94,18.305238947954635,-2.3652389479546354,2.3652389479546354,0.0,39.60249694784714
Peru,2021-06-02,9.4,15.860431255646887,-6.460431255646887,6.460431255646887,0.0,37.157689255539395
Tunisia,2021-06-02,5.92,11.785749373037369,-5.865749373037369,5.865749373037369,0.0,33.08300737292987
Sao Tome and Principe,2021-06-02,5.65,13.585629365610679,-7.935629365610678,7.935629365610678,0.0,34.88288736550318
Gambia,2021-06-02,1.21,10.876087457814005,-9.666087457814005,9.666087457814005,0.0,32.17334545770651
Mozambique,2021-06-02,1.02,10.91137589953102,-9.89137589953102,9.89137589953102,0.0,32.208633899423525
Bangladesh,2021-06-02,3.54,17.44989251399219,-13.90989251399219,13.90989251399219,0.0,38.74715051388469
Zimbabwe,2021-06-02,4.59,13.990848056229446,-9.400848056229446,9.400848056229446,0.0,35.28810605612195
Denmark,2021-06-02,38.82,30.032405712212608,8.787594287787392,8.787594287787392,8.735147712320103,51.329663712105116
Libya,2021-06-02,3.55,6.726851517006057,-3.1768515170060576,3.1768515170060576,0.0,28.024109516898562
Antigua and Barbuda,2021-06-02,34.17,33.727894414361835,0.44210558563816704,0.44210558563816704,12.43063641446933,55.025152414254336
Chile,2021-06-02,57.39,41.07560323573776,16.31439676426224,16.31439676426224,19.778345235845254,62.37286123563027
Ethiopia,2021-06-02,1.6,7.941733289902068,-6.341733289902068,6.341733289902068,0.0,29.238991289794573
Congo,2021-06-02,0.41,6.767763929385048,-6.357763929385047,6.357763929385047,0.0,28.065021929277552
Syria,2021-06-02,0.14,11.287928473967277,-11.147928473967276,11.147928473967276,0.0,32.58518647385978
Armenia,2021-06-02,1.13,8.15833816998293,-7.02833816998293,7.02833816998293,0.0,29.455596169875434
Russia,2021-06-02,11.65,23.135618531531534,-11.485618531531534,11.485618531531534,1.8383605316390295,44.43287653142404
Uzbekistan,2021-06-02,3.58,9.612041873686714,-6.032041873686714,6.032041873686714,0.0,30.90929987357922
Algeria,2021-06-02,0.17,14.817098327459199,-14.647098327459199,14.647098327459199,0.0,36.1143563273517
Sudan,2021-06-02,0.82,10.478073604990765,-9.658073604990765,9.658073604990765,0.0,31.77533160488327
Andorra,2021-06-02,35.74,28.66629529245143,7.073704707548572,7.073704707548572,7.369037292558925,49.96355329234393
Brazil,2021-06-02,21.88,23.131750012612734,-1.2517500126127352,1.2517500126127352,1.8344920127202293,44.429008012505236
Spain,2021-06-02,40.04,29.302672526407143,10.737327473592856,10.737327473592856,8.005414526514638,50.599930526299644
Senegal,2021-06-02,2.7,13.684605500667548,-10.984605500667548,10.984605500667548,0.0,34.98186350056005
France,2021-06-02,39.64,29.041894557801072,10.598105442198928,10.598105442198928,7.744636557908567,50.33915255769358
North Macedonia,2021-06-02,11.49,14.7841830741556,-3.2941830741555993,3.2941830741555993,0.0,36.0814410740481
Wallis and Futuna,2021-06-02,38.89,41.640688782359135,-2.750688782359134,2.750688782359134,20.34343078246663,62.93794678225164
Czechia,2021-06-02,37.44,27.929191855098445,9.510808144901553,9.510808144901553,6.63193385520594,49.226449854990946
Democratic Republic of Congo,2021-06-02,0.03,6.02877710928216,-5.99877710928216,5.99877710928216,0.0,27.326035109174665
Dominican Republic,2021-06-02,31.57,21.512814751754703,10.057185248245297,10.057185248245297,0.21555675186219858,42.81007275164721
Anguilla,2021-06-02,60.02,46.294856529735206,13.725143470264797,13.725143470264797,24.9975985298427,67.59211452962771
Austria,2021-06-02,42.0,30.043178341585033,11.956821658414967,11.956821658414967,8.745920341692528,51.34043634147754
Pakistan,2021-06-02,2.58,14.680438769428324,-12.100438769428324,12.100438769428324,0.0,35.97769676932083
Greenland,2021-06-02,27.33,24.31636384824001,3.0136361517599894,3.0136361517599894,3.019105848347504,45.61362184813251
Vietnam,2021-06-02,1.11,10.942016925172027,-9.832016925172027,9.832016925172027,0.0,32.239274925064535
Cook Islands,2021-06-02,47.2,22.611250265072158,24.588749734927845,24.588749734927845,1.3139922651796532,43.90850826496467
Australia,2021-06-02,15.53,13.32925479319767,2.2007452068023294,2.2007452068023294,0.0,34.62651279309017
Bosnia and Herzegovina,2021-06-03,5.76,14.275866776007192,-8.515866776007192,8.515866776007192,0.0,35.5731247758997
Hungary,2021-06-03,54.23,36.21026957225012,18.019730427749877,18.019730427749877,14.913011572357615,57.50752757214262
New Zealand,2021-06-03,9.56,15.036699977751042,-5.476699977751041,5.476699977751041,0.0,36.33395797764355
Poland,2021-06-03,37.59,28.99210630694394,8.597893693056065,8.597893693056065,7.6948483070514335,50.28936430683645
China,2021-06-03,0.0,19.826445274900465,-19.826445274900465,19.826445274900465,0.0,41.12370327479297
Colombia,2021-06-03,14.96,16.856301987073685,-1.8963019870736844,1.8963019870736844,0.0,38.15355998696619
North Macedonia,2021-06-03,11.59,15.003259817524508,-3.4132598175245086,3.4132598175245086,0.0,36.30051781741702
Uzbekistan,2021-06-03,3.58,9.831118617055623,-6.2511186170556226,6.2511186170556226,0.0,31.128376616948128
Peru,2021-06-03,9.51,16.079507999015796,-6.569507999015796,6.569507999015796,0.0,37.3767659989083
United Kingdom,2021-06-03,58.85,50.79606727671956,8.05393272328044,8.05393272328044,29.498809276827057,72.09332527661206
Scotland,2021-06-03,60.88,48.75965228483934,12.120347715160662,12.120347715160662,27.462394284946836,70.05691028473184
Malaysia,2021-06-03,5.89,14.10609259030283,-8.216092590302829,8.216092590302829,0.0,35.40335059019533
Montenegro,2021-06-03,21.75,18.053825984926704,3.6961740150732965,3.6961740150732965,0.0,39.35108398481921
Cambodia,2021-06-03,16.08,18.524315691323544,-2.4443156913235455,2.4443156913235455,0.0,39.821573691216045
Mexico,2021-06-03,17.99,23.02430853900818,-5.034308539008183,5.034308539008183,1.7270505391156767,44.32156653890068
Switzerland,2021-06-03,37.99,27.325702614330908,10.664297385669094,10.664297385669094,6.028444614438403,48.622960614223416
Singapore,2021-06-03,38.99,29.746352848437056,9.243647151562946,9.243647151562946,8.44909484854455,51.043610848329564
Guinea,2021-06-03,2.13,9.26185291677794,-7.13185291677794,7.13185291677794,0.0,30.559110916670445
Estonia,2021-06-03,36.98,30.50847130117012,6.471528698829879,6.471528698829879,9.211213301277613,51.80572930106263
Ecuador,2021-06-03,9.65,17.569712957330722,-7.919712957330722,7.919712957330722,0.0,38.86697095722323
French Polynesia,2021-06-03,20.56,22.340776774058533,-1.780776774058534,1.780776774058534,1.043518774166028,43.638034773951034
Brazil,2021-06-03,22.41,23.350826755981636,-0.9408267559816359,0.9408267559816359,2.053568756089131,44.64808475587414
Benin,2021-06-03,0.1,3.5983048169469996,-3.4983048169469995,3.4983048169469995,0.0,24.895562816839504
Macao,2021-06-03,18.54,18.408120546523314,0.13187945347668517,0.13187945347668517,0.0,39.705378546415815
Mauritius,2021-06-03,18.3,20.908901447585052,-2.608901447585051,2.608901447585051,0.0,42.20615944747756
Guinea-Bissau,2021-06-03,0.3,3.914766265554924,-3.614766265554924,3.614766265554924,0.0,25.21202426544743
Saint Vincent and the Grenadines,2021-06-03,16.6,21.467003315195726,-4.867003315195724,4.867003315195724,0.16974531530322068,42.764261315088234
Egypt,2021-06-03,2.41,15.731660407514703,-13.321660407514702,13.321660407514702,0.0,37.028918407407204
Namibia,2021-06-03,2.85,10.329824469411712,-7.479824469411712,7.479824469411712,0.0,31.627082469304217
Cape Verde,2021-06-03,3.9,10.556391633590948,-6.656391633590948,6.656391633590948,0.0,31.853649633483453
Algeria,2021-06-03,0.17,15.036175070828108,-14.866175070828108,14.866175070828108,0.0,36.333433070720616
Saudi Arabia,2021-06-03,0.0,17.416601097836214,-17.416601097836214,17.416601097836214,0.0,38.713859097728715
Ireland,2021-06-03,35.66,28.944775714880244,6.715224285119753,6.715224285119753,7.647517714987739,50.242033714772745
Bhutan,2021-06-03,62.56,67.13629007372222,-4.57629007372222,4.57629007372222,45.83903207382971,88.43354807361473
Nigeria,2021-06-03,0.95,11.606494158717823,-10.656494158717823,10.656494158717823,0.0,32.90375215861033
Liechtenstein,2021-06-03,35.88,28.384513274413642,7.49548672558636,7.49548672558636,7.087255274521137,49.68177127430614
Angola,2021-06-03,2.07,12.305338550669635,-10.235338550669635,10.235338550669635,0.0,33.60259655056214
Gambia,2021-06-03,1.21,11.095164201182914,-9.885164201182914,9.885164201182914,0.0,32.39242220107542
Moldova,2021-06-03,8.93,13.275375540120564,-4.345375540120564,4.345375540120564,0.0,34.57263354001307
Liberia,2021-06-03,1.11,4.41476626555399,-3.3047662655539893,3.3047662655539893,0.0,25.712024265446495
Zambia,2021-06-03,0.77,6.983590672713973,-6.213590672713973,6.213590672713973,0.0,28.280848672606478
Australia,2021-06-03,16.05,13.548331536566579,2.501668463433422,2.501668463433422,0.0,34.84558953645909
Niger,2021-06-03,0.63,8.62837895628213,-7.998378956282131,7.998378956282131,0.0,29.925636956174635
Iceland,2021-06-03,54.1,32.184335216870316,21.915664783129685,21.915664783129685,10.887077216977811,53.48159321676282
Sweden,2021-06-03,37.32,29.349687517386236,7.970312482613764,7.970312482613764,8.052429517493731,50.64694551727874
Bulgaria,2021-06-03,11.91,22.420236838436466,-10.510236838436466,10.510236838436466,1.1229788385439612,43.717494838328975
Spain,2021-06-03,40.72,29.521749269776052,11.198250730223947,11.198250730223947,8.224491269883547,50.81900726966856
Sao Tome and Principe,2021-06-03,5.65,13.804706108979587,-8.154706108979587,8.154706108979587,0.0,35.101964108872096
Iraq,2021-06-03,0.74,11.862957598288588,-11.122957598288588,11.122957598288588,0.0,33.1602155981811
Ethiopia,2021-06-03,1.61,8.160810033270977,-6.550810033270976,6.550810033270976,0.0,29.45806803316348
Antigua and Barbuda,2021-06-03,34.34,33.946971157730744,0.3930288422692598,0.3930288422692598,12.649713157838239,55.24422915762325
Vietnam,2021-06-03,1.16,11.161093668540936,-10.001093668540936,10.001093668540936,0.0,32.45835166843344
Ghana,2021-06-03,2.74,13.431171884002918,-10.691171884002918,10.691171884002918,0.0,34.72842988389542
Croatia,2021-06-03,32.08,26.406749009973836,5.673250990026162,5.673250990026162,5.1094910100813316,47.704007009866345
Libya,2021-06-03,3.55,6.945928260374966,-3.3959282603749665,3.3959282603749665,0.0,28.24318626026747
Syria,2021-06-03,0.14,11.507005217336186,-11.367005217336185,11.367005217336185,0.0,32.804263217228694
Jersey,2021-06-03,60.63,58.283727378055794,2.346272621944209,2.346272621944209,36.98646937816329,79.5809853779483
Paraguay,2021-06-03,4.05,13.447183826420854,-9.397183826420854,9.397183826420854,0.0,34.74444182631336
United States,2021-06-03,50.56,40.530043739057575,10.029956260942427,10.029956260942427,19.23278573916507,61.827301738950084
Solomon Islands,2021-06-03,1.91,9.62523323688906,-7.715233236889059,7.715233236889059,0.0,30.922491236781564
Latvia,2021-06-03,29.71,25.532854606263705,4.177145393736296,4.177145393736296,4.2355966063712,46.830112606156206
Monaco,2021-06-03,45.11,34.77019728583582,10.339802714164179,10.339802714164179,13.472939285943315,56.06745528572833
Gabon,2021-06-03,0.64,9.452651792904625,-8.812651792904624,8.812651792904624,0.0,30.74990979279713
Sint Maarten (Dutch part),2021-06-03,39.7,39.49834047691987,0.20165952308013146,0.20165952308013146,18.201082477027366,60.79559847681237
Afghanistan,2021-06-03,1.24,12.65313279348674,-11.41313279348674,11.41313279348674,0.0,33.95039079337924
Hong Kong,2021-06-03,19.25,20.08862729898147,-0.8386272989814714,0.8386272989814714,0.0,41.38588529887397
Tajikistan,2021-06-03,0.83,4.695381380609135,-3.8653813806091346,3.8653813806091346,0.0,25.99263938050164
United Arab Emirates,2021-06-03,51.38,46.949161052254105,4.430838947745897,4.430838947745897,25.6519030523616,68.2464190521466
Turks and Caicos Islands,2021-06-03,53.62,41.65852223796152,11.961477762038477,11.961477762038477,20.361264238069015,62.95578023785403
Kyrgyzstan,2021-06-03,0.57,8.776975447510267,-8.206975447510267,8.206975447510267,0.0,30.074233447402772
Belize,2021-06-03,16.75,18.84624386912771,-2.0962438691277114,2.0962438691277114,0.0,40.14350186902021
Bolivia,2021-06-03,12.17,17.42201554145725,-5.252015541457249,5.252015541457249,0.0,38.71927354134975
Jordan,2021-06-03,13.84,19.75906783742183,-5.9190678374218315,5.9190678374218315,0.0,41.05632583731433
Malawi,2021-06-03,1.87,10.915091550489898,-9.045091550489897,9.045091550489897,0.0,32.2123495503824
Czechia,2021-06-03,37.98,28.148268598467354,9.831731401532643,9.831731401532643,6.851010598574849,49.44552659835986
Barbados,2021-06-03,27.97,33.607413169219846,-5.6374131692198475,5.6374131692198475,12.310155169327341,54.90467116911235
Madagascar,2021-06-03,0.13,3.629766265555247,-3.4997662655552473,3.4997662655552473,0.0,24.927024265447752
Somalia,2021-06-03,0.81,7.1170093414601965,-6.307009341460196,6.307009341460196,0.0,28.4142673413527
Greenland,2021-06-03,29.73,24.535440591608918,5.194559408391083,5.194559408391083,3.238182591716413,45.832698591501426
Taiwan,2021-06-03,2.62,9.617480343162562,-6.997480343162562,6.997480343162562,0.0,30.914738343055067
El Salvador,2021-06-03,18.02,18.620364487073694,-0.6003644870736942,0.6003644870736942,0.0,39.917622486966195
Oman,2021-06-03,4.24,20.289657327352067,-16.049657327352065,16.049657327352065,0.0,41.58691532724457
Slovenia,2021-06-03,33.81,28.894996778568483,4.915003221431519,4.915003221431519,7.5977387786759785,50.19225477846099
Slovakia,2021-06-03,32.77,28.273463555490338,4.496536444509665,4.496536444509665,6.976205555597833,49.570721555382846
Philippines,2021-06-03,3.63,12.610714457363024,-8.980714457363025,8.980714457363025,0.0,33.907972457255525
Mongolia,2021-06-03,56.92,31.75675916711336,25.163240832886643,25.163240832886643,10.459501167220854,53.05401716700587
Cuba,2021-06-03,13.76,8.431205967193044,5.328794032806956,5.328794032806956,0.0,29.72846396708555
Azerbaijan,2021-06-03,14.77,21.06758452111486,-6.29758452111486,6.29758452111486,0.0,42.36484252100736
England,2021-06-03,59.29,50.86270259186093,8.427297408139069,8.427297408139069,29.565444591968426,72.15996059175343
Israel,2021-06-03,63.03,65.74053537790496,-2.710535377904961,2.710535377904961,44.44327737801245,87.03779337779747
Burkina Faso,2021-06-03,0.0,22.830327008441067,-22.830327008441067,22.830327008441067,1.533069008548562,44.12758500833357
Qatar,2021-06-03,52.43,27.126604777681628,25.303395222318372,25.303395222318372,5.829346777789123,48.42386277757413
Lebanon,2021-06-03,8.25,15.671142973817815,-7.421142973817815,7.421142973817815,0.0,36.96840097371032
Uruguay,2021-06-03,54.87,34.55839646790359,20.311603532096406,20.311603532096406,13.261138468011087,55.8556544677961
Belgium,2021-06-03,42.63,30.040405626671706,12.589594373328296,12.589594373328296,8.743147626779201,51.33766362656421
Brunei,2021-06-03,10.01,10.970916517562497,-0.960916517562497,0.960916517562497,0.0,32.268174517455
Malta,2021-06-03,73.45,44.73467113528798,28.71532886471202,28.71532886471202,23.437413135395477,66.03192913518049
Palestine,2021-06-03,7.04,11.999643520726579,-4.959643520726579,4.959643520726579,0.0,33.29690152061909
Kenya,2021-06-03,1.81,12.040074405631362,-10.230074405631362,10.230074405631362,0.0,33.33733240552387
Sudan,2021-06-03,0.82,10.697150348359674,-9.877150348359674,9.877150348359674,0.0,31.99440834825218
Armenia,2021-06-03,1.13,8.377414913351839,-7.247414913351839,7.247414913351839,0.0,29.674672913244343
Chile,2021-06-03,57.89,41.29467997910667,16.595320020893332,16.595320020893332,19.997421979214163,62.59193797899917
Congo,2021-06-03,0.41,6.9868406727539565,-6.576840672753956,6.576840672753956,0.0,28.28409867264646
Tunisia,2021-06-03,6.16,12.004826116406278,-5.844826116406278,5.844826116406278,0.0,33.302084116298786
Bangladesh,2021-06-03,3.54,17.668969257361105,-14.128969257361106,14.128969257361106,0.0,38.96622725725361
Zimbabwe,2021-06-03,4.6,14.209924799598355,-9.609924799598355,9.609924799598355,0.0,35.50718279949086
Central African Republic,2021-06-03,0.37,3.6247662655554187,-3.2547662655554186,3.2547662655554186,0.0,24.922024265447924
Dominican Republic,2021-06-03,32.54,21.731891495123612,10.808108504876387,10.808108504876387,0.4346334952311075,43.029149495016114
Grenada,2021-06-03,15.41,21.06106285443841,-5.651062854438411,5.651062854438411,0.0,42.35832085433091
Seychelles,2021-06-03,71.85,69.37028227907794,2.4797177209220536,2.4797177209220536,48.07302427918543,90.66754027897045
Aruba,2021-06-03,59.95,48.78802604825612,11.161973951743882,11.161973951743882,27.490768048363616,70.08528404814862
Botswana,2021-06-03,6.24,10.658941439757076,-4.418941439757075,4.418941439757075,0.0,31.95619943964958
Bahrain,2021-06-03,57.62,41.821783038265785,15.798216961734212,15.798216961734212,20.52452503837328,63.11904103815829
Laos,2021-06-03,9.18,12.030385668136958,-2.8503856681369584,2.8503856681369584,0.0,33.32764366802947
Isle of Man,2021-06-03,72.11,52.207671864030665,19.902328135969334,19.902328135969334,30.91041386413816,73.50492986392317
Gibraltar,2021-06-03,116.05,94.02247746184213,22.027522538157868,22.027522538157868,72.72521946194962,100.0
Togo,2021-06-03,3.27,11.79495889548405,-8.524958895484051,8.524958895484051,0.0,33.09221689537655
Democratic Republic of Congo,2021-06-03,0.03,6.247853852651069,-6.217853852651069,6.217853852651069,0.0,27.545111852543574
Indonesia,2021-06-03,6.23,18.985279958633974,-12.755279958633974,12.755279958633974,0.0,40.282537958526476
Luxembourg,2021-06-03,38.72,28.799231768594517,9.920768231405482,9.920768231405482,7.501973768702012,50.09648976848702
Jamaica,2021-06-03,5.26,13.561406263905099,-8.301406263905099,8.301406263905099,0.0,34.85866426379761
Bahamas,2021-06-03,11.79,14.697667181255632,-2.9076671812556327,2.9076671812556327,0.0,35.99492518114813
South Korea,2021-06-03,13.82,15.292523422686841,-1.4725234226868409,1.4725234226868409,0.0,36.58978142257935
Netherlands,2021-06-03,39.53,28.6944923872153,10.835507612784703,10.835507612784703,7.3972343873227935,49.9917503871078
Georgia,2021-06-03,3.9,10.946685124534536,-7.046685124534536,7.046685124534536,0.0,32.24394312442704
Nauru,2021-06-03,68.23,20.541462207184033,47.68853779281597,47.68853779281597,0.0,41.838720207076534
Bermuda,2021-06-03,60.31,46.381134178260375,13.928865821739628,13.928865821739628,25.08387617836787,67.67839217815288
Anguilla,2021-06-03,60.02,46.51393327310411,13.506066726895895,13.506066726895895,25.216675273211603,67.81119127299661
Pakistan,2021-06-03,2.68,14.899515512797237,-12.219515512797237,12.219515512797237,0.0,36.196773512689745
Belarus,2021-06-03,5.47,19.21197025252212,-13.741970252522123,13.741970252522123,0.0,40.50922825241463
Wales,2021-06-03,68.81,53.14422330508841,15.665776694911592,15.665776694911592,31.846965305195905,74.44148130498091
Canada,2021-06-03,59.7,32.30331283913173,27.396687160868275,27.396687160868275,11.006054839239223,53.60057083902423
Cook Islands,2021-06-03,47.2,22.830327008441067,24.369672991558936,24.369672991558936,1.533069008548562,44.12758500833357
Argentina,2021-06-03,22.48,24.491743687751388,-2.0117436877513875,2.0117436877513875,3.194485687858883,45.78900168764389
Denmark,2021-06-03,39.44,30.251482455581517,9.188517544418481,9.188517544418481,8.954224455689012,51.54874045547402
Rwanda,2021-06-03,2.71,15.112311128403284,-12.402311128403284,12.402311128403284,0.0,36.409569128295786
Nepal,2021-06-03,7.25,19.271257392954276,-12.021257392954276,12.021257392954276,0.0,40.56851539284678
Costa Rica,2021-06-03,19.87,23.23033502907444,-3.360335029074438,3.360335029074438,1.9330770291819341,44.52759302896695
Mozambique,2021-06-03,1.02,11.130452642899929,-10.11045264289993,10.11045264289993,0.0,32.427710642792434
Norway,2021-06-03,32.8,30.78235162125322,2.0176483787467774,2.0176483787467774,9.485093621360715,52.07960962114572
Greece,2021-06-03,36.49,28.290269572250118,8.199730427749884,8.199730427749884,6.993011572357613,49.58752757214262
Senegal,2021-06-03,2.7,13.903682244036457,-11.203682244036457,11.203682244036457,0.0,35.20094024392896
Equatorial Guinea,2021-06-03,10.59,12.781207074778756,-2.191207074778756,2.191207074778756,0.0,34.07846507467126
Guatemala,2021-06-03,2.66,12.673205240868509,-10.013205240868508,10.013205240868508,0.0,33.97046324076101
Andorra,2021-06-03,35.74,28.88537203582034,6.854627964179663,6.854627964179663,7.588114035927834,50.18263003571285
Russia,2021-06-03,11.74,23.354695274900443,-11.614695274900443,11.614695274900443,2.0574372750079384,44.651953274792945
Sri Lanka,2021-06-03,8.25,18.40192933456074,-10.15192933456074,10.15192933456074,0.0,39.69918733445324
Cyprus,2021-06-03,45.08,29.41790544566227,15.662094554337727,15.662094554337727,8.120647445769766,50.71516344555478
Samoa,2021-06-03,16.44,11.015073239033022,5.424926760966979,5.424926760966979,0.0,32.31233123892552
Italy,2021-06-03,41.0,29.306917247115955,11.693082752884045,11.693082752884045,8.00965924722345,50.604175247008456
Austria,2021-06-03,42.34,30.262255084953942,12.077744915046061,12.077744915046061,8.964997085061437,51.559513084846444
France,2021-06-03,40.31,29.26097130116998,11.049028698830021,11.049028698830021,7.963713301277476,50.55822930106248
British Virgin Islands,2021-06-03,38.21,39.84892092039206,-1.63892092039206,1.63892092039206,18.551662920499556,61.14617892028457
Morocco,2021-06-03,24.58,25.14873967938832,-0.5687396793883224,0.5687396793883224,3.8514816794958158,46.44599767928082
South Sudan,2021-06-03,0.09,7.687277854625695,-7.597277854625695,7.597277854625695,0.0,28.9845358545182
Wallis and Futuna,2021-06-03,38.89,41.859765525728044,-2.969765525728043,2.969765525728043,20.56250752583554,63.157023525620545
Serbia,2021-06-03,37.95,34.972377295642865,2.977622704357138,2.977622704357138,13.67511929575036,56.269635295535366
Guyana,2021-06-03,25.92,20.667141285811,5.252858714189003,5.252858714189003,0.0,41.96439928570351
Yemen,2021-06-03,0.35,4.0033813806091345,-3.6533813806091344,3.6533813806091344,0.0,25.30063938050164
Kosovo,2021-06-03,3.61,9.485396500141647,-5.8753965001416475,5.8753965001416475,0.0,30.782654500034152
Lithuania,2021-06-03,39.56,30.307998328196994,9.252001671803008,9.252001671803008,9.01074032830449,51.605256328089496
Fiji,2021-06-03,15.2,14.095238609313316,1.1047613906866829,1.1047613906866829,0.0,35.39249660920582
Kuwait,2021-06-03,19.25,26.444215150481348,-7.194215150481348,7.194215150481348,5.146957150588843,47.74147315037385
Honduras,2021-06-03,3.24,12.100008575010076,-8.860008575010076,8.860008575010076,0.0,33.39726657490258
Venezuela,2021-06-03,1.11,13.158512971062152,-12.048512971062152,12.048512971062152,0.0,34.45577097095466
Romania,2021-06-03,22.77,26.889349679548374,-4.119349679548375,4.119349679548375,5.592091679655869,48.18660767944088
Trinidad and Tobago,2021-06-03,7.62,14.389556026362484,-6.769556026362484,6.769556026362484,0.0,35.68681402625499
Cameroon,2021-06-03,0.24,6.962962870644816,-6.722962870644816,6.722962870644816,0.0,28.26022087053732
Germany,2021-06-03,44.57,30.341984814683627,14.228015185316373,14.228015185316373,9.044726814791122,51.639242814576136
Mauritania,2021-06-03,0.66,8.92171380253615,-8.26171380253615,8.26171380253615,0.0,30.218971802428655
Saint Kitts and Nevis,2021-06-03,37.77,27.827418507772798,9.942581492227205,9.942581492227205,6.530160507880293,49.1246765076653
Japan,2021-06-03,9.21,14.007760320407058,-4.797760320407058,4.797760320407058,0.0,35.30501832029957
India,2021-06-03,12.63,20.55773249686677,-7.927732496866769,7.927732496866769,0.0,41.85499049675927
Tuvalu,2021-06-03,20.35,25.607841840826396,-5.257841840826394,5.257841840826394,4.310583840933891,46.905099840718904
San Marino,2021-06-03,63.59,47.77048949115936,15.819510508840644,15.819510508840644,26.473231491266855,69.06774749105186
Dominica,2021-06-03,27.55,32.81596481522276,-5.2659648152227625,5.2659648152227625,11.518706815330258,54.113222815115265
Sierra Leone,2021-06-03,0.86,10.5456992090416,-9.685699209041601,9.685699209041601,0.0,31.842957208934106
Iran,2021-06-03,3.26,14.323263403666264,-11.063263403666264,11.063263403666264,0.0,35.62052140355877
South Africa,2021-06-03,2.14,13.350167034019282,-11.210167034019282,11.210167034019282,0.0,34.64742503391179
Papua New Guinea,2021-06-03,0.24,8.363825338908388,-8.123825338908388,8.123825338908388,0.0,29.661083338800893
Vanuatu,2021-06-03,0.09,22.830327008441067,-22.740327008441067,22.740327008441067,1.533069008548562,44.12758500833357
Cayman Islands,2021-06-03,68.77,47.50098627361562,21.26901372638438,21.26901372638438,26.20372827372311,68.79824427350812
Guernsey,2021-06-03,49.17,47.82316040751444,1.3468395924855585,1.3468395924855585,26.52590240762194,69.12041840740694
Panama,2021-06-03,16.55,21.670805829732174,-5.1208058297321735,5.1208058297321735,0.3735478298396693,42.96806382962468
Timor,2021-06-03,6.2,8.224090672715722,-2.0240906727157215,2.0240906727157215,0.0,29.521348672608227
Finland,2021-06-03,46.61,31.92313688350098,14.686863116499019,14.686863116499019,10.625878883608475,53.22039488339348
Northern Ireland,2021-06-03,56.98,48.746138198705474,8.233861801294523,8.233861801294523,27.44888019881297,70.04339619859797
Portugal,2021-06-03,39.13,29.55083616603484,9.579163833965161,9.579163833965161,8.253578166142336,50.84809416592735
Turkey,2021-06-03,20.44,25.909221809027017,-5.469221809027015,5.469221809027015,4.611963809134512,47.206479808919525
Maldives,2021-06-03,57.58,51.99113713441897,5.588862865581028,5.588862865581028,30.693879134526465,73.28839513431147
Suriname,2021-06-03,12.17,16.681264661618947,-4.511264661618947,4.511264661618947,0.0,37.97852266151145
New Caledonia,2021-06-03,17.47,21.39663262991443,-3.9266326299144296,3.9266326299144296,0.0993746300219236,42.69389062980693
Kazakhstan,2021-06-03,11.5,17.34522145173112,-5.8452214517311205,5.8452214517311205,0.0,38.64247945162363
Albania,2021-06-03,17.03,18.647178954379456,-1.6171789543794546,1.6171789543794546,0.0,39.944436954271964
Saint Lucia,2021-06-03,15.57,21.40191961133896,-5.831919611338961,5.831919611338961,0.10466161144645625,42.69917761123146
Mali,2021-06-03,0.46,8.506188975272,-8.046188975271999,8.046188975271999,0.0,29.803446975164505
Faeroe Islands,2021-06-03,42.99,32.07156637517587,10.918433624824132,10.918433624824132,10.774308375283365,53.36882437506837
Cote d'Ivoire,2021-06-03,2.15,11.951290931622168,-9.801290931622168,9.801290931622168,0.0,33.24854893151468
Curacao,2021-06-03,52.14,42.99249033397057,9.147509666029428,9.147509666029428,21.695232334078067,64.28974833386307
Uganda,2021-06-03,1.54,11.117327316536677,-9.577327316536678,9.577327316536678,0.0,32.41458531642918
Montserrat,2021-06-03,27.17,33.06793007033278,-5.897930070332777,5.897930070332777,11.770672070440273,54.36518807022529
Thailand,2021-06-03,3.91,12.592582514415191,-8.682582514415191,8.682582514415191,0.0,33.88984051430769
Ukraine,2021-06-03,2.57,12.987984930223504,-10.417984930223504,10.417984930223504,0.0,34.28524293011601
Comoros,2021-06-03,4.96,8.705072070934264,-3.745072070934264,3.745072070934264,0.0,30.00233007082677
Nepal,2021-06-04,7.25,19.49033413632319,-12.240334136323192,12.240334136323192,0.0,40.78759213621569
Fiji,2021-06-04,15.2,14.314315352682232,0.8856846473177669,0.8856846473177669,0.0,35.61157335257474
Macao,2021-06-04,19.14,18.62719728989223,0.5128027101077706,0.5128027101077706,0.0,39.92445528978473
Namibia,2021-06-04,2.92,10.548901212780628,-7.628901212780628,7.628901212780628,0.0,31.846159212673133
Peru,2021-06-04,9.56,16.298584742384712,-6.738584742384711,6.738584742384711,0.0,37.59584274227721
Guatemala,2021-06-04,2.71,12.892281984237425,-10.182281984237424,10.182281984237424,0.0,34.18953998412993
Slovakia,2021-06-04,33.08,28.492540298859254,4.5874597011407445,4.5874597011407445,7.195282298966749,49.78979829875176
Cameroon,2021-06-04,0.24,7.182039614013732,-6.942039614013732,6.942039614013732,0.0,28.479297613906237
Kuwait,2021-06-04,19.25,26.663291893850264,-7.413291893850264,7.413291893850264,5.366033893957759,47.960549893742765
Bolivia,2021-06-04,12.37,17.641092284826165,-5.271092284826166,5.271092284826166,0.0,38.938350284718666
Lithuania,2021-06-04,40.29,30.52707507156591,9.762924928434089,9.762924928434089,9.229817071673406,51.82433307145841
Kosovo,2021-06-04,3.61,9.704473243510563,-6.0944732435105635,6.0944732435105635,0.0,31.001731243403068
Cambodia,2021-06-04,16.21,18.74339243469246,-2.533392434692459,2.533392434692459,0.0,40.04065043458496
French Polynesia,2021-06-04,20.56,22.55985351742745,-1.99985351742745,1.99985351742745,1.262595517534944,43.85711151731995
Philippines,2021-06-04,3.63,12.82979120073194,-9.19979120073194,9.19979120073194,0.0,34.12704920062444
Russia,2021-06-04,11.94,23.57377201826936,-11.63377201826936,11.63377201826936,2.2765140183768544,44.87103001816186
Kazakhstan,2021-06-04,11.62,17.564298195100037,-5.944298195100037,5.944298195100037,0.0,38.861556194992545
Serbia,2021-06-04,37.95,35.19145403901178,2.758545960988222,2.758545960988222,13.894196039119276,56.48871203890428
Grenada,2021-06-04,15.97,21.280139597807327,-5.310139597807327,5.310139597807327,0.0,42.57739759769983
Finland,2021-06-04,47.29,32.142213626869896,15.147786373130103,15.147786373130103,10.844955626977391,53.4394716267624
Bhutan,2021-06-04,62.56,67.35536681709112,-4.7953668170911214,4.7953668170911214,46.058108817198615,88.65262481698363
Nigeria,2021-06-04,0.95,11.825570902086739,-10.87557090208674,10.87557090208674,0.0,33.12282890197925
United States,2021-06-04,50.75,40.74912048242649,10.000879517573509,10.000879517573509,19.451862482533986,62.046378482319
Greece,2021-06-04,36.98,28.509346315619034,8.470653684380963,8.470653684380963,7.212088315726529,49.806604315511535
Romania,2021-06-04,22.9,27.10842642291729,-4.208426422917292,4.208426422917292,5.811168423024785,48.4056844228098
Ecuador,2021-06-04,9.89,17.78878970069964,-7.898789700699638,7.898789700699638,0.0,39.08604770059215
Iran,2021-06-04,3.26,14.54234014703518,-11.28234014703518,11.28234014703518,0.0,35.839598146927685
Argentina,2021-06-04,23.05,24.710820431120304,-1.6608204311203032,1.6608204311203032,3.413562431227799,46.008078431012805
China,2021-06-04,0.0,20.04552201826938,-20.04552201826938,20.04552201826938,0.0,41.34278001816189
Turkey,2021-06-04,20.57,26.128298552395933,-5.558298552395932,5.558298552395932,4.831040552503428,47.42555655228844
Switzerland,2021-06-04,38.63,27.544779357699824,11.085220642300179,11.085220642300179,6.247521357807319,48.84203735759233
Rwanda,2021-06-04,2.71,15.3313878717722,-12.6213878717722,12.6213878717722,0.0,36.6286458716647
Thailand,2021-06-04,4.04,12.811659257784108,-8.771659257784108,8.771659257784108,0.0,34.10891725767661
Canada,2021-06-04,60.48,32.522389582500644,27.957610417499353,27.957610417499353,11.225131582608139,53.819647582393145
New Zealand,2021-06-04,9.81,15.255776721119958,-5.445776721119957,5.445776721119957,0.0,36.553034721012466
Hungary,2021-06-04,54.23,36.429346315619036,17.80065368438096,17.80065368438096,15.13208831572653,57.72660431551154
Samoa,2021-06-04,16.44,11.234149982401938,5.205850017598063,5.205850017598063,0.0,32.53140798229444
Monaco,2021-06-04,45.11,34.989274029204736,10.120725970795263,10.120725970795263,13.692016029312231,56.286532029097245
Morocco,2021-06-04,24.58,25.367816422757237,-0.7878164227572384,0.7878164227572384,4.070558422864732,46.66507442264974
Gabon,2021-06-04,0.64,9.671728536273541,-9.03172853627354,9.03172853627354,0.0,30.968986536166046
Cyprus,2021-06-04,45.08,29.636982189031187,15.443017810968811,15.443017810968811,8.339724189138682,50.934240188923695
Guernsey,2021-06-04,49.17,48.04223715088336,1.1277628491166425,1.1277628491166425,26.744979150990854,69.33949515077586
Egypt,2021-06-04,2.41,15.950737150883619,-13.540737150883619,13.540737150883619,0.0,37.24799515077612
Trinidad and Tobago,2021-06-04,7.87,14.6086327697314,-6.7386327697314,6.7386327697314,0.0,35.90589076962391
Czechia,2021-06-04,38.57,28.36734534183627,10.20265465816373,10.20265465816373,7.070087341943765,49.66460334172878
Saint Vincent and the Grenadines,2021-06-04,16.6,21.68608005856464,-5.08608005856464,5.08608005856464,0.3888220586721367,42.98333805845715
Senegal,2021-06-04,2.7,14.122758987405373,-11.422758987405373,11.422758987405373,0.0,35.42001698729788
Mozambique,2021-06-04,1.02,11.349529386268845,-10.329529386268845,10.329529386268845,0.0,32.64678738616135
Guinea,2021-06-04,2.13,9.480929660146856,-7.350929660146856,7.350929660146856,0.0,30.77818766003936
Scotland,2021-06-04,61.24,48.97872902820826,12.261270971791745,12.261270971791745,27.68147102831575,70.27598702810076
Greenland,2021-06-04,31.0,24.754517334977834,6.245482665022166,6.245482665022166,3.457259335085329,46.05177533487034
Bahrain,2021-06-04,58.34,42.0408597816347,16.299140218365302,16.299140218365302,20.743601781742196,63.3381177815272
Dominica,2021-06-04,27.55,33.03504155859168,-5.4850415585916785,5.4850415585916785,11.737783558699174,54.33229955848418
Bulgaria,2021-06-04,12.01,22.639313581805382,-10.629313581805382,10.629313581805382,1.3420555819128772,43.93657158169789
Nauru,2021-06-04,68.23,20.76053895055295,47.469461049447055,47.469461049447055,0.0,42.05779695044545
Niger,2021-06-04,0.63,8.847455699651047,-8.217455699651046,8.217455699651046,0.0,30.14471369954355
Seychelles,2021-06-04,71.85,69.58935902244684,2.2606409775531517,2.2606409775531517,48.292101022554334,90.88661702233935
Belize,2021-06-04,17.06,19.065320612496627,-2.0053206124966287,2.0053206124966287,0.0,40.36257861238913
Jordan,2021-06-04,13.84,19.978144580790747,-6.1381445807907475,6.1381445807907475,0.0,41.27540258068325
Tuvalu,2021-06-04,20.35,25.82691858419531,-5.47691858419531,5.47691858419531,4.529660584302807,47.12417658408782
Zambia,2021-06-04,0.77,7.202667416082889,-6.432667416082889,6.432667416082889,0.0,28.499925415975394
Netherlands,2021-06-04,39.53,28.913569130584214,10.616430869415787,10.616430869415787,7.6163111306917095,50.210827130476716
Bahamas,2021-06-04,11.79,14.916743924624548,-3.1267439246245488,3.1267439246245488,0.0,36.21400192451705
Curacao,2021-06-04,52.19,43.21156707733949,8.97843292266051,8.97843292266051,21.914309077446983,64.50882507723199
Kyrgyzstan,2021-06-04,0.57,8.996052190879183,-8.426052190879183,8.426052190879183,0.0,30.293310190771688
Luxembourg,2021-06-04,38.72,29.018308511963433,9.701691488036566,9.701691488036566,7.721050512070928,50.315566511855934
France,2021-06-04,40.96,29.480048044538897,11.479951955461104,11.479951955461104,8.182790044646392,50.7773060444314
San Marino,2021-06-04,63.59,47.98956623452826,15.600433765471742,15.600433765471742,26.692308234635757,69.28682423442076
India,2021-06-04,12.98,20.776809240235686,-7.796809240235685,7.796809240235685,0.0,42.07406724012819
Togo,2021-06-04,3.27,12.014035638852967,-8.744035638852967,8.744035638852967,0.0,33.31129363874547
Gibraltar,2021-06-04,116.05,94.24155420521103,21.808445794788966,21.808445794788966,72.94429620531852,100.0
Montserrat,2021-06-04,27.17,33.287006813701694,-6.117006813701693,6.117006813701693,11.98974881380919,54.5842648135942
Botswana,2021-06-04,6.24,10.878018183125992,-4.6380181831259915,4.6380181831259915,0.0,32.1752761830185
Madagascar,2021-06-04,0.13,3.848843008924163,-3.7188430089241633,3.7188430089241633,0.0,25.146101008816668
Liechtenstein,2021-06-04,37.33,28.603590017782558,8.72640998221744,8.72640998221744,7.306332017890053,49.90084801767506
Uganda,2021-06-04,1.54,11.336404059905593,-9.796404059905594,9.796404059905594,0.0,32.6336620597981
Cuba,2021-06-04,14.73,8.65028271056196,6.07971728943804,6.07971728943804,0.0,29.947540710454465
Mongolia,2021-06-04,57.02,31.975835910482274,25.04416408951773,25.04416408951773,10.67857791058977,53.27309391037478
Latvia,2021-06-04,30.07,25.75193134963262,4.31806865036738,4.31806865036738,4.454673349740116,47.04918934952512
Laos,2021-06-04,9.27,12.249462411505874,-2.9794624115058745,2.9794624115058745,0.0,33.54672041139838
Taiwan,2021-06-04,2.85,9.836557086531478,-6.986557086531478,6.986557086531478,0.0,31.133815086423983
Wallis and Futuna,2021-06-04,38.89,42.07884226909696,-3.188842269096959,3.188842269096959,20.781584269204455,63.37610026898946
Indonesia,2021-06-04,6.37,19.20435670200289,-12.83435670200289,12.83435670200289,0.0,40.50161470189539
Angola,2021-06-04,2.07,12.524415294038551,-10.45441529403855,10.45441529403855,0.0,33.821673293931056
Faeroe Islands,2021-06-04,43.81,32.290643118544786,11.519356881455217,11.519356881455217,10.99338511865228,53.58790111843729
Sierra Leone,2021-06-04,0.86,10.764775952410517,-9.904775952410517,9.904775952410517,0.0,32.062033952303025
Ethiopia,2021-06-04,1.62,8.379886776639893,-6.759886776639893,6.759886776639893,0.0,29.677144776532398
Singapore,2021-06-04,38.99,29.96542959180597,9.02457040819403,9.02457040819403,8.668171591913467,51.26268759169848
Montenegro,2021-06-04,21.98,18.27290272829562,3.707097271704381,3.707097271704381,0.0,39.57016072818813
Iceland,2021-06-04,54.98,32.40341196023923,22.576588039760765,22.576588039760765,11.106153960346727,53.700669960131734
Albania,2021-06-04,17.03,18.86625569774837,-1.8362556977483706,1.8362556977483706,0.0,40.16351369764088
Aruba,2021-06-04,59.95,49.00710279162504,10.942897208374966,10.942897208374966,27.709844791732532,70.30436079151754
Anguilla,2021-06-04,60.29,46.733010016473024,13.556989983526975,13.556989983526975,25.43575201658052,68.03026801636553
New Caledonia,2021-06-04,17.47,21.615709373283345,-4.145709373283346,4.145709373283346,0.3184513733908396,42.912967373175846
Poland,2021-06-04,38.05,29.211183050312854,8.838816949687143,8.838816949687143,7.9139250504203495,50.50844105020536
Dominican Republic,2021-06-04,33.99,21.95096823849253,12.039031761507474,12.039031761507474,0.6537102386000235,43.24822623838503
Belarus,2021-06-04,5.47,19.431046995891037,-13.961046995891039,13.961046995891039,0.0,40.728304995783546
Zimbabwe,2021-06-04,4.61,14.42900154296727,-9.819001542967271,9.819001542967271,0.0,35.72625954285978
Antigua and Barbuda,2021-06-04,34.34,34.16604790109966,0.1739520989003438,0.1739520989003438,12.868789901207155,55.46330590099217
Ukraine,2021-06-04,2.69,13.20706167359242,-10.517061673592421,10.517061673592421,0.0,34.50431967348493
Tunisia,2021-06-04,6.42,12.223902859775194,-5.803902859775194,5.803902859775194,0.0,33.5211608596677
Iraq,2021-06-04,0.74,12.082034341657504,-11.342034341657504,11.342034341657504,0.0,33.37929234155001
Chile,2021-06-04,58.29,41.513756722475584,16.776243277524415,16.776243277524415,20.21649872258308,62.811014722368085
Armenia,2021-06-04,1.13,8.596491656720755,-7.466491656720755,7.466491656720755,0.0,29.89374965661326
Central African Republic,2021-06-04,0.37,3.8438430089243347,-3.4738430089243346,3.4738430089243346,0.0,25.14110100881684
Syria,2021-06-04,0.14,11.726081960705102,-11.586081960705101,11.586081960705101,0.0,33.02333996059761
Malawi,2021-06-04,1.87,11.134168293858814,-9.264168293858813,9.264168293858813,0.0,32.431426293751315
Timor,2021-06-04,6.2,8.443167416084638,-2.2431674160846375,2.2431674160846375,0.0,29.740425415977143
Kenya,2021-06-04,1.81,12.259151149000278,-10.449151149000278,10.449151149000278,0.0,33.55640914889278
Sint Maarten (Dutch part),2021-06-04,43.28,39.71741722028879,3.5625827797112137,3.5625827797112137,18.420159220396283,61.01467522018129
Brunei,2021-06-04,10.01,11.189993260931413,-1.179993260931413,1.179993260931413,0.0,32.48725126082392
Tajikistan,2021-06-04,0.83,4.914458123978051,-4.084458123978051,4.084458123978051,0.0,26.211716123870556
Lebanon,2021-06-04,8.27,15.890219717186731,-7.620219717186732,7.620219717186732,0.0,37.18747771707923
Croatia,2021-06-04,32.39,26.625825753342752,5.764174246657248,5.764174246657248,5.328567753450248,47.92308375323526
Uruguay,2021-06-04,55.84,34.77747321127251,21.062526788727496,21.062526788727496,13.480215211380003,56.074731211165016
Cayman Islands,2021-06-04,68.77,47.72006301698453,21.049936983015463,21.049936983015463,26.422805017092028,69.01732101687703
Qatar,2021-06-04,52.97,27.345681521050544,25.624318478949455,25.624318478949455,6.048423521158039,48.642939520943045
Portugal,2021-06-04,39.54,29.769912909403757,9.770087090596242,9.770087090596242,8.472654909511252,51.067170909296266
Australia,2021-06-04,16.58,13.767408279935495,2.8125917200645034,2.8125917200645034,0.0,35.064666279828
Libya,2021-06-04,3.55,7.165005003743882,-3.6150050037438826,3.6150050037438826,0.0,28.462263003636387
Palestine,2021-06-04,7.31,12.218720264095495,-4.9087202640954954,4.9087202640954954,0.0,33.515978263988
Hong Kong,2021-06-04,19.64,20.307704042350387,-0.6677040423503868,0.6677040423503868,0.0,41.60496204224289
Panama,2021-06-04,16.76,21.88988257310109,-5.129882573101089,5.129882573101089,0.5926245732085853,43.1871405729936
Isle of Man,2021-06-04,72.11,52.42674860739958,19.68325139260042,19.68325139260042,31.129490607507076,73.72400660729208
Guyana,2021-06-04,25.92,20.886218029179915,5.033781970820087,5.033781970820087,0.0,42.18347602907242
Suriname,2021-06-04,12.17,16.900341404987863,-4.730341404987863,4.730341404987863,0.0,38.197599404880364
Vanuatu,2021-06-04,0.09,23.049403751809983,-22.959403751809983,22.959403751809983,1.7521457519174781,44.346661751702484
Colombia,2021-06-04,15.41,17.0753787304426,-1.665378730442601,1.665378730442601,0.0,38.3726367303351
Gambia,2021-06-04,1.21,11.31424094455183,-10.10424094455183,10.10424094455183,0.0,32.611498944444335
Jamaica,2021-06-04,5.26,13.780483007274015,-8.520483007274015,8.520483007274015,0.0,35.07774100716652
Norway,2021-06-04,33.38,31.001428364622136,2.3785716353778668,2.3785716353778668,9.704170364729631,52.29868636451464
Uzbekistan,2021-06-04,3.58,10.050195360424539,-6.470195360424539,6.470195360424539,0.0,31.347453360317044
Yemen,2021-06-04,0.35,4.2224581239780505,-3.8724581239780504,3.8724581239780504,0.0,25.519716123870555
Sri Lanka,2021-06-04,8.25,18.621006077929657,-10.371006077929657,10.371006077929657,0.0,39.91826407782216
Malta,2021-06-04,73.72,44.9537478786569,28.7662521213431,28.7662521213431,23.656489878764393,66.2510058785494
Slovenia,2021-06-04,34.3,29.1140735219374,5.185926478062598,5.185926478062598,7.8168155220448945,50.41133152182991
Sudan,2021-06-04,0.82,10.91622709172859,-10.09622709172859,10.09622709172859,0.0,32.213485091621095
Israel,2021-06-04,63.04,65.95961212127386,-2.9196121212738646,2.9196121212738646,44.662354121381355,87.25687012116637
Barbados,2021-06-04,28.64,33.82648991258876,-5.186489912588762,5.186489912588762,12.529231912696257,55.123747912481264
Estonia,2021-06-04,37.35,30.727548044539034,6.622451955460967,6.622451955460967,9.43029004464653,52.02480604443154
Guinea-Bissau,2021-06-04,0.3,4.13384300892384,-3.8338430089238402,3.8338430089238402,0.0,25.431101008816345
Turks and Caicos Islands,2021-06-04,53.62,41.877598981330436,11.742401018669561,11.742401018669561,20.58034098143793,63.174856981222945
Honduras,2021-06-04,3.24,12.319085318378992,-9.079085318378992,9.079085318378992,0.0,33.6163433182715
Cape Verde,2021-06-04,3.9,10.775468376959864,-6.875468376959864,6.875468376959864,0.0,32.07272637685237
Sao Tome and Principe,2021-06-04,5.65,14.023782852348504,-8.373782852348503,8.373782852348503,0.0,35.32104085224101
Bermuda,2021-06-04,60.31,46.60021092162929,13.709789078370711,13.709789078370711,25.302952921736786,67.89746892152179
Congo,2021-06-04,0.41,7.2059174161228725,-6.795917416122872,6.795917416122872,0.0,28.503175416015377
Andorra,2021-06-04,35.74,29.104448779189255,6.635551220810747,6.635551220810747,7.80719077929675,50.40170677908176
Moldova,2021-06-04,8.93,13.49445228348948,-4.56445228348948,4.56445228348948,0.0,34.79171028338199
Mali,2021-06-04,0.46,8.725265718640916,-8.265265718640915,8.265265718640915,0.0,30.02252371853342
Austria,2021-06-04,43.02,30.48133182832286,12.538668171677145,12.538668171677145,9.184073828430353,51.77858982821536
Pakistan,2021-06-04,2.68,15.118592256166153,-12.438592256166153,12.438592256166153,0.0,36.41585025605866
Sweden,2021-06-04,37.32,29.568764260755152,7.751235739244848,7.751235739244848,8.271506260862648,50.866022260647654
Paraguay,2021-06-04,4.07,13.66626056978977,-9.59626056978977,9.59626056978977,0.0,34.96351856968228
Solomon Islands,2021-06-04,1.91,9.844309980257975,-7.934309980257975,7.934309980257975,0.0,31.14156798015048
Germany,2021-06-04,45.01,30.561061558052543,14.448938441947455,14.448938441947455,9.263803558160038,51.85831955794505
British Virgin Islands,2021-06-04,38.21,40.06799766376098,-1.857997663760976,1.857997663760976,18.770739663868472,61.365255663653485
South Sudan,2021-06-04,0.09,7.906354597994611,-7.816354597994611,7.816354597994611,0.0,29.203612597887115
El Salvador,2021-06-04,18.02,18.83944123044261,-0.8194412304426102,0.8194412304426102,0.0,40.13669923033511
Wales,2021-06-04,68.98,53.36330004845734,15.616699951542664,15.616699951542664,32.06604204856484,74.66055804834984
Vietnam,2021-06-04,1.22,11.380170411909852,-10.160170411909851,10.160170411909851,0.0,32.67742841180235
Mauritania,2021-06-04,0.66,9.140790545905066,-8.480790545905066,8.480790545905066,0.0,30.43804854579757
South Africa,2021-06-04,2.25,13.569243777388198,-11.319243777388198,11.319243777388198,0.0,34.8665017772807
England,2021-06-04,59.56,51.08177933522985,8.478220664770156,8.478220664770156,29.78452133533734,72.37903733512235
Bangladesh,2021-06-04,3.54,17.88804600073002,-14.348046000730022,14.348046000730022,0.0,39.18530400062252
Equatorial Guinea,2021-06-04,10.59,13.000283818147672,-2.410283818147672,2.410283818147672,0.0,34.29754181804017
Ghana,2021-06-04,2.74,13.650248627371834,-10.910248627371834,10.910248627371834,0.0,34.94750662726434
Somalia,2021-06-04,0.81,7.3360860848291125,-6.526086084829112,6.526086084829112,0.0,28.633344084721617
Jersey,2021-06-04,60.63,58.502804121424724,2.1271958785752787,2.1271958785752787,37.20554612153222,79.80006212131723
Azerbaijan,2021-06-04,15.19,21.286661264483776,-6.096661264483776,6.096661264483776,0.0,42.58391926437628
Algeria,2021-06-04,0.17,15.255251814197024,-15.085251814197024,15.085251814197024,0.0,36.55250981408953
United Arab Emirates,2021-06-04,51.38,47.16823779562302,4.211762204376981,4.211762204376981,25.870979795730516,68.46549579551552
Maldives,2021-06-04,57.59,52.210213877787886,5.379786122212117,5.379786122212117,30.91295587789538,73.50747187768039
Ireland,2021-06-04,35.66,29.16385245824916,6.496147541750837,6.496147541750837,7.866594458356655,50.46111045814166
Oman,2021-06-04,4.24,20.508734070720983,-16.26873407072098,16.26873407072098,0.0,41.805992070613485
Papua New Guinea,2021-06-04,0.24,8.582902082277304,-8.342902082277304,8.342902082277304,0.0,29.88016008216981
North Macedonia,2021-06-04,11.7,15.222336560893424,-3.522336560893425,3.522336560893425,0.0,36.51959456078593
Mauritius,2021-06-04,18.3,21.127978190953968,-2.827978190953967,2.827978190953967,0.0,42.425236190846476
Japan,2021-06-04,9.21,14.226837063775974,-5.016837063775974,5.016837063775974,0.0,35.52409506366848
Denmark,2021-06-04,40.16,30.470559198950433,9.689440801049564,9.689440801049564,9.173301199057928,51.767817198842934
Burkina Faso,2021-06-04,0.0,23.049403751809983,-23.049403751809983,23.049403751809983,1.7521457519174781,44.346661751702484
Comoros,2021-06-04,4.96,8.92414881430318,-3.9641488143031802,3.9641488143031802,0.0,30.221406814195685
Venezuela,2021-06-04,1.11,13.377589714431068,-12.267589714431068,12.267589714431068,0.0,34.674847714323576
Saint Kitts and Nevis,2021-06-04,37.77,28.046495251141714,9.72350474885829,9.72350474885829,6.749237251249209,49.343753251034215
Saudi Arabia,2021-06-04,0.0,17.63567784120513,-17.63567784120513,17.63567784120513,0.0,38.93293584109763
Brazil,2021-06-04,22.59,23.569903499350552,-0.9799034993505522,0.9799034993505522,2.272645499458047,44.86716149924305
Afghanistan,2021-06-04,1.24,12.872209536855657,-11.632209536855656,11.632209536855656,0.0,34.16946753674816
Cote d'Ivoire,2021-06-04,2.15,12.170367674991084,-10.020367674991084,10.020367674991084,0.0,33.46762567488359
United Kingdom,2021-06-04,59.11,51.01514402008848,8.094855979911522,8.094855979911522,29.717886020195973,72.31240201998098
Georgia,2021-06-04,4.06,11.165761867903452,-7.105761867903452,7.105761867903452,0.0,32.46301986779596
South Korea,2021-06-04,14.54,15.511600166055757,-0.971600166055758,0.971600166055758,0.0,36.808858165948266
Mexico,2021-06-04,18.41,23.243385282377098,-4.8333852823770975,4.8333852823770975,1.9461272824845928,44.5406432822696
Bosnia and Herzegovina,2021-06-04,5.76,14.494943519376108,-8.734943519376108,8.734943519376108,0.0,35.792201519268616
Costa Rica,2021-06-04,19.87,23.449411772443355,-3.579411772443354,3.579411772443354,2.15215377255085,44.74666977233586
Northern Ireland,2021-06-04,57.21,48.96521494207439,8.244785057925611,8.244785057925611,27.667956942181885,70.26247294196689
Malaysia,2021-06-04,7.09,14.325169333671745,-7.235169333671745,7.235169333671745,0.0,35.62242733356425
Liberia,2021-06-04,1.11,4.633843008922906,-3.5238430089229054,3.5238430089229054,0.0,25.93110100881541
Spain,2021-06-04,40.72,29.740826013144968,10.97917398685503,10.97917398685503,8.443568013252463,51.038084013037476
Italy,2021-06-04,41.84,29.52599399048487,12.314006009515133,12.314006009515133,8.228735990592366,50.82325199037737
Benin,2021-06-04,0.1,3.8173815603159156,-3.7173815603159155,3.7173815603159155,0.0,25.11463956020842
Saint Lucia,2021-06-04,15.57,21.620996354707877,-6.050996354707877,6.050996354707877,0.3237383548153723,42.91825435460038
Cook Islands,2021-06-04,47.2,23.049403751809983,24.15059624819002,24.15059624819002,1.7521457519174781,44.346661751702484
Democratic Republic of Congo,2021-06-04,0.03,6.466930596019985,-6.436930596019985,6.436930596019985,0.0,27.76418859591249
Belgium,2021-06-04,43.34,30.259482370040622,13.080517629959381,13.080517629959381,8.962224370148117,51.556740369933124
Guatemala,2021-06-05,2.71,13.111358727606333,-10.401358727606333,10.401358727606333,0.0,34.40861672749884
Russia,2021-06-05,11.99,23.79284876163827,-11.802848761638268,11.802848761638268,2.4955907617457633,45.09010676153078
Austria,2021-06-05,43.39,30.700408571691767,12.689591428308233,12.689591428308233,9.403150571799262,51.997666571584276
Timor,2021-06-05,6.2,8.662244159453547,-2.4622441594535465,2.4622441594535465,0.0,29.95950215934605
Rwanda,2021-06-05,2.71,15.550464615141102,-12.840464615141101,12.840464615141101,0.0,36.847722615033604
Jordan,2021-06-05,13.84,20.197221324159656,-6.3572213241596565,6.3572213241596565,0.0,41.494479324052165
Equatorial Guinea,2021-06-05,10.59,13.21936056151658,-2.629360561516581,2.629360561516581,0.0,34.51661856140909
Morocco,2021-06-05,24.68,25.586893166126146,-0.9068931661261459,0.9068931661261459,4.289635166233641,46.884151166018654
Somalia,2021-06-05,0.81,7.555162828198021,-6.745162828198021,6.745162828198021,0.0,28.852420828090526
Iran,2021-06-05,3.26,14.761416890404085,-11.501416890404085,11.501416890404085,0.0,36.05867489029659
South Sudan,2021-06-05,0.09,8.12543134136352,-8.03543134136352,8.03543134136352,0.0,29.422689341256024
Saint Kitts and Nevis,2021-06-05,39.6,28.265571994510623,11.334428005489379,11.334428005489379,6.968313994618118,49.56282999440313
Lebanon,2021-06-05,8.3,16.10929646055564,-7.80929646055564,7.80929646055564,0.0,37.40655446044815
Azerbaijan,2021-06-05,15.6,21.505738007852685,-5.905738007852685,5.905738007852685,0.20848000796017985,42.80299600774519
Mali,2021-06-05,0.46,8.944342462009825,-8.484342462009824,8.484342462009824,0.0,30.24160046190233
Cameroon,2021-06-05,0.24,7.401116357382641,-7.161116357382641,7.161116357382641,0.0,28.698374357275146
Mauritius,2021-06-05,18.3,21.347054934322877,-3.047054934322876,3.047054934322876,0.04979693443037192,42.64431293421538
Tuvalu,2021-06-05,20.35,26.04599532756422,-5.695995327564219,5.695995327564219,4.748737327671716,47.34325332745672
Madagascar,2021-06-05,0.13,4.067919752293072,-3.9379197522930722,3.9379197522930722,0.0,25.365177752185577
Mongolia,2021-06-05,57.07,32.19491265385118,24.875087346148817,24.875087346148817,10.897654653958678,53.492170653743685
Cyprus,2021-06-05,45.08,29.856058932400096,15.223941067599903,15.223941067599903,8.55880093250759,51.1533169322926
South Africa,2021-06-05,2.27,13.788320520757107,-11.518320520757108,11.518320520757108,0.0,35.08557852064961
Sierra Leone,2021-06-05,0.86,10.983852695779426,-10.123852695779426,10.123852695779426,0.0,32.28111069567193
Solomon Islands,2021-06-05,1.91,10.063386723626884,-8.153386723626884,8.153386723626884,0.0,31.36064472351939
Thailand,2021-06-05,4.08,13.030736001153016,-8.950736001153016,8.950736001153016,0.0,34.327994001045525
Romania,2021-06-05,23.0,27.3275031662862,-4.327503166286199,4.327503166286199,6.030245166393694,48.6247611661787
Saint Vincent and the Grenadines,2021-06-05,16.6,21.90515680193355,-5.305156801933549,5.305156801933549,0.6078988020410456,43.20241480182605
Kuwait,2021-06-05,19.25,26.88236863721918,-7.63236863721918,7.63236863721918,5.585110637326675,48.17962663711168
Latvia,2021-06-05,30.25,25.97100809300153,4.2789919069984705,4.2789919069984705,4.673750093109025,47.26826609289404
Mozambique,2021-06-05,1.02,11.568606129637754,-10.548606129637754,10.548606129637754,0.0,32.86586412953026
Cuba,2021-06-05,15.41,8.869359453930869,6.540640546069131,6.540640546069131,0.0,30.166617453823374
Paraguay,2021-06-05,4.11,13.88533731315868,-9.77533731315868,9.77533731315868,0.0,35.18259531305118
El Salvador,2021-06-05,18.02,19.05851797381152,-1.0385179738115191,1.0385179738115191,0.0,40.35577597370403
Comoros,2021-06-05,4.96,9.143225557672089,-4.183225557672089,4.183225557672089,0.0,30.440483557564594
Taiwan,2021-06-05,2.85,10.055633829900387,-7.205633829900387,7.205633829900387,0.0,31.352891829792892
Cayman Islands,2021-06-05,69.64,47.939139760353434,21.700860239646566,21.700860239646566,26.64188176046093,69.23639776024594
San Marino,2021-06-05,63.59,48.20864297789718,15.381357022102826,15.381357022102826,26.911384978004673,69.50590097778968
Trinidad and Tobago,2021-06-05,8.16,14.82770951310031,-6.667709513100309,6.667709513100309,0.0,36.12496751299281
Costa Rica,2021-06-05,19.87,23.668488515812264,-3.798488515812263,3.798488515812263,2.371230515919759,44.965746515704765
Angola,2021-06-05,2.07,12.74349203740746,-10.67349203740746,10.67349203740746,0.0,34.040750037299965
British Virgin Islands,2021-06-05,38.21,40.287074407129886,-2.077074407129885,2.077074407129885,18.98981640723738,61.58433240702239
Japan,2021-06-05,9.21,14.445913807144883,-5.2359138071448825,5.2359138071448825,0.0,35.743171807037385
Hungary,2021-06-05,54.45,36.648423058987945,17.80157694101206,17.80157694101206,15.35116505909544,57.94568105888045
Andorra,2021-06-05,35.74,29.323525522558164,6.416474477441838,6.416474477441838,8.026267522665659,50.620783522450665
Guernsey,2021-06-05,49.17,48.261313894252275,0.9086861057477265,0.9086861057477265,26.96405589435977,69.55857189414478
Singapore,2021-06-05,38.99,30.18450633517488,8.805493664825121,8.805493664825121,8.887248335282376,51.48176433506738
Kosovo,2021-06-05,3.61,9.923549986879472,-6.313549986879472,6.313549986879472,0.0,31.220807986771977
Estonia,2021-06-05,37.62,30.946624787907943,6.673375212092054,6.673375212092054,9.649366788015438,52.243882787800445
Italy,2021-06-05,42.66,29.74507073385378,12.914929266146217,12.914929266146217,8.447812733961275,51.04232873374629
New Caledonia,2021-06-05,17.47,21.834786116652253,-4.364786116652255,4.364786116652255,0.5375281167597485,43.13204411654476
French Polynesia,2021-06-05,20.56,22.778930260796358,-2.218930260796359,2.218930260796359,1.4816722609038528,44.076188260688866
Guinea-Bissau,2021-06-05,0.3,4.352919752292749,-4.052919752292749,4.052919752292749,0.0,25.650177752185254
Honduras,2021-06-05,3.24,12.5381620617479,-9.2981620617479,9.2981620617479,0.0,33.835420061640406
Cook Islands,2021-06-05,47.2,23.268480495178892,23.93151950482111,23.93151950482111,1.971222495286387,44.5657384950714
Fiji,2021-06-05,15.2,14.533392096051141,0.6666079039488579,0.6666079039488579,0.0,35.830650095943646
Albania,2021-06-05,17.03,19.08533244111728,-2.0553324411172795,2.0553324411172795,0.0,40.38259044100978
Macao,2021-06-05,19.88,18.846274033261146,1.033725966738853,1.033725966738853,0.0,40.14353203315365
Nepal,2021-06-05,7.25,19.7094108796921,-12.4594108796921,12.4594108796921,0.0,41.00666887958461
Saint Lucia,2021-06-05,15.57,21.840073098076786,-6.270073098076786,6.270073098076786,0.5428150981842812,43.137331097969295
Samoa,2021-06-05,16.44,11.453226725770847,4.986773274229154,4.986773274229154,0.0,32.750484725663355
Cape Verde,2021-06-05,3.9,10.994545120328773,-7.094545120328773,7.094545120328773,0.0,32.291803120221275
Northern Ireland,2021-06-05,57.41,49.18429168544329,8.225708314556705,8.225708314556705,27.887033685550787,70.48154968533579
New Zealand,2021-06-05,9.93,15.474853464488866,-5.544853464488867,5.544853464488867,0.0,36.77211146438137
Argentina,2021-06-05,23.75,24.929897174489213,-1.1798971744892128,1.1798971744892128,3.632639174596708,46.22715517438172
Kazakhstan,2021-06-05,11.76,17.783374938468945,-6.023374938468946,6.023374938468946,0.0,39.08063293836145
Cambodia,2021-06-05,16.36,18.96246917806137,-2.6024691780613693,2.6024691780613693,0.0,40.25972717795388
Mexico,2021-06-05,18.69,23.462462025746007,-4.772462025746005,4.772462025746005,2.1652040258535017,44.759720025638515
Maldives,2021-06-05,57.67,52.4292906211568,5.240709378843199,5.240709378843199,31.132032621264297,73.7265486210493
Faeroe Islands,2021-06-05,43.81,32.5097198619137,11.3002801380863,11.3002801380863,11.212461862021197,53.8069778618062
Montenegro,2021-06-05,22.18,18.49197947166453,3.6880205283354712,3.6880205283354712,0.0,39.78923747155703
Sri Lanka,2021-06-05,8.97,18.840082821298566,-9.870082821298565,9.870082821298565,0.0,40.137340821191074
Tunisia,2021-06-05,6.67,12.442979603144103,-5.772979603144103,5.772979603144103,0.0,33.740237603036604
Lithuania,2021-06-05,40.74,30.74615181493482,9.993848185065183,9.993848185065183,9.448893815042315,52.04340981482733
United Arab Emirates,2021-06-05,51.38,47.38731453899192,3.9926854610080795,3.9926854610080795,26.090056539099418,68.68457253888442
Venezuela,2021-06-05,1.11,13.596666457799977,-12.486666457799977,12.486666457799977,0.0,34.89392445769248
Portugal,2021-06-05,40.02,29.988989652772666,10.031010347227337,10.031010347227337,8.691731652880161,51.28624765266517
Hong Kong,2021-06-05,20.06,20.526780785719296,-0.4667807857192976,0.4667807857192976,0.0,41.824038785611805
Tajikistan,2021-06-05,0.83,5.13353486734696,-4.30353486734696,4.30353486734696,0.0,26.430792867239465
United Kingdom,2021-06-05,59.41,51.23422076345738,8.175779236542617,8.175779236542617,29.936962763564875,72.53147876334988
Panama,2021-06-05,16.76,22.10895931647,-5.348959316469998,5.348959316469998,0.8117013165774942,43.4062173163625
Greece,2021-06-05,37.46,28.728423058987936,8.731576941012065,8.731576941012065,7.431165059095431,50.02568105888044
Serbia,2021-06-05,38.2,35.4105307823807,2.789469217619306,2.789469217619306,14.113272782488192,56.7077887822732
Ukraine,2021-06-05,2.78,13.42613841696133,-10.64613841696133,10.64613841696133,0.0,34.72339641685383
Sint Maarten (Dutch part),2021-06-05,43.28,39.936493963657696,3.343506036342305,3.343506036342305,18.63923596376519,61.233751963550205
Cote d'Ivoire,2021-06-05,2.25,12.389444418359993,-10.139444418359993,10.139444418359993,0.0,33.686702418252494
Norway,2021-06-05,33.45,31.220505107991045,2.229494892008958,2.229494892008958,9.92324710809854,52.51776310788355
Senegal,2021-06-05,2.7,14.341835730774282,-11.641835730774282,11.641835730774282,0.0,35.63909373066679
Suriname,2021-06-05,12.79,17.11941814835678,-4.32941814835678,4.32941814835678,0.0,38.41667614824928
Ecuador,2021-06-05,10.06,18.007866444068547,-7.947866444068547,7.947866444068547,0.0,39.30512444396105
Poland,2021-06-05,38.45,29.430259793681763,9.01974020631824,9.01974020631824,8.133001793789258,50.727517793574265
Guyana,2021-06-05,26.68,21.105294772548824,5.574705227451176,5.574705227451176,0.0,42.402552772441325
Papua New Guinea,2021-06-05,0.24,8.801978825646213,-8.561978825646213,8.561978825646213,0.0,30.099236825538718
Grenada,2021-06-05,15.97,21.49921634117623,-5.5292163411762285,5.5292163411762285,0.20195834128372425,42.79647434106873
Colombia,2021-06-05,15.83,17.29445547381151,-1.46445547381151,1.46445547381151,0.0,38.59171347370402
Canada,2021-06-05,61.09,32.74146632586956,28.348533674130444,28.348533674130444,11.444208325977055,54.03872432576206
Yemen,2021-06-05,0.35,4.4415348673469595,-4.09153486734696,4.09153486734696,0.0,25.738792867239464
Denmark,2021-06-05,40.76,30.68963594231934,10.070364057680656,10.070364057680656,9.392377942426837,51.98689394221185
Belize,2021-06-05,17.06,19.284397355865536,-2.2243973558655377,2.2243973558655377,0.0,40.581655355758045
Zambia,2021-06-05,0.77,7.421744159451798,-6.651744159451798,6.651744159451798,0.0,28.719002159344303
Anguilla,2021-06-05,60.29,46.95208675984194,13.33791324015806,13.33791324015806,25.654828759949435,68.24934475973444
Turkey,2021-06-05,20.77,26.34737529576484,-5.577375295764842,5.577375295764842,5.050117295872337,47.64463329565734
Malta,2021-06-05,74.09,45.17282462202581,28.917175377974196,28.917175377974196,23.875566622133302,66.47008262191831
North Macedonia,2021-06-05,11.78,15.441413304262333,-3.661413304262334,3.661413304262334,0.0,36.738671304154835
China,2021-06-05,0.0,20.26459876163829,-20.26459876163829,20.26459876163829,0.0,41.56185676153079
Vanuatu,2021-06-05,0.09,23.268480495178892,-23.178480495178892,23.178480495178892,1.971222495286387,44.5657384950714
Isle of Man,2021-06-05,72.11,52.64582535076848,19.464174649231516,19.464174649231516,31.348567350875978,73.94308335066098
Australia,2021-06-05,17.11,13.986485023304404,3.1235149766955956,3.1235149766955956,0.0,35.283743023196905
Wales,2021-06-05,69.14,53.58237679182624,15.557623208173759,15.557623208173759,32.28511879193374,74.87963479171874
India,2021-06-05,13.11,20.995885983604595,-7.885885983604595,7.885885983604595,0.0,42.2931439834971
Dominica,2021-06-05,27.74,33.254118301960595,-5.514118301960597,5.514118301960597,11.95686030206809,54.5513763018531
Democratic Republic of Congo,2021-06-05,0.03,6.686007339388894,-6.656007339388894,6.656007339388894,0.0,27.9832653392814
Iceland,2021-06-05,54.98,32.62248870360815,22.35751129639185,22.35751129639185,11.325230703715643,53.91974670350065
Bahamas,2021-06-05,12.32,15.135820667993457,-2.8158206679934565,2.8158206679934565,0.0,36.433078667885965
Uganda,2021-06-05,1.64,11.555480803274502,-9.915480803274502,9.915480803274502,0.0,32.85273880316701
Belgium,2021-06-05,44.11,30.47855911340953,13.631440886590468,13.631440886590468,9.181301113517026,51.77581711330204
Antigua and Barbuda,2021-06-05,34.34,34.38512464446857,-0.04512464446856512,0.04512464446856512,13.087866644576064,55.68238264436107
Burkina Faso,2021-06-05,0.0,23.268480495178892,-23.268480495178892,23.268480495178892,1.971222495286387,44.5657384950714
Chile,2021-06-05,58.42,41.73283346584449,16.68716653415551,16.68716653415551,20.435575465951988,63.030091465737
Laos,2021-06-05,9.34,12.468539154874783,-3.128539154874783,3.128539154874783,0.0,33.765797154767284
Wallis and Futuna,2021-06-05,38.89,42.29791901246587,-3.407919012465868,3.407919012465868,21.000661012573364,63.59517701235838
Jamaica,2021-06-05,5.26,13.999559750642923,-8.739559750642924,8.739559750642924,0.0,35.296817750535425
Oman,2021-06-05,4.24,20.727810814089892,-16.48781081408989,16.48781081408989,0.0,42.0250688139824
Syria,2021-06-05,0.14,11.94515870407401,-11.80515870407401,11.80515870407401,0.0,33.24241670396651
Netherlands,2021-06-05,39.53,29.132645873953116,10.397354126046885,10.397354126046885,7.835387874060611,50.42990387384562
Gambia,2021-06-05,1.21,11.53331768792074,-10.323317687920738,10.323317687920738,0.0,32.830575687813244
Uruguay,2021-06-05,56.18,34.99654995464142,21.183450045358583,21.183450045358583,13.699291954748912,56.29380795453392
Spain,2021-06-05,40.72,29.959902756513877,10.760097243486122,10.760097243486122,8.662644756621372,51.25716075640638
Uzbekistan,2021-06-05,3.58,10.269272103793448,-6.6892721037934475,6.6892721037934475,0.0,31.566530103685952
Bermuda,2021-06-05,63.03,46.81928766499819,16.21071233500181,16.21071233500181,25.522029665105688,68.1165456648907
Kenya,2021-06-05,1.81,12.478227892369187,-10.668227892369186,10.668227892369186,0.0,33.77548589226169
Namibia,2021-06-05,2.99,10.767977956149537,-7.777977956149536,7.777977956149536,0.0,32.065235956042045
Gabon,2021-06-05,0.64,9.89080527964245,-9.25080527964245,9.25080527964245,0.0,31.188063279534955
Czechia,2021-06-05,38.88,28.58642208520518,10.293577914794824,10.293577914794824,7.289164085312674,49.88368008509768
Turks and Caicos Islands,2021-06-05,53.62,42.096675724699345,11.523324275300652,11.523324275300652,20.79941772480684,63.39393372459185
Barbados,2021-06-05,28.69,34.04556665595767,-5.35556665595767,5.35556665595767,12.748308656065166,55.34282465585018
Togo,2021-06-05,3.27,12.233112382221876,-8.963112382221876,8.963112382221876,0.0,33.530370382114384
Kyrgyzstan,2021-06-05,0.57,9.215128934248092,-8.645128934248092,8.645128934248092,0.0,30.512386934140597
Israel,2021-06-05,63.04,66.1786888646428,-3.138688864642795,3.138688864642795,44.881430864750286,87.4759468645353
Scotland,2021-06-05,61.61,49.19780577157717,12.412194228422827,12.412194228422827,27.900547771684668,70.49506377146967
Bahrain,2021-06-05,58.68,42.25993652500362,16.420063474996383,16.420063474996383,20.962678525111112,63.55719452489612
France,2021-06-05,41.4,29.699124787907806,11.700875212092193,11.700875212092193,8.401866788015301,50.996382787800314
Sudan,2021-06-05,0.82,11.135303835097499,-10.315303835097499,10.315303835097499,0.0,32.432561834990004
Greenland,2021-06-05,31.0,24.973594078346743,6.026405921653257,6.026405921653257,3.676336078454238,46.270852078239244
Slovakia,2021-06-05,33.29,28.711617042228163,4.5783829577718365,4.5783829577718365,7.414359042335658,50.008875042120664
Liechtenstein,2021-06-05,37.33,28.82266676115146,8.507333238848538,8.507333238848538,7.525408761258955,50.11992476104396
Slovenia,2021-06-05,34.6,29.33315026530631,5.266849734693693,5.266849734693693,8.035892265413803,50.63040826519881
Philippines,2021-06-05,3.63,13.048867944100849,-9.41886794410085,9.41886794410085,0.0,34.34612594399336
Gibraltar,2021-06-05,116.05,94.46063094857996,21.589369051420036,21.589369051420036,73.16337294868745,100.0
Central African Republic,2021-06-05,0.37,4.062919752293244,-3.6929197522932435,3.6929197522932435,0.0,25.36017775218575
Monaco,2021-06-05,45.11,35.208350772573645,9.901649227426354,9.901649227426354,13.91109277268114,56.50560877246615
Ireland,2021-06-05,35.66,29.382929201618076,6.277070798381921,6.277070798381921,8.085671201725571,50.68018720151058
Liberia,2021-06-05,1.11,4.852919752291815,-3.7429197522918143,3.7429197522918143,0.0,26.15017775218432
Armenia,2021-06-05,1.13,8.815568400089663,-7.685568400089664,7.685568400089664,0.0,30.11282639998217
Malawi,2021-06-05,1.87,11.353245037227722,-9.483245037227721,9.483245037227721,0.0,32.65050303712023
Sao Tome and Principe,2021-06-05,5.65,14.242859595717412,-8.592859595717412,8.592859595717412,0.0,35.540117595609914
Algeria,2021-06-05,0.17,15.474328557565933,-15.304328557565933,15.304328557565933,0.0,36.771586557458434
Qatar,2021-06-05,53.16,27.564758264419453,25.595241735580544,25.595241735580544,6.267500264526948,48.86201626431196
Afghanistan,2021-06-05,1.24,13.091286280224566,-11.851286280224565,11.851286280224565,0.0,34.388544280117074
Montserrat,2021-06-05,27.17,33.5060835570706,-6.336083557070602,6.336083557070602,12.208825557178098,54.803341556963105
Iraq,2021-06-05,0.74,12.301111085026413,-11.561111085026413,11.561111085026413,0.0,33.598369084918914
Bosnia and Herzegovina,2021-06-05,5.76,14.714020262745017,-8.954020262745017,8.954020262745017,0.0,36.01127826263752
Dominican Republic,2021-06-05,34.89,22.170044981861437,12.719955018138563,12.719955018138563,0.8727869819689325,43.467302981753946
Finland,2021-06-05,47.29,32.3612903702388,14.928709629761201,14.928709629761201,11.064032370346293,53.6585483701313
Germany,2021-06-05,45.16,30.780138301421452,14.379861698578544,14.379861698578544,9.482880301528947,52.077396301313954
Aruba,2021-06-05,59.95,49.22617953499394,10.723820465006064,10.723820465006064,27.928921535101434,70.52343753488644
Seychelles,2021-06-05,71.85,69.80843576581574,2.04156423418425,2.04156423418425,48.511177765923236,91.10569376570825
United States,2021-06-05,50.91,40.9681972257954,9.941802774204596,9.941802774204596,19.670939225902895,62.2654552256879
Nauru,2021-06-05,68.23,20.979615693921858,47.250384306078146,47.250384306078146,0.0,42.276873693814366
Brunei,2021-06-05,10.01,11.409070004300322,-1.399070004300322,1.399070004300322,0.0,32.70632800419283
Sweden,2021-06-05,37.32,29.78784100412406,7.532158995875939,7.532158995875939,8.490583004231556,51.08509900401657
Pakistan,2021-06-05,2.88,15.337668999535062,-12.457668999535063,12.457668999535063,0.0,36.63492699942756
Peru,2021-06-05,9.58,16.51766148575362,-6.937661485753621,6.937661485753621,0.0,37.81491948564613
England,2021-06-05,59.87,51.30085607859876,8.569143921401235,8.569143921401235,30.003598078706258,72.59811407849126
Saudi Arabia,2021-06-05,0.0,17.85475458457404,-17.85475458457404,17.85475458457404,0.0,39.15201258446655
Curacao,2021-06-05,52.3,43.4306438207084,8.8693561792916,8.8693561792916,22.133385820815892,64.7279018206009
Niger,2021-06-05,0.63,9.066532443019955,-8.436532443019955,8.436532443019955,0.0,30.36379044291246
South Korea,2021-06-05,14.81,15.730676909424666,-0.9206769094246656,0.9206769094246656,0.0,37.02793490931717
Belarus,2021-06-05,5.47,19.650123739259946,-14.180123739259948,14.180123739259948,0.0,40.94738173915245
Benin,2021-06-05,0.1,4.0364583036848245,-3.9364583036848244,3.9364583036848244,0.0,25.33371630357733
Moldova,2021-06-05,8.98,13.713529026858389,-4.733529026858388,4.733529026858388,0.0,35.01078702675089
Bulgaria,2021-06-05,12.05,22.85839032517429,-10.80839032517429,10.80839032517429,1.5611323252817861,44.15564832506679
Guinea,2021-06-05,2.13,9.700006403515765,-7.570006403515765,7.570006403515765,0.0,30.99726440340827
Vietnam,2021-06-05,1.24,11.59924715527876,-10.35924715527876,10.35924715527876,0.0,32.89650515517127
Zimbabwe,2021-06-05,4.62,14.64807828633618,-10.028078286336179,10.028078286336179,0.0,35.94533628622868
Bolivia,2021-06-05,12.43,17.860169028195074,-5.430169028195074,5.430169028195074,0.0,39.15742702808758
Palestine,2021-06-05,7.32,12.437797007464404,-5.117797007464404,5.117797007464404,0.0,33.735055007356905
Jersey,2021-06-05,60.63,58.721880864793626,1.9081191352063769,1.9081191352063769,37.424622864901124,80.01913886468613
Botswana,2021-06-05,6.24,11.0970949264949,-4.8570949264949,4.8570949264949,0.0,32.394352926387405
Libya,2021-06-05,3.55,7.384081747112791,-3.8340817471127915,3.8340817471127915,0.0,28.681339747005296
Switzerland,2021-06-05,39.12,27.763856101068733,11.356143898931265,11.356143898931265,6.466598101176228,49.061114100961234
Ghana,2021-06-05,2.74,13.869325370740743,-11.129325370740743,11.129325370740743,0.0,35.16658337063325
Ethiopia,2021-06-05,1.63,8.598963520008802,-6.968963520008802,6.968963520008802,0.0,29.896221519901307
Congo,2021-06-05,0.41,7.424994159491781,-7.014994159491781,7.014994159491781,0.0,28.722252159384286
Brazil,2021-06-05,22.85,23.788980242719468,-0.9389802427194667,0.9389802427194667,2.491722242826963,45.08623824261197
Malaysia,2021-06-05,7.31,14.544246077040654,-7.2342460770406545,7.2342460770406545,0.0,35.84150407693316
Luxembourg,2021-06-05,38.72,29.23738525533234,9.482614744667657,9.482614744667657,7.940127255439837,50.53464325522485
Bangladesh,2021-06-05,3.54,18.107122744098923,-14.567122744098924,14.567122744098924,0.0,39.404380743991425
Georgia,2021-06-05,4.19,11.384838611272361,-7.194838611272361,7.194838611272361,0.0,32.682096611164866
Croatia,2021-06-05,32.58,26.84490249671166,5.735097503288337,5.735097503288337,5.5476444968191565,48.14216049660416
Bhutan,2021-06-05,62.56,67.57444356046003,-5.014443560460023,5.014443560460023,46.27718556056752,88.87170156035253
Mauritania,2021-06-05,0.66,9.359867289273975,-8.699867289273975,8.699867289273975,0.0,30.65712528916648
Egypt,2021-06-05,2.41,16.169813894252528,-13.759813894252527,13.759813894252527,0.0,37.467071894145036
Indonesia,2021-06-05,6.43,19.4234334453718,-12.9934334453718,12.9934334453718,0.0,40.72069144526431
Kazakhstan,2021-06-06,11.88,18.00245168183786,-6.122451681837861,6.122451681837861,0.0,39.29970968173036
Palestine,2021-06-06,7.32,12.65687375083332,-5.33687375083332,5.33687375083332,0.0,33.95413175072582
Hungary,2021-06-06,54.47,36.86749980235686,17.60250019764314,17.60250019764314,15.570241802464356,58.16475780224937
Netherlands,2021-06-06,42.88,29.351722617322032,13.52827738267797,13.52827738267797,8.054464617429527,50.648980617214534
Sudan,2021-06-06,0.82,11.354380578466415,-10.534380578466415,10.534380578466415,0.0,32.65163857835892
Qatar,2021-06-06,53.52,27.78383500778837,25.736164992211634,25.736164992211634,6.486577007895864,49.08109300768088
Uruguay,2021-06-06,56.21,35.21562669801033,20.99437330198967,20.99437330198967,13.918368698117828,56.512884697902834
Seychelles,2021-06-06,71.85,70.02751250918467,1.8224874908153197,1.8224874908153197,48.730254509292166,91.32477050907718
France,2021-06-06,41.6,29.918201531276722,11.68179846872328,11.68179846872328,8.620943531384217,51.21545953116923
Thailand,2021-06-06,4.09,13.249812744521932,-9.159812744521933,9.159812744521933,0.0,34.54707074441444
Papua New Guinea,2021-06-06,0.24,9.021055569015129,-8.781055569015129,8.781055569015129,0.0,30.318313568907634
Georgia,2021-06-06,4.19,11.603915354641277,-7.413915354641277,7.413915354641277,0.0,32.90117335453378
Bahamas,2021-06-06,12.32,15.354897411362373,-3.0348974113623726,3.0348974113623726,0.0,36.65215541125488
Burkina Faso,2021-06-06,0.0,23.487557238547808,-23.487557238547808,23.487557238547808,2.190299238655303,44.784815238440316
Venezuela,2021-06-06,1.11,13.815743201168893,-12.705743201168893,12.705743201168893,0.0,35.113001201061394
Iran,2021-06-06,3.26,14.980493633773001,-11.720493633773001,11.720493633773001,0.0,36.2777516336655
Vanuatu,2021-06-06,0.09,23.487557238547808,-23.397557238547808,23.397557238547808,2.190299238655303,44.784815238440316
Japan,2021-06-06,10.24,14.6649905505138,-4.424990550513799,4.424990550513799,0.0,35.9622485504063
Maldives,2021-06-06,57.74,52.64836736452572,5.091632635474284,5.091632635474284,31.351109364633214,73.94562536441822
Anguilla,2021-06-06,60.29,47.171163503210856,13.118836496789143,13.118836496789143,25.87390550331835,68.46842150310336
Luxembourg,2021-06-06,38.72,29.456461998701258,9.263538001298741,9.263538001298741,8.159203998808753,50.753719998593766
Bahrain,2021-06-06,58.94,42.47901326837253,16.460986731627465,16.460986731627465,21.18175526848003,63.776271268265035
South Sudan,2021-06-06,0.09,8.344508084732436,-8.254508084732436,8.254508084732436,0.0,29.64176608462494
San Marino,2021-06-06,63.67,48.427719721266094,15.242280278733908,15.242280278733908,27.13046172137359,69.7249777211586
Morocco,2021-06-06,24.68,25.80596990949506,-1.125969909495062,1.125969909495062,4.508711909602557,47.10322790938757
Albania,2021-06-06,17.11,19.304409184486197,-2.1944091844861973,2.1944091844861973,0.0,40.6016671843787
Congo,2021-06-06,0.41,7.6440709028606975,-7.234070902860697,7.234070902860697,0.0,28.941328902753202
Indonesia,2021-06-06,6.45,19.642510188740715,-13.192510188740716,13.192510188740716,0.0,40.939768188633224
Saint Kitts and Nevis,2021-06-06,39.6,28.48464873787954,11.115351262120463,11.115351262120463,7.187390737987034,49.78190673777205
Dominican Republic,2021-06-06,35.48,22.389121725230353,13.090878274769643,13.090878274769643,1.0918637253378485,43.68637972512286
Cayman Islands,2021-06-06,69.64,48.158216503722365,21.481783496277636,21.481783496277636,26.86095850382986,69.45547450361487
Montserrat,2021-06-06,27.17,33.72516030043952,-6.555160300439518,6.555160300439518,12.427902300547014,55.02241830033202
Denmark,2021-06-06,41.28,30.908712685688258,10.371287314311743,10.371287314311743,9.611454685795753,52.205970685580766
Sierra Leone,2021-06-06,0.86,11.202929439148342,-10.342929439148342,10.342929439148342,0.0,32.50018743904084
Aruba,2021-06-06,59.95,49.44525627836287,10.504743721637134,10.504743721637134,28.147998278470364,70.74251427825537
Bangladesh,2021-06-06,3.54,18.32619948746784,-14.78619948746784,14.78619948746784,0.0,39.62345748736034
South Africa,2021-06-06,2.28,14.007397264126023,-11.727397264126024,11.727397264126024,0.0,35.30465526401853
Germany,2021-06-06,45.25,30.99921504479037,14.250784955209632,14.250784955209632,9.701957044897863,52.29647304468287
Pakistan,2021-06-06,2.88,15.556745742903978,-12.676745742903979,12.676745742903979,0.0,36.85400374279648
British Virgin Islands,2021-06-06,38.21,40.5061511504988,-2.296151150498801,2.296151150498801,19.208893150606297,61.8034091503913
Zimbabwe,2021-06-06,4.62,14.867155029705096,-10.247155029705095,10.247155029705095,0.0,36.1644130295976
Curacao,2021-06-06,52.36,43.64972056407731,8.710279435922686,8.710279435922686,22.35246256418481,64.94697856396982
Mali,2021-06-06,0.46,9.16341920537874,-8.70341920537874,8.70341920537874,0.0,30.460677205271246
Romania,2021-06-06,23.08,27.546579909655115,-4.466579909655117,4.466579909655117,6.24932190976261,48.84383790954762
Timor,2021-06-06,6.2,8.881320902822463,-2.6813209028224625,2.6813209028224625,0.0,30.178578902714968
Lithuania,2021-06-06,40.94,30.965228558303735,9.974771441696262,9.974771441696262,9.66797055841123,52.262486558196244
Jamaica,2021-06-06,5.26,14.21863649401184,-8.95863649401184,8.95863649401184,0.0,35.51589449390434
Laos,2021-06-06,9.39,12.687615898243699,-3.2976158982436985,3.2976158982436985,0.0,33.9848738981362
Northern Ireland,2021-06-06,57.6,49.40336842881222,8.19663157118778,8.19663157118778,28.106110428919717,70.70062642870472
Kenya,2021-06-06,1.81,12.697304635738103,-10.887304635738102,10.887304635738102,0.0,33.99456263563061
Togo,2021-06-06,3.27,12.452189125590792,-9.182189125590792,9.182189125590792,0.0,33.7494471254833
Faeroe Islands,2021-06-06,44.78,32.72879660528262,12.051203394717383,12.051203394717383,11.431538605390113,54.02605460517512
Bermuda,2021-06-06,63.03,47.03836440836712,15.991635591632878,15.991635591632878,25.741106408474618,68.33562240825962
Armenia,2021-06-06,1.57,9.03464514345858,-7.464645143458579,7.464645143458579,0.0,30.331903143351084
Honduras,2021-06-06,3.73,12.757238805116817,-9.027238805116816,9.027238805116816,0.0,34.05449680500932
New Caledonia,2021-06-06,17.47,22.05386286002117,-4.583862860021171,4.583862860021171,0.7566048601286646,43.35112085991368
Italy,2021-06-06,43.37,29.964147477222696,13.405852522777302,13.405852522777302,8.66688947733019,51.261405477115204
Kosovo,2021-06-06,4.15,10.142626730248388,-5.9926267302483875,5.9926267302483875,0.0,31.439884730140893
Gibraltar,2021-06-06,116.05,94.67970769194886,21.370292308051134,21.370292308051134,73.38244969205635,100.0
Fiji,2021-06-06,15.2,14.752468839420054,0.44753116057994546,0.44753116057994546,0.0,36.049726839312555
Guyana,2021-06-06,26.68,21.32437151591774,5.35562848408226,5.35562848408226,0.02711351602523493,42.62162951581024
Tuvalu,2021-06-06,20.35,26.265072070933137,-5.915072070933135,5.915072070933135,4.967814071040632,47.56233007082564
Uganda,2021-06-06,1.64,11.774557546643418,-10.134557546643418,10.134557546643418,0.0,33.07181554653592
Isle of Man,2021-06-06,72.11,52.8649020941374,19.2450979058626,19.2450979058626,31.567644094244894,74.1621600940299
Ukraine,2021-06-06,2.84,13.645215160330245,-10.805215160330246,10.805215160330246,0.0,34.94247316022275
Malta,2021-06-06,74.32,45.39190136539472,28.92809863460527,28.92809863460527,24.09464336550222,66.68915936528722
Serbia,2021-06-06,38.2,35.62960752574961,2.57039247425039,2.57039247425039,14.332349525857108,56.926865525642114
Democratic Republic of Congo,2021-06-06,0.03,6.90508408275781,-6.87508408275781,6.87508408275781,0.0,28.202342082650315
Panama,2021-06-06,17.25,22.328036059838915,-5.078036059838915,5.078036059838915,1.0307780599464103,43.62529405973142
Chile,2021-06-06,58.44,41.95191020921341,16.48808979078659,16.48808979078659,20.654652209320904,63.24916820910592
Belgium,2021-06-06,44.33,30.697635856778447,13.632364143221551,13.632364143221551,9.400377856885942,51.994893856670956
Portugal,2021-06-06,40.37,30.208066396141582,10.161933603858415,10.161933603858415,8.910808396249077,51.505324396034084
Central African Republic,2021-06-06,0.37,4.28199649566216,-3.9119964956621596,3.9119964956621596,0.0,25.579254495554665
Suriname,2021-06-06,13.78,17.338494891725695,-3.5584948917256956,3.5584948917256956,0.0,38.635752891618196
Montenegro,2021-06-06,22.3,18.711056215033445,3.588943784966556,3.588943784966556,0.0,40.008314214925946
Niger,2021-06-06,0.63,9.285609186388871,-8.65560918638887,8.65560918638887,0.0,30.582867186281376
Libya,2021-06-06,3.55,7.603158490481707,-4.0531584904817075,4.0531584904817075,0.0,28.900416490374212
England,2021-06-06,60.05,51.519932821967664,8.530067178032333,8.530067178032333,30.22267482207516,72.81719082186017
Turkey,2021-06-06,20.99,26.566452039133758,-5.576452039133759,5.576452039133759,5.269194039241253,47.86371003902626
Belarus,2021-06-06,6.47,19.869200482628862,-13.399200482628864,13.399200482628864,0.0,41.166458482521364
Tunisia,2021-06-06,6.89,12.662056346513019,-5.772056346513019,5.772056346513019,0.0,33.95931434640552
Zambia,2021-06-06,0.77,7.640820902820714,-6.870820902820714,6.870820902820714,0.0,28.93807890271322
Vietnam,2021-06-06,1.25,11.818323898647677,-10.568323898647677,10.568323898647677,0.0,33.115581898540185
Mauritius,2021-06-06,18.3,21.566131677691793,-3.266131677691792,3.266131677691792,0.26887367779928795,42.863389677584294
Barbados,2021-06-06,28.84,34.26464339932659,-5.4246433993265875,5.4246433993265875,12.967385399434082,55.561901399219096
Wales,2021-06-06,69.25,53.80145353519516,15.448546464804842,15.448546464804842,32.50419553530266,75.09871153508766
Oman,2021-06-06,4.24,20.94688755745881,-16.706887557458806,16.706887557458806,0.0,42.24414555735132
Paraguay,2021-06-06,4.12,14.104414056527595,-9.984414056527594,9.984414056527594,0.0,35.4016720564201
Kuwait,2021-06-06,19.25,27.101445380588096,-7.851445380588096,7.851445380588096,5.804187380695591,48.3987033804806
Austria,2021-06-06,43.66,30.919485315060683,12.740514684939313,12.740514684939313,9.622227315168178,52.21674331495319
Angola,2021-06-06,2.07,12.962568780776376,-10.892568780776376,10.892568780776376,0.0,34.25982678066888
Brazil,2021-06-06,22.96,24.008056986088384,-1.0480569860883833,1.0480569860883833,2.7107989861958792,45.305314985980885
Gabon,2021-06-06,0.64,10.109882023011366,-9.469882023011365,9.469882023011365,0.0,31.40714002290387
Solomon Islands,2021-06-06,1.91,10.2824634669958,-8.3724634669958,8.3724634669958,0.0,31.579721466888305
Latvia,2021-06-06,30.33,26.190084836370445,4.139915163629553,4.139915163629553,4.892826836477941,47.487342836262954
Mozambique,2021-06-06,1.02,11.78768287300667,-10.76768287300667,10.76768287300667,0.0,33.084940872899175
Cuba,2021-06-06,15.65,9.088436197299785,6.561563802700215,6.561563802700215,0.0,30.38569419719229
Taiwan,2021-06-06,2.94,10.274710573269303,-7.334710573269303,7.334710573269303,0.0,31.571968573161808
Kyrgyzstan,2021-06-06,0.57,9.434205677617008,-8.864205677617008,8.864205677617008,0.0,30.731463677509513
Russia,2021-06-06,12.03,24.011925505007184,-11.981925505007185,11.981925505007185,2.7146675051146794,45.30918350489969
Mongolia,2021-06-06,57.1,32.4139893972201,24.686010602779902,24.686010602779902,11.116731397327595,53.7112473971126
Equatorial Guinea,2021-06-06,10.59,13.438437304885497,-2.848437304885497,2.848437304885497,0.0,34.735695304778005
Australia,2021-06-06,17.44,14.20556176667332,3.2344382333266815,3.2344382333266815,0.0,35.50281976656582
El Salvador,2021-06-06,18.02,19.277594717180435,-1.2575947171804351,1.2575947171804351,0.0,40.57485271707294
Azerbaijan,2021-06-06,15.89,21.7248147512216,-5.8348147512216,5.8348147512216,0.4275567513290959,43.02207275111411
Ireland,2021-06-06,35.66,29.602005944986992,6.057994055013005,6.057994055013005,8.304747945094487,50.89926394487949
Czechia,2021-06-06,39.13,28.805498828574095,10.324501171425908,10.324501171425908,7.50824082868159,50.102756828466596
Turks and Caicos Islands,2021-06-06,53.62,42.31575246806826,11.304247531931736,11.304247531931736,21.018494468175756,63.61301046796076
Bulgaria,2021-06-06,12.09,23.077467068543207,-10.987467068543207,10.987467068543207,1.7802090686507022,44.37472506843571
India,2021-06-06,13.28,21.21496272697351,-7.934962726973511,7.934962726973511,0.0,42.51222072686602
Saint Lucia,2021-06-06,15.57,22.059149841445702,-6.489149841445702,6.489149841445702,0.7618918415531972,43.35640784133821
Dominica,2021-06-06,27.74,33.47319504532951,-5.733195045329513,5.733195045329513,12.175937045437006,54.77045304522201
Uzbekistan,2021-06-06,3.58,10.488348847162364,-6.9083488471623635,6.9083488471623635,0.0,31.78560684705487
Ghana,2021-06-06,2.74,14.088402114109659,-11.348402114109659,11.348402114109659,0.0,35.385660114002164
Antigua and Barbuda,2021-06-06,34.81,34.604201387837485,0.2057986121625177,0.2057986121625177,13.30694338794498,55.901459387729986
Liechtenstein,2021-06-06,37.33,29.041743504520376,8.288256495479622,8.288256495479622,7.744485504627871,50.33900150441288
Philippines,2021-06-06,4.03,13.267944687469765,-9.237944687469763,9.237944687469763,0.0,34.56520268736227
Wallis and Futuna,2021-06-06,38.89,42.516995755834785,-3.626995755834784,3.626995755834784,21.21973775594228,63.81425375572729
Malawi,2021-06-06,1.88,11.572321780596639,-9.69232178059664,9.69232178059664,0.0,32.86957978048915
Jersey,2021-06-06,62.67,58.94095760816254,3.72904239183746,3.72904239183746,37.64369960827004,80.23821560805504
Syria,2021-06-06,0.41,12.164235447442927,-11.754235447442927,11.754235447442927,0.0,33.46149344733543
Algeria,2021-06-06,5.7,15.693405300934849,-9.99340530093485,9.99340530093485,0.0,36.99066330082735
Sao Tome and Principe,2021-06-06,5.65,14.461936339086328,-8.811936339086328,8.811936339086328,0.0,35.75919433897883
Liberia,2021-06-06,1.11,5.071996495660731,-3.9619964956607303,3.9619964956607303,0.0,26.369254495553236
Mauritania,2021-06-06,0.66,9.578944032642891,-8.91894403264289,8.91894403264289,0.0,30.876202032535396
Bhutan,2021-06-06,62.56,67.79352030382896,-5.2335203038289535,5.2335203038289535,46.49626230393645,89.09077830372146
Slovenia,2021-06-06,34.79,29.552227008675224,5.237772991324775,5.237772991324775,8.25496900878272,50.849485008567726
Croatia,2021-06-06,32.6,27.063979240080577,5.536020759919424,5.536020759919424,5.7667212401880725,48.36123723997308
Moldova,2021-06-06,9.0,13.932605770227305,-4.932605770227305,4.932605770227305,0.0,35.229863770119806
Slovakia,2021-06-06,33.41,28.93069378559708,4.479306214402918,4.479306214402918,7.633435785704574,50.22795178548958
Ethiopia,2021-06-06,1.64,8.818040263377718,-7.178040263377718,7.178040263377718,0.0,30.115298263270223
Nauru,2021-06-06,68.23,21.198692437290774,47.03130756270923,47.03130756270923,0.0,42.49595043718328
Iraq,2021-06-06,0.74,12.52018782839533,-11.780187828395329,11.780187828395329,0.0,33.81744582828783
Finland,2021-06-06,47.5,32.580367113607714,14.919632886392286,14.919632886392286,11.28310911371521,53.877625113500216
Scotland,2021-06-06,61.98,49.41688251494609,12.563117485053908,12.563117485053908,28.119624515053584,70.71414051483859
Sweden,2021-06-06,37.32,30.006917747492977,7.313082252507023,7.313082252507023,8.709659747600472,51.304175747385486
Israel,2021-06-06,63.09,66.3977656080117,-3.3077656080116924,3.3077656080116924,45.10050760811919,87.6950236079042
Brunei,2021-06-06,10.01,11.628146747669238,-1.618146747669238,1.618146747669238,0.0,32.92540474756174
Namibia,2021-06-06,2.99,10.987054699518453,-7.997054699518452,7.997054699518452,0.0,32.28431269941096
Botswana,2021-06-06,6.24,11.316171669863817,-5.076171669863816,5.076171669863816,0.0,32.61342966975632
Jordan,2021-06-06,17.13,20.416298067528572,-3.2862980675285733,3.2862980675285733,0.0,41.71355606742108
Madagascar,2021-06-06,0.13,4.286996495661988,-4.156996495661988,4.156996495661988,0.0,25.584254495554493
Guatemala,2021-06-06,2.72,13.33043547097525,-10.610435470975249,10.610435470975249,0.0,34.627693470867754
Guinea,2021-06-06,2.13,9.919083146884681,-7.789083146884681,7.789083146884681,0.0,31.216341146777186
Cape Verde,2021-06-06,3.9,11.21362186369769,-7.313621863697689,7.313621863697689,0.0,32.51087986359019
Samoa,2021-06-06,16.44,11.672303469139763,4.767696530860238,4.767696530860238,0.0,32.96956146903227
Cambodia,2021-06-06,16.47,19.181545921430285,-2.711545921430286,2.711545921430286,0.0,40.47880392132279
Mexico,2021-06-06,18.69,23.681538769114923,-4.991538769114921,4.991538769114921,2.3842807692224177,44.97879676900743
Argentina,2021-06-06,24.5,25.14897391785813,-0.6489739178581289,0.6489739178581289,3.851715917965624,46.44623191775064
Guernsey,2021-06-06,49.17,48.48039063762119,0.6896093623788104,0.6896093623788104,27.183132637728686,69.77764863751369
Egypt,2021-06-06,2.41,16.388890637621444,-13.978890637621443,13.978890637621443,0.0,37.68614863751395
Switzerland,2021-06-06,39.37,27.98293284443765,11.387067155562349,11.387067155562349,6.685674844545144,49.28019084433015
Nepal,2021-06-06,7.25,19.928487623061017,-12.678487623061017,12.678487623061017,0.0,41.225745622953525
Spain,2021-06-06,42.32,30.178979499882793,12.141020500117207,12.141020500117207,8.881721499990288,51.476237499775294
Macao,2021-06-06,20.48,19.065350776630062,1.4146492233699384,1.4146492233699384,0.0,40.36260877652256
Monaco,2021-06-06,45.11,35.42742751594256,9.682572484057438,9.682572484057438,14.130169516050056,56.72468551583506
Cook Islands,2021-06-06,47.2,23.487557238547808,23.712442761452195,23.712442761452195,2.190299238655303,44.784815238440316
New Zealand,2021-06-06,10.01,15.693930207857782,-5.683930207857783,5.683930207857783,0.0,36.991188207750284
Guinea-Bissau,2021-06-06,0.3,4.571996495661665,-4.271996495661665,4.271996495661665,0.0,25.86925449555417
Canada,2021-06-06,61.61,32.960543069238476,28.649456930761524,28.649456930761524,11.66328506934597,54.25780106913098
Ecuador,2021-06-06,10.15,18.226943187437463,-8.076943187437463,8.076943187437463,0.0,39.524201187329965
Benin,2021-06-06,0.1,4.2555350470537405,-4.155535047053741,4.155535047053741,0.0,25.552793046946245
Rwanda,2021-06-06,2.71,15.769541358510018,-13.059541358510018,13.059541358510018,0.0,37.06679935840252
Trinidad and Tobago,2021-06-06,8.47,15.046786256469225,-6.576786256469225,6.576786256469225,0.0,36.34404425636173
Saudi Arabia,2021-06-06,0.0,18.073831327942955,-18.073831327942955,18.073831327942955,0.0,39.37108932783546
Peru,2021-06-06,9.58,16.736738229122537,-7.156738229122537,7.156738229122537,0.0,38.033996229015045
United States,2021-06-06,51.08,41.187273969164316,9.892726030835682,9.892726030835682,19.89001596927181,62.48453196905682
Afghanistan,2021-06-06,1.24,13.310363023593482,-12.070363023593481,12.070363023593481,0.0,34.60762102348599
Saint Vincent and the Grenadines,2021-06-06,16.6,22.124233545302467,-5.524233545302465,5.524233545302465,0.8269755454099617,43.42149154519497
Comoros,2021-06-06,4.96,9.362302301041005,-4.402302301041005,4.402302301041005,0.0,30.65956030093351
Cyprus,2021-06-06,46.01,30.075135675769012,15.934864324230986,15.934864324230986,8.777877675876507,51.37239367566151
Cameroon,2021-06-06,0.24,7.620193100751557,-7.380193100751557,7.380193100751557,0.0,28.91745110064406
Belize,2021-06-06,17.06,19.503474099234452,-2.4434740992344537,2.4434740992344537,0.0,40.80073209912696
United Kingdom,2021-06-06,59.6,51.45329750682631,8.146702493173692,8.146702493173692,30.156039506933805,72.75055550671881
Cote d'Ivoire,2021-06-06,2.28,12.608521161728909,-10.32852116172891,10.32852116172891,0.0,33.90577916162141
Costa Rica,2021-06-06,19.87,23.88756525918118,-4.017565259181179,4.017565259181179,2.590307259288675,45.18482325907368
French Polynesia,2021-06-06,20.56,22.998007004165274,-2.438007004165275,2.438007004165275,1.7007490042727689,44.29526500405778
Lebanon,2021-06-06,8.41,16.328373203924556,-7.918373203924556,7.918373203924556,0.0,37.625631203817065
Bosnia and Herzegovina,2021-06-06,5.76,14.933097006113933,-9.173097006113933,9.173097006113933,0.0,36.230355006006434
Andorra,2021-06-06,35.74,29.54260226592708,6.197397734072922,6.197397734072922,8.245344266034575,50.83986026581958
United Arab Emirates,2021-06-06,51.38,47.60639128236084,3.7736087176391635,3.7736087176391635,26.309133282468334,68.90364928225334
Hong Kong,2021-06-06,20.38,20.745857529088212,-0.36585752908821334,0.36585752908821334,0.0,42.04311552898072
Tajikistan,2021-06-06,0.88,5.352611610715876,-4.472611610715876,4.472611610715876,0.0,26.64986961060838
North Macedonia,2021-06-06,11.96,15.66049004763125,-3.7004900476312486,3.7004900476312486,0.0,36.95774804752375
Greece,2021-06-06,38.11,28.94749980235685,9.162500197643148,9.162500197643148,7.650241802464347,50.24475780224935
China,2021-06-06,0.0,20.483675505007206,-20.483675505007206,20.483675505007206,0.0,41.78093350489971
Iceland,2021-06-06,54.98,32.841565446977064,22.138434553022933,22.138434553022933,11.54430744708456,54.138823446869566
Grenada,2021-06-06,15.97,21.718293084545145,-5.7482930845451445,5.7482930845451445,0.4210350846526403,43.01555108443765
Sint Maarten (Dutch part),2021-06-06,43.28,40.15557070702661,3.124429292973389,3.124429292973389,18.858312707134107,61.45282870691912
Malaysia,2021-06-06,7.55,14.76332282040957,-7.21332282040957,7.21332282040957,0.0,36.06058082030208
Norway,2021-06-06,33.5,31.43958185135996,2.0604181486400392,2.0604181486400392,10.142323851467456,52.73683985125247
Senegal,2021-06-06,2.7,14.560912474143198,-11.860912474143198,11.860912474143198,0.0,35.8581704740357
Poland,2021-06-06,38.61,29.64933653705068,8.96066346294932,8.96066346294932,8.352078537158174,50.94659453694318
Yemen,2021-06-06,0.35,4.6606116107158755,-4.310611610715876,4.310611610715876,0.0,25.95786961060838
Somalia,2021-06-06,0.81,7.7742395715669375,-6.964239571566937,6.964239571566937,0.0,29.071497571459442
Gambia,2021-06-06,1.21,11.752394431289655,-10.542394431289654,10.542394431289654,0.0,33.04965243118216
Greenland,2021-06-06,31.0,25.19267082171566,5.807329178284341,5.807329178284341,3.895412821823154,46.48992882160816
Singapore,2021-06-06,38.99,30.403583078543797,8.586416921456205,8.586416921456205,9.106325078651292,51.7008410784363
South Korea,2021-06-06,14.82,15.949753652793582,-1.1297536527935819,1.1297536527935819,0.0,37.24701165268608
Estonia,2021-06-06,37.74,31.16570153127686,6.574298468723143,6.574298468723143,9.868443531384354,52.46295953116936
Bolivia,2021-06-06,12.46,18.07924577156399,-5.619245771563989,5.619245771563989,0.0,39.3765037714565
Sri Lanka,2021-06-06,9.08,19.059159564667482,-9.979159564667482,9.979159564667482,0.0,40.35641756455999
Colombia,2021-06-06,16.05,17.513532217180426,-1.4635322171804255,1.4635322171804255,0.0,38.810790217072935
Oman,2021-06-07,6.58,21.165964300827724,-14.585964300827724,14.585964300827724,0.0,42.46322230072023
Burkina Faso,2021-06-07,0.0,23.706633981916724,-23.706633981916724,23.706633981916724,2.409375982024219,45.00389198180923
Kenya,2021-06-07,1.81,12.916381379107019,-11.106381379107019,11.106381379107019,0.0,34.213639378999524
Central African Republic,2021-06-07,0.37,4.501073239031076,-4.131073239031076,4.131073239031076,0.0,25.79833123892358
Uzbekistan,2021-06-07,3.58,10.70742559053128,-7.1274255905312796,7.1274255905312796,0.0,32.00468359042378
Sudan,2021-06-07,0.92,11.573457321835331,-10.653457321835331,10.653457321835331,0.0,32.870715321727836
Israel,2021-06-07,63.14,66.61684235138063,-3.4768423513806255,3.4768423513806255,45.31958435148812,87.91410035127313
Spain,2021-06-07,42.88,30.39805624325171,12.481943756748294,12.481943756748294,9.100798243359204,51.69531424314421
Kyrgyzstan,2021-06-07,0.57,9.653282420985924,-9.083282420985924,9.083282420985924,0.0,30.95054042087843
Namibia,2021-06-07,3.0,11.206131442887369,-8.206131442887369,8.206131442887369,0.0,32.50338944277988
Bolivia,2021-06-07,12.6,18.298322514932906,-5.698322514932906,5.698322514932906,0.0,39.595580514825414
Afghanistan,2021-06-07,1.24,13.529439766962398,-12.289439766962397,12.289439766962397,0.0,34.826697766854906
Wales,2021-06-07,69.32,54.020530278564074,15.29946972143592,15.29946972143592,32.72327227867157,75.31778827845658
Armenia,2021-06-07,1.57,9.253721886827496,-7.683721886827495,7.683721886827495,0.0,30.55097988672
Scotland,2021-06-07,62.3,49.635959258315005,12.664040741684992,12.664040741684992,28.3387012584225,70.9332172582075
Uruguay,2021-06-07,57.23,35.43470344137925,21.79529655862075,21.79529655862075,14.137445441486744,56.73196144127175
Iceland,2021-06-07,55.15,33.06064219034598,22.089357809654018,22.089357809654018,11.763384190453475,54.35790019023848
Liechtenstein,2021-06-07,38.07,29.260820247889292,8.809179752110708,8.809179752110708,7.963562247996787,50.55807824778179
Qatar,2021-06-07,53.96,28.002911751157285,25.957088248842716,25.957088248842716,6.70565375126478,49.30016975104979
Venezuela,2021-06-07,1.11,14.034819944537809,-12.92481994453781,12.92481994453781,0.0,35.33207794443031
Dominica,2021-06-07,27.74,33.69227178869843,-5.952271788698429,5.952271788698429,12.395013788805922,54.98952978859093
Lithuania,2021-06-07,41.19,31.18430530167265,10.005694698327346,10.005694698327346,9.887047301780147,52.48156330156516
Greece,2021-06-07,38.58,29.166576545725768,9.41342345427423,9.41342345427423,7.869318545833263,50.46383454561827
Serbia,2021-06-07,38.2,35.84868426911853,2.351315730881474,2.351315730881474,14.551426269226024,57.14594226901103
Norway,2021-06-07,33.79,31.658658594728877,2.1313414052711224,2.1313414052711224,10.361400594836372,52.955916594621385
South Sudan,2021-06-07,0.09,8.563584828101352,-8.473584828101352,8.473584828101352,0.0,29.860842827993856
Senegal,2021-06-07,2.7,14.779989217512117,-12.079989217512118,12.079989217512118,0.0,36.07724721740462
Italy,2021-06-07,44.11,30.18322422059161,13.926775779408388,13.926775779408388,8.885966220699107,51.48048222048412
Kosovo,2021-06-07,4.15,10.361703473617304,-6.211703473617304,6.211703473617304,0.0,31.65896147350981
Sri Lanka,2021-06-07,9.1,19.278236308036398,-10.178236308036398,10.178236308036398,0.0,40.575494307928906
Andorra,2021-06-07,39.52,29.761679009295996,9.758320990704007,9.758320990704007,8.464421009403491,51.0589370091885
Cook Islands,2021-06-07,47.2,23.706633981916724,23.49336601808328,23.49336601808328,2.409375982024219,45.00389198180923
Guatemala,2021-06-07,2.75,13.549512214344166,-10.799512214344166,10.799512214344166,0.0,34.84677021423667
Honduras,2021-06-07,3.73,12.976315548485733,-9.246315548485732,9.246315548485732,0.0,34.27357354837824
Nepal,2021-06-07,7.25,20.147564366429933,-12.897564366429933,12.897564366429933,0.0,41.44482236632244
Fiji,2021-06-07,15.2,14.97154558278897,0.22845441721102944,0.22845441721102944,0.0,36.26880358268147
Samoa,2021-06-07,16.44,11.891380212508679,4.548619787491322,4.548619787491322,0.0,33.18863821240119
Argentina,2021-06-07,24.98,25.368050661227045,-0.38805066122704446,0.38805066122704446,4.07079266133454,46.66530866111955
Congo,2021-06-07,0.41,7.8631476462296135,-7.453147646229613,7.453147646229613,0.0,29.16040564612212
Canada,2021-06-07,62.28,33.17961981260739,29.10038018739261,29.10038018739261,11.882361812714887,54.47687781249989
Cyprus,2021-06-07,46.16,30.294212419137928,15.865787580862069,15.865787580862069,8.996954419245423,51.59147041903043
Zimbabwe,2021-06-07,4.63,15.086231773074012,-10.456231773074013,10.456231773074013,0.0,36.38348977296651
Costa Rica,2021-06-07,23.94,24.106642002550096,-0.16664200255009476,0.16664200255009476,2.809384002657591,45.4039000024426
Trinidad and Tobago,2021-06-07,8.79,15.265862999838141,-6.475862999838142,6.475862999838142,0.0,36.56312099973064
Romania,2021-06-07,23.17,27.76565665302403,-4.5956566530240295,4.5956566530240295,6.468398653131526,49.06291465291653
Lebanon,2021-06-07,8.64,16.547449947293472,-7.907449947293472,7.907449947293472,0.0,37.84470794718598
India,2021-06-07,13.44,21.434039470342427,-7.994039470342427,7.994039470342427,0.13678147044992173,42.731297470234935
Yemen,2021-06-07,0.66,4.8796883540847915,-4.219688354084791,4.219688354084791,0.0,26.176946353977296
Equatorial Guinea,2021-06-07,10.59,13.657514048254413,-3.067514048254413,3.067514048254413,0.0,34.95477204814692
Malta,2021-06-07,74.51,45.61097810876364,28.899021891236366,28.899021891236366,24.313720108871134,66.90823610865614
Chile,2021-06-07,58.86,42.170986952582325,16.689013047417674,16.689013047417674,20.87372895268982,63.468244952474834
Guyana,2021-06-07,26.68,21.543448259286656,5.136551740713344,5.136551740713344,0.24619025939415096,42.84070625917916
Liberia,2021-06-07,1.11,5.291073239029647,-4.181073239029646,4.181073239029646,0.0,26.58833123892215
Wallis and Futuna,2021-06-07,38.89,42.7360724992037,-3.8460724992037,3.8460724992037,21.438814499311196,64.03333049909621
Mauritania,2021-06-07,0.66,9.798020776011807,-9.138020776011807,9.138020776011807,0.0,31.095278775904312
Botswana,2021-06-07,6.38,11.535248413232733,-5.155248413232733,5.155248413232733,0.0,32.83250641312524
Dominican Republic,2021-06-07,36.61,22.60819846859927,14.00180153140073,14.00180153140073,1.3109404687067645,43.90545646849178
Nauru,2021-06-07,68.23,21.41776918065969,46.812230819340314,46.812230819340314,0.12051118076718481,42.7150271805522
Finland,2021-06-07,47.58,32.79944385697663,14.780556143023368,14.780556143023368,11.502185857084125,54.09670185686913
Brunei,2021-06-07,10.75,11.847223491038154,-1.0972234910381538,1.0972234910381538,0.0,33.14448149093066
Morocco,2021-06-07,24.97,26.025046652863978,-1.0550466528639788,1.0550466528639788,4.727788652971473,47.322304652756486
Bangladesh,2021-06-07,3.54,18.545276230836755,-15.005276230836756,15.005276230836756,0.0,39.84253423072926
England,2021-06-07,60.21,51.739009565336595,8.470990434663406,8.470990434663406,30.44175156544409,73.0362675652291
Belarus,2021-06-07,6.47,20.08827722599778,-13.61827722599778,13.61827722599778,0.0,41.38553522589028
Tunisia,2021-06-07,7.12,12.881133089881935,-5.761133089881935,5.761133089881935,0.0,34.178391089774436
Anguilla,2021-06-07,60.29,47.39024024657977,12.899759753420227,12.899759753420227,26.092982246687267,68.68749824647227
Mauritius,2021-06-07,18.3,21.78520842106071,-3.485208421060708,3.485208421060708,0.487950421168204,43.08246642095321
Denmark,2021-06-07,42.2,31.127789429057174,11.07221057094283,11.07221057094283,9.830531429164669,52.42504742894968
British Virgin Islands,2021-06-07,38.21,40.72522789386772,-2.515227893867717,2.515227893867717,19.427969893975213,62.02248589376022
Kuwait,2021-06-07,19.25,27.320522123957012,-8.070522123957012,8.070522123957012,6.023264124064507,48.61778012384951
Austria,2021-06-07,43.94,31.1385620584296,12.801437941570398,12.801437941570398,9.841304058537094,52.43582005832211
Mozambique,2021-06-07,1.02,12.006759616375586,-10.986759616375586,10.986759616375586,0.0,33.30401761626809
Russia,2021-06-07,12.11,24.2310022483761,-12.1210022483761,12.1210022483761,2.9337442484835954,45.52826024826861
Pakistan,2021-06-07,2.88,15.775822486272894,-12.895822486272895,12.895822486272895,0.0,37.073080486165395
Saint Kitts and Nevis,2021-06-07,39.6,28.703725481248455,10.896274518751547,10.896274518751547,7.40646748135595,50.00098348114096
United States,2021-06-07,51.22,41.40635071253323,9.813649287466767,9.813649287466767,20.109092712640727,62.70360871242573
South Korea,2021-06-07,16.49,16.168830396162498,0.32116960383750026,0.32116960383750026,0.0,37.466088396055
Thailand,2021-06-07,4.65,13.468889487890848,-8.818889487890848,8.818889487890848,0.0,34.76614748778336
Japan,2021-06-07,10.87,14.884067293882715,-4.014067293882716,4.014067293882716,0.0,36.18132529377522
Turkey,2021-06-07,21.33,26.785528782502674,-5.455528782502675,5.455528782502675,5.488270782610169,48.082786782395175
Malawi,2021-06-07,1.88,11.791398523965555,-9.911398523965556,9.911398523965556,0.0,33.08865652385806
Sao Tome and Principe,2021-06-07,5.65,14.681013082455245,-9.031013082455244,9.031013082455244,0.0,35.978271082347746
Bhutan,2021-06-07,62.56,68.01259704719786,-5.452597047197855,5.452597047197855,46.71533904730535,89.30985504709037
Moldova,2021-06-07,9.09,14.15168251359622,-5.061682513596221,5.061682513596221,0.0,35.44894051348872
Iran,2021-06-07,3.26,15.199570377141917,-11.939570377141917,11.939570377141917,0.0,36.49682837703442
Saint Vincent and the Grenadines,2021-06-07,16.6,22.343310288671383,-5.743310288671381,5.743310288671381,1.0460522887788777,43.640568288563884
Iraq,2021-06-07,0.74,12.739264571764245,-11.999264571764245,11.999264571764245,0.0,34.03652257165675
Comoros,2021-06-07,4.96,9.581379044409921,-4.621379044409921,4.621379044409921,0.0,30.878637044302426
Laos,2021-06-07,9.44,12.906692641612615,-3.4666926416126156,3.4666926416126156,0.0,34.203950641505116
United Kingdom,2021-06-07,59.77,51.67237425019521,8.097625749804791,8.097625749804791,30.375116250302707,72.96963225008771
Cameroon,2021-06-07,0.24,7.839269844120473,-7.599269844120473,7.599269844120473,0.0,29.136527844012978
Croatia,2021-06-07,32.78,27.283055983449493,5.496944016550508,5.496944016550508,5.9857979835569886,48.580313983341995
Papua New Guinea,2021-06-07,0.43,9.240132312384045,-8.810132312384045,8.810132312384045,0.0,30.53739031227655
Hungary,2021-06-07,54.64,37.08657654572578,17.553423454274224,17.553423454274224,15.789318545833272,58.383834545618285
Kazakhstan,2021-06-07,11.97,18.221528425206778,-6.251528425206777,6.251528425206777,0.0,39.51878642509928
Albania,2021-06-07,17.14,19.523485927855113,-2.383485927855112,2.383485927855112,0.0,40.820743927747614
Benin,2021-06-07,0.1,4.4746117904226566,-4.374611790422657,4.374611790422657,0.0,25.77186979031516
Panama,2021-06-07,17.38,22.54711280320783,-5.167112803207832,5.167112803207832,1.2498548033153263,43.84437080310033
Australia,2021-06-07,17.65,14.424638510042236,3.2253614899577627,3.2253614899577627,0.0,35.72189650993474
San Marino,2021-06-07,63.68,48.64679646463501,15.03320353536499,15.03320353536499,27.349538464742505,69.94405446452751
Gambia,2021-06-07,1.21,11.971471174658571,-10.76147117465857,10.76147117465857,0.0,33.268729174551076
Ukraine,2021-06-07,2.94,13.864291903699161,-10.924291903699162,10.924291903699162,0.0,35.16154990359166
Ghana,2021-06-07,2.74,14.307478857478575,-11.567478857478575,11.567478857478575,0.0,35.60473685737108
Suriname,2021-06-07,14.77,17.55757163509461,-2.7875716350946114,2.7875716350946114,0.0,38.85482963498711
Northern Ireland,2021-06-07,57.8,49.62244517218112,8.177554827818874,8.177554827818874,28.32518717228862,70.91970317207362
Mongolia,2021-06-07,57.19,32.633066140589015,24.556933859410982,24.556933859410982,11.33580814069651,53.93032414048152
New Caledonia,2021-06-07,17.47,22.272939603390085,-4.802939603390087,4.802939603390087,0.9756816034975806,43.570197603282594
Faeroe Islands,2021-06-07,46.07,32.947873348651534,13.122126651348466,13.122126651348466,11.650615348759029,54.245131348544035
Jersey,2021-06-07,62.67,59.16003435153146,3.509965648468544,3.509965648468544,37.862776351638956,80.45729235142396
Maldives,2021-06-07,57.83,52.867444107894634,4.962555892105364,4.962555892105364,31.57018610800213,74.16470210778714
Sweden,2021-06-07,37.32,30.225994490861893,7.094005509138107,7.094005509138107,8.928736490969388,51.5232524907544
Ethiopia,2021-06-07,1.64,9.037117006746634,-7.397117006746634,7.397117006746634,0.0,30.33437500663914
Cote d'Ivoire,2021-06-07,2.3,12.827597905097825,-10.527597905097824,10.527597905097824,0.0,34.124855904990326
Ecuador,2021-06-07,10.34,18.44601993080638,-8.10601993080638,8.10601993080638,0.0,39.74327793069888
Grenada,2021-06-07,15.97,21.93736982791406,-5.967369827914061,5.967369827914061,0.6401118280215563,43.23462782780656
Estonia,2021-06-07,37.96,31.384778274645775,6.5752217253542256,6.5752217253542256,10.08752027475327,52.68203627453828
El Salvador,2021-06-07,19.21,19.49667146054935,-0.2866714605493499,0.2866714605493499,0.0,40.79392946044186
Paraguay,2021-06-07,4.2,14.323490799896511,-10.123490799896512,10.123490799896512,0.0,35.62074879978901
Somalia,2021-06-07,0.81,7.9933163149358535,-7.183316314935853,7.183316314935853,0.0,29.29057431482836
Sint Maarten (Dutch part),2021-06-07,43.28,40.37464745039553,2.9053525496044728,2.9053525496044728,19.077389450503023,61.67190545028804
Tajikistan,2021-06-07,0.88,5.571688354084792,-4.691688354084792,4.691688354084792,0.0,26.868946353977297
Angola,2021-06-07,2.07,13.181645524145292,-11.111645524145292,11.111645524145292,0.0,34.4789035240378
United Arab Emirates,2021-06-07,51.38,47.825468025729755,3.5545319742702475,3.5545319742702475,26.52821002583725,69.12272602562226
Jordan,2021-06-07,17.13,20.63537481089749,-3.5053748108974894,3.5053748108974894,0.0,41.93263281079
Latvia,2021-06-07,30.64,26.40916157973936,4.230838420260639,4.230838420260639,5.111903579846857,47.70641957963187
Solomon Islands,2021-06-07,1.91,10.501540210364716,-8.591540210364716,8.591540210364716,0.0,31.79879821025722
Madagascar,2021-06-07,0.13,4.506073239030904,-4.376073239030904,4.376073239030904,0.0,25.80333123892341
Taiwan,2021-06-07,3.04,10.493787316638219,-7.453787316638219,7.453787316638219,0.0,31.791045316530724
Cuba,2021-06-07,15.99,9.307512940668701,6.682487059331299,6.682487059331299,0.0,30.604770940561206
Poland,2021-06-07,38.82,29.868413280419595,8.951586719580405,8.951586719580405,8.57115528052709,51.1656712803121
Timor,2021-06-07,6.2,9.100397646191379,-2.9003976461913785,2.9003976461913785,0.0,30.397655646083884
Singapore,2021-06-07,42.8,30.622659821912713,12.177340178087285,12.177340178087285,9.325401822020208,51.919917821805214
Montenegro,2021-06-07,22.38,18.93013295840236,3.4498670415976385,3.4498670415976385,0.0,40.22739095829486
Cape Verde,2021-06-07,3.9,11.432698607066605,-7.532698607066605,7.532698607066605,0.0,32.72995660695911
Guernsey,2021-06-07,49.17,48.69946738099011,0.4705326190098944,0.4705326190098944,27.402209381097602,69.99672538088261
Bulgaria,2021-06-07,12.15,23.296543811912123,-11.146543811912123,11.146543811912123,1.9992858120196182,44.593801811804624
Cambodia,2021-06-07,16.55,19.4006226647992,-2.8506226647992,2.8506226647992,0.0,40.69788066469171
Mexico,2021-06-07,18.79,23.90061551248384,-5.1106155124838395,5.1106155124838395,2.6033575125913337,45.19787351237635
Libya,2021-06-07,3.55,7.822235233850623,-4.2722352338506235,4.2722352338506235,0.0,29.11949323374313
New Zealand,2021-06-07,10.09,15.913006951226699,-5.823006951226699,5.823006951226699,0.0,37.2102649511192
Niger,2021-06-07,0.63,9.504685929757787,-8.874685929757787,8.874685929757787,0.0,30.801943929650292
Ireland,2021-06-07,35.66,29.821082688355908,5.838917311644089,5.838917311644089,8.523824688463403,51.11834068824841
Macao,2021-06-07,21.15,19.284427519998978,1.8655724800010205,1.8655724800010205,0.0,40.58168551989148
Guinea-Bissau,2021-06-07,0.3,4.791073239030581,-4.491073239030581,4.491073239030581,0.0,26.088331238923086
French Polynesia,2021-06-07,20.56,23.21708374753419,-2.657083747534191,2.657083747534191,1.919825747641685,44.5143417474267
Hong Kong,2021-06-07,20.78,20.96493427245713,-0.18493427245712724,0.18493427245712724,0.0,42.26219227234964
Zambia,2021-06-07,0.77,7.85989764618963,-7.08989764618963,7.08989764618963,0.0,29.157155646082135
Vietnam,2021-06-07,1.34,12.037400642016593,-10.697400642016593,10.697400642016593,0.0,33.3346586419091
Colombia,2021-06-07,16.24,17.732608960549342,-1.4926089605493438,1.4926089605493438,0.0,39.02986696044185
Portugal,2021-06-07,40.7,30.4271431395105,10.272856860489505,10.272856860489505,9.129885139617993,51.724401139403
Antigua and Barbuda,2021-06-07,35.1,34.8232781312064,0.27672186879360083,0.27672186879360083,13.526020131313896,56.1205361310989
Monaco,2021-06-07,45.11,35.64650425931148,9.463495740688522,9.463495740688522,14.349246259418972,56.94376225920398
Uganda,2021-06-07,1.64,11.993634290012334,-10.353634290012334,10.353634290012334,0.0,33.29089228990484
Greenland,2021-06-07,31.14,25.411747565084575,5.728252434915426,5.728252434915426,4.11448956519207,46.709005564977076
Isle of Man,2021-06-07,72.11,53.083978837506315,19.026021162493684,19.026021162493684,31.78672083761381,74.38123683739882
Malaysia,2021-06-07,7.74,14.982399563778486,-7.242399563778486,7.242399563778486,0.0,36.279657563670995
Democratic Republic of Congo,2021-06-07,0.03,7.124160826126726,-7.094160826126726,7.094160826126726,0.0,28.42141882601923
Slovenia,2021-06-07,34.93,29.77130375204414,5.158696247955859,5.158696247955859,8.474045752151635,51.06856175193664
North Macedonia,2021-06-07,11.96,15.879566791000165,-3.9195667910001646,3.9195667910001646,0.0,37.17682479089267
Belgium,2021-06-07,45.18,30.916712600147363,14.263287399852636,14.263287399852636,9.619454600254858,52.21397060003987
Bahrain,2021-06-07,59.16,42.69809001174145,16.461909988258547,16.461909988258547,21.400832011848944,63.99534801163395
Jamaica,2021-06-07,5.26,14.437713237380756,-9.177713237380756,9.177713237380756,0.0,35.73497123727326
Brazil,2021-06-07,22.96,24.2271337294573,-1.2671337294572993,1.2671337294572993,2.9298757295647953,45.5243917293498
Indonesia,2021-06-07,6.5,19.86158693210963,-13.361586932109631,13.361586932109631,0.0,41.15884493200214
Barbados,2021-06-07,29.02,34.4837201426955,-5.463720142695504,5.463720142695504,13.186462142802998,55.78097814258801
Montserrat,2021-06-07,27.17,33.944237043808435,-6.774237043808434,6.774237043808434,12.64697904391593,55.24149504370094
Gabon,2021-06-07,0.64,10.328958766380282,-9.688958766380281,9.688958766380281,0.0,31.626216766272787
Gibraltar,2021-06-07,116.05,94.8987844353178,21.151215564682204,21.151215564682204,73.60152643542528,100.0
China,2021-06-07,0.0,20.70275224837612,-20.70275224837612,20.70275224837612,0.0,42.00001024826862
Bermuda,2021-06-07,64.02,47.257441151736025,16.76255884826397,16.76255884826397,25.96018315184352,68.55469915162853
Georgia,2021-06-07,4.35,11.822992098010193,-7.472992098010193,7.472992098010193,0.0,33.1202500979027
Seychelles,2021-06-07,71.85,70.24658925255358,1.6034107474464179,1.6034107474464179,48.94933125266107,91.54384725244608
Peru,2021-06-07,9.61,16.955814972491453,-7.345814972491453,7.345814972491453,0.0,38.25307297238396
Netherlands,2021-06-07,42.88,29.57079936069095,13.309200639309054,13.309200639309054,8.273541360798443,50.86805736058345
Belize,2021-06-07,17.06,19.72255084260337,-2.6625508426033697,2.6625508426033697,0.0,41.01980884249588
Guinea,2021-06-07,2.15,10.138159890253597,-7.988159890253597,7.988159890253597,0.0,31.435417890146102
Bahamas,2021-06-07,12.32,15.573974154731289,-3.2539741547312886,3.2539741547312886,0.0,36.8712321546238
Palestine,2021-06-07,7.32,12.875950494202236,-5.555950494202236,5.555950494202236,0.0,34.17320849409474
Vanuatu,2021-06-07,0.09,23.706633981916724,-23.616633981916724,23.616633981916724,2.409375982024219,45.00389198180923
Egypt,2021-06-07,2.41,16.60796738099036,-14.19796738099036,14.19796738099036,0.0,37.90522538088287
Switzerland,2021-06-07,39.97,28.202009587806565,11.767990412193434,11.767990412193434,6.90475158791406,49.499267587699066
France,2021-06-07,42.08,30.137278274645638,11.94272172535436,11.94272172535436,8.840020274753133,51.43453627453815
Luxembourg,2021-06-07,40.06,29.675538742070174,10.384461257929829,10.384461257929829,8.378280742177669,50.97279674196268
Bosnia and Herzegovina,2021-06-07,5.76,15.152173749482849,-9.392173749482849,9.392173749482849,0.0,36.44943174937535
Togo,2021-06-07,3.27,12.671265868959708,-9.401265868959708,9.401265868959708,0.0,33.968523868852216
Aruba,2021-06-07,60.12,49.66433302173177,10.455666978268226,10.455666978268226,28.367075021839266,70.96159102162427
Czechia,2021-06-07,39.72,29.02457557194301,10.695424428056988,10.695424428056988,7.727317572050506,50.32183357183551
Azerbaijan,2021-06-07,15.89,21.943891494590517,-6.053891494590516,6.053891494590516,0.6466334946980119,43.241149494483025
Curacao,2021-06-07,52.5,43.86879730744623,8.63120269255377,8.63120269255377,22.571539307553724,65.16605530733874
Saudi Arabia,2021-06-07,0.0,18.29290807131187,-18.29290807131187,18.29290807131187,0.0,39.59016607120438
Sierra Leone,2021-06-07,0.86,11.422006182517258,-10.562006182517258,10.562006182517258,0.0,32.71926418240976
Mali,2021-06-07,0.46,9.382495948747657,-8.922495948747656,8.922495948747656,0.0,30.679753948640162
Saint Lucia,2021-06-07,15.64,22.278226584814618,-6.638226584814618,6.638226584814618,0.9809685849221133,43.57548458470713
Tuvalu,2021-06-07,20.35,26.484148814302053,-6.134148814302051,6.134148814302051,5.186890814409548,47.781406814194554
Philippines,2021-06-07,4.1,13.48702143083868,-9.387021430838681,9.387021430838681,0.0,34.78427943073119
South Africa,2021-06-07,2.42,14.22647400749494,-11.80647400749494,11.80647400749494,0.0,35.523732007387444
Cayman Islands,2021-06-07,69.64,48.377293247091266,21.262706752908734,21.262706752908734,27.08003524719876,69.67455124698377
Germany,2021-06-07,45.54,31.218291788159284,14.321708211840715,14.321708211840715,9.92103378826678,52.515549788051786
Slovakia,2021-06-07,33.58,29.149770528965995,4.4302294710340036,4.4302294710340036,7.85251252907349,50.447028528858496
Turks and Caicos Islands,2021-06-07,53.62,42.53482921143718,11.08517078856282,11.08517078856282,21.237571211544672,63.83208721132968
Hong Kong,2021-06-08,21.13,21.184011015826037,-0.05401101582603829,0.05401101582603829,0.0,42.48126901571854
Mauritius,2021-06-08,19.47,22.004285164429618,-2.534285164429619,2.534285164429619,0.7070271645371129,43.301543164322126
Spain,2021-06-08,43.43,30.617132986620618,12.812867013379382,12.812867013379382,9.319874986728113,51.914390986513126
Paraguay,2021-06-08,4.29,14.54256754326542,-10.252567543265421,10.252567543265421,0.0,35.83982554315793
Australia,2021-06-08,17.92,14.643715253411145,3.276284746588857,3.276284746588857,0.0,35.94097325330365
Libya,2021-06-08,3.55,8.041311977219532,-4.4913119772195325,4.4913119772195325,0.0,29.338569977112037
Kuwait,2021-06-08,19.25,27.539598867325914,-8.289598867325914,8.289598867325914,6.242340867433409,48.836856867218415
Zimbabwe,2021-06-08,4.64,15.30530851644292,-10.66530851644292,10.66530851644292,0.0,36.60256651633543
Vietnam,2021-06-08,1.35,12.256477385385502,-10.906477385385502,10.906477385385502,0.0,33.553735385278
Grenada,2021-06-08,15.97,22.156446571282977,-6.186446571282977,6.186446571282977,0.8591885713904723,43.45370457117548
Oman,2021-06-08,6.58,21.385041044196633,-14.805041044196633,14.805041044196633,0.08778304430412831,42.682299044089135
Bolivia,2021-06-08,12.6,18.517399258301815,-5.917399258301815,5.917399258301815,0.0,39.814657258194316
Iceland,2021-06-08,55.15,33.27971893371488,21.870281066285116,21.870281066285116,11.982460933822377,54.576976933607384
Switzerland,2021-06-08,40.61,28.421086331175474,12.188913668824526,12.188913668824526,7.123828331282969,49.71834433106798
Egypt,2021-06-08,2.41,16.82704412435927,-14.417044124359268,14.417044124359268,0.0,38.12430212425177
Wallis and Futuna,2021-06-08,39.53,42.95514924257261,-3.4251492425726084,3.4251492425726084,21.657891242680105,64.25240724246511
Benin,2021-06-08,0.18,4.6936885337915655,-4.513688533791566,4.513688533791566,0.0,25.99094653368407
Taiwan,2021-06-08,3.12,10.712864060007128,-7.592864060007128,7.592864060007128,0.0,32.01012205989963
Liechtenstein,2021-06-08,38.82,29.479896991258208,9.340103008741792,9.340103008741792,8.182638991365703,50.77715499115071
Philippines,2021-06-08,4.23,13.70609817420759,-9.47609817420759,9.47609817420759,0.0,35.00335617410009
Azerbaijan,2021-06-08,16.23,22.162968237959426,-5.932968237959425,5.932968237959425,0.8657102380669208,43.46022623785193
Solomon Islands,2021-06-08,2.47,10.720616953733625,-8.250616953733624,8.250616953733624,0.0,32.017874953626134
Slovenia,2021-06-08,35.27,29.99038049541305,5.279619504586954,5.279619504586954,8.693122495520544,51.28763849530556
Peru,2021-06-08,9.87,17.174891715860362,-7.304891715860363,7.304891715860363,0.0,38.47214971575286
Angola,2021-06-08,2.25,13.400722267514201,-11.150722267514201,11.150722267514201,0.0,34.697980267406706
Belize,2021-06-08,17.06,19.941627585972277,-2.8816275859722786,2.8816275859722786,0.0,41.23888558586478
Mozambique,2021-06-08,1.02,12.225836359744495,-11.205836359744495,11.205836359744495,0.0,33.523094359637
Austria,2021-06-08,44.49,31.357638801798508,13.132361198201494,13.132361198201494,10.060380801906003,52.65489680169101
Russia,2021-06-08,12.19,24.45007899174501,-12.26007899174501,12.26007899174501,3.1528209918525043,45.74733699163751
Guinea,2021-06-08,2.2,10.357236633622506,-8.157236633622507,8.157236633622507,0.0,31.65449463351501
Sao Tome and Principe,2021-06-08,5.65,14.900089825824153,-9.250089825824153,9.250089825824153,0.0,36.19734782571666
Madagascar,2021-06-08,0.28,4.725149982399813,-4.445149982399813,4.445149982399813,0.0,26.022407982292318
United States,2021-06-08,51.35,41.62542745590214,9.72457254409786,9.72457254409786,20.328169456009636,62.92268545579465
Tunisia,2021-06-08,7.37,13.100209833250844,-5.730209833250844,5.730209833250844,0.0,34.39746783314335
Uzbekistan,2021-06-08,3.58,10.926502333900189,-7.3465023339001885,7.3465023339001885,0.0,32.2237603337927
Scotland,2021-06-08,62.64,49.85503600168391,12.784963998316094,12.784963998316094,28.5577780017914,71.15229400157641
China,2021-06-08,0.0,20.92182899174503,-20.92182899174503,20.92182899174503,0.0,42.21908699163754
Bosnia and Herzegovina,2021-06-08,5.76,15.371250492851757,-9.611250492851758,9.611250492851758,0.0,36.668508492744266
Gabon,2021-06-08,0.64,10.548035509749191,-9.90803550974919,9.90803550974919,0.0,31.845293509641696
Malaysia,2021-06-08,8.06,15.201476307147395,-7.141476307147395,7.141476307147395,0.0,36.498734307039896
Dominica,2021-06-08,27.74,33.91134853206733,-6.171348532067331,6.171348532067331,12.614090532174824,55.20860653195983
Iraq,2021-06-08,1.11,12.958341315133154,-11.848341315133155,11.848341315133155,0.0,34.25559931502566
Greenland,2021-06-08,31.52,25.630824308453484,5.889175691546516,5.889175691546516,4.333566308560979,46.92808230834599
Brazil,2021-06-08,22.96,24.446210472826202,-1.4862104728262011,1.4862104728262011,3.148952472933697,45.7434684727187
Bhutan,2021-06-08,62.56,68.23167379056679,-5.6716737905667856,5.6716737905667856,46.93441579067428,89.5289317904593
Belarus,2021-06-08,6.47,20.307353969366687,-13.837353969366688,13.837353969366688,0.0,41.604611969259196
Sweden,2021-06-08,37.32,30.445071234230802,6.874928765769198,6.874928765769198,9.147813234338297,51.742329234123304
Jersey,2021-06-08,62.67,59.37911109490036,3.290888905099642,3.290888905099642,38.08185309500786,80.67636909479286
Turks and Caicos Islands,2021-06-08,53.62,42.753905954806086,10.866094045193911,10.866094045193911,21.45664795491358,64.0511639546986
Afghanistan,2021-06-08,1.24,13.748516510331307,-12.508516510331306,12.508516510331306,0.0,35.04577451022381
Wales,2021-06-08,69.47,54.239607021932976,15.230392978067023,15.230392978067023,32.942349022040474,75.53686502182548
Mauritania,2021-06-08,0.66,10.017097519380716,-9.357097519380716,9.357097519380716,0.0,31.31435551927322
Liberia,2021-06-08,1.26,5.510149982398556,-4.250149982398556,4.250149982398556,0.0,26.80740798229106
Malawi,2021-06-08,1.88,12.010475267334463,-10.130475267334464,10.130475267334464,0.0,33.307733267226965
Israel,2021-06-08,63.18,66.83591909474953,-3.655919094749528,3.655919094749528,45.53866109485702,88.13317709464204
Czechia,2021-06-08,40.31,29.24365231531192,11.066347684688083,11.066347684688083,7.946394315419415,50.54091031520443
Barbados,2021-06-08,29.33,34.70279688606441,-5.372796886064414,5.372796886064414,13.405538886171907,56.000054885956914
Ireland,2021-06-08,35.66,30.04015943172481,5.619840568275187,5.619840568275187,8.742901431832305,51.33741743161731
Kyrgyzstan,2021-06-08,0.57,9.872359164354833,-9.302359164354833,9.302359164354833,0.0,31.169617164247338
Monaco,2021-06-08,45.11,35.865581002680386,9.244418997319613,9.244418997319613,14.568323002787881,57.162839002572895
Moldova,2021-06-08,9.09,14.37075925696513,-5.28075925696513,5.28075925696513,0.0,35.66801725685764
Guyana,2021-06-08,26.68,21.762525002655565,4.917474997344435,4.917474997344435,0.4652670027630599,43.05978300254807
Niger,2021-06-08,0.71,9.723762673126696,-9.013762673126696,9.013762673126696,0.0,31.0210206730192
Ghana,2021-06-08,2.74,14.526555600847484,-11.786555600847484,11.786555600847484,0.0,35.82381360073999
Zambia,2021-06-08,0.77,8.078974389558539,-7.308974389558539,7.308974389558539,0.0,29.376232389451044
England,2021-06-08,60.4,51.9580863087055,8.441913691294502,8.441913691294502,30.66082830881299,73.255344308598
Slovakia,2021-06-08,33.76,29.368847272334904,4.391152727665094,4.391152727665094,8.071589272442399,50.66610527222741
Croatia,2021-06-08,33.06,27.502132726818402,5.5578672731816,5.5578672731816,6.2048747269258975,48.79939072671091
Nauru,2021-06-08,68.65,21.6368459240286,47.01315407597141,47.01315407597141,0.33958792413609373,42.9341039239211
North Macedonia,2021-06-08,12.04,16.098643534369074,-4.058643534369075,4.058643534369075,0.0,37.39590153426158
Gambia,2021-06-08,1.26,12.19054791802748,-10.93054791802748,10.93054791802748,0.0,33.487805917919985
India,2021-06-08,13.65,21.653116213711336,-8.003116213711335,8.003116213711335,0.35585821381883065,42.95037421360384
Brunei,2021-06-08,10.75,12.066300234407063,-1.3163002344070627,1.3163002344070627,0.0,33.36355823429957
Finland,2021-06-08,48.11,33.018520600345546,15.091479399654453,15.091479399654453,11.721262600453041,54.31577860023805
Laos,2021-06-08,9.5,13.125769384981524,-3.625769384981524,3.625769384981524,0.0,34.42302738487403
Antigua and Barbuda,2021-06-08,35.1,35.04235487457531,0.05764512542469191,0.05764512542469191,13.745096874682805,56.33961287446782
Ethiopia,2021-06-08,1.65,9.256193750115543,-7.606193750115542,7.606193750115542,0.0,30.553451750008048
Saint Lucia,2021-06-08,15.75,22.497303328183527,-6.747303328183527,6.747303328183527,1.2000453282910222,43.79456132807603
Bulgaria,2021-06-08,12.26,23.515620555281032,-11.255620555281032,11.255620555281032,2.218362555388527,44.81287855517354
Namibia,2021-06-08,3.09,11.425208186256278,-8.335208186256278,8.335208186256278,0.0,32.72246618614878
Colombia,2021-06-08,16.59,17.95168570391825,-1.3616857039182513,1.3616857039182513,0.0,39.24894370381075
Cuba,2021-06-08,16.19,9.52658968403761,6.663410315962391,6.663410315962391,0.0,30.823847683930115
Aruba,2021-06-08,60.39,49.88340976510069,10.506590234899313,10.506590234899313,28.586151765208182,71.18066776499319
Germany,2021-06-08,46.0,31.437368531528193,14.562631468471807,14.562631468471807,10.140110531635688,52.7346265314207
Bangladesh,2021-06-08,3.54,18.76435297420567,-15.224352974205672,15.224352974205672,0.0,40.06161097409817
Mali,2021-06-08,0.55,9.601572692116566,-9.051572692116565,9.051572692116565,0.0,30.89883069200907
Tuvalu,2021-06-08,20.35,26.70322555767096,-6.35322555767096,6.35322555767096,5.405967557778457,48.00048355756347
Anguilla,2021-06-08,60.29,47.609316989948674,12.680683010051325,12.680683010051325,26.31205899005617,68.90657498984118
Saint Kitts and Nevis,2021-06-08,39.6,28.922802224617364,10.677197775382638,10.677197775382638,7.625544224724859,50.220060224509865
British Virgin Islands,2021-06-08,38.21,40.94430463723663,-2.734304637236626,2.734304637236626,19.647046637344122,62.241562637129135
South Africa,2021-06-08,2.57,14.445550750863848,-11.875550750863848,11.875550750863848,0.0,35.74280875075635
Cayman Islands,2021-06-08,71.41,48.59636999046018,22.813630009539814,22.813630009539814,27.299111990567678,69.89362799035268
Sierra Leone,2021-06-08,0.9,11.641082925886167,-10.741082925886166,10.741082925886166,0.0,32.938340925778675
Portugal,2021-06-08,41.22,30.646219882879407,10.573780117120592,10.573780117120592,9.348961882986902,51.943477882771916
Morocco,2021-06-08,25.31,26.244123396232887,-0.9341233962328879,0.9341233962328879,4.946865396340382,47.54138139612539
Timor,2021-06-08,7.07,9.319474389560288,-2.2494743895602873,2.2494743895602873,0.0,30.616732389452793
Lithuania,2021-06-08,41.63,31.40338204504156,10.226617954958442,10.226617954958442,10.106124045149055,52.70064004493406
Albania,2021-06-08,17.18,19.74256267122402,-2.562562671224022,2.562562671224022,0.0,41.03982067111653
Serbia,2021-06-08,38.2,36.06776101248743,2.1322389875125722,2.1322389875125722,14.770503012594926,57.36501901237993
Northern Ireland,2021-06-08,58.02,49.84152191555004,8.178478084449964,8.178478084449964,28.544263915657535,71.13877991544254
Panama,2021-06-08,17.4,22.76618954657674,-5.3661895465767415,5.3661895465767415,1.4689315466842352,44.06344754646925
South Sudan,2021-06-08,0.11,8.78266157147026,-8.672661571470261,8.672661571470261,0.0,30.079919571362765
Faeroe Islands,2021-06-08,46.07,33.166950092020436,12.903049907979565,12.903049907979565,11.86969209212793,54.46420809191294
Ukraine,2021-06-08,3.04,14.08336864706807,-11.043368647068071,11.043368647068071,0.0,35.38062664696058
Italy,2021-06-08,44.87,30.40230096396052,14.467699036039477,14.467699036039477,9.105042964068016,51.69955896385302
Suriname,2021-06-08,15.12,17.776648378463513,-2.6566483784635135,2.6566483784635135,0.0,39.073906378356014
Maldives,2021-06-08,57.92,53.086520851263536,4.8334791487364654,4.8334791487364654,31.78926285137103,74.38377885115604
Mongolia,2021-06-08,57.48,32.852142883957924,24.627857116042073,24.627857116042073,11.55488488406542,54.14940088385043
San Marino,2021-06-08,63.68,48.865873208003926,14.814126791996074,14.814126791996074,27.56861520811142,70.16313120789643
Jamaica,2021-06-08,5.26,14.656789980749664,-9.396789980749665,9.396789980749665,0.0,35.95404798064217
Montserrat,2021-06-08,27.17,34.163313787177344,-6.9933137871773425,6.9933137871773425,12.86605578728484,55.46057178706985
Bahrain,2021-06-08,59.37,42.91716675511035,16.452833244889646,16.452833244889646,21.619908755217846,64.21442475500285
Indonesia,2021-06-08,6.68,20.08066367547854,-13.40066367547854,13.40066367547854,0.0,41.37792167537104
Seychelles,2021-06-08,71.85,70.4656659959225,1.3843340040774876,1.3843340040774876,49.16840799603,91.76292399581502
Netherlands,2021-06-08,42.88,29.789876104059864,13.090123895940138,13.090123895940138,8.49261810416736,51.087134103952366
Qatar,2021-06-08,54.2,28.221988494526194,25.97801150547381,25.97801150547381,6.924730494633689,49.519246494418695
Uruguay,2021-06-08,58.21,35.65378018474816,22.556219815251843,22.556219815251843,14.356522184855653,56.951038184640666
Bahamas,2021-06-08,12.32,15.793050898100198,-3.4730508981001975,3.4730508981001975,0.0,37.0903088979927
Vanuatu,2021-06-08,0.28,23.925710725285633,-23.645710725285632,23.645710725285632,2.628452725393128,45.222968725178134
Burkina Faso,2021-06-08,0.0,23.925710725285633,-23.925710725285633,23.925710725285633,2.628452725393128,45.222968725178134
Georgia,2021-06-08,4.48,12.042068841379102,-7.5620688413791015,7.5620688413791015,0.0,33.33932684127161
Sudan,2021-06-08,0.95,11.79253406520424,-10.84253406520424,10.84253406520424,0.0,33.089792065096745
France,2021-06-08,42.65,30.356355018014547,12.293644981985452,12.293644981985452,9.059097018122042,51.65361301790705
Togo,2021-06-08,3.27,12.890342612328617,-9.620342612328617,9.620342612328617,0.0,34.18760061222112
Kenya,2021-06-08,1.82,13.135458122475928,-11.315458122475928,11.315458122475928,0.0,34.43271612236843
Armenia,2021-06-08,1.57,9.472798630196404,-7.902798630196404,7.902798630196404,0.0,30.77005663008891
Honduras,2021-06-08,3.73,13.195392291854642,-9.465392291854641,9.465392291854641,0.0,34.49265029174715
Bermuda,2021-06-08,64.02,47.47651789510494,16.543482104895055,16.543482104895055,26.179259895212436,68.77377589499744
Gibraltar,2021-06-08,116.11,95.1178611786867,20.992138821313304,20.992138821313304,73.82060317879419,100.0
Uganda,2021-06-08,1.66,12.212711033381243,-10.552711033381243,10.552711033381243,0.0,33.50996903327375
Isle of Man,2021-06-08,72.11,53.30305558087523,18.80694441912477,18.80694441912477,32.00579758098273,74.60031358076773
Central African Republic,2021-06-08,0.53,4.720149982399985,-4.190149982399984,4.190149982399984,0.0,26.01740798229249
Curacao,2021-06-08,52.65,44.08787405081514,8.56212594918486,8.56212594918486,22.790616050922633,65.38513205070764
Chile,2021-06-08,59.28,42.390063695951234,16.889936304048767,16.889936304048767,21.09280569605873,63.687321695843735
Democratic Republic of Congo,2021-06-08,0.03,7.343237569495635,-7.313237569495635,7.313237569495635,0.0,28.64049556938814
Palestine,2021-06-08,7.32,13.095027237571145,-5.775027237571145,5.775027237571145,0.0,34.39228523746365
Malta,2021-06-08,74.96,45.83005485213255,29.129945147867446,29.129945147867446,24.532796852240043,67.12731285202506
Denmark,2021-06-08,43.13,31.346866172426083,11.78313382757392,11.78313382757392,10.049608172533578,52.644124172318584
Belgium,2021-06-08,45.9,31.135789343516272,14.764210656483726,14.764210656483726,9.838531343623767,52.433047343408774
Dominican Republic,2021-06-08,37.72,22.82727521196818,14.89272478803182,14.89272478803182,1.5300172120756734,44.12453321186068
Pakistan,2021-06-08,2.88,15.994899229641803,-13.114899229641804,13.114899229641804,0.0,37.29215722953431
Luxembourg,2021-06-08,40.6,29.894615485439083,10.705384514560919,10.705384514560919,8.597357485546578,51.191873485331584
New Caledonia,2021-06-08,18.86,22.492016346758994,-3.632016346758995,3.632016346758995,1.1947583468664895,43.789274346651496
Kosovo,2021-06-08,4.15,10.580780216986213,-6.4307802169862125,6.4307802169862125,0.0,31.878038216878718
Samoa,2021-06-08,19.33,12.110456955877588,7.21954304412241,7.21954304412241,0.0,33.40771495577009
Mexico,2021-06-08,19.06,24.119692255852748,-5.059692255852749,5.059692255852749,2.8224342559602427,45.41695025574525
Lebanon,2021-06-08,8.83,16.76652669066238,-7.936526690662381,7.936526690662381,0.0,38.06378469055488
Nepal,2021-06-08,7.25,20.36664110979884,-13.116641109798842,13.116641109798842,0.0,41.66389910969134
New Zealand,2021-06-08,10.36,16.132083694595607,-5.772083694595608,5.772083694595608,0.0,37.429341694488116
El Salvador,2021-06-08,19.21,19.71574820391826,-0.5057482039182588,0.5057482039182588,0.0,41.01300620381076
Guinea-Bissau,2021-06-08,0.95,5.01014998239949,-4.06014998239949,4.06014998239949,0.0,26.307407982291995
Macao,2021-06-08,22.04,19.50350426336788,2.5364957366321192,2.5364957366321192,0.0,40.80076226326038
Cook Islands,2021-06-08,54.29,23.925710725285633,30.364289274714366,30.364289274714366,2.628452725393128,45.222968725178134
Andorra,2021-06-08,39.52,29.980755752664905,9.539244247335098,9.539244247335098,8.6834977527724,51.27801375255741
French Polynesia,2021-06-08,22.5,23.4361604909031,-0.9361604909030987,0.9361604909030987,2.138902491010594,44.7334184907956
Sri Lanka,2021-06-08,9.25,19.497313051405307,-10.247313051405307,10.247313051405307,0.0,40.79457105129781
Montenegro,2021-06-08,22.54,19.14920970177127,3.3907902982287297,3.3907902982287297,0.0,40.44646770166378
South Korea,2021-06-08,17.95,16.387907139531407,1.5620928604685922,1.5620928604685922,0.0,37.685165139423916
Cambodia,2021-06-08,16.57,19.61969940816811,-3.0496994081681095,3.0496994081681095,0.0,40.91695740806061
Singapore,2021-06-08,42.8,30.84173656528162,11.958263434718376,11.958263434718376,9.544478565389117,52.13899456517413
Senegal,2021-06-08,2.79,14.999065960881019,-12.20906596088102,12.20906596088102,0.0,36.29632396077352
Estonia,2021-06-08,38.28,31.603855018014684,6.676144981985317,6.676144981985317,10.30659701812218,52.90111301790719
Somalia,2021-06-08,0.81,8.212393058304762,-7.402393058304762,7.402393058304762,0.0,29.509651058197267
Norway,2021-06-08,34.29,31.877735338097786,2.4122646619022134,2.4122646619022134,10.58047733820528,53.17499333799029
Sint Maarten (Dutch part),2021-06-08,43.28,40.59372419376444,2.686275806235564,2.686275806235564,19.296466193871932,61.89098219365694
Tajikistan,2021-06-08,0.88,5.790765097453701,-4.910765097453701,4.910765097453701,0.0,27.088023097346206
Greece,2021-06-08,38.98,29.385653289094684,9.594346710905313,9.594346710905313,8.088395289202179,50.682911288987185
United Arab Emirates,2021-06-08,51.38,48.04454476909867,3.3354552309013314,3.3354552309013314,26.747286769206166,69.34180276899117
Latvia,2021-06-08,30.93,26.62823832310827,4.301761676891729,4.301761676891729,5.3309803232157655,47.92549632300077
Jordan,2021-06-08,18.55,20.854451554266397,-2.3044515542663966,2.3044515542663966,0.0,42.1517095541589
Guatemala,2021-06-08,2.79,13.768588957713074,-10.978588957713075,10.978588957713075,0.0,35.06584695760558
Yemen,2021-06-08,0.66,5.0987650974537,-4.4387650974537,4.4387650974537,0.0,26.396023097346205
Equatorial Guinea,2021-06-08,10.59,13.876590791623322,-3.286590791623322,3.286590791623322,0.0,35.17384879151582
Poland,2021-06-08,39.23,30.087490023788504,9.142509976211493,9.142509976211493,8.790232023896,51.38474802368101
Ecuador,2021-06-08,10.64,18.665096674175288,-8.025096674175288,8.025096674175288,0.0,39.9623546740678
Saudi Arabia,2021-06-08,0.0,18.51198481468078,-18.51198481468078,18.51198481468078,0.0,39.80924281457328
Trinidad and Tobago,2021-06-08,9.25,15.48493974320705,-6.23493974320705,6.23493974320705,0.0,36.78219774309956
Turkey,2021-06-08,21.63,27.004605525871582,-5.3746055258715835,5.3746055258715835,5.707347525979078,48.30186352576409
Congo,2021-06-08,0.41,8.082224389598522,-7.672224389598522,7.672224389598522,0.0,29.379482389491027
Romania,2021-06-08,23.27,27.98473339639294,-4.7147333963929405,4.7147333963929405,6.687475396500435,49.28199139628545
Guernsey,2021-06-08,49.17,48.91854412435901,0.2514558756409926,0.2514558756409926,27.621286124466504,70.21580212425151
Costa Rica,2021-06-08,23.94,24.325718745919005,-0.3857187459190037,0.3857187459190037,3.0284607460265,45.62297674581151
Japan,2021-06-08,11.47,15.103144037251624,-3.6331440372516237,3.6331440372516237,0.0,36.40040203714413
Thailand,2021-06-08,5.26,13.687966231259757,-8.427966231259758,8.427966231259758,0.0,34.98522423115226
Iran,2021-06-08,4.66,15.418647120510833,-10.758647120510833,10.758647120510833,0.0,36.715905120403335
Saint Vincent and the Grenadines,2021-06-08,16.6,22.56238703204029,-5.96238703204029,5.96238703204029,1.2651290321477866,43.8596450319328
Comoros,2021-06-08,4.96,9.80045578777883,-4.84045578777883,4.84045578777883,0.0,31.097713787671335
Venezuela,2021-06-08,1.11,14.253896687906717,-13.143896687906718,13.143896687906718,0.0,35.551154687799226
Cyprus,2021-06-08,46.64,30.513289162506837,16.126710837493164,16.126710837493164,9.216031162614332,51.810547162399345
Argentina,2021-06-08,25.62,25.587127404595954,0.03287259540404719,0.03287259540404719,4.289869404703449,46.884385404488455
Canada,2021-06-08,62.72,33.398696555976294,29.321303444023705,29.321303444023705,12.101438556083789,54.695954555868795
Cameroon,2021-06-08,0.25,8.058346587489382,-7.808346587489382,7.808346587489382,0.0,29.355604587381887
Cote d'Ivoire,2021-06-08,2.37,13.046674648466734,-10.676674648466733,10.676674648466733,0.0,34.34393264835924
Hungary,2021-06-08,54.83,37.305653289094685,17.524346710905313,17.524346710905313,16.00839528920218,58.60291128898719
Fiji,2021-06-08,24.41,15.190622326157886,9.219377673842114,9.219377673842114,0.0,36.48788032605039
Cape Verde,2021-06-08,5.71,11.651775350435514,-5.941775350435514,5.941775350435514,0.0,32.94903335032802
Kazakhstan,2021-06-08,12.17,18.440605168575686,-6.2706051685756865,6.2706051685756865,0.0,39.737863168468195
United Kingdom,2021-06-08,59.97,51.89145099356413,8.078549006435871,8.078549006435871,30.594192993671623,73.18870899345663
Vanuatu,2021-06-09,0.28,24.14478746865455,-23.864787468654548,23.864787468654548,2.847529468762044,45.44204546854705
United Arab Emirates,2021-06-09,51.38,48.26362151246759,3.1163784875324154,3.1163784875324154,26.966363512575082,69.56087951236009
Uganda,2021-06-09,1.66,12.43178777675016,-10.771787776750159,10.771787776750159,0.0,33.729045776642664
Ukraine,2021-06-09,3.12,14.302445390436986,-11.182445390436985,11.182445390436985,0.0,35.599703390329495
Turks and Caicos Islands,2021-06-09,53.62,42.972982698175,10.647017301824995,10.647017301824995,21.675724698282497,64.27024069806751
Uzbekistan,2021-06-09,3.58,11.145579077269105,-7.5655790772691045,7.5655790772691045,0.0,32.44283707716161
Zambia,2021-06-09,0.77,8.298051132927455,-7.528051132927455,7.528051132927455,0.0,29.59530913281996
Venezuela,2021-06-09,1.11,14.472973431275634,-13.362973431275634,13.362973431275634,0.0,35.77023143116814
United States,2021-06-09,51.45,41.84450419927106,9.605495800728946,9.605495800728946,20.547246199378552,63.141762199163566
Afghanistan,2021-06-09,1.24,13.967593253700223,-12.727593253700222,12.727593253700222,0.0,35.264851253592724
Vietnam,2021-06-09,1.38,12.475554128754418,-11.095554128754419,11.095554128754419,0.0,33.77281212864692
Albania,2021-06-09,17.24,19.961639414592938,-2.7216394145929392,2.7216394145929392,0.0,41.258897414485446
United Kingdom,2021-06-09,60.23,52.110527736933044,8.119472263066953,8.119472263066953,30.81326973704054,73.40778573682555
Yemen,2021-06-09,0.66,5.3178418408226165,-4.657841840822616,4.657841840822616,0.0,26.61509984071512
Wallis and Futuna,2021-06-09,39.53,43.174225985941526,-3.6442259859415245,3.6442259859415245,21.87696798604902,64.47148398583403
Wales,2021-06-09,69.63,54.458683765301906,15.17131623469809,15.17131623469809,33.161425765409405,75.75594176519441
Tuvalu,2021-06-09,20.35,26.922302301039878,-6.572302301039876,6.572302301039876,5.625044301147373,48.219560300932386
Turkey,2021-06-09,21.98,27.2236822692405,-5.243682269240498,5.243682269240498,5.926424269347994,48.52094026913301
Uruguay,2021-06-09,59.42,35.87285692811707,23.547143071882928,23.547143071882928,14.575598928224569,57.17011492800958
Zimbabwe,2021-06-09,4.64,15.524385259811837,-10.884385259811836,10.884385259811836,0.0,36.821643259704345
Malta,2021-06-09,75.46,46.049131595501464,29.41086840449853,29.41086840449853,24.75187359560896,67.34638959539397
Iceland,2021-06-09,58.07,33.4987956770838,24.571204322916202,24.571204322916202,12.201537677191293,54.7960536769763
Bolivia,2021-06-09,12.77,18.73647600167073,-5.966476001670731,5.966476001670731,0.0,40.03373400156323
Anguilla,2021-06-09,60.29,47.82839373331759,12.46160626668241,12.46160626668241,26.531135733425085,69.12565173321009
Serbia,2021-06-09,38.69,36.28683775585635,2.403162244143651,2.403162244143651,14.989579755963842,57.58409575574885
Cayman Islands,2021-06-09,71.41,48.8154467338291,22.594553266170898,22.594553266170898,27.518188733936594,70.1127047337216
India,2021-06-09,13.86,21.87219295708025,-8.012192957080252,8.012192957080252,0.5749349571877467,43.16945095697275
Indonesia,2021-06-09,6.84,20.299740418847456,-13.459740418847456,13.459740418847456,0.0,41.59699841873996
Senegal,2021-06-09,2.79,15.218142704249935,-12.428142704249936,12.428142704249936,0.0,36.515400704142436
Iran,2021-06-09,4.66,15.63772386387975,-10.97772386387975,10.97772386387975,0.0,36.93498186377225
Scotland,2021-06-09,62.99,50.07411274505282,12.91588725494718,12.91588725494718,28.776854745160318,71.37137074494532
Iraq,2021-06-09,1.11,13.17741805850207,-12.06741805850207,12.06741805850207,0.0,34.47467605839458
Bhutan,2021-06-09,62.56,68.45075053393569,-5.890750533935687,5.890750533935687,47.15349253404318,89.7480085338282
Ireland,2021-06-09,42.53,30.259236175093726,12.270763824906275,12.270763824906275,8.96197817520122,51.55649417498623
Antigua and Barbuda,2021-06-09,35.38,35.261431617944226,0.11856838205577702,0.11856838205577702,13.96417361805172,56.558689617836734
Saudi Arabia,2021-06-09,0.0,18.731061558049696,-18.731061558049696,18.731061558049696,0.0,40.0283195579422
Isle of Man,2021-06-09,72.11,53.52213232424415,18.587867675755852,18.587867675755852,32.224874324351646,74.81939032413665
Bermuda,2021-06-09,64.02,47.69559463847386,16.32440536152614,16.32440536152614,26.398336638581352,68.99285263836636
Saint Kitts and Nevis,2021-06-09,39.6,29.14187896798628,10.458121032013722,10.458121032013722,7.844620968093775,50.43913696787878
Jordan,2021-06-09,18.55,21.073528297635313,-2.5235282976353126,2.5235282976353126,0.0,42.370786297527815
Saint Lucia,2021-06-09,15.81,22.716380071552443,-6.906380071552443,6.906380071552443,1.4191220716599382,44.013638071444944
Belize,2021-06-09,17.06,20.160704329341193,-3.1007043293411947,3.1007043293411947,0.0,41.457962329233695
Jersey,2021-06-09,63.86,59.59818783826929,4.26181216173071,4.26181216173071,38.30092983837679,80.89544583816179
Saint Vincent and the Grenadines,2021-06-09,16.6,22.781463775409208,-6.181463775409206,6.181463775409206,1.4842057755167026,44.078721775301716
Hungary,2021-06-09,54.98,37.5247300324636,17.455269967536395,17.455269967536395,16.227472032571097,58.8219880323561
Japan,2021-06-09,12.04,15.32222078062054,-3.2822207806205412,3.2822207806205412,0.0,36.61947878051305
Jamaica,2021-06-09,5.26,14.87586672411858,-9.61586672411858,9.61586672411858,0.0,36.17312472401109
Italy,2021-06-09,45.64,30.621377707329437,15.018622292670564,15.018622292670564,9.324119707436932,51.91863570722194
Israel,2021-06-09,63.22,67.05499583811843,-3.834995838118431,3.834995838118431,45.75773783822592,88.35225383801094
Cuba,2021-06-09,16.29,9.745666427406526,6.544333572593473,6.544333572593473,0.0,31.04292442729903
San Marino,2021-06-09,63.68,49.08494995137283,14.595050048627172,14.595050048627172,27.787691951480323,70.38220795126533
Sao Tome and Principe,2021-06-09,5.65,15.11916656919307,-9.469166569193069,9.469166569193069,0.0,36.41642456908558
Samoa,2021-06-09,19.33,12.329533699246504,7.000466300753494,7.000466300753494,0.0,33.626791699139005
Russia,2021-06-09,12.3,24.669155735113925,-12.369155735113925,12.369155735113925,3.3718977352214203,45.96641373500643
Seychelles,2021-06-09,71.85,70.68474273929141,1.1652572607085858,1.1652572607085858,49.3874847393989,91.98200073918392
Hong Kong,2021-06-09,21.45,21.403087759194953,0.04691224080504597,0.04691224080504597,0.10582975930244842,42.700345759087455
France,2021-06-09,43.2,30.575431761383463,12.62456823861654,12.62456823861654,9.278173761490958,51.872689761275964
French Polynesia,2021-06-09,22.5,23.655237234272015,-1.1552372342720147,1.1552372342720147,2.35797923437951,44.952495234164516
South Korea,2021-06-09,19.1,16.606983882900323,2.4930161170996783,2.4930161170996783,0.0,37.90424188279283
Gabon,2021-06-09,0.89,10.767112253118107,-9.877112253118106,9.877112253118106,0.0,32.06437025301061
Georgia,2021-06-09,4.63,12.261145584748018,-7.631145584748018,7.631145584748018,0.0,33.55840358464052
British Virgin Islands,2021-06-09,38.21,41.16338138060554,-2.953381380605542,2.953381380605542,19.866123380713038,62.46063938049805
South Africa,2021-06-09,2.73,14.664627494232764,-11.934627494232764,11.934627494232764,0.0,35.96188549412527
Canada,2021-06-09,63.15,33.61777329934521,29.53222670065479,29.53222670065479,12.320515299452705,54.91503129923771
Cyprus,2021-06-09,47.16,30.732365905875753,16.427634094124244,16.427634094124244,9.435107905983248,52.02962390576826
Germany,2021-06-09,46.61,31.65644527489711,14.95355472510289,14.95355472510289,10.359187275004604,52.95370327478962
Somalia,2021-06-09,0.82,8.431469801673678,-7.611469801673678,7.611469801673678,0.0,29.728727801566183
Ghana,2021-06-09,2.74,14.745632344216396,-12.005632344216396,12.005632344216396,0.0,36.0428903441089
Brazil,2021-06-09,24.21,24.665287216195118,-0.45528721619511714,0.45528721619511714,3.368029216302613,45.96254521608762
Slovenia,2021-06-09,35.71,30.209457238781965,5.5005427612180355,5.5005427612180355,8.91219923888946,51.506715238674474
Chile,2021-06-09,59.76,42.60914043932015,17.150859560679848,17.150859560679848,21.311882439427645,63.90639843921265
Gibraltar,2021-06-09,116.11,95.3369379220556,20.773062077944402,20.773062077944402,74.03967992216309,100.0
Greece,2021-06-09,39.34,29.6047300324636,9.735269967536404,9.735269967536404,8.307472032571095,50.9019880323561
Honduras,2021-06-09,3.73,13.414469035223558,-9.684469035223557,9.684469035223557,0.0,34.71172703511606
Sierra Leone,2021-06-09,0.9,11.860159669255083,-10.960159669255082,10.960159669255082,0.0,33.15741766914759
Guyana,2021-06-09,27.24,21.98160174602448,5.258398253975518,5.258398253975518,0.6843437461319759,43.27885974591699
Singapore,2021-06-09,42.8,31.060813308650538,11.73918669134946,11.73918669134946,9.763555308758033,52.358071308543046
Guinea,2021-06-09,2.2,10.576313376991422,-8.376313376991423,8.376313376991423,0.0,31.873571376883927
Sint Maarten (Dutch part),2021-06-09,43.28,40.81280093713335,2.467199062866648,2.467199062866648,19.51554293724085,62.110058937025855
Bosnia and Herzegovina,2021-06-09,5.76,15.590327236220674,-9.830327236220674,9.830327236220674,0.0,36.88758523611318
Angola,2021-06-09,2.25,13.619799010883117,-11.369799010883117,11.369799010883117,0.0,34.91705701077562
Guatemala,2021-06-09,2.83,13.98766570108199,-11.15766570108199,11.15766570108199,0.0,35.284923700974495
Curacao,2021-06-09,52.76,44.306950794184054,8.453049205815944,8.453049205815944,23.00969279429155,65.60420879407656
Grenada,2021-06-09,15.97,22.375523314651893,-6.405523314651893,6.405523314651893,1.0782653147593884,43.672781314544395
Central African Republic,2021-06-09,0.53,4.939226725768901,-4.4092267257689,4.4092267257689,0.0,26.236484725661406
Slovakia,2021-06-09,33.92,29.58792401570382,4.332075984296182,4.332075984296182,8.290666015811315,50.88518201559633
Greenland,2021-06-09,34.39,25.8499010518224,8.5400989481776,8.5400989481776,4.552643051929895,47.14715905171491
Guernsey,2021-06-09,49.17,49.137620867727925,0.03237913227207656,0.03237913227207656,27.84036286783542,70.43487886762043
South Sudan,2021-06-09,0.11,9.001738314839177,-8.891738314839177,8.891738314839177,0.0,30.29899631473168
Kazakhstan,2021-06-09,12.39,18.659681911944602,-6.269681911944602,6.269681911944602,0.0,39.95693991183711
Kosovo,2021-06-09,4.15,10.799856960355129,-6.6498569603551285,6.6498569603551285,0.0,32.09711496024764
Mauritania,2021-06-09,0.66,10.236174262749632,-9.576174262749632,9.576174262749632,0.0,31.533432262642137
Panama,2021-06-09,17.55,22.985266289945656,-5.435266289945655,5.435266289945655,1.6880082900531512,44.282524289838165
Colombia,2021-06-09,16.93,18.170762447287167,-1.2407624472871674,1.2407624472871674,0.0,39.46802044717967
Mauritius,2021-06-09,19.47,22.223361907798534,-2.753361907798535,2.753361907798535,0.9261039079060289,43.52061990769104
Bangladesh,2021-06-09,3.54,18.983429717574587,-15.443429717574588,15.443429717574588,0.0,40.28068771746709
Palestine,2021-06-09,7.32,13.314103980940061,-5.994103980940061,5.994103980940061,0.0,34.61136198083257
Mexico,2021-06-09,19.63,24.338768999221664,-4.708768999221665,4.708768999221665,3.0415109993291587,45.636026999114165
Pakistan,2021-06-09,3.3,16.21397597301072,-12.913975973010718,12.913975973010718,0.0,37.51123397290323
Oman,2021-06-09,6.58,21.60411778756555,-15.02411778756555,15.02411778756555,0.30685978767304434,42.90137578745805
Moldova,2021-06-09,9.27,14.589836000334046,-5.319836000334046,5.319836000334046,0.0,35.887094000226554
Monaco,2021-06-09,45.11,36.0846577460493,9.025342253950697,9.025342253950697,14.787399746156797,57.38191574594181
Costa Rica,2021-06-09,23.94,24.54479548928792,-0.6047954892879197,0.6047954892879197,3.247537489395416,45.84205348918043
Mongolia,2021-06-09,57.48,33.07121962732684,24.408780372673156,24.408780372673156,11.773961627434335,54.36847762721935
Montenegro,2021-06-09,22.7,19.368286445140185,3.331713554859814,3.331713554859814,0.0,40.665544445032694
Austria,2021-06-09,45.18,31.576715545167424,13.603284454832576,13.603284454832576,10.27945754527492,52.873973545059926
Norway,2021-06-09,35.03,32.0968120814667,2.9331879185332994,2.9331879185332994,10.799554081574197,53.3940700813592
Montserrat,2021-06-09,27.17,34.38239053054626,-7.212390530546259,7.212390530546259,13.085132530653755,55.67964853043877
Niger,2021-06-09,0.71,9.942839416495612,-9.232839416495612,9.232839416495612,0.0,31.240097416388117
New Caledonia,2021-06-09,18.86,22.71109309012791,-3.851093090127911,3.851093090127911,1.4138350902354055,44.00835109002041
North Macedonia,2021-06-09,12.12,16.31772027773799,-4.197720277737991,4.197720277737991,0.0,37.6149782776305
Azerbaijan,2021-06-09,16.56,22.38204498132834,-5.822044981328343,5.822044981328343,1.0847869814358369,43.67930298122084
Congo,2021-06-09,0.41,8.301301132967438,-7.891301132967438,7.891301132967438,0.0,29.598559132859943
Bahamas,2021-06-09,12.32,16.012127641469114,-3.6921276414691135,3.6921276414691135,0.0,37.309385641361615
Paraguay,2021-06-09,4.38,14.761644286634336,-10.381644286634337,10.381644286634337,0.0,36.058902286526845
Netherlands,2021-06-09,42.88,30.00895284742878,12.871047152571222,12.871047152571222,8.711694847536275,51.30621084732128
Namibia,2021-06-09,3.16,11.644284929625194,-8.484284929625193,8.484284929625193,0.0,32.941542929517695
Cook Islands,2021-06-09,54.29,24.14478746865455,30.14521253134545,30.14521253134545,2.847529468762044,45.44204546854705
Mozambique,2021-06-09,1.02,12.44491310311341,-11.424913103113411,11.424913103113411,0.0,33.742171103005916
Morocco,2021-06-09,25.34,26.463200139601803,-1.1232001396018028,1.1232001396018028,5.165942139709298,47.760458139494304
Northern Ireland,2021-06-09,58.17,50.060598658918956,8.109401341081046,8.109401341081046,28.76334065902645,71.35785665881146
Bahrain,2021-06-09,59.6,43.13624349847927,16.463756501520734,16.463756501520734,21.838985498586762,64.43350149837177
Nepal,2021-06-09,7.45,20.585717853167758,-13.135717853167758,13.135717853167758,0.0,41.88297585306026
Kenya,2021-06-09,1.82,13.354534865844844,-11.534534865844844,11.534534865844844,0.0,34.65179286573735
Cote d'Ivoire,2021-06-09,2.44,13.26575139183565,-10.82575139183565,10.82575139183565,0.0,34.56300939172816
Mali,2021-06-09,0.55,9.820649435485482,-9.270649435485481,9.270649435485481,0.0,31.117907435377987
Argentina,2021-06-09,26.3,25.80620414796487,0.4937958520351309,0.4937958520351309,4.508946148072365,47.10346214785737
Romania,2021-06-09,23.37,28.203810139761856,-4.833810139761855,4.833810139761855,6.906552139869351,49.501068139654365
Kuwait,2021-06-09,19.25,27.75867561069483,-8.50867561069483,8.50867561069483,6.461417610802325,49.05593361058733
Kyrgyzstan,2021-06-09,1.35,10.09143590772375,-8.74143590772375,8.74143590772375,0.0,31.388693907616254
Laos,2021-06-09,9.54,13.34484612835044,-3.804846128350441,3.804846128350441,0.0,34.64210412824295
Belgium,2021-06-09,46.7,31.35486608688519,15.345133913114815,15.345133913114815,10.057608086992683,52.65212408677769
Croatia,2021-06-09,33.06,27.72120947018732,5.338790529812684,5.338790529812684,6.4239514702948135,49.01846747007983
Armenia,2021-06-09,1.57,9.69187537356532,-8.12187537356532,8.12187537356532,0.0,30.989133373457825
Qatar,2021-06-09,54.37,28.44106523789511,25.928934762104888,25.928934762104888,7.143807238002605,49.73832323778761
Latvia,2021-06-09,31.25,26.847315066477186,4.4026849335228135,4.4026849335228135,5.550057066584682,48.14457306636969
Lebanon,2021-06-09,9.04,16.985603434031297,-7.945603434031298,7.945603434031298,0.0,38.2828614339238
Liberia,2021-06-09,1.26,5.729226725767472,-4.469226725767472,4.469226725767472,0.0,27.026484725659977
Libya,2021-06-09,4.63,8.260388720588448,-3.6303887205884484,3.6303887205884484,0.0,29.557646720480953
Aruba,2021-06-09,60.66,50.1024865084696,10.557513491530393,10.557513491530393,28.8052285085771,71.3997445083621
China,2021-06-09,0.0,21.140905735113947,-21.140905735113947,21.140905735113947,0.0,42.438163735006455
Portugal,2021-06-09,41.82,30.865296626248323,10.954703373751677,10.954703373751677,9.568038626355818,52.16255462614083
Liechtenstein,2021-06-09,40.31,29.698973734627124,10.611026265372878,10.611026265372878,8.40171573473462,50.996231734519625
Peru,2021-06-09,10.17,17.393968459229278,-7.223968459229278,7.223968459229278,0.0,38.69122645912178
Maldives,2021-06-09,57.99,53.30559759463245,4.68440240536755,4.68440240536755,32.00833959473995,74.60285559452495
Philippines,2021-06-09,4.23,13.925174917576506,-9.695174917576505,9.695174917576505,0.0,35.22243291746901
Barbados,2021-06-09,29.64,34.92187362943333,-5.281873629433328,5.281873629433328,13.624615629540823,56.21913162932583
Australia,2021-06-09,18.41,14.86279199678006,3.5472080032199393,3.5472080032199393,0.0,36.16004999667257
Malaysia,2021-06-09,8.42,15.420553050516311,-7.000553050516311,7.000553050516311,0.0,36.71781105040881
Cape Verde,2021-06-09,5.71,11.87085209380443,-6.16085209380443,6.16085209380443,0.0,33.16811009369694
Malawi,2021-06-09,1.91,12.22955201070338,-10.31955201070338,10.31955201070338,0.0,33.52681001059588
Macao,2021-06-09,23.02,19.722581006736796,3.2974189932632036,3.2974189932632036,0.0,41.0198390066293
Poland,2021-06-09,39.76,30.30656676715742,9.453433232842578,9.453433232842578,9.009308767264915,51.60382476704993
Luxembourg,2021-06-09,41.2,30.113692228808,11.086307771192004,11.086307771192004,8.816434228915494,51.4109502287005
Tunisia,2021-06-09,7.61,13.31928657661976,-5.70928657661976,5.70928657661976,0.0,34.61654457651227
Lithuania,2021-06-09,42.06,31.622458788410476,10.437541211589526,10.437541211589526,10.325200788517972,52.91971678830298
Belarus,2021-06-09,6.47,20.526430712735603,-14.056430712735605,14.056430712735605,0.0,41.82368871262811
Madagascar,2021-06-09,0.28,4.944226725768729,-4.664226725768729,4.664226725768729,0.0,26.241484725661234
Andorra,2021-06-09,39.52,30.19983249603382,9.320167503966182,9.320167503966182,8.902574496141316,51.49709049592633
New Zealand,2021-06-09,10.51,16.351160437964523,-5.841160437964524,5.841160437964524,0.0,37.64841843785703
Faeroe Islands,2021-06-09,48.84,33.38602683538935,15.453973164610652,15.453973164610652,12.088768835496847,54.68328483528185
Trinidad and Tobago,2021-06-09,9.76,15.704016486575966,-5.944016486575967,5.944016486575967,0.0,37.001274486468475
Switzerland,2021-06-09,41.34,28.64016307454439,12.699836925455614,12.699836925455614,7.342905074651885,49.9374210744369
Estonia,2021-06-09,38.61,31.8229317613836,6.787068238616399,6.787068238616399,10.525673761491095,53.12018976127611
Democratic Republic of Congo,2021-06-09,0.03,7.562314312864551,-7.532314312864551,7.532314312864551,0.0,28.859572312757056
England,2021-06-09,60.67,52.17716305207441,8.49283694792559,8.49283694792559,30.879905052181908,73.47442105196691
Egypt,2021-06-09,2.76,17.046120867728185,-14.286120867728185,14.286120867728185,0.0,38.343378867620686
Czechia,2021-06-09,40.85,29.462729058680836,11.387270941319166,11.387270941319166,8.16547105878833,50.759987058573344
Brunei,2021-06-09,11.14,12.285376977775979,-1.1453769777759781,1.1453769777759781,0.0,33.582634977668484
Finland,2021-06-09,48.57,33.23759734371446,15.332402656285538,15.332402656285538,11.940339343821957,54.534855343606964
Togo,2021-06-09,3.27,13.109419355697533,-9.839419355697533,9.839419355697533,0.0,34.406677355590034
Ecuador,2021-06-09,10.64,18.884173417544204,-8.244173417544204,8.244173417544204,0.0,40.18143141743671
Spain,2021-06-09,44.12,30.836209729989534,13.283790270010464,13.283790270010464,9.538951730097029,52.13346772988204
Suriname,2021-06-09,15.35,17.99572512183243,-2.645725121832429,2.645725121832429,0.0,39.29298312172493
Cambodia,2021-06-09,16.57,19.838776151537026,-3.2687761515370255,3.2687761515370255,0.0,41.13603415142953
Dominican Republic,2021-06-09,38.83,23.046351955337094,15.783648044662904,15.783648044662904,1.7490939554445895,44.343609955229596
Dominica,2021-06-09,27.85,34.130425275436245,-6.280425275436244,6.280425275436244,12.83316727554374,55.42768327532875
Fiji,2021-06-09,24.41,15.409699069526802,9.000300930473198,9.000300930473198,0.0,36.7069570694193
Sri Lanka,2021-06-09,9.45,19.716389794774223,-10.266389794774224,10.266389794774224,0.0,41.013647794666724
Taiwan,2021-06-09,3.19,10.931940803376044,-7.741940803376044,7.741940803376044,0.0,32.229198803268545
Tajikistan,2021-06-09,0.88,6.009841840822617,-5.129841840822617,5.129841840822617,0.0,27.30709984071512
Sweden,2021-06-09,37.32,30.66414797759972,6.655852022400282,6.655852022400282,9.366889977707213,51.96140597749222
El Salvador,2021-06-09,20.05,19.934824947287176,0.11517505271282502,0.11517505271282502,0.0,41.23208294717968
Sudan,2021-06-09,0.95,12.011610808573156,-11.061610808573157,11.061610808573157,0.0,33.30886880846566
Denmark,2021-06-09,44.04,31.565942915795,12.474057084205,12.474057084205,10.268684915902494,52.8632009156875
Thailand,2021-06-09,5.68,13.907042974628673,-8.227042974628674,8.227042974628674,0.0,35.204300974521175
Ethiopia,2021-06-09,1.65,9.475270493484459,-7.825270493484458,7.825270493484458,0.0,30.772528493376964
Timor,2021-06-09,7.07,9.538551132929204,-2.4685511329292034,2.4685511329292034,0.0,30.83580913282171
Bulgaria,2021-06-09,12.38,23.734697298649948,-11.354697298649947,11.354697298649947,2.437439298757443,45.03195529854246
Equatorial Guinea,2021-06-09,10.59,14.095667534992238,-3.505667534992238,3.505667534992238,0.0,35.39292553488474
Burkina Faso,2021-06-09,0.0,24.14478746865455,-24.14478746865455,24.14478746865455,2.847529468762044,45.44204546854705
Cameroon,2021-06-09,0.25,8.277423330858298,-8.027423330858298,8.027423330858298,0.0,29.574681330750803
Bermuda,2021-06-10,64.02,47.91467138184276,16.105328618157237,16.105328618157237,26.617413381950254,69.21192938173526
Uganda,2021-06-10,1.7,12.650864520119068,-10.950864520119069,10.950864520119069,0.0,33.94812252001157
Israel,2021-06-10,63.26,67.27407258148736,-4.014072581487362,4.014072581487362,45.97681458159485,88.57133058137987
Niger,2021-06-10,0.71,10.161916159864521,-9.45191615986452,9.45191615986452,0.0,31.459174159757026
Curacao,2021-06-10,52.89,44.52602753755296,8.363972462447038,8.363972462447038,23.228769537660458,65.82328553744547
Cameroon,2021-06-10,0.26,8.496500074227207,-8.236500074227207,8.236500074227207,0.0,29.79375807411971
Saudi Arabia,2021-06-10,0.0,18.950138301418605,-18.950138301418605,18.950138301418605,0.0,40.24739630131111
Estonia,2021-06-10,38.94,32.04200850475251,6.897991495247489,6.897991495247489,10.744750504860004,53.33926650464501
Ecuador,2021-06-10,10.64,19.103250160913113,-8.463250160913113,8.463250160913113,0.0,40.400508160805614
Wales,2021-06-10,69.83,54.67776050867081,15.15223949132919,15.15223949132919,33.38050250877831,75.97501850856331
Sao Tome and Principe,2021-06-10,5.65,15.338243312561978,-9.688243312561978,9.688243312561978,0.0,36.63550131245448
Vanuatu,2021-06-10,0.28,24.363864212023458,-24.083864212023457,24.083864212023457,3.066606212130953,45.661122211915966
Barbados,2021-06-10,30.06,35.14095037280224,-5.0809503728022385,5.0809503728022385,13.843692372909732,56.438208372694746
Maldives,2021-06-10,58.02,53.52467433800137,4.495325661998635,4.495325661998635,32.22741633810887,74.82193233789387
Afghanistan,2021-06-10,1.24,14.186669997069131,-12.946669997069131,12.946669997069131,0.0,35.48392799696164
Sweden,2021-06-10,37.32,30.883224720968627,6.436775279031373,6.436775279031373,9.585966721076122,52.180482720861136
Bolivia,2021-06-10,12.77,18.95555274503964,-6.18555274503964,6.18555274503964,0.0,40.25281074493215
India,2021-06-10,14.08,22.09126970044916,-8.01126970044916,8.01126970044916,0.7940117005566556,43.38852770034167
Congo,2021-06-10,0.41,8.520377876336347,-8.110377876336347,8.110377876336347,0.0,29.817635876228852
Panama,2021-06-10,17.83,23.204343033314565,-5.374343033314567,5.374343033314567,1.9070850334220601,44.501601033207066
Central African Republic,2021-06-10,0.53,5.15830346913781,-4.628303469137809,4.628303469137809,0.0,26.455561469030314
Indonesia,2021-06-10,7.02,20.518817162216365,-13.498817162216366,13.498817162216366,0.0,41.81607516210887
Iran,2021-06-10,4.66,15.856800607248651,-11.196800607248651,11.196800607248651,0.0,37.15405860714115
Wallis and Futuna,2021-06-10,39.53,43.393302729310435,-3.8633027293104334,3.8633027293104334,22.09604472941793,64.69056072920294
Turkey,2021-06-10,22.49,27.442759012609407,-4.952759012609409,4.952759012609409,6.1455010127169025,48.74001701250191
Serbia,2021-06-10,38.69,36.50591449922526,2.184085500774735,2.184085500774735,15.208656499332758,57.803172499117764
Paraguay,2021-06-10,4.49,14.980721030003245,-10.490721030003245,10.490721030003245,0.0,36.27797902989575
Ethiopia,2021-06-10,1.65,9.694347236853368,-8.044347236853367,8.044347236853367,0.0,30.991605236745873
Mali,2021-06-10,0.57,10.03972617885439,-9.46972617885439,9.46972617885439,0.0,31.336984178746896
Iraq,2021-06-10,1.11,13.396494801870979,-12.28649480187098,12.28649480187098,0.0,34.69375280176348
Senegal,2021-06-10,2.83,15.437219447618851,-12.607219447618851,12.607219447618851,0.0,36.73447744751135
Czechia,2021-06-10,41.33,29.681805802049745,11.648194197950254,11.648194197950254,8.38454780215724,50.979063801942246
Mauritania,2021-06-10,0.81,10.45525100611854,-9.64525100611854,9.64525100611854,0.0,31.752509006011046
Peru,2021-06-10,10.49,17.613045202598187,-7.1230452025981865,7.1230452025981865,0.0,38.910303202490695
Bhutan,2021-06-10,62.56,68.66982727730459,-6.109827277304589,6.109827277304589,47.37256927741208,89.9670852771971
Ireland,2021-06-10,42.53,30.478312918462642,12.05168708153736,12.05168708153736,9.181054918570137,51.77557091835514
Democratic Republic of Congo,2021-06-10,0.03,7.78139105623346,-7.75139105623346,7.75139105623346,0.0,29.078649056125965
Scotland,2021-06-10,63.31,50.29318948842174,13.016810511578264,13.016810511578264,28.995931488529234,71.59044748831424
Italy,2021-06-10,46.46,30.840454450698346,15.619545549301655,15.619545549301655,9.54319645080584,52.137712450590854
Isle of Man,2021-06-10,72.11,53.74120906761305,18.36879093238695,18.36879093238695,32.44395106772055,75.03846706750555
Malta,2021-06-10,75.73,46.26820833887037,29.46179166112963,29.46179166112963,24.970950338977868,67.56546633876287
Philippines,2021-06-10,4.23,14.144251660945415,-9.914251660945414,9.914251660945414,0.0,35.44150966083792
Mauritius,2021-06-10,19.47,22.442438651167443,-2.972438651167444,2.972438651167444,1.1451806512749378,43.739696651059944
Antigua and Barbuda,2021-06-10,35.38,35.480508361313134,-0.1005083613131319,0.1005083613131319,14.18325036142063,56.777766361205636
Australia,2021-06-10,18.95,15.08186874014897,3.8681312598510296,3.8681312598510296,0.0,36.37912674004147
Uzbekistan,2021-06-10,3.58,11.364655820638013,-7.784655820638013,7.784655820638013,0.0,32.661913820530515
Kenya,2021-06-10,1.83,13.573611609213753,-11.743611609213753,11.743611609213753,0.0,34.87086960910626
Belarus,2021-06-10,6.47,20.745507456104512,-14.275507456104513,14.275507456104513,0.0,42.042765455997014
Colombia,2021-06-10,16.93,18.389839190656076,-1.4598391906560764,1.4598391906560764,0.0,39.687097190548585
Russia,2021-06-10,12.42,24.888232478482834,-12.468232478482834,12.468232478482834,3.5909744785903293,46.18549047837534
Argentina,2021-06-10,27.0,26.02528089133378,0.9747191086662212,0.9747191086662212,4.728022891441274,47.32253889122629
Uruguay,2021-06-10,59.8,36.09193367148598,23.708066328514015,23.708066328514015,14.794675671593478,57.389191671378484
Kosovo,2021-06-10,4.15,11.018933703724038,-6.868933703724037,6.868933703724037,0.0,32.31619170361654
Thailand,2021-06-10,5.94,14.126119717997582,-8.186119717997581,8.186119717997581,0.0,35.42337771789009
United States,2021-06-10,51.56,42.063580942639966,9.496419057360036,9.496419057360036,20.76632294274746,63.36083894253247
Kuwait,2021-06-10,19.25,27.977752354063746,-8.727752354063746,8.727752354063746,6.680494354171241,49.27501035395625
Liechtenstein,2021-06-10,41.78,29.918050477996026,11.861949522003975,11.861949522003975,8.620792478103521,51.21530847788853
England,2021-06-10,60.98,52.39623979544333,8.583760204556668,8.583760204556668,31.098981795550824,73.69349779533583
Lithuania,2021-06-10,42.39,31.841535531779385,10.548464468220615,10.548464468220615,10.54427753188688,53.138793531671894
Cambodia,2021-06-10,16.72,20.057852894905935,-3.337852894905936,3.337852894905936,0.0,41.35511089479844
Laos,2021-06-10,9.6,13.563922871719349,-3.9639228717193493,3.9639228717193493,0.0,34.86118087161185
Libya,2021-06-10,4.63,8.479465463957357,-3.8494654639573573,3.8494654639573573,0.0,29.776723463849862
El Salvador,2021-06-10,20.05,20.153901690656085,-0.1039016906560839,0.1039016906560839,0.0,41.45115969054859
Liberia,2021-06-10,1.26,5.9483034691363805,-4.688303469136381,4.688303469136381,0.0,27.245561469028885
Romania,2021-06-10,23.47,28.422886883130765,-4.952886883130766,4.952886883130766,7.12562888323826,49.720144883023266
Armenia,2021-06-10,1.57,9.91095211693423,-8.340952116934229,8.340952116934229,0.0,31.208210116826734
Cuba,2021-06-10,16.64,9.964743170775435,6.6752568292245655,6.6752568292245655,0.0,31.26200117066794
Tajikistan,2021-06-10,0.88,6.2289185841915256,-5.348918584191526,5.348918584191526,0.0,27.52617658408403
Aruba,2021-06-10,60.9,50.321563251838505,10.578436748161494,10.578436748161494,29.024305251946,71.618821251731
Qatar,2021-06-10,54.57,28.66014198126402,25.90985801873598,25.90985801873598,7.362883981371514,49.95739998115653
Belgium,2021-06-10,47.4,31.573942830254097,15.826057169745901,15.826057169745901,10.276684830361592,52.871200830146606
Latvia,2021-06-10,31.57,27.066391809846095,4.503608190153905,4.503608190153905,5.7691338099535905,48.363649809738604
Ukraine,2021-06-10,3.19,14.521522133805895,-11.331522133805896,11.331522133805896,0.0,35.8187801336984
Malaysia,2021-06-10,8.76,15.63962979388522,-6.87962979388522,6.87962979388522,0.0,36.93688779377773
China,2021-06-10,43.21,21.359982478482856,21.850017521517145,21.850017521517145,0.06272447859035069,42.65724047837536
Taiwan,2021-06-10,3.28,11.151017546744953,-7.8710175467449535,7.8710175467449535,0.0,32.44827554663746
Timor,2021-06-10,7.07,9.757627876298113,-2.6876278762981123,2.6876278762981123,0.0,31.054885876190617
Malawi,2021-06-10,1.91,12.448628754072288,-10.538628754072288,10.538628754072288,0.0,33.7458867539648
Jamaica,2021-06-10,5.26,15.09494346748749,-9.83494346748749,9.83494346748749,0.0,36.39220146737999
Japan,2021-06-10,12.6,15.54129752398945,-2.9412975239894497,2.9412975239894497,0.0,36.83855552388195
Bangladesh,2021-06-10,3.54,19.20250646094349,-15.66250646094349,15.66250646094349,0.0,40.49976446083599
San Marino,2021-06-10,64.14,49.304026694741744,14.835973305258257,14.835973305258257,28.00676869484924,70.60128469463424
Switzerland,2021-06-10,42.04,28.8592398179133,13.1807601820867,13.1807601820867,7.561981818020794,50.1564978178058
Poland,2021-06-10,40.08,30.52564351052633,9.554356489473669,9.554356489473669,9.228385510633824,51.82290151041883
Jersey,2021-06-10,63.86,59.81726458163819,4.042735418361808,4.042735418361808,38.52000658174569,81.1145225815307
Madagascar,2021-06-10,0.35,5.163303469137638,-4.813303469137638,4.813303469137638,0.0,26.460561469030143
Samoa,2021-06-10,19.33,12.548610442615413,6.7813895573845855,6.7813895573845855,0.0,33.84586844250792
Cape Verde,2021-06-10,6.55,12.089928837173339,-5.539928837173339,5.539928837173339,0.0,33.38718683706584
Cayman Islands,2021-06-10,71.41,49.034523477198,22.375476522801996,22.375476522801996,27.737265477305495,70.3317814770905
Jordan,2021-06-10,18.6,21.292605041004222,-2.692605041004221,2.692605041004221,0.0,42.58986304089673
Saint Vincent and the Grenadines,2021-06-10,16.6,23.000540518778116,-6.400540518778115,6.400540518778115,1.7032825188856116,44.29779851867062
Albania,2021-06-10,17.32,20.180716157961847,-2.8607161579618463,2.8607161579618463,0.0,41.47797415785435
Macao,2021-06-10,24.0,19.941657750105712,4.058342249894288,4.058342249894288,0.0,41.23891574999821
Zambia,2021-06-10,0.77,8.517127876296364,-7.747127876296364,7.747127876296364,0.0,29.81438587618887
Equatorial Guinea,2021-06-10,10.59,14.314744278361147,-3.724744278361147,3.724744278361147,0.0,35.612002278253655
Luxembourg,2021-06-10,41.2,30.332768972176908,10.867231027823095,10.867231027823095,9.035510972284403,51.630026972069416
Egypt,2021-06-10,2.76,17.265197611097093,-14.505197611097094,14.505197611097094,0.0,38.5624556109896
Saint Lucia,2021-06-10,15.87,22.935456814921352,-7.065456814921353,7.065456814921353,1.6381988150288471,44.23271481481386
Belize,2021-06-10,17.06,20.379781072710102,-3.3197810727101036,3.3197810727101036,0.0,41.67703907260261
Kazakhstan,2021-06-10,12.63,18.87875865531351,-6.248758655313511,6.248758655313511,0.0,40.17601665520601
Croatia,2021-06-10,33.78,27.940286213556227,5.839713786443774,5.839713786443774,6.643028213663722,49.23754421344873
Saint Kitts and Nevis,2021-06-10,40.36,29.36095571135519,10.99904428864481,10.99904428864481,8.063697711462684,50.6582137112477
Portugal,2021-06-10,42.46,31.084373369617232,11.375626630382769,11.375626630382769,9.787115369724727,52.38163136950973
Mexico,2021-06-10,19.75,24.557845742590573,-4.8078457425905725,4.8078457425905725,3.2605877426980676,45.85510374248308
Lebanon,2021-06-10,9.29,17.204680177400206,-7.914680177400207,7.914680177400207,0.0,38.501938177292715
Costa Rica,2021-06-10,23.94,24.76387223265683,-0.8238722326568286,0.8238722326568286,3.466614232764325,46.06113023254933
Denmark,2021-06-10,45.05,31.785019659163908,13.26498034083609,13.26498034083609,10.487761659271403,53.082277659056416
Morocco,2021-06-10,25.36,26.68227688297071,-1.322276882970712,1.322276882970712,5.385018883078207,47.97953488286322
Fiji,2021-06-10,24.41,15.628775812895704,8.781224187104296,8.781224187104296,0.0,36.926033812788205
Germany,2021-06-10,47.16,31.875522018266018,15.284477981733978,15.284477981733978,10.578264018373513,53.17278001815852
Guatemala,2021-06-10,2.89,14.2067424444509,-11.316742444450899,11.316742444450899,0.0,35.504000444343404
British Virgin Islands,2021-06-10,38.21,41.38245812397445,-3.172458123974451,3.172458123974451,20.085200124081947,62.67971612386695
Dominica,2021-06-10,27.85,34.34950201880516,-6.49950201880516,6.49950201880516,13.052244018912656,55.64676001869766
South Korea,2021-06-10,20.61,16.826060626269232,3.7839393737307674,3.7839393737307674,0.0,38.12331862616173
Montserrat,2021-06-10,27.17,34.60146727391517,-7.4314672739151675,7.4314672739151675,13.304209274022664,55.89872527380767
Guernsey,2021-06-10,49.17,49.35669761109684,-0.18669761109683947,0.18669761109683947,28.059439611204336,70.65395561098934
Cook Islands,2021-06-10,54.29,24.363864212023458,29.92613578797654,29.92613578797654,3.066606212130953,45.661122211915966
Slovakia,2021-06-10,34.09,29.80700075907273,4.282999240927275,4.282999240927275,8.509742759180224,51.10425875896523
Yemen,2021-06-10,0.74,5.536918584191525,-4.796918584191525,4.796918584191525,0.0,26.83417658408403
Sudan,2021-06-10,0.95,12.230687551942065,-11.280687551942066,11.280687551942066,0.0,33.52794555183457
Montenegro,2021-06-10,22.83,19.587363188509094,3.242636811490904,3.242636811490904,0.0,40.884621188401596
Guinea,2021-06-10,2.31,10.79539012036033,-8.48539012036033,8.48539012036033,0.0,32.09264812025283
Dominican Republic,2021-06-10,38.93,23.265428698706003,15.664571301293996,15.664571301293996,1.9681706988134984,44.56268669859851
Sri Lanka,2021-06-10,9.76,19.93546653814313,-10.175466538143132,10.175466538143132,0.0,41.23272453803564
Cote d'Ivoire,2021-06-10,2.51,13.484828135204559,-10.97482813520456,10.97482813520456,0.0,34.78208613509706
Guyana,2021-06-10,27.24,22.20067848939339,5.039321510606609,5.039321510606609,0.9034204895008848,43.49793648928589
Austria,2021-06-10,45.75,31.795792288536333,13.954207711463667,13.954207711463667,10.498534288643828,53.09305028842884
Grenada,2021-06-10,15.97,22.594600058020795,-6.624600058020794,6.624600058020794,1.2973420581282902,43.891858057913296
Brunei,2021-06-10,11.37,12.504453721144888,-1.1344537211448884,1.1344537211448884,0.0,33.80171172103739
Ghana,2021-06-10,2.74,14.964709087585312,-12.224709087585312,12.224709087585312,0.0,36.261967087477814
Greenland,2021-06-10,35.15,26.06897779519131,9.08102220480869,9.08102220480869,4.771719795298804,47.36623579508381
Somalia,2021-06-10,0.82,8.650546545042587,-7.830546545042587,7.830546545042587,0.0,29.947804544935092
Tunisia,2021-06-10,7.8,13.538363319988669,-5.738363319988669,5.738363319988669,0.0,34.83562131988117
Chad,2021-06-10,0.03,24.363864212023458,-24.333864212023457,24.333864212023457,3.066606212130953,45.661122211915966
Nepal,2021-06-10,7.7,20.804794596536667,-13.104794596536667,13.104794596536667,0.0,42.102052596429175
United Arab Emirates,2021-06-10,51.38,48.48269825583649,2.8973017441635136,2.8973017441635136,27.185440255943984,69.77995625572899
Northern Ireland,2021-06-10,58.39,50.27967540228786,8.110324597712143,8.110324597712143,28.982417402395352,71.57693340218036
Brazil,2021-06-10,24.67,24.884363959564034,-0.2143639595640323,0.2143639595640323,3.587105959671529,46.181621959456535
Gibraltar,2021-06-10,116.11,95.55601466542453,20.553985334575472,20.553985334575472,74.25875666553202,100.0
Azerbaijan,2021-06-10,16.89,22.60112172469725,-5.71112172469725,5.71112172469725,1.3038637248047458,43.89837972458976
Turks and Caicos Islands,2021-06-10,53.62,43.19205944154391,10.427940558456086,10.427940558456086,21.894801441651406,64.48931744143641
Netherlands,2021-06-10,42.88,30.228029590797682,12.65197040920232,12.65197040920232,8.930771590905177,51.52528759069018
Namibia,2021-06-10,3.26,11.863361672994102,-8.603361672994103,8.603361672994103,0.0,33.16061967288661
Bahrain,2021-06-10,59.81,43.35532024184818,16.45467975815182,16.45467975815182,22.058062241955678,64.65257824174068
Finland,2021-06-10,49.12,33.456674087083364,15.663325912916633,15.663325912916633,12.15941608719086,54.753932086975865
Greece,2021-06-10,39.63,29.8238067758325,9.806193224167501,9.806193224167501,8.526548775939997,51.121064775725
South Africa,2021-06-10,2.85,14.88370423760167,-12.03370423760167,12.03370423760167,0.0,36.18096223749417
Mozambique,2021-06-10,1.02,12.66398984648232,-11.64398984648232,11.64398984648232,0.0,33.961247846374825
Cyprus,2021-06-10,47.45,30.95144264924466,16.49855735075534,16.49855735075534,9.654184649352157,52.24870064913716
Slovenia,2021-06-10,36.44,30.428533982150874,6.0114660178491235,6.0114660178491235,9.13127598225837,51.725791982043376
Angola,2021-06-10,2.36,13.838875754252026,-11.478875754252027,11.478875754252027,0.0,35.13613375414453
Suriname,2021-06-10,15.35,18.214801865201345,-2.864801865201345,2.864801865201345,0.0,39.512059865093846
Norway,2021-06-10,35.76,32.31588882483561,3.4441111751643874,3.4441111751643874,11.018630824943106,53.61314682472812
New Caledonia,2021-06-10,18.86,22.93016983349682,-4.07016983349682,4.07016983349682,1.6329118336043145,44.22742783338933
Vietnam,2021-06-10,1.4,12.694630872123327,-11.294630872123326,11.294630872123326,0.0,33.991888872015835
Andorra,2021-06-10,39.52,30.41890923940273,9.101090760597273,9.101090760597273,9.121651239510225,51.71616723929523
South Sudan,2021-06-10,0.11,9.220815058208085,-9.110815058208086,9.110815058208086,0.0,30.51807305810059
Zimbabwe,2021-06-10,4.65,15.743462003180746,-11.093462003180745,11.093462003180745,0.0,37.04072000307325
Iceland,2021-06-10,58.07,33.717872420452714,24.352127579547286,24.352127579547286,12.42061442056021,55.015130420345216
Hong Kong,2021-06-10,21.83,21.622164502563862,0.20783549743613605,0.20783549743613605,0.32490650267135734,42.91942250245637
North Macedonia,2021-06-10,12.2,16.5367970211069,-4.3367970211069,4.3367970211069,0.0,37.8340550209994
Burkina Faso,2021-06-10,0.04,24.363864212023458,-24.32386421202346,24.32386421202346,3.066606212130953,45.661122211915966
United Kingdom,2021-06-10,60.53,52.329604480301946,8.200395519698056,8.200395519698056,31.03234648040944,73.62686248019445
Oman,2021-06-10,6.58,21.823194530934458,-15.243194530934458,15.243194530934458,0.5259365310419533,43.12045253082697
Gabon,2021-06-10,0.89,10.986188996487016,-10.096188996487015,10.096188996487015,0.0,32.283446996379524
Chile,2021-06-10,60.33,42.82821718268906,17.50178281731094,17.50178281731094,21.530959182796554,64.12547518258157
Canada,2021-06-10,63.62,33.836850042714126,29.783149957285872,29.783149957285872,12.53959204282162,55.13410804260663
France,2021-06-10,43.77,30.794508504752372,12.975491495247631,12.975491495247631,9.497250504859867,52.09176650464488
Hungary,2021-06-10,55.12,37.74380677583251,17.376193224167487,17.376193224167487,16.446548775940006,59.04106477572502
Bosnia and Herzegovina,2021-06-10,5.76,15.809403979589582,-10.049403979589583,10.049403979589583,0.0,37.106661979482084
French Polynesia,2021-06-10,22.5,23.874313977640924,-1.3743139776409237,1.3743139776409237,2.5770559777484188,45.17157197753343
Togo,2021-06-10,3.27,13.328496099066442,-10.058496099066442,10.058496099066442,0.0,34.62575409895895
Palestine,2021-06-10,7.32,13.53318072430897,-6.21318072430897,6.21318072430897,0.0,34.83043872420147
Sierra Leone,2021-06-10,0.95,12.079236412623992,-11.129236412623992,11.129236412623992,0.0,33.37649441251649
Pakistan,2021-06-10,3.3,16.433052716379628,-13.133052716379627,13.133052716379627,0.0,37.73031071627213
New Zealand,2021-06-10,10.79,16.570237181333432,-5.780237181333433,5.780237181333433,0.0,37.867495181225934
Trinidad and Tobago,2021-06-10,10.33,15.923093229944875,-5.593093229944875,5.593093229944875,0.0,37.22035122983738
Sint Maarten (Dutch part),2021-06-10,43.28,41.03187768050226,2.248122319497739,2.248122319497739,19.734619680609757,62.32913568039477
Anguilla,2021-06-10,60.29,48.047470476686506,12.242529523313493,12.242529523313493,26.750212476794,69.34472847657901
Seychelles,2021-06-10,71.85,70.90381948266031,0.946180517339684,0.946180517339684,49.6065614827678,92.20107748255282
Faeroe Islands,2021-06-10,48.84,33.60510357875827,15.234896421241736,15.234896421241736,12.307845578865763,54.90236157865077
Bulgaria,2021-06-10,12.49,23.953774042018857,-11.463774042018857,11.463774042018857,2.656516042126352,45.25103204191136
Honduras,2021-06-10,3.94,13.633545778592467,-9.693545778592467,9.693545778592467,0.0,34.93080377848497
Venezuela,2021-06-10,1.11,14.692050174644542,-13.582050174644543,13.582050174644543,0.0,35.989308174537044
Georgia,2021-06-10,4.79,12.480222328116927,-7.690222328116927,7.690222328116927,0.0,33.77748032800943
Mongolia,2021-06-10,57.57,33.29029637069575,24.27970362930425,24.27970362930425,11.993038370803244,54.58755437058825
Tuvalu,2021-06-10,20.35,27.141379044408787,-6.791379044408785,6.791379044408785,5.844121044516282,48.43863704430129
Spain,2021-06-10,44.84,31.055286473358443,13.78471352664156,13.78471352664156,9.758028473465938,52.352544473250944
Moldova,2021-06-10,9.36,14.808912743702955,-5.448912743702955,5.448912743702955,0.0,36.106170743595456
Bahamas,2021-06-10,12.32,16.231204384838023,-3.9112043848380225,3.9112043848380225,0.0,37.52846238473053
Monaco,2021-06-10,48.0,36.30373448941821,11.696265510581789,11.696265510581789,15.006476489525706,57.60099248931071
Singapore,2021-06-10,42.8,31.279890052019447,11.52010994798055,11.52010994798055,9.982632052126942,52.57714805191195
Portugal,2021-06-11,43.19,31.303450112986148,11.88654988701385,11.88654988701385,10.006192113093643,52.60070811287865
Qatar,2021-06-11,54.79,28.879218724632935,25.910781275367064,25.910781275367064,7.58196072474043,50.17647672452544
Niger,2021-06-11,0.71,10.380992903233437,-9.670992903233437,9.670992903233437,0.0,31.678250903125942
Croatia,2021-06-11,34.14,28.159362956925143,5.980637043074857,5.980637043074857,6.8621049570326385,49.456620956817645
Nepal,2021-06-11,7.7,21.023871339905583,-13.323871339905583,13.323871339905583,0.0,42.32112933979809
New Zealand,2021-06-11,11.04,16.78931392470235,-5.749313924702349,5.749313924702349,0.0,38.08657192459485
New Caledonia,2021-06-11,18.86,23.149246576865735,-4.289246576865736,4.289246576865736,1.8519885769732305,44.446504576758244
Colombia,2021-06-11,17.64,18.608915934024992,-0.9689159340249915,0.9689159340249915,0.0,39.9061739339175
Azerbaijan,2021-06-11,17.24,22.820198468066167,-5.580198468066168,5.580198468066168,1.5229404681736618,44.117456467958675
Liechtenstein,2021-06-11,43.21,30.137127221364942,13.072872778635059,13.072872778635059,8.839869221472437,51.43438522125744
Ukraine,2021-06-11,3.27,14.740598877174811,-11.470598877174812,11.470598877174812,0.0,36.03785687706731
United States,2021-06-11,51.66,42.28265768600888,9.377342313991115,9.377342313991115,20.985399686116377,63.57991568590138
Bahamas,2021-06-11,12.79,16.45028112820694,-3.6602811282069396,3.6602811282069396,0.0,37.74753912809945
Thailand,2021-06-11,6.25,14.345196461366498,-8.095196461366498,8.095196461366498,0.0,35.64245446125901
Libya,2021-06-11,4.63,8.698542207326273,-4.068542207326273,4.068542207326273,0.0,29.995800207218778
Cook Islands,2021-06-11,54.29,24.582940955392374,29.707059044607625,29.707059044607625,3.285682955499869,45.88019895528488
Liberia,2021-06-11,1.26,6.1673802125052966,-4.907380212505297,4.907380212505297,0.0,27.4646382123978
North Macedonia,2021-06-11,12.28,16.755873764475815,-4.475873764475816,4.475873764475816,0.0,38.05313176436832
Denmark,2021-06-11,45.89,32.004096402532824,13.885903597467177,13.885903597467177,10.706838402640319,53.30135440242533
El Salvador,2021-06-11,20.75,20.372978434025,0.37702156597499936,0.37702156597499936,0.0,41.67023643391751
Egypt,2021-06-11,2.76,17.48427435446601,-14.72427435446601,14.72427435446601,0.0,38.78153235435852
Belarus,2021-06-11,6.47,20.96458419947343,-14.49458419947343,14.49458419947343,0.0,42.26184219936593
Aruba,2021-06-11,61.1,50.540639995207435,10.559360004792566,10.559360004792566,29.24338199531493,71.83789799509994
Netherlands,2021-06-11,42.88,30.447106334166598,12.432893665833404,12.432893665833404,9.149848334274093,51.7443643340591
Lithuania,2021-06-11,42.79,32.0606122751483,10.729387724851698,10.729387724851698,10.763354275255796,53.35787027504081
Yemen,2021-06-11,0.74,5.755995327560441,-5.015995327560441,5.015995327560441,0.0,27.053253327452946
Mexico,2021-06-11,20.06,24.77692248595949,-4.71692248595949,4.71692248595949,3.4796644860669836,46.074180485852
Namibia,2021-06-11,3.37,12.082438416363019,-8.712438416363018,8.712438416363018,0.0,33.37969641625553
Philippines,2021-06-11,4.23,14.36332840431433,-10.13332840431433,10.13332840431433,0.0,35.66058640420684
Oman,2021-06-11,6.58,22.042271274303374,-15.462271274303374,15.462271274303374,0.7450132744108693,43.33952927419588
Malta,2021-06-11,76.05,46.48728508223929,29.562714917760708,29.562714917760708,25.190027082346784,67.78454308213179
Trinidad and Tobago,2021-06-11,10.73,16.14216997331379,-5.412169973313791,5.412169973313791,0.0,37.43942797320629
Democratic Republic of Congo,2021-06-11,0.03,8.000467799602376,-7.970467799602376,7.970467799602376,0.0,29.29772579949488
Peru,2021-06-11,10.73,17.832121945967103,-7.102121945967102,7.102121945967102,0.0,39.12937994585961
Mauritania,2021-06-11,0.81,10.674327749487457,-9.864327749487456,9.864327749487456,0.0,31.971585749379962
Pakistan,2021-06-11,3.3,16.652129459748544,-13.352129459748543,13.352129459748543,0.0,37.949387459641045
Turkey,2021-06-11,22.94,27.661835755978323,-4.721835755978322,4.721835755978322,6.3645777560858185,48.959093755870825
Cote d'Ivoire,2021-06-11,2.56,13.703904878573475,-11.143904878573474,11.143904878573474,0.0,35.001162878465976
Mali,2021-06-11,0.57,10.258802922223307,-9.688802922223307,9.688802922223307,0.0,31.55606092211581
Moldova,2021-06-11,9.45,15.02798948707187,-5.577989487071871,5.577989487071871,0.0,36.32524748696437
United Kingdom,2021-06-11,60.83,52.548681223670876,8.281318776329122,8.281318776329122,31.25142322377837,73.84593922356338
Paraguay,2021-06-11,4.6,15.199797773372161,-10.599797773372162,10.599797773372162,0.0,36.49705577326466
Congo,2021-06-11,0.41,8.739454619705263,-8.329454619705263,8.329454619705263,0.0,30.03671261959777
Lebanon,2021-06-11,9.47,17.423756920769122,-7.953756920769122,7.953756920769122,0.0,38.72101492066163
Afghanistan,2021-06-11,1.24,14.405746740438047,-13.165746740438047,13.165746740438047,0.0,35.703004740330556
Wallis and Futuna,2021-06-11,39.53,43.61237947267935,-4.082379472679349,4.082379472679349,22.315121472786846,64.90963747257186
Panama,2021-06-11,18.28,23.42341977668348,-5.14341977668348,5.14341977668348,2.126161776790976,44.72067777657598
Dominican Republic,2021-06-11,38.97,23.48450544207492,15.48549455792508,15.48549455792508,2.1872474421824144,44.78176344196743
Palestine,2021-06-11,7.32,13.752257467677886,-6.432257467677886,6.432257467677886,0.0,35.04951546757039
Bangladesh,2021-06-11,3.54,19.421583204312405,-15.881583204312406,15.881583204312406,0.0,40.71884120420491
Mauritius,2021-06-11,19.47,22.66151539453636,-3.19151539453636,3.19151539453636,1.3642573946438539,43.95877339442886
Cameroon,2021-06-11,0.26,8.715576817596123,-8.455576817596123,8.455576817596123,0.0,30.012834817488628
Maldives,2021-06-11,58.02,53.743751081370284,4.276248918629719,4.276248918629719,32.44649308147778,75.04100908126279
Austria,2021-06-11,46.36,32.01486903190525,14.34513096809475,14.34513096809475,10.717611032012744,53.31212703179776
Luxembourg,2021-06-11,42.06,30.551845715545824,11.508154284454179,11.508154284454179,9.254587715653319,51.84910371543833
United Arab Emirates,2021-06-11,51.38,48.701774999205405,2.6782250007945976,2.6782250007945976,27.4045169993129,69.9990329990979
Albania,2021-06-11,17.43,20.399792901330763,-2.969792901330763,2.969792901330763,0.0,41.697050901223264
Northern Ireland,2021-06-11,58.78,50.49875214565679,8.281247854343214,8.281247854343214,29.201494145764283,71.79601014554929
Macao,2021-06-11,24.92,20.160734493474628,4.759265506525374,4.759265506525374,0.0,41.45799249336713
Cape Verde,2021-06-11,6.55,12.309005580542255,-5.759005580542255,5.759005580542255,0.0,33.60626358043476
Bahrain,2021-06-11,59.98,43.5743969852171,16.405603014782898,16.405603014782898,22.277138985324594,64.8716549851096
Madagascar,2021-06-11,0.35,5.382380212506554,-5.032380212506554,5.032380212506554,0.0,26.67963821239906
Poland,2021-06-11,40.49,30.744720253895245,9.745279746104757,9.745279746104757,9.44746225400274,52.04197825378775
Chile,2021-06-11,60.77,43.047293926057975,17.722706073942028,17.722706073942028,21.75003592616547,64.34455192595048
Australia,2021-06-11,19.5,15.300945483517886,4.199054516482114,4.199054516482114,0.0,36.59820348341039
Norway,2021-06-11,36.16,32.53496556820453,3.62503443179547,3.62503443179547,11.237707568312022,53.832223568097035
Morocco,2021-06-11,25.36,26.901353626339628,-1.5413536263396281,1.5413536263396281,5.604095626447123,48.198611626232136
Malawi,2021-06-11,1.93,12.667705497441204,-10.737705497441205,10.737705497441205,0.0,33.96496349733371
Costa Rica,2021-06-11,23.94,24.982948976025746,-1.0429489760257447,1.0429489760257447,3.685690976133241,46.28020697591825
Malaysia,2021-06-11,9.05,15.858706537254136,-6.808706537254135,6.808706537254135,0.0,37.155964537146644
Ecuador,2021-06-11,10.64,19.32232690428203,-8.682326904282029,8.682326904282029,0.0,40.61958490417453
Montserrat,2021-06-11,27.79,34.820544017284085,-7.030544017284086,7.030544017284086,13.52328601739158,56.11780201717659
Dominica,2021-06-11,27.85,34.56857876217408,-6.718578762174076,6.718578762174076,13.271320762281572,55.86583676206658
Timor,2021-06-11,7.07,9.976704619667029,-2.9067046196670283,2.9067046196670283,0.0,31.273962619559533
Montenegro,2021-06-11,22.96,19.80643993187801,3.1535600681219904,3.1535600681219904,0.0,41.10369793177051
Barbados,2021-06-11,30.32,35.36002711617115,-5.040027116171153,5.040027116171153,14.062769116278648,56.65728511606366
Mongolia,2021-06-11,57.67,33.509373114064665,24.160626885935336,24.160626885935336,12.21211511417216,54.80663111395717
Tunisia,2021-06-11,8.11,13.757440063357585,-5.647440063357585,5.647440063357585,0.0,35.054698063250086
France,2021-06-11,44.33,31.013585248121288,13.31641475187871,13.31641475187871,9.716327248228783,52.310843248013796
Israel,2021-06-11,63.27,67.49314932485626,-4.223149324856259,4.223149324856259,46.19589132496375,88.79040732474877
Sao Tome and Principe,2021-06-11,5.65,15.557320055930894,-9.907320055930894,9.907320055930894,0.0,36.854578055823396
Czechia,2021-06-11,41.81,29.90088254541866,11.909117454581342,11.909117454581342,8.603624545526156,51.19814054531116
Greenland,2021-06-11,35.61,26.288054538560225,9.321945461439775,9.321945461439775,4.99079653866772,47.585312538452726
Bhutan,2021-06-11,62.56,68.88890402067352,-6.328904020673519,6.328904020673519,47.59164602078101,90.18616202056603
Ireland,2021-06-11,42.53,30.697389661831558,11.832610338168443,11.832610338168443,9.400131661939053,51.99464766172406
Scotland,2021-06-11,63.65,50.512266231790655,13.137733768209344,13.137733768209344,29.21500823189815,71.80952423168316
Angola,2021-06-11,2.36,14.057952497620942,-11.697952497620943,11.697952497620943,0.0,35.35521049751345
Antigua and Barbuda,2021-06-11,35.38,35.69958510468205,-0.3195851046820479,0.3195851046820479,14.402327104789546,56.99684310457455
Isle of Man,2021-06-11,72.11,53.960285810981965,18.149714189018034,18.149714189018034,32.663027811089464,75.25754381087447
Slovenia,2021-06-11,36.79,30.64761072551979,6.142389274480209,6.142389274480209,9.350352725627285,51.94486872541229
Cyprus,2021-06-11,48.18,31.170519392613578,17.009480607386422,17.009480607386422,9.873261392721073,52.46777739250608
Curacao,2021-06-11,53.01,44.74510428092188,8.264895719078119,8.264895719078119,23.447846281029374,66.04236228081439
Sweden,2021-06-11,40.45,31.102301464337543,9.34769853566246,9.34769853566246,9.805043464445038,52.39955946423005
Greece,2021-06-11,39.91,30.042883519201418,9.867116480798579,9.867116480798579,8.745625519308913,51.34014151909392
Estonia,2021-06-11,39.2,32.261085248121425,6.938914751878578,6.938914751878578,10.96382724822892,53.55834324801393
Gibraltar,2021-06-11,116.11,95.77509140879343,20.33490859120657,20.33490859120657,74.47783340890092,100.0
Bermuda,2021-06-11,64.02,48.13374812521169,15.886251874788307,15.886251874788307,26.836490125319184,69.43100612510419
Turks and Caicos Islands,2021-06-11,53.62,43.41113618491283,10.20886381508717,10.20886381508717,22.113878185020322,64.70839418480533
Brazil,2021-06-11,25.04,25.10344070293295,-0.0634407029329509,0.0634407029329509,3.806182703040445,46.40069870282545
Saudi Arabia,2021-06-11,0.0,19.16921504478752,-19.16921504478752,19.16921504478752,0.0,40.46647304468003
Vanuatu,2021-06-11,0.28,24.582940955392374,-24.302940955392373,24.302940955392373,3.285682955499869,45.88019895528488
Sint Maarten (Dutch part),2021-06-11,45.57,41.25095442387118,4.319045576128822,4.319045576128822,19.953696423978673,62.54821242376369
Uganda,2021-06-11,1.7,12.869941263487984,-11.169941263487985,11.169941263487985,0.0,34.16719926338049
Finland,2021-06-11,49.54,33.67575083045228,15.864249169547719,15.864249169547719,12.378492830559775,54.97300883034478
Uzbekistan,2021-06-11,3.58,11.58373256400693,-8.00373256400693,8.00373256400693,0.0,32.88099056389943
Italy,2021-06-11,47.25,31.05953119406726,16.19046880593274,16.19046880593274,9.762273194174757,52.35678919395977
Sri Lanka,2021-06-11,10.07,20.154543281512048,-10.084543281512047,10.084543281512047,0.0,41.451801281404556
Wales,2021-06-11,70.01,54.896837252039724,15.113162747960281,15.113162747960281,33.59957925214722,76.19409525193223
Grenada,2021-06-11,16.37,22.81367680138971,-6.44367680138971,6.44367680138971,1.5164188014972062,44.11093480128221
Senegal,2021-06-11,2.83,15.656296190987767,-12.826296190987767,12.826296190987767,0.0,36.95355419088027
Iraq,2021-06-11,1.11,13.615571545239895,-12.505571545239896,12.505571545239896,0.0,34.912829545132396
Fiji,2021-06-11,24.41,15.84785255626462,8.56214744373538,8.56214744373538,0.0,37.14511055615712
Honduras,2021-06-11,4.06,13.852622521961383,-9.792622521961384,9.792622521961384,0.0,35.14988052185389
Singapore,2021-06-11,42.8,31.498966795388363,11.301033204611635,11.301033204611635,10.201708795495858,52.796224795280864
Tuvalu,2021-06-11,20.35,27.360455787777703,-7.010455787777701,7.010455787777701,6.063197787885198,48.657713787670204
Faeroe Islands,2021-06-11,48.84,33.824180322127184,15.01581967787282,15.01581967787282,12.526922322234679,55.121438322019685
Venezuela,2021-06-11,2.07,14.911126918013458,-12.841126918013458,12.841126918013458,0.0,36.20838491790596
Bulgaria,2021-06-11,12.58,24.172850785387773,-11.592850785387773,11.592850785387773,2.875592785495268,45.470108785280274
Central African Republic,2021-06-11,0.53,5.377380212506726,-4.847380212506725,4.847380212506725,0.0,26.67463821239923
Guinea,2021-06-11,2.32,11.014466863729247,-8.694466863729247,8.694466863729247,0.0,32.31172486362175
Hong Kong,2021-06-11,22.3,21.84124124593278,0.45875875406722244,0.45875875406722244,0.5439832460402734,43.13849924582529
Canada,2021-06-11,64.11,34.05592678608304,30.054073213916958,30.054073213916958,12.758668786190537,55.35318478597554
Sudan,2021-06-11,0.95,12.449764295310981,-11.499764295310982,11.499764295310982,0.0,33.747022295203486
Bosnia and Herzegovina,2021-06-11,5.76,16.0284807229585,-10.268480722958499,10.268480722958499,0.0,37.325738722851
Sierra Leone,2021-06-11,0.95,12.298313155992908,-11.348313155992908,11.348313155992908,0.0,33.59557115588541
Jamaica,2021-06-11,5.51,15.314020210856405,-9.804020210856406,9.804020210856406,0.0,36.61127821074891
Iceland,2021-06-11,63.0,33.93694916382163,29.06305083617837,29.06305083617837,12.639691163929125,55.23420716371413
Seychelles,2021-06-11,71.85,71.12289622602924,0.7271037739707538,0.7271037739707538,49.82563822613673,92.42015422592175
Anguilla,2021-06-11,60.79,48.26654722005542,12.523452779944577,12.523452779944577,26.969289220162917,69.56380521994792
Slovakia,2021-06-11,34.26,30.026077502441645,4.233922497558353,4.233922497558353,8.72881950254914,51.323335502334146
Bolivia,2021-06-11,12.77,19.174629488408556,-6.404629488408556,6.404629488408556,0.0,40.471887488301064
India,2021-06-11,14.31,22.310346443818077,-8.000346443818076,8.000346443818076,1.0130884439255716,43.607604443710585
Suriname,2021-06-11,15.35,18.43387860857026,-3.083878608570261,3.083878608570261,0.0,39.73113660846276
Burkina Faso,2021-06-11,0.04,24.582940955392374,-24.542940955392375,24.542940955392375,3.285682955499869,45.88019895528488
Indonesia,2021-06-11,7.19,20.73789390558528,-13.54789390558528,13.54789390558528,0.0,42.03515190547779
Guatemala,2021-06-11,2.95,14.425819187819815,-11.475819187819816,11.475819187819816,0.0,35.72307718771232
Tajikistan,2021-06-11,0.88,6.447995327560442,-5.567995327560442,5.567995327560442,0.0,27.745253327452946
Iran,2021-06-11,4.66,16.075877350617567,-11.415877350617567,11.415877350617567,0.0,37.37313535051007
Serbia,2021-06-11,38.69,36.72499124259418,1.965008757405819,1.965008757405819,15.427733242701674,58.02224924248668
Ethiopia,2021-06-11,1.65,9.913423980222284,-8.263423980222283,8.263423980222283,0.0,31.21068198011479
Guernsey,2021-06-11,49.17,49.57577435446576,-0.4057743544657555,0.4057743544657555,28.278516354573252,70.87303235435826
Japan,2021-06-11,12.6,15.760374267358365,-3.1603742673583657,3.1603742673583657,0.0,37.05763226725087
Guyana,2021-06-11,27.57,22.419755232762306,5.1502447672376945,5.1502447672376945,1.1224972328698009,43.71701323265481
Somalia,2021-06-11,0.82,8.869623288411503,-8.049623288411503,8.049623288411503,0.0,30.16688128830401
Taiwan,2021-06-11,3.36,11.370094290113869,-8.01009429011387,8.01009429011387,0.0,32.66735229000638
Kenya,2021-06-11,1.83,13.792688352582669,-11.962688352582669,11.962688352582669,0.0,35.089946352475174
Brunei,2021-06-11,11.39,12.723530464513804,-1.333530464513803,1.333530464513803,0.0,34.02078846440631
South Korea,2021-06-11,22.21,17.045137369638148,5.164862630361853,5.164862630361853,0.0,38.34239536953065
British Virgin Islands,2021-06-11,40.5,41.60153486734337,-1.1015348673433678,1.1015348673433678,20.304276867450863,62.89879286723587
San Marino,2021-06-11,64.14,49.52310343811066,14.616896561889341,14.616896561889341,28.225845438218155,70.82036143800316
Russia,2021-06-11,12.52,25.10730922185175,-12.58730922185175,12.58730922185175,3.8100512219592453,46.40456722174426
Argentina,2021-06-11,27.78,26.244357634702695,1.5356423652973064,1.5356423652973064,4.94709963481019,47.5416156345952
Kosovo,2021-06-11,4.15,11.238010447092954,-7.0880104470929535,7.0880104470929535,0.0,32.535268446985455
Spain,2021-06-11,44.84,31.27436321672736,13.565636783272645,13.565636783272645,9.977105216834854,52.57162121661986
China,2021-06-11,43.21,21.57905922185177,21.63094077814823,21.63094077814823,0.2818012219592667,42.87631722174427
Kuwait,2021-06-11,19.25,28.196829097432662,-8.946829097432662,8.946829097432662,6.899571097540157,49.49408709732516
Germany,2021-06-11,47.66,32.094598761634934,15.565401238365062,15.565401238365062,10.79734076174243,53.391856761527436
England,2021-06-11,61.29,52.61531653881223,8.674683461187769,8.674683461187769,31.318058538919725,73.91257453870473
Cambodia,2021-06-11,16.97,20.27692963827485,-3.306929638274852,3.306929638274852,0.0,41.57418763816736
South Sudan,2021-06-11,0.11,9.439891801577001,-9.329891801577002,9.329891801577002,0.0,30.737149801469506
Laos,2021-06-11,9.74,13.782999615088265,-4.042999615088265,4.042999615088265,0.0,35.080257614980766
Gabon,2021-06-11,0.99,11.205265739855932,-10.215265739855932,10.215265739855932,0.0,32.50252373974844
Cuba,2021-06-11,17.05,10.183819914144351,6.86618008585565,6.86618008585565,0.0,31.481077914036856
Andorra,2021-06-11,39.52,30.637985982771646,8.882014017228357,8.882014017228357,9.340727982879141,51.93524398266415
Romania,2021-06-11,23.56,28.64196362649968,-5.081963626499682,5.081963626499682,7.344705626607176,49.93922162639218
Armenia,2021-06-11,1.57,10.130028860303145,-8.560028860303145,8.560028860303145,0.0,31.42728686019565
French Polynesia,2021-06-11,22.5,24.09339072100984,-1.5933907210098397,1.5933907210098397,2.796132721117335,45.39064872090235
Zimbabwe,2021-06-11,4.65,15.962538746549662,-11.312538746549661,11.312538746549661,0.0,37.25979674644216
Belgium,2021-06-11,48.16,31.793019573623013,16.366980426376983,16.366980426376983,10.495761573730508,53.09027757351552
Latvia,2021-06-11,31.88,27.28546855321501,4.594531446784988,4.594531446784988,5.9882105533225065,48.58272655310752
Georgia,2021-06-11,4.94,12.699299071485843,-7.7592990714858425,7.7592990714858425,0.0,33.99655707137835
Saint Kitts and Nevis,2021-06-11,40.36,29.580032454724105,10.779967545275895,10.779967545275895,8.2827744548316,50.87729045461661
Uruguay,2021-06-11,59.98,36.3110104148549,23.6689895851451,23.6689895851451,15.013752414962394,57.6082684147474
Samoa,2021-06-11,19.33,12.767687185984329,6.5623128140156695,6.5623128140156695,0.0,34.06494518587684
Switzerland,2021-06-11,42.73,29.078316561282215,13.651683438717782,13.651683438717782,7.78105856138971,50.375574561174716
Kazakhstan,2021-06-11,12.87,19.097835398682427,-6.227835398682428,6.227835398682428,0.0,40.39509339857493
Saint Lucia,2021-06-11,15.99,23.154533558290268,-7.164533558290268,7.164533558290268,1.8572755583977631,44.45179155818278
Vietnam,2021-06-11,1.43,12.913707615492243,-11.483707615492243,11.483707615492243,0.0,34.21096561538475
Belize,2021-06-11,18.22,20.59885781607902,-2.3788578160790195,2.3788578160790195,0.0,41.89611581597153
Saint Vincent and the Grenadines,2021-06-11,16.6,23.219617262147032,-6.619617262147031,6.619617262147031,1.9223592622545276,44.516875262039534
Cayman Islands,2021-06-11,71.41,49.25360022056693,22.156399779433066,22.156399779433066,27.956342220674426,70.55085822045943
Ghana,2021-06-11,2.74,15.183785830954228,-12.443785830954228,12.443785830954228,0.0,36.48104383084673
Equatorial Guinea,2021-06-11,10.59,14.533821021730063,-3.943821021730063,3.943821021730063,0.0,35.83107902162257
Jersey,2021-06-11,63.86,60.03634132500711,3.823658674992892,3.823658674992892,38.739083325114606,81.33359932489961
Zambia,2021-06-11,0.77,8.73620461966528,-7.96620461966528,7.96620461966528,0.0,30.033462619557785
South Africa,2021-06-11,2.98,15.102780980970586,-12.122780980970585,12.122780980970585,0.0,36.40003898086309
Jordan,2021-06-11,18.61,21.51168178437314,-2.901681784373139,2.901681784373139,0.21442378448063337,42.80893978426565
Ghana,2021-06-12,2.74,15.40286257432313,-12.66286257432313,12.66286257432313,0.0,36.70012057421563
Guernsey,2021-06-12,49.17,49.79485109783466,-0.6248510978346573,0.6248510978346573,28.497593097942154,71.09210909772716
Brazil,2021-06-12,25.04,25.322517446301852,-0.2825174463018527,0.2825174463018527,4.025259446409347,46.61977544619435
Montenegro,2021-06-12,23.04,20.02551667524692,3.01448332475308,3.01448332475308,0.0,41.32277467513943
Denmark,2021-06-12,46.47,32.22317314590173,14.246826854098266,14.246826854098266,10.925915146009228,53.520431145794234
Morocco,2021-06-12,25.37,27.120430369708536,-1.7504303697085355,1.7504303697085355,5.823172369816032,48.41768836960104
Democratic Republic of Congo,2021-06-12,0.03,8.219544542971285,-8.189544542971285,8.189544542971285,0.0,29.51680254286379
Cyprus,2021-06-12,48.6,31.389596135982487,17.210403864017515,17.210403864017515,10.092338136089982,52.686854135874995
French Polynesia,2021-06-12,22.5,24.31246746437875,-1.8124674643787486,1.8124674643787486,3.0152094644862437,45.60972546427125
Guinea,2021-06-12,2.32,11.233543607098156,-8.913543607098156,8.913543607098156,0.0,32.530801606990664
Vietnam,2021-06-12,1.44,13.132784358861151,-11.692784358861152,11.692784358861152,0.0,34.43004235875365
Mongolia,2021-06-12,57.71,33.728449857433574,23.981550142566427,23.981550142566427,12.43119185754107,55.02570785732608
New Zealand,2021-06-12,11.19,17.008390668071257,-5.818390668071258,5.818390668071258,0.0,38.305648667963766
Namibia,2021-06-12,3.4,12.301515159731927,-8.901515159731927,8.901515159731927,0.0,33.59877315962443
Nepal,2021-06-12,8.18,21.24294808327449,-13.062948083274492,13.062948083274492,0.0,42.54020608316699
Gabon,2021-06-12,1.05,11.42434248322484,-10.37434248322484,10.37434248322484,0.0,32.72160048311734
Yemen,2021-06-12,0.74,5.97507207092935,-5.23507207092935,5.23507207092935,0.0,27.272330070821855
Dominica,2021-06-12,27.85,34.78765550554298,-6.937655505542978,6.937655505542978,13.490397505650474,56.08491350543548
Germany,2021-06-12,47.84,32.31367550500384,15.52632449499616,15.52632449499616,11.016417505111338,53.61093350489635
Greenland,2021-06-12,35.61,26.507131281929134,9.102868718070866,9.102868718070866,5.209873282036629,47.80438928182164
Fiji,2021-06-12,24.41,16.066929299633536,8.343070700366464,8.343070700366464,0.0,37.36418729952604
Bahamas,2021-06-12,12.79,16.669357871575848,-3.8793578715758485,3.8793578715758485,0.0,37.96661587146835
Cook Islands,2021-06-12,54.29,24.802017698761283,29.487982301238716,29.487982301238716,3.504759698868778,46.099275698653784
Greece,2021-06-12,40.17,30.261960262570334,9.908039737429668,9.908039737429668,8.964702262677829,51.559218262462835
Bahrain,2021-06-12,60.15,43.793473728586,16.356526271413998,16.356526271413998,22.496215728693496,65.0907317284785
Netherlands,2021-06-12,42.88,30.666183077535514,12.213816922464488,12.213816922464488,9.36892507764301,51.963441077428016
Grenada,2021-06-12,16.37,23.032753544758627,-6.662753544758626,6.662753544758626,1.7354955448661222,44.33001154465113
Costa Rica,2021-06-12,23.94,25.202025719394655,-1.2620257193946536,1.2620257193946536,3.90476771950215,46.49928371928716
British Virgin Islands,2021-06-12,40.5,41.82061161071228,-1.3206116107122767,1.3206116107122767,20.523353610819772,63.117869610604785
Gibraltar,2021-06-12,116.15,95.99416815216233,20.155831847837675,20.155831847837675,74.69691015226982,100.0
Guatemala,2021-06-12,2.96,14.644895931188724,-11.684895931188723,11.684895931188723,0.0,35.94215393108123
Montserrat,2021-06-12,27.79,35.039620760652994,-7.249620760652995,7.249620760652995,13.74236276076049,56.3368787605455
Canada,2021-06-12,64.41,34.27500352945194,30.134996470548053,30.134996470548053,12.977745529559439,55.572261529344445
Georgia,2021-06-12,5.07,12.918375814854752,-7.8483758148547516,7.8483758148547516,0.0,34.21563381474726
Faeroe Islands,2021-06-12,48.84,34.043257065496086,14.796742934503918,14.796742934503918,12.74599906560358,55.34051506538859
New Caledonia,2021-06-12,18.86,23.368323320234644,-4.508323320234645,4.508323320234645,2.0710653203421394,44.665581320127146
Brunei,2021-06-12,11.39,12.942607207882713,-1.552607207882712,1.552607207882712,0.0,34.23986520777522
Finland,2021-06-12,50.32,33.894827573821196,16.425172426178804,16.425172426178804,12.597569573928691,55.1920855737137
Latvia,2021-06-12,32.11,27.50454529658392,4.605454703416079,4.605454703416079,6.207287296691415,48.80180329647642
Indonesia,2021-06-12,7.33,20.95697064895419,-13.62697064895419,13.62697064895419,0.0,42.25422864884669
Honduras,2021-06-12,4.06,14.071699265330292,-10.011699265330293,10.011699265330293,0.0,35.3689572652228
Lithuania,2021-06-12,42.93,32.27968901851721,10.65031098148279,10.65031098148279,10.982431018624705,53.57694701840971
Kazakhstan,2021-06-12,13.12,19.316912142051336,-6.196912142051337,6.196912142051337,0.0,40.614170141943845
Belize,2021-06-12,18.22,20.817934559447927,-2.5979345594479284,2.5979345594479284,0.0,42.11519255934043
Jordan,2021-06-12,18.61,21.730758527742047,-3.1207585277420478,3.1207585277420478,0.4335005278495423,43.02801652763455
Equatorial Guinea,2021-06-12,10.59,14.752897765098972,-4.162897765098972,4.162897765098972,0.0,36.05015576499147
Czechia,2021-06-12,42.1,30.11995928878757,11.980040711212432,11.980040711212432,8.822701288895065,51.41721728868008
Zambia,2021-06-12,0.77,8.955281363034189,-8.18528136303419,8.18528136303419,0.0,30.252539362926694
Macao,2021-06-12,25.92,20.37981123684353,5.540188763156472,5.540188763156472,0.0,41.67706923673603
Wales,2021-06-12,70.19,55.11591399540864,15.074086004591358,15.074086004591358,33.81865599551614,76.41317199530114
Ecuador,2021-06-12,10.64,19.541403647650938,-8.901403647650938,8.901403647650938,0.0,40.83866164754345
Madagascar,2021-06-12,0.35,5.601456955875463,-5.251456955875463,5.251456955875463,0.0,26.898714955767968
Cape Verde,2021-06-12,6.55,12.528082323911164,-5.978082323911164,5.978082323911164,0.0,33.82534032380367
Japan,2021-06-12,12.6,15.979451010727274,-3.3794510107272746,3.3794510107272746,0.0,37.27670901061978
Italy,2021-06-12,47.99,31.27860793743617,16.71139206256383,16.71139206256383,9.981349937543666,52.57586593732867
Jersey,2021-06-12,63.86,60.255418068376024,3.6045819316239758,3.6045819316239758,38.95816006848352,81.55267606826853
Kenya,2021-06-12,1.83,14.011765095951578,-12.181765095951578,12.181765095951578,0.0,35.30902309584408
Belarus,2021-06-12,6.47,21.183660942842337,-14.713660942842338,14.713660942842338,0.0,42.480918942734846
France,2021-06-12,44.73,31.232661991490197,13.4973380085098,13.4973380085098,9.935403991597692,52.5299199913827
Belgium,2021-06-12,48.84,32.01209631699192,16.82790368300808,16.82790368300808,10.714838317099417,53.30935431688442
El Salvador,2021-06-12,20.75,20.59205517739391,0.15794482260609044,0.15794482260609044,0.0,41.88931317728641
Lebanon,2021-06-12,9.79,17.64283366413803,-7.852833664138032,7.852833664138032,0.0,38.94009166403053
Cambodia,2021-06-12,17.26,20.49600638164376,-3.236006381643758,3.236006381643758,0.0,41.79326438153626
Liberia,2021-06-12,1.26,6.3864569558742055,-5.126456955874206,5.126456955874206,0.0,27.68371495576671
Laos,2021-06-12,9.8,14.002076358457174,-4.202076358457173,4.202076358457173,0.0,35.29933435834968
Libya,2021-06-12,4.81,8.917618950695182,-4.107618950695183,4.107618950695183,0.0,30.214876950587687
Cuba,2021-06-12,17.39,10.40289665751326,6.987103342486741,6.987103342486741,0.0,31.700154657405765
Kuwait,2021-06-12,64.39,28.415905840801564,35.97409415919844,35.97409415919844,7.118647840909059,49.713163840694065
Liechtenstein,2021-06-12,43.21,30.356203964733858,12.853796035266143,12.853796035266143,9.058945964841353,51.65346196462636
Croatia,2021-06-12,34.14,28.378439700294052,5.761560299705948,5.761560299705948,7.081181700401547,49.67569770018656
United States,2021-06-12,51.85,42.50173442937779,9.34826557062221,9.34826557062221,21.204476429485286,63.7989924292703
England,2021-06-12,61.7,52.834393282181146,8.865606717818856,8.865606717818856,31.53713528228864,74.13165128207365
Kosovo,2021-06-12,4.15,11.457087190461863,-7.307087190461862,7.307087190461862,0.0,32.75434519035437
Egypt,2021-06-12,2.86,17.70335109783492,-14.843351097834919,14.843351097834919,0.0,39.00060909772742
Malawi,2021-06-12,1.93,12.886782240810113,-10.956782240810114,10.956782240810114,0.0,34.184040240702615
Guyana,2021-06-12,27.57,22.638831976131215,4.931168023868786,4.931168023868786,1.3415739762387098,43.93608997602372
Uzbekistan,2021-06-12,3.58,11.802809307375838,-8.222809307375838,8.222809307375838,0.0,33.10006730726835
Barbados,2021-06-12,30.41,35.57910385954006,-5.169103859540062,5.169103859540062,14.281845859647557,56.87636185943256
Wallis and Futuna,2021-06-12,39.53,43.83145621604826,-4.301456216048258,4.301456216048258,22.534198216155755,65.12871421594076
Bangladesh,2021-06-12,3.54,19.64065994768132,-16.100659947681322,16.100659947681322,0.0,40.93791794757382
Burkina Faso,2021-06-12,0.04,24.802017698761283,-24.762017698761284,24.762017698761284,3.504759698868778,46.099275698653784
India,2021-06-12,14.47,22.529423187186985,-8.059423187186985,8.059423187186985,1.2321651872944805,43.82668118707949
Bolivia,2021-06-12,13.21,19.393706231777465,-6.183706231777464,6.183706231777464,0.0,40.690964231669966
Mexico,2021-06-12,20.23,24.995999229328397,-4.765999229328397,4.765999229328397,3.6987412294358926,46.2932572292209
Afghanistan,2021-06-12,1.24,14.624823483806956,-13.384823483806956,13.384823483806956,0.0,35.92208148369946
Iceland,2021-06-12,63.0,34.15602590719053,28.843974092809468,28.843974092809468,12.858767907298027,55.45328390708303
Cote d'Ivoire,2021-06-12,2.6,13.922981621942384,-11.322981621942384,11.322981621942384,0.0,35.22023962183489
United Kingdom,2021-06-12,61.21,52.76775796703978,8.442242032960223,8.442242032960223,31.470499967147273,74.06501596693228
Hong Kong,2021-06-12,22.78,22.060317989301687,0.719682010698314,0.719682010698314,0.7630599894091823,43.35757598919419
Moldova,2021-06-12,9.49,15.24706623044078,-5.757066230440779,5.757066230440779,0.0,36.54432423033329
Bulgaria,2021-06-12,12.62,24.391927528756682,-11.771927528756683,11.771927528756683,3.094669528864177,45.68918552864919
Venezuela,2021-06-12,2.07,15.130203661382367,-13.060203661382367,13.060203661382367,0.0,36.427461661274876
Bosnia and Herzegovina,2021-06-12,5.76,16.247557466327407,-10.487557466327408,10.487557466327408,0.0,37.544815466219916
Ethiopia,2021-06-12,1.65,10.132500723591193,-8.482500723591192,8.482500723591192,0.0,31.429758723483697
Mauritius,2021-06-12,19.47,22.880592137905268,-3.410592137905269,3.410592137905269,1.5833341380127628,44.177850137797776
Iran,2021-06-12,4.66,16.294954093986483,-11.634954093986483,11.634954093986483,0.0,37.592212093878985
Vanuatu,2021-06-12,0.28,24.802017698761283,-24.52201769876128,24.52201769876128,3.504759698868778,46.099275698653784
Israel,2021-06-12,63.27,67.71222606822516,-4.44222606822516,4.44222606822516,46.414968068332655,89.00948406811767
Bermuda,2021-06-12,64.02,48.35282486858059,15.667175131419405,15.667175131419405,27.055566868688086,69.65008286847309
Maldives,2021-06-12,58.06,53.962827824739186,4.097172175260816,4.097172175260816,32.665569824846685,75.26008582463169
Estonia,2021-06-12,39.36,32.480161991490334,6.879838008509665,6.879838008509665,11.18290399159783,53.77741999138284
Curacao,2021-06-12,53.1,44.96418102429079,8.135818975709213,8.135818975709213,23.666923024398283,66.26143902418329
Cameroon,2021-06-12,0.26,8.934653560965032,-8.674653560965032,8.674653560965032,0.0,30.231911560857537
Mali,2021-06-12,0.57,10.477879665592216,-9.907879665592215,9.907879665592215,0.0,31.77513766548472
Isle of Man,2021-06-12,72.11,54.17936255435088,17.93063744564912,17.93063744564912,32.88210455445838,75.47662055424338
Malta,2021-06-12,76.82,46.7063618256082,30.113638174391795,30.113638174391795,25.409103825715693,68.0036198255007
Ireland,2021-06-12,42.53,30.91646640520046,11.613533594799542,11.613533594799542,9.619208405307955,52.21372440509296
Dominican Republic,2021-06-12,39.1,23.703582185443828,15.396417814556173,15.396417814556173,2.4063241855513233,45.00084018533633
Bhutan,2021-06-12,62.56,69.10798076404242,-6.547980764042421,6.547980764042421,47.810722764149915,90.40523876393493
Mauritania,2021-06-12,0.81,10.893404492856366,-10.083404492856365,10.083404492856365,0.0,32.19066249274887
Iraq,2021-06-12,1.11,13.834648288608804,-12.724648288608805,12.724648288608805,0.0,35.13190628850131
Malaysia,2021-06-12,9.05,16.077783280623045,-7.027783280623044,7.027783280623044,0.0,37.375041280515546
Uruguay,2021-06-12,60.09,36.53008715822381,23.559912841776196,23.559912841776196,15.232829158331302,57.827345158116316
Luxembourg,2021-06-12,42.06,30.770922458914733,11.28907754108527,11.28907754108527,9.473664459022228,52.068180458807234
Turks and Caicos Islands,2021-06-12,53.62,43.630212928281736,9.989787071718261,9.989787071718261,22.33295492838923,64.92747092817424
Sao Tome and Principe,2021-06-12,5.65,15.776396799299803,-10.126396799299803,10.126396799299803,0.0,37.07365479919231
Cayman Islands,2021-06-12,71.41,49.47267696393583,21.937323036064164,21.937323036064164,28.175418964043327,70.76993496382833
Central African Republic,2021-06-12,0.53,5.5964569558756345,-5.066456955875634,5.066456955875634,0.0,26.89371495576814
Uganda,2021-06-12,1.72,13.089018006856893,-11.369018006856892,11.369018006856892,0.0,34.3862760067494
Taiwan,2021-06-12,3.36,11.589171033482778,-8.229171033482778,8.229171033482778,0.0,32.88642903337528
Colombia,2021-06-12,17.92,18.8279926773939,-0.9079926773938993,0.9079926773938993,0.0,40.1252506772864
Portugal,2021-06-12,43.49,31.522526856355057,11.967473143644945,11.967473143644945,10.225268856462552,52.819784856247566
Philippines,2021-06-12,4.23,14.58240514768324,-10.352405147683239,10.352405147683239,0.0,35.87966314757574
Norway,2021-06-12,36.21,32.754042311573436,3.4559576884265653,3.4559576884265653,11.45678431168093,54.05130031146594
South Sudan,2021-06-12,0.11,9.65896854494591,-9.548968544945911,9.548968544945911,0.0,30.956226544838415
United Arab Emirates,2021-06-12,51.38,48.92085174257432,2.4591482574256815,2.4591482574256815,27.623593742681816,70.21810974246682
Tuvalu,2021-06-12,20.35,27.57953253114661,-7.22953253114661,7.22953253114661,6.282274531254107,48.87679053103912
San Marino,2021-06-12,64.14,49.74218018147956,14.39781981852044,14.39781981852044,28.444922181587057,71.03943818137206
Serbia,2021-06-12,39.03,36.94406798596308,2.0859320140369206,2.0859320140369206,15.646809986070576,58.24132598585558
Singapore,2021-06-12,42.8,31.71804353875727,11.081956461242726,11.081956461242726,10.420785538864767,53.01530153864978
Tajikistan,2021-06-12,0.88,6.6670720709293505,-5.787072070929351,5.787072070929351,0.0,27.964330070821855
Samoa,2021-06-12,19.33,12.986763929353238,6.3432360706467605,6.3432360706467605,0.0,34.28402192924574
Thailand,2021-06-12,6.39,14.564273204735407,-8.174273204735407,8.174273204735407,0.0,35.86153120462791
Northern Ireland,2021-06-12,58.81,50.71782888902569,8.092171110974313,8.092171110974313,29.420570889133185,72.01508688891819
Saudi Arabia,2021-06-12,0.0,19.38829178815643,-19.38829178815643,19.38829178815643,0.0,40.68554978804893
Switzerland,2021-06-12,43.21,29.297393304651123,13.912606695348877,13.912606695348877,8.000135304758619,50.59465130454363
Sierra Leone,2021-06-12,0.95,12.517389899361817,-11.567389899361817,11.567389899361817,0.0,33.814647899254325
Sri Lanka,2021-06-12,10.27,20.373620024880957,-10.103620024880957,10.103620024880957,0.0,41.67087802477346
Zimbabwe,2021-06-12,4.66,16.18161548991857,-11.52161548991857,11.52161548991857,0.0,37.47887348981108
Congo,2021-06-12,0.41,8.958531363074172,-8.548531363074172,8.548531363074172,0.0,30.255789362966677
Australia,2021-06-12,19.96,15.520022226886795,4.439977773113206,4.439977773113206,0.0,36.8172802267793
Sudan,2021-06-12,0.95,12.66884103867989,-11.71884103867989,11.71884103867989,0.0,33.966099038572395
Poland,2021-06-12,40.84,30.963796997264154,9.87620300273585,9.87620300273585,9.66653899737165,52.26105499715666
Senegal,2021-06-12,2.83,15.875372934356669,-13.045372934356669,13.045372934356669,0.0,37.17263093424917
Austria,2021-06-12,46.67,32.23394577527416,14.436054224725844,14.436054224725844,10.936687775381653,53.53120377516666
Oman,2021-06-12,6.58,22.261348017672283,-15.681348017672283,15.681348017672283,0.9640900177797782,43.558606017564784
Anguilla,2021-06-12,60.79,48.485623963424324,12.304376036575675,12.304376036575675,27.18836596353182,69.78288196331683
Seychelles,2021-06-12,71.85,71.34197296939814,0.508027030601852,0.508027030601852,50.044714969505634,92.63923096929065
Suriname,2021-06-12,17.35,18.652955351939163,-1.3029553519391612,1.3029553519391612,0.0,39.950213351831664
Scotland,2021-06-12,64.01,50.731342975159556,13.278657024840449,13.278657024840449,29.43408497526705,72.02860097505206
Pakistan,2021-06-12,3.68,16.871206203117453,-13.191206203117453,13.191206203117453,0.0,38.16846420300996
Antigua and Barbuda,2021-06-12,35.62,35.91866184805096,-0.29866184805096196,0.29866184805096196,14.621403848158455,57.21591984794347
Spain,2021-06-12,44.84,31.493439960096268,13.346560039903736,13.346560039903736,10.196181960203763,52.790697959988776
Albania,2021-06-12,17.5,20.61886964469967,-3.1188696446996715,3.1188696446996715,0.0,41.91612764459218
Sweden,2021-06-12,40.45,31.321378207706452,9.12862179229355,9.12862179229355,10.024120207813947,52.61863620759895
Andorra,2021-06-12,39.52,30.857062726140555,8.662937273859448,8.662937273859448,9.55980472624805,52.15432072603306
Saint Vincent and the Grenadines,2021-06-12,16.6,23.43869400551594,-6.83869400551594,6.83869400551594,2.1414360056234365,44.73595200540845
Sint Maarten (Dutch part),2021-06-12,45.57,41.47003116724009,4.099968832759913,4.099968832759913,20.172773167347582,62.76728916713259
Palestine,2021-06-12,8.01,13.971334211046795,-5.961334211046795,5.961334211046795,0.0,35.2685922109393
North Macedonia,2021-06-12,12.28,16.974950507844724,-4.694950507844725,4.694950507844725,0.0,38.27220850773723
Russia,2021-06-12,12.65,25.32638596522066,-12.676385965220659,12.676385965220659,4.029127965328154,46.62364396511316
Trinidad and Tobago,2021-06-12,11.0,16.3612467166827,-5.3612467166827,5.3612467166827,0.0,37.65850471657521
South Africa,2021-06-12,2.99,15.321857724339502,-12.331857724339502,12.331857724339502,0.0,36.619115724232
Paraguay,2021-06-12,4.86,15.41887451674107,-10.55887451674107,10.55887451674107,0.0,36.71613251663358
Peru,2021-06-12,10.93,18.05119868933601,-7.121198689336012,7.121198689336012,0.0,39.34845668922851
Timor,2021-06-12,7.07,10.195781363035938,-3.1257813630359372,3.1257813630359372,0.0,31.493039362928442
Somalia,2021-06-12,0.85,9.088700031780412,-8.238700031780413,8.238700031780413,0.0,30.385958031672917
Chile,2021-06-12,60.89,43.266370669426884,17.623629330573117,17.623629330573117,21.96911266953438,64.56362866931939
Turkey,2021-06-12,23.43,27.880912499347232,-4.450912499347233,4.450912499347233,6.5836544994547275,49.17817049923974
Panama,2021-06-12,18.46,23.64249652005239,-5.182496520052389,5.182496520052389,2.345238520159885,44.9397545199449
Qatar,2021-06-12,54.95,29.098295468001844,25.85170453199816,25.85170453199816,7.801037468109339,50.395553467894345
Tunisia,2021-06-12,8.34,13.976516806726494,-5.636516806726494,5.636516806726494,0.0,35.273774806619
Argentina,2021-06-12,28.5,26.463434378071604,2.0365656219283963,2.0365656219283963,5.166176378179099,47.760692377964105
Azerbaijan,2021-06-12,17.59,23.039275211435076,-5.449275211435076,5.449275211435076,1.7420172115425707,44.33653321132758
Saint Kitts and Nevis,2021-06-12,40.36,29.799109198093014,10.560890801906986,10.560890801906986,8.501851198200509,51.096367197985515
Slovakia,2021-06-12,34.44,30.245154245810554,4.194845754189444,4.194845754189444,8.947896245918049,51.54241224570306
South Korea,2021-06-12,23.02,17.264214113007057,5.755785886992943,5.755785886992943,0.0,38.561472112899565
Saint Lucia,2021-06-12,16.11,23.373610301659177,-7.2636103016591775,7.2636103016591775,2.076352301766672,44.67086830155168
Aruba,2021-06-12,61.86,50.75971673857634,11.100283261423662,11.100283261423662,29.462458738683832,72.05697473846884
Slovenia,2021-06-12,37.0,30.8666874688887,6.133312531111301,6.133312531111301,9.569429468996194,52.16394546878121
Ukraine,2021-06-12,3.34,14.95967562054372,-11.61967562054372,11.61967562054372,0.0,36.25693362043623
Armenia,2021-06-12,1.57,10.349105603672054,-8.779105603672054,8.779105603672054,0.0,31.64636360356456
China,2021-06-12,43.21,21.79813596522068,21.41186403477932,21.41186403477932,0.5008779653281756,43.09539396511319
Niger,2021-06-12,0.71,10.600069646602346,-9.890069646602345,9.890069646602345,0.0,31.89732764649485
Angola,2021-06-12,2.36,14.277029240989851,-11.917029240989852,11.917029240989852,0.0,35.574287240882356
Romania,2021-06-12,23.63,28.86104036986859,-5.231040369868591,5.231040369868591,7.563782369976085,50.1582983697611
Iceland,2021-06-13,63.0,34.37510265055945,28.624897349440552,28.624897349440552,13.077844650666943,55.67236065045195
Guinea,2021-06-13,2.32,11.452620350467072,-9.132620350467072,9.132620350467072,0.0,32.74987835035958
Mauritius,2021-06-13,19.47,23.099668881274184,-3.629668881274185,3.629668881274185,1.8024108813816788,44.39692688116669
Paraguay,2021-06-13,5.1,15.637951260109986,-10.537951260109987,10.537951260109987,0.0,36.935209260002495
Greece,2021-06-13,40.75,30.48103700593925,10.26896299406075,10.26896299406075,9.183779006046745,51.77829500583175
Bolivia,2021-06-13,13.23,19.61278297514638,-6.38278297514638,6.38278297514638,0.0,40.91004097503888
Anguilla,2021-06-13,60.79,48.70470070679324,12.08529929320676,12.08529929320676,27.407442706900735,70.00195870668574
India,2021-06-13,14.68,22.7484999305559,-8.068499930555902,8.068499930555902,1.4512419306633966,44.0457579304484
Malaysia,2021-06-13,9.68,16.29686002399196,-6.616860023991961,6.616860023991961,0.0,37.59411802388446
Turks and Caicos Islands,2021-06-13,53.62,43.84928967165065,9.770710328349345,9.770710328349345,22.552031671758147,65.14654767154316
Slovenia,2021-06-13,37.11,31.085764212257615,6.024235787742384,6.024235787742384,9.78850621236511,52.383022212150124
Seychelles,2021-06-13,71.85,71.56104971276707,0.2889502872329217,0.2889502872329217,50.263791712874564,92.85830771265958
Sierra Leone,2021-06-13,0.95,12.736466642730733,-11.786466642730733,11.786466642730733,0.0,34.03372464262324
Barbados,2021-06-13,30.63,35.79818060290898,-5.168180602908979,5.168180602908979,14.500922603016473,57.09543860280148
Guyana,2021-06-13,27.57,22.85790871950013,4.71209128049987,4.71209128049987,1.5606507196076258,44.15516671939264
Singapore,2021-06-13,42.8,31.937120282126187,10.86287971787381,10.86287971787381,10.639862282233683,53.234378282018696
Central African Republic,2021-06-13,0.53,5.8155336992445505,-5.28553369924455,5.28553369924455,0.0,27.112791699137055
Malta,2021-06-13,77.01,46.92543856897711,30.084561431022898,30.084561431022898,25.628180569084602,68.22269656886961
Guernsey,2021-06-13,49.17,50.013927841203575,-0.8439278412035733,0.8439278412035733,28.71666984131107,71.31118584109608
Mali,2021-06-13,0.57,10.696956408961132,-10.126956408961131,10.126956408961131,0.0,31.994214408853637
Slovakia,2021-06-13,34.66,30.46423098917947,4.195769010820527,4.195769010820527,9.166972989286965,51.76148898907198
Peru,2021-06-13,11.02,18.270275432704928,-7.250275432704928,7.250275432704928,0.0,39.56753343259743
Philippines,2021-06-13,4.63,14.801481891052156,-10.171481891052156,10.171481891052156,0.0,36.09873989094466
Hungary,2021-06-13,55.3,38.40103700593925,16.898962994060746,16.898962994060746,17.103779006046747,59.69829500583175
Honduras,2021-06-13,4.26,14.290776008699208,-10.030776008699208,10.030776008699208,0.0,35.58803400859171
Tuvalu,2021-06-13,20.35,27.798609274515528,-7.448609274515526,7.448609274515526,6.501351274623023,49.095867274408036
Guatemala,2021-06-13,2.98,14.863972674557637,-11.883972674557636,11.883972674557636,0.0,36.16123067445014
Maldives,2021-06-13,58.1,54.1819045681081,3.9180954318918992,3.9180954318918992,32.8846465682156,75.4791625680006
Hong Kong,2021-06-13,23.18,22.279394732670603,0.9006052673293965,0.9006052673293965,0.9821367327780983,43.576652732563105
Bosnia and Herzegovina,2021-06-13,7.7,16.466634209696323,-8.766634209696324,8.766634209696324,0.0,37.76389220958883
Sint Maarten (Dutch part),2021-06-13,45.57,41.689107910609,3.880892089390997,3.880892089390997,20.3918499107165,62.986365910501505
Mauritania,2021-06-13,0.81,11.112481236225282,-10.302481236225281,10.302481236225281,0.0,32.40973923611779
Greenland,2021-06-13,35.61,26.72620802529805,8.88379197470195,8.88379197470195,5.428950025405545,48.02346602519056
Angola,2021-06-13,2.36,14.496105984358767,-12.136105984358768,12.136105984358768,0.0,35.79336398425127
Venezuela,2021-06-13,2.07,15.349280404751283,-13.279280404751283,13.279280404751283,0.0,36.64653840464379
Indonesia,2021-06-13,7.37,21.176047392323106,-13.806047392323105,13.806047392323105,0.0,42.47330539221561
Vanuatu,2021-06-13,0.28,25.0210944421302,-24.741094442130198,24.741094442130198,3.723836442237694,46.3183524420227
Serbia,2021-06-13,39.03,37.163144729332,1.8668552706680046,1.8668552706680046,15.865886729439492,58.4604027292245
Jersey,2021-06-13,64.45,60.474494811744925,3.9755051882550774,3.9755051882550774,39.177236811852424,81.77175281163743
Saint Vincent and the Grenadines,2021-06-13,16.6,23.657770748884857,-7.057770748884856,7.057770748884856,2.3605127489923525,44.955028748777366
Jordan,2021-06-13,18.85,21.949835271110963,-3.099835271110962,3.099835271110962,0.6525772712184583,43.247093271003465
Croatia,2021-06-13,34.44,28.59751644366297,5.842483556337029,5.842483556337029,7.300258443770463,49.89477444355548
Liechtenstein,2021-06-13,43.21,30.575280708102774,12.634719291897227,12.634719291897227,9.278022708210269,51.872538707995275
Belize,2021-06-13,18.22,21.037011302816843,-2.8170113028168444,2.8170113028168444,0.0,42.334269302709345
Ukraine,2021-06-13,3.38,15.178752363912636,-11.798752363912637,11.798752363912637,0.0,36.476010363805145
Saint Lucia,2021-06-13,16.11,23.592687045028093,-7.482687045028094,7.482687045028094,2.295429045135588,44.889945044920594
Libya,2021-06-13,4.81,9.136695694064098,-4.326695694064099,4.326695694064099,0.0,30.433953693956603
Saint Kitts and Nevis,2021-06-13,40.36,30.01818594146193,10.34181405853807,10.34181405853807,8.720927941569425,51.31544394135443
Kazakhstan,2021-06-13,13.27,19.535988885420252,-6.265988885420253,6.265988885420253,0.0,40.83324688531276
Zambia,2021-06-13,0.77,9.174358106403105,-8.404358106403105,8.404358106403105,0.0,30.47161610629561
Kenya,2021-06-13,1.84,14.230841839320494,-12.390841839320494,12.390841839320494,0.0,35.528099839213
United States,2021-06-13,51.98,42.72081117274671,9.25918882725329,9.25918882725329,21.423553172854202,64.01806917263922
Uruguay,2021-06-13,60.1,36.74916390159272,23.350836098407278,23.350836098407278,15.451905901700218,58.04642190148523
Liberia,2021-06-13,1.26,6.6055336992431215,-5.345533699243122,5.345533699243122,0.0,27.902791699135626
Aruba,2021-06-13,61.86,50.97879348194525,10.881206518054746,10.881206518054746,29.681535482052748,72.27605148183775
Argentina,2021-06-13,28.74,26.68251112144052,2.0574888785594787,2.0574888785594787,5.385253121548015,47.97976912133302
Kosovo,2021-06-13,5.08,11.676163933830779,-6.596163933830779,6.596163933830779,0.0,32.97342193372329
China,2021-06-13,43.21,22.017212708589597,21.192787291410404,21.192787291410404,0.7199547086970917,43.314470708482105
Lebanon,2021-06-13,10.1,17.861910407506947,-7.761910407506948,7.761910407506948,0.0,39.15916840739945
Qatar,2021-06-13,55.1,29.31737221137076,25.78262778862924,25.78262778862924,8.020114211478255,50.61463021126326
Kuwait,2021-06-13,67.32,28.63498258417048,38.68501741582951,38.68501741582951,7.337724584277975,49.93224058406298
Cuba,2021-06-13,17.71,10.621973400882176,7.088026599117825,7.088026599117825,0.0,31.91923140077468
Laos,2021-06-13,9.81,14.22115310182609,-4.411153101826089,4.411153101826089,0.0,35.5184111017186
Romania,2021-06-13,23.68,29.080117113237506,-5.400117113237506,5.400117113237506,7.782859113345001,50.377375113130014
Latvia,2021-06-13,32.17,27.723622039952836,4.446377960047165,4.446377960047165,6.4263640400603315,49.02088003984534
Armenia,2021-06-13,1.57,10.56818234704097,-8.99818234704097,8.99818234704097,0.0,31.865440346933475
Russia,2021-06-13,12.69,25.545462708589575,-12.855462708589576,12.855462708589576,4.24820470869707,46.84272070848208
Curacao,2021-06-13,53.17,45.183257767659704,7.986742232340298,7.986742232340298,23.8859997677672,66.4805157675522
Samoa,2021-06-13,19.33,13.205840672722154,6.1241593272778445,6.1241593272778445,0.0,34.503098672614655
San Marino,2021-06-13,64.18,49.96125692484849,14.218743075151515,14.218743075151515,28.663998924955987,71.258514924741
Iran,2021-06-13,4.66,16.5140308373554,-11.854030837355399,11.854030837355399,0.0,37.8112888372479
Malawi,2021-06-13,1.93,13.10585898417903,-11.17585898417903,11.17585898417903,0.0,34.40311698407153
Senegal,2021-06-13,2.83,16.094449677725585,-13.264449677725585,13.264449677725585,0.0,37.391707677618086
Australia,2021-06-13,20.16,15.73909897025571,4.4209010297442894,4.4209010297442894,0.0,37.03635697014822
Cape Verde,2021-06-13,6.55,12.74715906728008,-6.19715906728008,6.19715906728008,0.0,34.04441706717259
Iraq,2021-06-13,1.11,14.05372503197772,-12.94372503197772,12.94372503197772,0.0,35.35098303187023
Bhutan,2021-06-13,62.75,69.32705750741135,-6.577057507411354,6.577057507411354,48.029799507518845,90.62431550730386
Madagascar,2021-06-13,0.35,5.820533699244379,-5.470533699244379,5.470533699244379,0.0,27.117791699136884
Poland,2021-06-13,40.96,31.18287374063307,9.77712625936693,9.77712625936693,9.885615740740565,52.48013174052558
Scotland,2021-06-13,64.39,50.95041971852847,13.439580281471528,13.439580281471528,29.653161718635968,72.24767771842097
Ireland,2021-06-13,44.91,31.135543148569376,13.774456851430621,13.774456851430621,9.83828514867687,52.43280114846188
Afghanistan,2021-06-13,1.24,14.843900227175872,-13.603900227175872,13.603900227175872,0.0,36.141158227068374
Isle of Man,2021-06-13,72.11,54.3984392977198,17.711560702280202,17.711560702280202,33.101181297827296,75.6956972976123
Japan,2021-06-13,13.9,16.19852775409619,-2.29852775409619,2.29852775409619,0.0,37.4957857539887
Macao,2021-06-13,26.67,20.598887980212446,6.071112019787556,6.071112019787556,0.0,41.89614598010495
Albania,2021-06-13,17.52,20.837946388068588,-3.317946388068588,3.317946388068588,0.0,42.135204387961096
Saudi Arabia,2021-06-13,0.0,19.607368531525346,-19.607368531525346,19.607368531525346,0.0,40.90462653141785
Israel,2021-06-13,63.31,67.9313028115941,-4.6213028115940915,4.6213028115940915,46.634044811701585,89.2285608114866
Luxembourg,2021-06-13,42.06,30.98999920228365,11.070000797716354,11.070000797716354,9.692741202391144,52.28725720217615
Sao Tome and Principe,2021-06-13,5.65,15.99547354266872,-10.345473542668719,10.345473542668719,0.0,37.29273154256123
Cayman Islands,2021-06-13,71.41,49.69175370730475,21.718246292695248,21.718246292695248,28.394495707412243,70.98901170719725
Colombia,2021-06-13,18.07,19.047069420762817,-0.9770694207628168,0.9770694207628168,0.0,40.34432742065532
Uzbekistan,2021-06-13,3.58,12.021886050744754,-8.441886050744754,8.441886050744754,0.0,33.31914405063726
Uganda,2021-06-13,1.76,13.30809475022581,-11.54809475022581,11.54809475022581,0.0,34.605352750118314
Lithuania,2021-06-13,43.05,32.498765761886126,10.55123423811387,10.55123423811387,11.201507761993621,53.79602376177863
Portugal,2021-06-13,44.13,31.741603599723973,12.38839640027603,12.38839640027603,10.444345599831468,53.03886159961648
Italy,2021-06-13,48.56,31.497684680805087,17.062315319194916,17.062315319194916,10.200426680912582,52.79494268069759
Belarus,2021-06-13,7.4,21.402737686211253,-14.002737686211253,14.002737686211253,0.10547968631874838,42.69999568610376
Bermuda,2021-06-13,64.02,48.57190161194951,15.44809838805049,15.44809838805049,27.274643612057,69.86915961184201
Antigua and Barbuda,2021-06-13,35.62,36.137738591419875,-0.517738591419878,0.517738591419878,14.84048059152737,57.434996591312384
Grenada,2021-06-13,16.37,23.251830288127543,-6.881830288127542,6.881830288127542,1.9545722882350383,44.549088288020045
Brazil,2021-06-13,25.64,25.541594189670768,0.09840581032923268,0.09840581032923268,4.244336189778263,46.83885218956327
Taiwan,2021-06-13,3.36,11.808247776851694,-8.448247776851694,8.448247776851694,0.0,33.105505776744195
England,2021-06-13,61.92,53.05347002555006,8.86652997444994,8.86652997444994,31.756212025657558,74.35072802544256
Equatorial Guinea,2021-06-13,10.59,14.971974508467888,-4.381974508467888,4.381974508467888,0.0,36.26923250836039
Czechia,2021-06-13,42.33,30.339036032156486,11.990963967843513,11.990963967843513,9.04177803226398,51.636294032048994
Switzerland,2021-06-13,43.4,29.51647004802004,13.883529951979959,13.883529951979959,8.219212048127535,50.81372804791255
Morocco,2021-06-13,25.37,27.339507113077453,-1.9695071130774515,1.9695071130774515,6.042249113184948,48.636765112969954
Norway,2021-06-13,36.25,32.97311905494235,3.2768809450576484,3.2768809450576484,11.675861055049847,54.27037705483485
Wales,2021-06-13,70.29,55.33499073877754,14.955009261222465,14.955009261222465,34.03773273888504,76.63224873867004
Sweden,2021-06-13,40.45,31.54045495107537,8.909545048924635,8.909545048924635,10.243196951182863,52.83771295096787
Estonia,2021-06-13,39.49,32.69923873485925,6.790761265140752,6.790761265140752,11.401980734966745,53.99649673475176
Ethiopia,2021-06-13,1.65,10.351577466960109,-8.701577466960108,8.701577466960108,0.0,31.648835466852614
Burkina Faso,2021-06-13,0.04,25.0210944421302,-24.9810944421302,24.9810944421302,3.723836442237694,46.3183524420227
Suriname,2021-06-13,18.91,18.87203209530808,0.03796790469192146,0.03796790469192146,0.0,40.16929009520058
Montserrat,2021-06-13,27.79,35.25869750402191,-7.468697504021911,7.468697504021911,13.961439504129405,56.55595550391442
Congo,2021-06-13,0.41,9.177608106443088,-8.767608106443088,8.767608106443088,0.0,30.474866106335593
Costa Rica,2021-06-13,23.94,25.42110246276357,-1.4811024627635696,1.4811024627635696,4.123844462871066,46.71836046265608
Bulgaria,2021-06-13,12.64,24.611004272125598,-11.971004272125597,11.971004272125597,3.313746272233093,45.908262272018106
Sudan,2021-06-13,0.95,12.887917782048806,-11.937917782048807,11.937917782048807,0.0,34.18517578194131
Zimbabwe,2021-06-13,4.66,16.400692233287486,-11.740692233287486,11.740692233287486,0.0,37.697950233179995
Faeroe Islands,2021-06-13,52.15,34.262333808865,17.887666191134997,17.887666191134997,12.965075808972497,55.5595918087575
Montenegro,2021-06-13,23.04,20.244593418615835,2.7954065813841638,2.7954065813841638,0.0,41.541851418508344
Canada,2021-06-13,64.73,34.49408027282086,30.235919727179144,30.235919727179144,13.196822272928355,55.79133827271336
Fiji,2021-06-13,24.41,16.286006043002452,8.123993956997548,8.123993956997548,0.0,37.58326404289495
Sri Lanka,2021-06-13,10.55,20.592696768249873,-10.042696768249872,10.042696768249872,0.0,41.889954768142374
Finland,2021-06-13,51.09,34.11390431719011,16.97609568280989,16.97609568280989,12.816646317297607,55.41116231708261
Mongolia,2021-06-13,57.73,33.94752660080249,23.782473399197507,23.782473399197507,12.650268600909985,55.244784600695
Austria,2021-06-13,46.86,32.453022518643074,14.406977481356925,14.406977481356925,11.15576451875057,53.750280518535575
Bahrain,2021-06-13,60.34,44.01255047195492,16.327449528045086,16.327449528045086,22.715292472062412,65.30980847184742
Oman,2021-06-13,8.52,22.4804247610412,-13.9604247610412,13.9604247610412,1.1831667611486942,43.7776827609337
Cambodia,2021-06-13,17.58,20.715083125012676,-3.1350831250126774,3.1350831250126774,0.0,42.01234112490518
United Arab Emirates,2021-06-13,51.38,49.13992848594324,2.2400715140567655,2.2400715140567655,27.842670486050732,70.43718648583574
New Zealand,2021-06-13,11.28,17.227467411440173,-5.947467411440174,5.947467411440174,0.0,38.52472541133268
Niger,2021-06-13,0.71,10.819146389971262,-10.109146389971261,10.109146389971261,0.0,32.11640438986377
North Macedonia,2021-06-13,12.28,17.19402725121364,-4.914027251213641,4.914027251213641,0.0,38.49128525110615
Yemen,2021-06-13,0.74,6.194148814298266,-5.454148814298266,5.454148814298266,0.0,27.49140681419077
Tunisia,2021-06-13,8.57,14.19559355009541,-5.6255935500954095,5.6255935500954095,0.0,35.49285154998792
New Caledonia,2021-06-13,18.86,23.58740006360356,-4.727400063603561,4.727400063603561,2.2901420637110554,44.88465806349606
Denmark,2021-06-13,47.05,32.44224988927065,14.607750110729349,14.607750110729349,11.144991889378144,53.73950788916315
Bahamas,2021-06-13,12.79,16.888434614944764,-4.098434614944765,4.098434614944765,0.0,38.185692614837265
Dominica,2021-06-13,27.85,35.006732248911895,-7.156732248911894,7.156732248911894,13.70947424901939,56.303990248804396
Democratic Republic of Congo,2021-06-13,0.03,8.4386212863402,-8.408621286340201,8.408621286340201,0.0,29.735879286232706
Trinidad and Tobago,2021-06-13,11.33,16.580323460051616,-5.250323460051616,5.250323460051616,0.0,37.877581459944125
Wallis and Futuna,2021-06-13,39.53,44.050532959417176,-4.520532959417174,4.520532959417174,22.75327495952467,65.34779095930968
Cook Islands,2021-06-13,54.29,25.0210944421302,29.2689055578698,29.2689055578698,3.723836442237694,46.3183524420227
Timor,2021-06-13,7.07,10.414858106404854,-3.3448581064048533,3.3448581064048533,0.0,31.71211610629736
Dominican Republic,2021-06-13,39.25,23.922658928812744,15.327341071187256,15.327341071187256,2.6254009289202394,45.219916928705246
Netherlands,2021-06-13,48.37,30.88525982090443,17.484740179095567,17.484740179095567,9.588001821011925,52.18251782079693
Azerbaijan,2021-06-13,17.86,23.25835195480399,-5.398351954803992,5.398351954803992,1.9610939549114867,44.55560995469649
Turkey,2021-06-13,24.09,28.09998924271615,-4.0099892427161485,4.0099892427161485,6.8027312428236435,49.39724724260866
Cameroon,2021-06-13,0.26,9.153730304333948,-8.893730304333948,8.893730304333948,0.0,30.450988304226453
Chile,2021-06-13,60.9,43.4854474127958,17.4145525872042,17.4145525872042,22.188189412903295,64.7827054126883
Ecuador,2021-06-13,11.58,19.760480391019854,-8.180480391019854,8.180480391019854,0.0,41.05773839091236
Nepal,2021-06-13,8.18,21.462024826643407,-13.282024826643408,13.282024826643408,0.1647668267509026,42.75928282653591
Thailand,2021-06-13,6.49,14.783349948104323,-8.293349948104323,8.293349948104323,0.0,36.080607947996825
Egypt,2021-06-13,2.86,17.922427841203834,-15.062427841203835,15.062427841203835,0.0,39.219685841096336
Tajikistan,2021-06-13,0.93,6.8861488142982665,-5.956148814298267,5.956148814298267,0.0,28.18340681419077
El Salvador,2021-06-13,20.75,20.811131920762826,-0.06113192076282559,0.06113192076282559,0.0,42.10838992065533
Namibia,2021-06-13,3.46,12.520591903100843,-9.060591903100843,9.060591903100843,0.0,33.817849902993345
Northern Ireland,2021-06-13,58.81,50.936905632394605,7.873094367605397,7.873094367605397,29.6396476325021,72.2341636322871
Brunei,2021-06-13,11.62,13.161683951251629,-1.5416839512516294,1.5416839512516294,0.0,34.45894195114413
Belgium,2021-06-13,48.97,32.23117306036084,16.73882693963916,16.73882693963916,10.933915060468333,53.52843106025334
Panama,2021-06-13,19.62,23.861573263421306,-4.241573263421305,4.241573263421305,2.564315263528801,45.158831263313814
Ghana,2021-06-13,2.74,15.621939317692046,-12.881939317692046,12.881939317692046,0.0,36.91919731758455
South Sudan,2021-06-13,0.11,9.878045288314826,-9.768045288314827,9.768045288314827,0.0,31.17530328820733
Gabon,2021-06-13,1.05,11.643419226593757,-10.593419226593756,10.593419226593756,0.0,32.94067722648626
Mexico,2021-06-13,20.36,25.215075972697313,-4.855075972697314,4.855075972697314,3.9178179728048086,46.512333972589815
Cote d'Ivoire,2021-06-13,2.63,14.1420583653113,-11.512058365311301,11.512058365311301,0.0,35.43931636520381
Palestine,2021-06-13,8.01,14.19041095441571,-6.180410954415711,6.180410954415711,0.0,35.48766895430822
French Polynesia,2021-06-13,22.5,24.531544207747665,-2.0315442077476646,2.0315442077476646,3.2342862078551597,45.828802207640166
Bangladesh,2021-06-13,3.54,19.859736691050237,-16.319736691050238,16.319736691050238,0.0,41.15699469094274
United Kingdom,2021-06-13,61.42,52.986834710408694,8.433165289591308,8.433165289591308,31.68957671051619,74.2840927103012
France,2021-06-13,44.88,31.451738734859113,13.42826126514089,13.42826126514089,10.154480734966608,52.748996734751614
Georgia,2021-06-13,5.07,13.137452558223668,-8.067452558223668,8.067452558223668,0.0,34.43471055811617
Vietnam,2021-06-13,1.48,13.351861102230068,-11.871861102230067,11.871861102230067,0.0,34.64911910212257
Andorra,2021-06-13,39.52,31.07613946950947,8.443860530490532,8.443860530490532,9.778881469616966,52.37339746940198
South Africa,2021-06-13,3.0,15.540934467708418,-12.540934467708418,12.540934467708418,0.0,36.83819246760092
British Virgin Islands,2021-06-13,40.5,42.03968835408119,-1.5396883540811928,1.5396883540811928,20.742430354188688,63.3369463539737
Germany,2021-06-13,47.94,32.53275224837276,15.407247751627239,15.407247751627239,11.235494248480254,53.83001024826527
Cyprus,2021-06-13,48.6,31.608672879351403,16.9913271206486,16.9913271206486,10.311414879458898,52.90593087924391
Pakistan,2021-06-13,3.77,17.09028294648637,-13.320282946486369,13.320282946486369,0.0,38.38754094637888
Spain,2021-06-13,45.93,31.712516703465184,14.217483296534816,14.217483296534816,10.415258703572679,53.00977470335769
Moldova,2021-06-13,9.51,15.466142973809696,-5.956142973809696,5.956142973809696,0.0,36.763400973702204
Somalia,2021-06-13,0.85,9.307776775149328,-8.457776775149329,8.457776775149329,0.0,30.605034775041833
South Korea,2021-06-13,23.08,17.483290856375973,5.596709143624025,5.596709143624025,0.0,38.78054885626848
Thailand,2021-06-14,6.82,15.00242669147324,-8.182426691473239,8.182426691473239,0.0,36.29968469136574
Samoa,2021-06-14,19.33,13.42491741609107,5.9050825839089285,5.9050825839089285,0.0,34.72217541598357
El Salvador,2021-06-14,20.75,21.03020866413174,-0.2802086641317416,0.2802086641317416,0.0,42.32746666402424
Guernsey,2021-06-14,49.17,50.23300458457249,-1.0630045845724894,1.0630045845724894,28.935746584679986,71.53026258446499
Guatemala,2021-06-14,3.06,15.083049417926553,-12.023049417926552,12.023049417926552,0.0,36.380307417819054
Turkey,2021-06-14,24.86,28.319065986085064,-3.459065986085065,3.459065986085065,7.0218079861925595,49.61632398597757
Saint Kitts and Nevis,2021-06-14,40.36,30.237262684830846,10.122737315169154,10.122737315169154,8.94000468493834,51.53452068472335
Cameroon,2021-06-14,0.27,9.372807047702864,-9.102807047702864,9.102807047702864,0.0,30.67006504759537
Egypt,2021-06-14,3.01,18.14150458457275,-15.13150458457275,15.13150458457275,0.0,39.43876258446525
Chile,2021-06-14,61.47,43.704524156164716,17.765475843835283,17.765475843835283,22.40726615627221,65.00178215605722
South Africa,2021-06-14,3.16,15.760011211077334,-12.600011211077334,12.600011211077334,0.0,37.057269210969835
Belize,2021-06-14,18.22,21.25608804618576,-3.0360880461857604,3.0360880461857604,0.0,42.55334604607826
Saint Vincent and the Grenadines,2021-06-14,16.6,23.876847492253773,-7.276847492253772,7.276847492253772,2.5795894923612686,45.17410549214628
Germany,2021-06-14,48.24,32.751828991741675,15.488171008258327,15.488171008258327,11.45457099184917,54.049086991634184
Dominican Republic,2021-06-14,39.39,24.14173567218166,15.24826432781834,15.24826432781834,2.8444776722891554,45.43899367207416
Saint Lucia,2021-06-14,16.15,23.81176378839701,-7.66176378839701,7.66176378839701,2.514505788504504,45.10902178828951
Ecuador,2021-06-14,11.58,19.97955713438877,-8.39955713438877,8.39955713438877,0.0,41.27681513428128
Central African Republic,2021-06-14,0.59,6.034610442613467,-5.444610442613467,5.444610442613467,0.0,27.33186844250597
Jordan,2021-06-14,19.02,22.16891201447988,-3.1489120144798797,3.1489120144798797,0.8716540145873743,43.46617001437238
Slovakia,2021-06-14,34.84,30.683307732548386,4.156692267451618,4.156692267451618,9.38604973265588,51.980565732440894
Brunei,2021-06-14,11.87,13.380760694620545,-1.5107606946205454,1.5107606946205454,0.0,34.67801869451305
Belgium,2021-06-14,49.64,32.450249803729754,17.189750196270246,17.189750196270246,11.15299180383725,53.747507803622256
Grenada,2021-06-14,16.37,23.47090703149646,-7.100907031496458,7.100907031496458,2.1736490316039543,44.76816503138896
Armenia,2021-06-14,1.57,10.787259090409886,-9.217259090409886,9.217259090409886,0.0,32.08451709030239
Turks and Caicos Islands,2021-06-14,53.62,44.06836641501957,9.55163358498043,9.55163358498043,22.771108415127063,65.36562441491208
Brazil,2021-06-14,25.98,25.760670933039684,0.2193290669603165,0.2193290669603165,4.463412933147179,47.057928932932185
Yemen,2021-06-14,0.74,6.413225557667182,-5.673225557667182,5.673225557667182,0.0,27.710483557559687
Greece,2021-06-14,41.01,30.700113749308166,10.309886250691832,10.309886250691832,9.40285574941566,51.99737174920067
Laos,2021-06-14,9.81,14.440229845195006,-4.6302298451950055,4.6302298451950055,0.0,35.737487845087514
Tunisia,2021-06-14,8.73,14.414670293464326,-5.684670293464325,5.684670293464325,0.0,35.711928293356834
Romania,2021-06-14,23.74,29.299193856606422,-5.559193856606424,5.559193856606424,8.001935856713917,50.59645185649893
China,2021-06-14,43.21,22.236289451958513,20.97371054804149,20.97371054804149,0.9390314520660077,43.53354745185102
Kuwait,2021-06-14,67.32,28.854059327539396,38.4659406724606,38.4659406724606,7.556801327646891,50.1513173274319
Somalia,2021-06-14,0.85,9.526853518518244,-8.676853518518245,8.676853518518245,0.0,30.82411151841075
Denmark,2021-06-14,47.96,32.661326632639565,15.298673367360436,15.298673367360436,11.36406863274706,53.958584632532066
Democratic Republic of Congo,2021-06-14,0.04,8.657698029709117,-8.617698029709118,8.617698029709118,0.0,29.95495602960162
Vietnam,2021-06-14,1.53,13.570937845598984,-12.040937845598984,12.040937845598984,0.0,34.868195845491485
Dominica,2021-06-14,27.97,35.22580899228081,-7.255808992280812,7.255808992280812,13.928550992388306,56.52306699217331
Cuba,2021-06-14,18.1,10.841050144251092,7.258949855748909,7.258949855748909,0.0,32.13830814414359
Kosovo,2021-06-14,5.08,11.895240677199695,-6.815240677199695,6.815240677199695,0.0,33.1924986770922
Trinidad and Tobago,2021-06-14,11.77,16.799400203420532,-5.029400203420533,5.029400203420533,0.0,38.09665820331304
Argentina,2021-06-14,28.86,26.901587864809436,1.9584121351905637,1.9584121351905637,5.604329864916931,48.19884586470194
Cyprus,2021-06-14,48.6,31.82774962272032,16.772250377279683,16.772250377279683,10.530491622827814,53.12500762261283
Angola,2021-06-14,2.36,14.715182727727683,-12.355182727727684,12.355182727727684,0.0,36.01244072762019
Zambia,2021-06-14,0.77,9.39343484977202,-8.623434849772021,8.623434849772021,0.0,30.690692849664526
Wallis and Futuna,2021-06-14,39.53,44.26960970278609,-4.73960970278609,4.73960970278609,22.972351702893587,65.56686770267859
Ghana,2021-06-14,2.74,15.841016061060962,-13.101016061060962,13.101016061060962,0.0,37.138274060953464
Greenland,2021-06-14,37.0,26.945284768666966,10.054715231333034,10.054715231333034,5.648026768774461,48.242542768559474
Timor,2021-06-14,7.07,10.63393484977377,-3.5639348497737693,3.5639348497737693,0.0,31.931192849666274
Uruguay,2021-06-14,60.49,36.96824064496164,23.521759355038363,23.521759355038363,15.670982645069135,58.26549864485415
Kenya,2021-06-14,1.84,14.44991858268941,-12.60991858268941,12.60991858268941,0.0,35.747176582581915
Russia,2021-06-14,12.7,25.76453945195849,-13.064539451958492,13.064539451958492,4.467281452065986,47.06179745185099
Kazakhstan,2021-06-14,13.35,19.75506562878917,-6.405065628789169,6.405065628789169,0.0,41.05232362868168
Japan,2021-06-14,14.58,16.417604497465106,-1.8376044974651062,1.8376044974651062,0.0,37.714862497357615
Guinea,2021-06-14,2.32,11.671697093835988,-9.351697093835988,9.351697093835988,0.0,32.968955093728496
British Virgin Islands,2021-06-14,40.5,42.25876509745011,-1.7587650974501088,1.7587650974501088,20.961507097557604,63.55602309734262
Honduras,2021-06-14,4.26,14.509852752068124,-10.249852752068124,10.249852752068124,0.0,35.80711075196063
Venezuela,2021-06-14,2.07,15.5683571481202,-13.4983571481202,13.4983571481202,0.0,36.86561514801271
Zimbabwe,2021-06-14,4.67,16.619768976656403,-11.949768976656403,11.949768976656403,0.0,37.91702697654891
Bulgaria,2021-06-14,12.7,24.830081015494514,-12.130081015494515,12.130081015494515,3.532823015602009,46.12733901538702
Scotland,2021-06-14,64.64,51.16949646189739,13.470503538102612,13.470503538102612,29.872238462004884,72.46675446178989
Iraq,2021-06-14,1.23,14.272801775346636,-13.042801775346636,13.042801775346636,0.0,35.570059775239145
Tuvalu,2021-06-14,20.35,28.017686017884444,-7.667686017884442,7.667686017884442,6.720428017991939,49.31494401777695
Sudan,2021-06-14,1.03,13.106994525417722,-12.076994525417723,12.076994525417723,0.0,34.40425252531023
France,2021-06-14,45.22,31.67081547822803,13.54918452177197,13.54918452177197,10.373557478335524,52.96807347812053
Andorra,2021-06-14,44.84,31.295216212878387,13.544783787121617,13.544783787121617,9.997958212985882,52.592474212770895
Hong Kong,2021-06-14,23.5,22.49847147603952,1.0015285239604808,1.0015285239604808,1.2012134761470143,43.79572947593202
Senegal,2021-06-14,2.85,16.3135264210945,-13.463526421094501,13.463526421094501,0.0,37.610784420987
Faeroe Islands,2021-06-14,52.15,34.48141055223392,17.66858944776608,17.66858944776608,13.184152552341413,55.77866855212642
French Polynesia,2021-06-14,22.5,24.75062095111658,-2.2506209511165807,2.2506209511165807,3.4533629512240758,46.04787895100908
Iran,2021-06-14,4.74,16.733107580724315,-11.993107580724315,11.993107580724315,0.0,38.03036558061682
Fiji,2021-06-14,24.41,16.505082786371368,7.904917213628632,7.904917213628632,0.0,37.80234078626387
Serbia,2021-06-14,39.03,37.38222147270091,1.6477785272990886,1.6477785272990886,16.084963472808408,58.679479472593414
Sri Lanka,2021-06-14,10.67,20.81177351161879,-10.141773511618789,10.141773511618789,0.0,42.10903151151129
Curacao,2021-06-14,53.26,45.40233451102862,7.857665488971378,7.857665488971378,24.105076511136115,66.69959251092112
Indonesia,2021-06-14,7.47,21.395124135692022,-13.925124135692023,13.925124135692023,0.0978661357995172,42.69238213558452
India,2021-06-14,14.9,22.967576673924817,-8.067576673924817,8.067576673924817,1.6703186740323126,44.26483467381732
Finland,2021-06-14,51.36,34.33298106055903,17.02701893944097,17.02701893944097,13.035723060666523,55.63023906045153
Anguilla,2021-06-14,60.79,48.923777450162156,11.866222549837843,11.866222549837843,27.62651945026965,70.22103545005466
Spain,2021-06-14,46.44,31.9315934468341,14.508406553165898,14.508406553165898,10.634335446941595,53.22885144672661
Bolivia,2021-06-14,13.23,19.831859718515297,-6.601859718515296,6.601859718515296,0.0,41.1291177184078
Hungary,2021-06-14,55.4,38.62011374930817,16.77988625069183,16.77988625069183,17.322855749415663,59.91737174920067
Canada,2021-06-14,65.07,34.713157016189776,30.356842983810218,30.356842983810218,13.41589901629727,56.01041501608228
Iceland,2021-06-14,63.0,34.594179393928364,28.405820606071636,28.405820606071636,13.29692139403586,55.891437393820866
Sierra Leone,2021-06-14,0.98,12.955543386099649,-11.975543386099648,11.975543386099648,0.0,34.25280138599216
Cambodia,2021-06-14,17.95,20.93415986838159,-2.9841598683815924,2.9841598683815924,0.0,42.23141786827409
Burkina Faso,2021-06-14,0.09,25.240171185499115,-25.150171185499115,25.150171185499115,3.94291318560661,46.537429185391616
Slovenia,2021-06-14,37.24,31.30484095562653,5.935159044373471,5.935159044373471,10.007582955734026,52.60209895551904
San Marino,2021-06-14,64.18,50.18033366821739,13.999666331782613,13.999666331782613,28.88307566832489,71.4775916681099
Italy,2021-06-14,49.1,31.716761424174003,17.383238575826,17.383238575826,10.419503424281498,53.014019424066504
Seychelles,2021-06-14,71.85,71.78012645613597,0.0698735438640199,0.0698735438640199,50.482868456243466,93.07738445602848
Taiwan,2021-06-14,3.59,12.02732452022061,-8.43732452022061,8.43732452022061,0.0,33.32458252011311
Sint Maarten (Dutch part),2021-06-14,45.57,41.90818465397792,3.661815346022081,3.661815346022081,20.610926654085414,63.20544265387042
South Korea,2021-06-14,24.51,17.70236759974489,6.8076324002551125,6.8076324002551125,0.0,38.9996255996374
Georgia,2021-06-14,5.2,13.356529301592584,-8.156529301592585,8.156529301592585,0.0,34.65378730148509
Uganda,2021-06-14,1.76,13.527171493594725,-11.767171493594725,11.767171493594725,0.0,34.82442949348723
England,2021-06-14,62.12,53.27254676891898,8.847453231081019,8.847453231081019,31.975288769026474,74.56980476881148
Czechia,2021-06-14,42.72,30.5581127755254,12.161887224474597,12.161887224474597,9.260854775632897,51.85537077541791
Uzbekistan,2021-06-14,3.58,12.24096279411367,-8.66096279411367,8.66096279411367,0.0,33.53822079400618
Switzerland,2021-06-14,44.01,29.735546791388956,14.274453208611042,14.274453208611042,8.43828879149645,51.032804791281464
Equatorial Guinea,2021-06-14,10.59,15.191051251836804,-4.601051251836804,4.601051251836804,0.0,36.488309251729305
Suriname,2021-06-14,20.14,19.091108838676995,1.0488911613230059,1.0488911613230059,0.0,40.388366838569496
Guyana,2021-06-14,27.57,23.076985462869047,4.493014537130954,4.493014537130954,1.7797274629765418,44.374243462761555
Israel,2021-06-14,63.34,68.150379554963,-4.810379554962992,4.810379554962992,46.85312155507049,89.4476375548555
Gabon,2021-06-14,1.05,11.862495969962673,-10.812495969962672,10.812495969962672,0.0,33.159753969855174
Wales,2021-06-14,70.35,55.55406748214647,14.795932517853522,14.795932517853522,34.25680948225397,76.85132548203897
Sao Tome and Principe,2021-06-14,5.65,16.214550286037635,-10.564550286037635,10.564550286037635,0.0,37.511808285930144
Vanuatu,2021-06-14,0.28,25.240171185499115,-24.960171185499114,24.960171185499114,3.94291318560661,46.537429185391616
Sweden,2021-06-14,40.45,31.759531694444284,8.690468305555719,8.690468305555719,10.46227369455178,53.056789694336786
Saudi Arabia,2021-06-14,0.0,19.82644527489426,-19.82644527489426,19.82644527489426,0.0,41.12370327478676
Estonia,2021-06-14,39.73,32.918315478228166,6.811684521771831,6.811684521771831,11.621057478335661,54.215573478120675
South Sudan,2021-06-14,0.15,10.097122031683742,-9.947122031683742,9.947122031683742,0.0,31.394380031576247
Bermuda,2021-06-14,66.16,48.79097835531842,17.369021644681574,17.369021644681574,27.493720355425918,70.08823635521092
Cayman Islands,2021-06-14,71.41,49.910830450673664,21.499169549326332,21.499169549326332,28.61357245078116,71.20808845056617
Isle of Man,2021-06-14,73.1,54.61751604108871,18.48248395891128,18.48248395891128,33.32025804119621,75.91477404098121
Ethiopia,2021-06-14,1.65,10.570654210329025,-8.920654210329024,8.920654210329024,0.0,31.86791221022153
Singapore,2021-06-14,46.16,32.1561970254951,14.003802974504893,14.003802974504893,10.858939025602599,53.45345502538761
Antigua and Barbuda,2021-06-14,35.62,36.35681533478879,-0.736815334788794,0.736815334788794,15.059557334896287,57.6540733346813
New Zealand,2021-06-14,11.5,17.44654415480909,-5.946544154809089,5.946544154809089,0.0,38.7438021547016
Panama,2021-06-14,19.9,24.080650006790222,-4.1806500067902235,4.1806500067902235,2.783392006897717,45.37790800668273
Ukraine,2021-06-14,3.45,15.397829107281552,-11.947829107281553,11.947829107281553,0.0,36.69508710717406
Bangladesh,2021-06-14,3.54,20.078813434419153,-16.538813434419154,16.538813434419154,0.0,41.376071434311655
Madagascar,2021-06-14,0.49,6.039610442613295,-5.549610442613295,5.549610442613295,0.0,27.3368684425058
Libya,2021-06-14,4.81,9.355772437433014,-4.545772437433015,4.545772437433015,0.0,30.65303043732552
Azerbaijan,2021-06-14,17.86,23.477428698172908,-5.617428698172908,5.617428698172908,2.1801706982804028,44.77468669806541
Paraguay,2021-06-14,5.32,15.857028003478902,-10.537028003478902,10.537028003478902,0.0,37.15428600337141
Namibia,2021-06-14,3.49,12.73966864646976,-9.24966864646976,9.24966864646976,0.0,34.03692664636226
Northern Ireland,2021-06-14,58.92,51.15598237576352,7.76401762423648,7.76401762423648,29.858724375871017,72.45324037565602
Australia,2021-06-14,20.28,15.958175713624627,4.321824286375374,4.321824286375374,0.0,37.255433713517135
Malawi,2021-06-14,1.94,13.324935727547945,-11.384935727547946,11.384935727547946,0.0,34.62219372744045
Moldova,2021-06-14,9.57,15.685219717178612,-6.115219717178611,6.115219717178611,0.0,36.98247771707112
Pakistan,2021-06-14,3.77,17.309359689855285,-13.539359689855285,13.539359689855285,0.0,38.60661768974779
Cape Verde,2021-06-14,7.58,12.966235810648996,-5.386235810648996,5.386235810648996,0.0,34.263493810541505
Malta,2021-06-14,77.44,47.14451531234604,30.29548468765396,30.29548468765396,25.847257312453532,68.44177331223854
Bahrain,2021-06-14,60.57,44.23162721532383,16.338372784676167,16.338372784676167,22.934369215431328,65.52888521521633
Liberia,2021-06-14,1.29,6.8246104426120375,-5.5346104426120375,5.5346104426120375,0.0,28.121868442504542
Palestine,2021-06-14,8.09,14.409487697784627,-6.319487697784627,6.319487697784627,0.0,35.706745697677135
Poland,2021-06-14,41.09,31.401950484001986,9.688049515998017,9.688049515998017,10.104692484109481,52.699208483894495
Liechtenstein,2021-06-14,44.66,30.79435745147169,13.865642548528307,13.865642548528307,9.497099451579185,52.09161545136419
Netherlands,2021-06-14,48.37,31.104336564273346,17.26566343572665,17.26566343572665,9.807078564380841,52.40159456416585
Austria,2021-06-14,47.07,32.67209926201199,14.39790073798801,14.39790073798801,11.374841262119485,53.96935726190449
Lithuania,2021-06-14,43.2,32.71784250525504,10.48215749474496,10.48215749474496,11.420584505362537,54.015100505147544
Mongolia,2021-06-14,57.8,34.166603344171406,23.63339665582859,23.63339665582859,12.869345344278901,55.463861344063915
Portugal,2021-06-14,44.45,31.96068034309289,12.489319656907114,12.489319656907114,10.663422343200384,53.2579383429854
Montserrat,2021-06-14,27.79,35.477774247390826,-7.687774247390827,7.687774247390827,14.180516247498321,56.775032247283335
Albania,2021-06-14,17.64,21.057023131437504,-3.417023131437503,3.417023131437503,0.0,42.35428113133001
Congo,2021-06-14,0.41,9.396684849812004,-8.986684849812004,8.986684849812004,0.0,30.69394284970451
Luxembourg,2021-06-14,42.85,31.209075945652565,11.640924054347437,11.640924054347437,9.91181794576006,52.506333945545066
Norway,2021-06-14,36.61,33.19219579831127,3.417804201688732,3.417804201688732,11.894937798418763,54.48945379820377
Aruba,2021-06-14,61.99,51.19787022531417,10.792129774685833,10.792129774685833,29.900612225421664,72.49512822520667
Nepal,2021-06-14,8.18,21.681101570012324,-13.501101570012324,13.501101570012324,0.3838435701198186,42.978359569904825
Colombia,2021-06-14,18.26,19.266146164131733,-1.0061461641317315,1.0061461641317315,0.0,40.563404164024234
Oman,2021-06-14,8.52,22.699501504410115,-14.179501504410116,14.179501504410116,1.4022435045176103,43.99675950430262
Mauritius,2021-06-14,19.47,23.3187456246431,-3.848745624643101,3.848745624643101,2.021487624750595,44.61600362453561
Afghanistan,2021-06-14,1.25,15.062976970544788,-13.812976970544788,13.812976970544788,0.0,36.36023497043729
Maldives,2021-06-14,58.13,54.40098131147702,3.7290186885229843,3.7290186885229843,33.10372331158452,75.69823931136952
Macao,2021-06-14,27.3,20.817964723581362,6.482035276418639,6.482035276418639,0.0,42.11522272347386
United States,2021-06-14,52.1,42.93988791611562,9.160112083884378,9.160112083884378,21.642629916223118,64.23714591600813
Cook Islands,2021-06-14,54.29,25.240171185499115,29.049828814500884,29.049828814500884,3.94291318560661,46.537429185391616
United Arab Emirates,2021-06-14,51.38,49.35900522931215,2.0209947706878495,2.0209947706878495,28.061747229419648,70.65626322920465
Mexico,2021-06-14,20.49,25.43415271606623,-4.944152716066231,4.944152716066231,4.136894716173725,46.73141071595873
Croatia,2021-06-14,34.59,28.816593187031884,5.773406812968119,5.773406812968119,7.519335187139379,50.11385118692439
Peru,2021-06-14,11.12,18.489352176073844,-7.3693521760738445,7.3693521760738445,0.0,39.786610175966345
Lebanon,2021-06-14,10.28,18.080987150875863,-7.800987150875864,7.800987150875864,0.0,39.378245150768365
Barbados,2021-06-14,30.75,36.017257346277894,-5.267257346277894,5.267257346277894,14.71999934638539,57.314515346170396
Malaysia,2021-06-14,10.12,16.515936767360877,-6.395936767360878,6.395936767360878,0.0,37.81319476725338
Latvia,2021-06-14,32.36,27.942698783321752,4.417301216678247,4.417301216678247,6.6454407834292475,49.239956783214254
United Kingdom,2021-06-14,61.62,53.20591145377761,8.414088546222388,8.414088546222388,31.908653453885105,74.50316945367011
New Caledonia,2021-06-14,18.86,23.806476806972476,-4.946476806972477,4.946476806972477,2.5092188070799715,45.10373480686498
Mali,2021-06-14,0.6,10.916033152330048,-10.316033152330048,10.316033152330048,0.0,32.21329115222255
North Macedonia,2021-06-14,12.45,17.413103994582556,-4.963103994582557,4.963103994582557,0.0,38.710361994475065
Niger,2021-06-14,0.71,11.038223133340178,-10.328223133340177,10.328223133340177,0.0,32.33548113323268
Morocco,2021-06-14,25.37,27.55858385644637,-2.1885838564463675,2.1885838564463675,6.261325856553864,48.85584185633887
Qatar,2021-06-14,55.31,29.536448954739676,25.773551045260326,25.773551045260326,8.239190954847171,50.83370695463218
Cote d'Ivoire,2021-06-14,2.63,14.361135108680216,-11.731135108680217,11.731135108680217,0.0,35.658393108572724
Costa Rica,2021-06-14,27.67,25.640179206132487,2.029820793867515,2.029820793867515,4.342921206239982,46.937437206024995
Bahamas,2021-06-14,12.79,17.10751135831368,-4.317511358313681,4.317511358313681,0.0,38.40476935820618
Philippines,2021-06-14,4.68,15.020558634421072,-10.340558634421072,10.340558634421072,0.0,36.31781663431357
Mauritania,2021-06-14,0.86,11.331557979594198,-10.471557979594198,10.471557979594198,0.0,32.6288159794867
Montenegro,2021-06-14,23.11,20.46367016198475,2.646329838015248,2.646329838015248,0.0,41.76092816187726
Equatorial Guinea,2021-06-15,10.59,15.410127995205713,-4.820127995205713,4.820127995205713,0.0,36.70738599509822
Fiji,2021-06-15,26.54,16.72415952974027,9.81584047025973,9.81584047025973,0.0,38.02141752963277
Sweden,2021-06-15,41.6,31.978608437813193,9.621391562186808,9.621391562186808,10.681350437920688,53.2758664377057
Panama,2021-06-15,20.65,24.29972675015913,-3.6497267501591324,3.6497267501591324,3.002468750266626,45.59698475005163
Colombia,2021-06-15,18.26,19.485222907500642,-1.2252229075006404,1.2252229075006404,0.0,40.78248090739315
Macao,2021-06-15,28.0,21.037041466950278,6.962958533049722,6.962958533049722,0.0,42.33429946684278
Hungary,2021-06-15,55.52,38.839190492677076,16.680809507322927,16.680809507322927,17.54193249278457,60.136448492569585
Zimbabwe,2021-06-15,4.67,16.83884572002531,-12.168845720025312,12.168845720025312,0.0,38.13610371991781
Cape Verde,2021-06-15,7.58,13.185312554017905,-5.605312554017905,5.605312554017905,0.0,34.482570553910406
Cayman Islands,2021-06-15,71.41,50.129907194042566,21.28009280595743,21.28009280595743,28.83264919415006,71.42716519393507
Turks and Caicos Islands,2021-06-15,53.62,44.28744315838848,9.33255684161152,9.33255684161152,22.990185158495972,65.58470115828098
Slovakia,2021-06-15,35.01,30.902384475917295,4.1076155240827035,4.1076155240827035,9.60512647602479,52.199642475809796
Slovenia,2021-06-15,37.49,31.52391769899544,5.966082301004562,5.966082301004562,10.226659699102935,52.82117569888794
Saudi Arabia,2021-06-15,0.0,20.04552201826317,-20.04552201826317,20.04552201826317,0.0,41.34278001815568
Cook Islands,2021-06-15,54.59,25.459247928868024,29.13075207113198,29.13075207113198,4.161989928975519,46.75650592876053
Seychelles,2021-06-15,71.85,71.99920319950488,-0.14920319950488192,0.14920319950488192,50.70194519961237,93.29646119939738
Brazil,2021-06-15,26.57,25.9797476764086,0.5902523235914003,0.5902523235914003,4.682489676516095,47.2770056763011
Egypt,2021-06-15,3.01,18.36058132794166,-15.35058132794166,15.35058132794166,0.0,39.65783932783417
Mali,2021-06-15,0.6,11.135109895698957,-10.535109895698957,10.535109895698957,0.0,32.43236789559146
Mauritius,2021-06-15,19.47,23.53782236801201,-4.06782236801201,4.06782236801201,2.2405643681195038,44.83508036790451
Israel,2021-06-15,63.38,68.36945629833193,-4.989456298331923,4.989456298331923,47.07219829843942,89.66671429822443
Albania,2021-06-15,17.65,21.276099874806413,-3.626099874806414,3.626099874806414,0.0,42.573357874698914
Luxembourg,2021-06-15,43.27,31.428152689021474,11.84184731097853,11.84184731097853,10.130894689128969,52.72541068891398
New Zealand,2021-06-15,11.76,17.665620898178,-5.9056208981779985,5.9056208981779985,0.0,38.9628788980705
Pitcairn,2021-06-15,100.0,25.459247928868024,74.54075207113198,74.54075207113198,4.161989928975519,46.75650592876053
Vanuatu,2021-06-15,1.67,25.459247928868024,-23.789247928868022,23.789247928868022,4.161989928975519,46.75650592876053
Bolivia,2021-06-15,13.47,20.050936461884206,-6.580936461884205,6.580936461884205,0.0,41.348194461776714
Iceland,2021-06-15,65.7,34.81325613729728,30.886743862702723,30.886743862702723,13.515998137404775,56.11051413718978
Guatemala,2021-06-15,3.2,15.302126161295469,-12.10212616129547,12.10212616129547,0.0,36.59938416118797
Morocco,2021-06-15,25.38,27.777660599815277,-2.3976605998152785,2.3976605998152785,6.480402599922773,49.074918599707786
Isle of Man,2021-06-15,73.38,54.836592784457615,18.54340721554238,18.54340721554238,33.53933478456511,76.13385078435012
Serbia,2021-06-15,39.03,37.60129821606983,1.4287017839301726,1.4287017839301726,16.304040216177324,58.89855621596233
Namibia,2021-06-15,3.61,12.958745389838668,-9.348745389838669,9.348745389838669,0.0,34.25600338973118
Grenada,2021-06-15,16.37,23.68998377486536,-7.31998377486536,7.31998377486536,2.392725774972856,44.98724177475786
Malawi,2021-06-15,1.95,13.544012470916854,-11.594012470916855,11.594012470916855,0.0,34.84127047080936
Senegal,2021-06-15,2.87,16.532603164463417,-13.662603164463416,13.662603164463416,0.0,37.82986116435592
Mauritania,2021-06-15,0.91,11.550634722963107,-10.640634722963107,10.640634722963107,0.0,32.84789272285561
Greenland,2021-06-15,37.31,27.164361512035875,10.145638487964128,10.145638487964128,5.86710351214337,48.461619511928376
Taiwan,2021-06-15,4.14,12.246401263589519,-8.106401263589518,8.106401263589518,0.0,33.54365926348203
India,2021-06-15,15.06,23.186653417293726,-8.126653417293726,8.126653417293726,1.8893954174012215,44.483911417186235
Paraguay,2021-06-15,5.54,16.07610474684781,-10.536104746847812,10.536104746847812,0.0,37.37336274674031
Czechia,2021-06-15,43.13,30.77718951889431,12.352810481105692,12.352810481105692,9.479931519001806,52.07444751878681
Northern Ireland,2021-06-15,59.5,51.37505911913242,8.124940880867577,8.124940880867577,30.07780111923992,72.67231711902492
Central African Republic,2021-06-15,0.85,6.2536871859823755,-5.403687185982376,5.403687185982376,0.0,27.55094518587488
Curacao,2021-06-15,53.34,45.62141125439753,7.718588745602474,7.718588745602474,24.324153254505024,66.91866925429004
Bahrain,2021-06-15,60.7,44.45070395869275,16.249296041307254,16.249296041307254,23.153445958800244,65.74796195858525
Indonesia,2021-06-15,7.64,21.61420087906093,-13.97420087906093,13.97420087906093,0.3169428791684261,42.91145887895344
Faeroe Islands,2021-06-15,52.57,34.700487295602834,17.869512704397167,17.869512704397167,13.403229295710329,55.997745295495335
Angola,2021-06-15,2.5,14.934259471096588,-12.434259471096588,12.434259471096588,0.0,36.23151747098909
England,2021-06-15,62.4,53.491623512287894,8.908376487712104,8.908376487712104,32.19436551239539,74.7888815121804
Australia,2021-06-15,20.52,16.177252456993536,4.342747543006464,4.342747543006464,0.0,37.47451045688604
Austria,2021-06-15,47.59,32.8911760053809,14.698823994619104,14.698823994619104,11.593918005488394,54.18843400527341
United Arab Emirates,2021-06-15,51.38,49.578081972681055,1.8019180273189477,1.8019180273189477,28.28082397278855,70.87533997257356
Wales,2021-06-15,70.48,55.773144225515374,14.70685577448463,14.70685577448463,34.47588622562287,77.07040222540788
Barbados,2021-06-15,31.04,36.2363340896468,-5.196334089646804,5.196334089646804,14.939076089754298,57.53359208953931
Malta,2021-06-15,77.97,47.36359205571494,30.60640794428506,30.60640794428506,26.066334055822434,68.66085005560744
El Salvador,2021-06-15,21.35,21.24928540750065,0.10071459249935089,0.10071459249935089,0.0,42.54654340739316
Greece,2021-06-15,41.27,30.919190492677068,10.350809507322936,10.350809507322936,9.621932492784563,52.21644849256957
Switzerland,2021-06-15,44.62,29.954623534757864,14.665376465242133,14.665376465242133,8.65736553486536,51.251881534650366
Congo,2021-06-15,0.41,9.615761593180913,-9.205761593180913,9.205761593180913,0.0,30.913019593073418
Sri Lanka,2021-06-15,10.82,21.030850254987698,-10.210850254987697,10.210850254987697,0.0,42.328108254880206
Poland,2021-06-15,41.09,31.621027227370895,9.468972772629108,9.468972772629108,10.32376922747839,52.9182852272634
Sudan,2021-06-15,1.03,13.326071268786631,-12.296071268786632,12.296071268786632,0.0,34.623329268679136
Malaysia,2021-06-15,10.61,16.735013510729786,-6.1250135107297865,6.1250135107297865,0.0,38.032271510622294
Anguilla,2021-06-15,60.79,49.14285419353107,11.647145806468927,11.647145806468927,27.845596193638567,70.44011219342357
Scotland,2021-06-15,65.01,51.388573205266304,13.6214267947337,13.6214267947337,30.0913152053738,72.6858312051588
Sierra Leone,2021-06-15,0.98,13.174620129468558,-12.194620129468557,12.194620129468557,0.0,34.47187812936106
Montenegro,2021-06-15,23.19,20.68274690535366,2.507253094646341,2.507253094646341,0.0,41.98000490524616
Madagascar,2021-06-15,0.54,6.258687185982204,-5.718687185982204,5.718687185982204,0.0,27.55594518587471
Cambodia,2021-06-15,18.4,21.1532366117505,-2.753236611750502,2.753236611750502,0.0,42.45049461164301
China,2021-06-15,43.21,22.45536619532742,20.75463380467258,20.75463380467258,1.1581081954349166,43.75262419521992
Guernsey,2021-06-15,49.17,50.45208132794141,-1.2820813279414054,1.2820813279414054,29.154823328048902,71.74933932783391
Antigua and Barbuda,2021-06-15,36.0,36.5758920781577,-0.5758920781577004,0.5758920781577004,15.278634078265195,57.8731500780502
Bulgaria,2021-06-15,12.79,25.049157758863423,-12.259157758863424,12.259157758863424,3.751899758970918,46.346415758755924
Hong Kong,2021-06-15,23.89,22.717548219408428,1.1724517805915724,1.1724517805915724,1.4202902195159233,44.01480621930094
Sint Maarten (Dutch part),2021-06-15,45.57,42.12726139734683,3.442738602653172,3.442738602653172,20.830003397454323,63.42451939723934
Kosovo,2021-06-15,5.08,12.114317420568604,-7.034317420568604,7.034317420568604,0.0,33.411575420461105
British Virgin Islands,2021-06-15,40.5,42.47784184081902,-1.9778418408190177,1.9778418408190177,21.180583840926513,63.77509984071152
Argentina,2021-06-15,29.26,27.120664608178345,2.139335391821657,2.139335391821657,5.82340660828584,48.41792260807085
Mexico,2021-06-15,20.68,25.65322945943514,-4.973229459435139,4.973229459435139,4.3559714595426335,46.95048745932765
Zambia,2021-06-15,0.77,9.61251159314093,-8.84251159314093,8.84251159314093,0.0,30.909769593033435
Trinidad and Tobago,2021-06-15,11.93,17.01847694678944,-5.0884769467894415,5.0884769467894415,0.0,38.31573494668194
Bahamas,2021-06-15,12.79,17.32658810168259,-4.5365881016825895,4.5365881016825895,0.0,38.6238461015751
Aruba,2021-06-15,62.13,51.41694696868307,10.713053031316932,10.713053031316932,30.119688968790566,72.71420496857557
Democratic Republic of Congo,2021-06-15,0.04,8.876774773078026,-8.836774773078027,8.836774773078027,0.0,30.17403277297053
Liberia,2021-06-15,1.32,7.0436871859809465,-5.723687185980946,5.723687185980946,0.0,28.34094518587345
Uruguay,2021-06-15,60.91,37.18731738833055,23.72268261166945,23.72268261166945,15.890059388438043,58.48457538822305
Pakistan,2021-06-15,4.03,17.528436433224194,-13.498436433224192,13.498436433224192,0.0,38.825694433116695
Kenya,2021-06-15,1.84,14.668995326058319,-12.828995326058319,12.828995326058319,0.0,35.966253325950824
Guinea,2021-06-15,2.52,11.890773837204897,-9.370773837204897,9.370773837204897,0.0,33.1880318370974
Moldova,2021-06-15,9.64,15.90429646054752,-6.26429646054752,6.26429646054752,0.0,37.20155446044002
Croatia,2021-06-15,34.77,29.035669930400793,5.73433006959921,5.73433006959921,7.738411930508288,50.332927930293295
Russia,2021-06-15,12.71,25.9836161953274,-13.2736161953274,13.2736161953274,4.686358195434895,47.28087419521991
Germany,2021-06-15,48.68,32.970905735110584,15.709094264889416,15.709094264889416,11.67364773521808,54.268163735003085
Venezuela,2021-06-15,2.07,15.787433891489108,-13.717433891489108,13.717433891489108,0.0,37.08469189138161
Palestine,2021-06-15,8.09,14.628564441153536,-6.538564441153536,6.538564441153536,0.0,35.92582244104604
Cuba,2021-06-15,18.49,11.060126887620001,7.4298731123799975,7.4298731123799975,0.0,32.35738488751251
South Korea,2021-06-15,24.51,17.921444343113798,6.588555656886204,6.588555656886204,0.0,39.2187023430063
France,2021-06-15,45.66,31.889892221596938,13.770107778403059,13.770107778403059,10.592634221704433,53.187150221489446
Belgium,2021-06-15,50.44,32.66932654709866,17.770673452901335,17.770673452901335,11.372068547206158,53.96658454699117
Gabon,2021-06-15,1.05,12.081572713331582,-11.031572713331581,11.031572713331581,0.0,33.37883071322409
Yemen,2021-06-15,0.74,6.632302301036091,-5.892302301036091,5.892302301036091,0.0,27.929560300928596
Qatar,2021-06-15,55.6,29.755525698108585,25.844474301891417,25.844474301891417,8.45826769821608,51.05278369800109
Suriname,2021-06-15,20.45,19.31018558204591,1.1398144179540886,1.1398144179540886,0.0,40.60744358193841
French Polynesia,2021-06-15,23.05,24.96969769448549,-1.9196976944854889,1.9196976944854889,3.6724396945929847,46.266955694378
United Kingdom,2021-06-15,61.9,53.42498819714651,8.475011802853487,8.475011802853487,32.12773019725401,74.72224619703901
Laos,2021-06-15,9.86,14.659306588563915,-4.7993065885639155,4.7993065885639155,0.0,35.956564588456416
Latvia,2021-06-15,32.59,28.16177552669066,4.428224473309342,4.428224473309342,6.864517526798156,49.45903352658317
South Sudan,2021-06-15,0.15,10.316198775052651,-10.166198775052651,10.166198775052651,0.0,31.613456774945156
Romania,2021-06-15,23.81,29.51827059997533,-5.708270599975332,5.708270599975332,8.221012600082826,50.81552859986783
Guyana,2021-06-15,27.57,23.296062206237956,4.273937793762045,4.273937793762045,1.9988042063454508,44.59332020613046
Tunisia,2021-06-15,8.93,14.633747036833235,-5.703747036833235,5.703747036833235,0.0,35.931005036725736
New Caledonia,2021-06-15,19.36,24.025553550341385,-4.665553550341386,4.665553550341386,2.7282955504488804,45.322811550233894
North Macedonia,2021-06-15,12.63,17.632180737951465,-5.0021807379514645,5.0021807379514645,0.0,38.92943873784397
Georgia,2021-06-15,5.32,13.575606044961493,-8.255606044961493,8.255606044961493,0.0,34.872864044854
Honduras,2021-06-15,4.26,14.728929495437033,-10.468929495437033,10.468929495437033,0.0,36.02618749532954
Kuwait,2021-06-15,67.32,29.073136070908312,38.24686392909168,38.24686392909168,7.775878071015807,50.37039407080081
Ethiopia,2021-06-15,1.65,10.789730953697934,-9.139730953697933,9.139730953697933,0.0,32.086988953590435
Lebanon,2021-06-15,10.5,18.300063894244772,-7.800063894244772,7.800063894244772,0.0,39.59732189413728
Denmark,2021-06-15,49.0,32.88040337600847,16.119596623991526,16.119596623991526,11.583145376115969,54.17766137590098
Uzbekistan,2021-06-15,4.85,12.46003953748258,-7.61003953748258,7.61003953748258,0.0,33.75729753737508
Timor,2021-06-15,7.87,10.853011593142678,-2.9830115931426784,2.9830115931426784,0.0,32.15026959303518
Cameroon,2021-06-15,0.27,9.591883791071773,-9.321883791071773,9.321883791071773,0.0,30.889141790964278
Saint Vincent and the Grenadines,2021-06-15,16.6,24.095924235622682,-7.495924235622681,7.495924235622681,2.7986662357301775,45.393182235515184
United States,2021-06-15,52.23,43.15896465948453,9.071035340515465,9.071035340515465,21.861706659592027,64.45622265937703
Thailand,2021-06-15,7.09,15.221503434842148,-8.131503434842148,8.131503434842148,0.0,36.51876143473466
South Africa,2021-06-15,3.31,15.979087954446236,-12.669087954446235,12.669087954446235,0.0,37.27634595433874
Turkey,2021-06-15,26.4,28.538142729453973,-2.1381427294539748,2.1381427294539748,7.2408847295614684,49.835400729346475
Cyprus,2021-06-15,49.81,32.04682636608923,17.763173633910775,17.763173633910775,10.749568366196723,53.34408436598173
Norway,2021-06-15,37.15,33.41127254168018,3.738727458319822,3.738727458319822,12.114014541787672,54.708530541572685
Canada,2021-06-15,65.38,34.93223375955869,30.447766240441304,30.447766240441304,13.634975759666187,56.22949175945119
Japan,2021-06-15,15.23,16.636681240834015,-1.4066812408340148,1.4066812408340148,0.0,37.93393924072652
Nepal,2021-06-15,8.37,21.900178313381232,-13.530178313381233,13.530178313381233,0.6029203134887275,43.19743631327374
Montserrat,2021-06-15,27.79,35.696850990759735,-7.906850990759736,7.906850990759736,14.39959299086723,56.99410899065224
Samoa,2021-06-15,20.28,13.643994159459979,6.636005840540022,6.636005840540022,0.0,34.94125215935249
Chile,2021-06-15,61.93,43.923600899533625,18.006399100466375,18.006399100466375,22.62634289964112,65.22085889942613
Vietnam,2021-06-15,1.63,13.790014588967892,-12.160014588967893,12.160014588967893,0.0,35.0872725888604
San Marino,2021-06-15,64.18,50.39941041158631,13.780589588413697,13.780589588413697,29.102152411693805,71.69666841147881
Cote d'Ivoire,2021-06-15,2.67,14.580211852049125,-11.910211852049125,11.910211852049125,0.0,35.877469851941626
Ecuador,2021-06-15,11.79,20.19863387775768,-8.40863387775768,8.40863387775768,0.0,41.49589187765018
Somalia,2021-06-15,0.85,9.745930261887153,-8.895930261887154,8.895930261887154,0.0,31.043188261779658
Philippines,2021-06-15,4.68,15.23963537778998,-10.55963537778998,10.55963537778998,0.0,36.53689337768249
Portugal,2021-06-15,45.01,32.1797570864618,12.8302429135382,12.8302429135382,10.882499086569293,53.4770150863543
Spain,2021-06-15,47.16,32.15067019020301,15.009329809796988,15.009329809796988,10.853412190310504,53.44792819009551
Finland,2021-06-15,51.42,34.55205780392793,16.86794219607207,16.86794219607207,13.254799804035425,55.84931580382043
Tuvalu,2021-06-15,40.47,28.236762761253352,12.233237238746646,12.233237238746646,6.939504761360848,49.534020761145854
Maldives,2021-06-15,58.19,54.620058054845934,3.5699419451540635,3.5699419451540635,33.32280005495343,75.91731605473844
Mongolia,2021-06-15,57.89,34.385680087540315,23.504319912459685,23.504319912459685,13.08842208764781,55.68293808743282
Kazakhstan,2021-06-15,13.57,19.974142372158077,-6.404142372158077,6.404142372158077,0.0,41.27140037205058
Wallis and Futuna,2021-06-15,39.75,44.488686446155,-4.7386864461550005,4.7386864461550005,23.191428446262496,65.78594444604751
Azerbaijan,2021-06-15,18.18,23.696505441541817,-5.516505441541817,5.516505441541817,2.3992474416493117,44.993763441434325
Oman,2021-06-15,10.49,22.918578247779024,-12.428578247779024,12.428578247779024,1.6213202478865192,44.21583624767153
Saint Kitts and Nevis,2021-06-15,41.38,30.456339428199755,10.923660571800248,10.923660571800248,9.15908142830725,51.75359742809226
Libya,2021-06-15,4.81,9.574849180801923,-4.7648491808019235,4.7648491808019235,0.0,30.872107180694428
Ukraine,2021-06-15,3.53,15.616905850650461,-12.086905850650462,12.086905850650462,0.0,36.91416385054296
Belize,2021-06-15,18.68,21.47516478955467,-2.7951647895546685,2.7951647895546685,0.17790678966216333,42.77242278944718
Lithuania,2021-06-15,43.5,32.93691924862395,10.563080751376049,10.563080751376049,11.639661248731446,54.23417724851646
Bangladesh,2021-06-15,3.54,20.297890177788055,-16.757890177788056,16.757890177788056,0.0,41.59514817768056
Brunei,2021-06-15,11.87,13.599837437989454,-1.7298374379894543,1.7298374379894543,0.0,34.89709543788196
Saint Lucia,2021-06-15,16.15,24.030840531765918,-7.880840531765919,7.880840531765919,2.733582531873413,45.328098531658426
Estonia,2021-06-15,39.99,33.137392221597075,6.852607778402927,6.852607778402927,11.84013422170457,54.434650221489576
Netherlands,2021-06-15,48.37,31.323413307642248,17.04658669235775,17.04658669235775,10.026155307749743,52.62067130753475
Peru,2021-06-15,11.22,18.708428919442753,-7.488428919442752,7.488428919442752,0.0,40.00568691933526
Jordan,2021-06-15,19.3,22.387988757848788,-3.0879887578487875,3.0879887578487875,1.0907307579562833,43.6852467577413
Liechtenstein,2021-06-15,46.12,31.013434194840592,15.106565805159406,15.106565805159406,9.716176194948087,52.31069219473309
Ghana,2021-06-15,2.74,16.06009280442988,-13.320092804429878,13.320092804429878,0.0,37.35735080432238
Dominican Republic,2021-06-15,39.51,24.36081241555057,15.149187584449429,15.149187584449429,3.0635544156580643,45.65807041544308
Uganda,2021-06-15,1.78,13.746248236963634,-11.966248236963635,11.966248236963635,0.0,35.04350623685614
Italy,2021-06-15,49.63,31.93583816754291,17.69416183245709,17.69416183245709,10.638580167650407,53.23309616743542
Bulgaria,2021-06-16,12.89,25.26823450223234,-12.378234502232338,12.378234502232338,3.970976502339834,46.56549250212484
Guernsey,2021-06-16,49.17,50.67115807131032,-1.5011580713103214,1.5011580713103214,29.37390007141782,71.96841607120282
Sint Maarten (Dutch part),2021-06-16,45.57,42.346338140715744,3.223661859284256,3.223661859284256,21.04908014082324,63.64359614060825
Ethiopia,2021-06-16,1.65,11.00880769706685,-9.35880769706685,9.35880769706685,0.0,32.30606569695935
Montserrat,2021-06-16,27.79,35.91592773412865,-8.125927734128652,8.125927734128652,14.618669734236146,57.21318573402115
Guinea,2021-06-16,2.52,12.109850580573813,-9.589850580573813,9.589850580573813,0.0,33.407108580466314
Peru,2021-06-16,11.31,18.92750566281167,-7.617505662811668,7.617505662811668,0.0,40.22476366270418
Malta,2021-06-16,78.49,47.582668799083855,30.90733120091614,30.90733120091614,26.28541079919135,68.87992679897636
China,2021-06-16,43.21,22.674442938696338,20.535557061303663,20.535557061303663,1.3771849388038326,43.97170093858884
Mauritius,2021-06-16,19.47,23.756899111380925,-4.286899111380926,4.286899111380926,2.45964111148842,45.054157111273426
Sudan,2021-06-16,1.03,13.545148012155547,-12.515148012155548,12.515148012155548,0.0,34.84240601204805
Canada,2021-06-16,65.65,35.15131050292761,30.498689497072398,30.498689497072398,13.854052503035103,56.44856850282011
Ghana,2021-06-16,2.74,16.279169547798794,-13.539169547798794,13.539169547798794,0.0,37.576427547691296
Bangladesh,2021-06-16,3.54,20.51696692115697,-16.976966921156972,16.976966921156972,0.0,41.81422492104947
Brunei,2021-06-16,11.87,13.81891418135837,-1.9489141813583704,1.9489141813583704,0.0,35.116172181250874
Moldova,2021-06-16,9.7,16.123373203916437,-6.423373203916437,6.423373203916437,0.0,37.42063120380894
Germany,2021-06-16,49.28,33.1899824784795,16.0900175215205,16.0900175215205,11.892724478586995,54.487240478372
Palestine,2021-06-16,8.37,14.847641184522452,-6.477641184522453,6.477641184522453,0.0,36.14489918441495
South Africa,2021-06-16,3.33,16.19816469781515,-12.868164697815152,12.868164697815152,0.0,37.49542269770765
British Virgin Islands,2021-06-16,40.5,42.696918584187934,-2.1969185841879337,2.1969185841879337,21.39966058429543,63.994176584080435
Pakistan,2021-06-16,4.21,17.74751317659311,-13.537513176593109,13.537513176593109,0.0,39.04477117648561
Mexico,2021-06-16,20.85,25.872306202804054,-5.022306202804053,5.022306202804053,4.57504820291155,47.16956420269656
France,2021-06-16,46.11,32.108968964965854,14.001031035034146,14.001031035034146,10.811710965073349,53.40622696485836
Georgia,2021-06-16,5.43,13.794682788330409,-8.36468278833041,8.36468278833041,0.0,35.091940788222914
South Sudan,2021-06-16,0.15,10.535275518421567,-10.385275518421567,10.385275518421567,0.0,31.832533518314072
South Korea,2021-06-16,26.9,18.140521086482714,8.759478913517285,8.759478913517285,0.0,39.437779086375215
United Kingdom,2021-06-16,62.19,53.64406494051544,8.545935059484556,8.545935059484556,32.34680694062294,74.94132294040794
Gabon,2021-06-16,1.05,12.300649456700498,-11.250649456700497,11.250649456700497,0.0,33.597907456593006
Spain,2021-06-16,47.83,32.369746933571925,15.460253066428074,15.460253066428074,11.07248893367942,53.667004933464426
Cyprus,2021-06-16,50.18,32.265903109458144,17.914096890541856,17.914096890541856,10.968645109565639,53.563161109350645
Somalia,2021-06-16,0.85,9.96500700525607,-9.11500700525607,9.11500700525607,0.0,31.262265005148574
Vietnam,2021-06-16,1.75,14.009091332336808,-12.259091332336808,12.259091332336808,0.0,35.30634933222932
Paraguay,2021-06-16,5.72,16.295181490216727,-10.575181490216728,10.575181490216728,0.0,37.59243949010923
Slovakia,2021-06-16,35.13,31.12146121928621,4.008538780713792,4.008538780713792,9.824203219393706,52.41871921917871
Montenegro,2021-06-16,23.19,20.901823648722576,2.288176351277425,2.288176351277425,0.0,42.19908164861508
Grenada,2021-06-16,16.37,23.909060518234277,-7.539060518234276,7.539060518234276,2.611802518341772,45.20631851812678
Angola,2021-06-16,2.5,15.153336214465504,-12.653336214465504,12.653336214465504,0.0,36.450594214358006
Faeroe Islands,2021-06-16,52.78,34.91956403897175,17.86043596102825,17.86043596102825,13.622306039079245,56.21682203886425
Greenland,2021-06-16,37.66,27.38343825540479,10.276561744595206,10.276561744595206,6.086180255512286,48.68069625529729
Mauritania,2021-06-16,0.91,11.769711466332023,-10.859711466332023,10.859711466332023,0.0,33.06696946622453
Guatemala,2021-06-16,3.37,15.521202904664385,-12.151202904664384,12.151202904664384,0.0,36.818460904556886
Austria,2021-06-16,48.13,33.110252748749815,15.019747251250188,15.019747251250188,11.81299474885731,54.40751074864232
Greece,2021-06-16,41.63,31.138267236045984,10.491732763954019,10.491732763954019,9.841009236153479,52.435525235938485
Turks and Caicos Islands,2021-06-16,53.62,44.50651990175739,9.113480098242604,9.113480098242604,23.20926190186489,65.8037779016499
Panama,2021-06-16,20.65,24.518803493528047,-3.8688034935280484,3.8688034935280484,3.221545493635542,45.81606149342055
Slovenia,2021-06-16,37.82,31.742994442364356,6.077005557635644,6.077005557635644,10.445736442471851,53.04025244225686
Brazil,2021-06-16,27.13,26.198824419777516,0.931175580222483,0.931175580222483,4.901566419885011,47.49608241967002
Mongolia,2021-06-16,57.89,34.60475683090923,23.28524316909077,23.28524316909077,13.307498831016726,55.90201483080173
Finland,2021-06-16,52.27,34.771134547296846,17.498865452703157,17.498865452703157,13.473876547404341,56.06839254718935
Cote d'Ivoire,2021-06-16,2.7,14.79928859541804,-12.099288595418042,12.099288595418042,0.0,36.09654659531054
Sri Lanka,2021-06-16,10.98,21.249926998356614,-10.269926998356613,10.269926998356613,0.0,42.54718499824912
Guyana,2021-06-16,28.44,23.51513894960687,4.92486105039313,4.92486105039313,2.217880949714367,44.81239694949937
Chile,2021-06-16,62.5,44.14267764290254,18.35732235709746,18.35732235709746,22.845419643010036,65.43993564279505
Suriname,2021-06-16,21.71,19.529262325414827,2.180737674585174,2.180737674585174,0.0,40.82652032530733
Albania,2021-06-16,17.7,21.49517661817533,-3.7951766181753293,3.7951766181753293,0.19791861828282364,42.79243461806783
Egypt,2021-06-16,3.05,18.579658071310575,-15.529658071310575,15.529658071310575,0.0,39.876916071203084
Israel,2021-06-16,63.41,68.58853304170083,-5.178533041700831,5.178533041700831,47.29127504180832,89.88579104159334
Mali,2021-06-16,0.6,11.354186639067873,-10.754186639067873,10.754186639067873,0.0,32.65144463896038
Luxembourg,2021-06-16,43.63,31.64722943239039,11.982770567609613,11.982770567609613,10.349971432497885,52.9444874322829
Aruba,2021-06-16,62.25,51.636023712052,10.613976287947999,10.613976287947999,30.338765712159496,72.9332817119445
Saudi Arabia,2021-06-16,0.0,20.264598761632087,-20.264598761632087,20.264598761632087,0.0,41.561856761524595
Croatia,2021-06-16,34.79,29.25474667376971,5.53525332623029,5.53525332623029,7.957488673877204,50.55200467366221
Czechia,2021-06-16,43.52,30.996266262263227,12.523733737736777,12.523733737736777,9.699008262370722,52.29352426215573
Trinidad and Tobago,2021-06-16,12.04,17.237553690158357,-5.197553690158358,5.197553690158358,0.0,38.53481169005086
United Arab Emirates,2021-06-16,51.38,49.79715871604997,1.5828412839500317,1.5828412839500317,28.499900716157466,71.09441671594247
Antigua and Barbuda,2021-06-16,36.0,36.794968821526616,-0.7949688215266164,0.7949688215266164,15.497710821634112,58.09222682141912
Namibia,2021-06-16,3.76,13.177822133207584,-9.417822133207585,9.417822133207585,0.0,34.47508013310009
Isle of Man,2021-06-16,73.39,55.05566952782653,18.33433047217347,18.33433047217347,33.75841152793403,76.35292752771903
Macao,2021-06-16,28.81,21.256118210319194,7.553881789680805,7.553881789680805,0.0,42.553376210211695
El Salvador,2021-06-16,21.7,21.468362150869567,0.23163784913043273,0.23163784913043273,0.17110415097706166,42.765620150762075
Poland,2021-06-16,41.78,31.84010397073981,9.93989602926019,9.93989602926019,10.542845970847306,53.13736197063231
Scotland,2021-06-16,65.38,51.60764994863522,13.772350051364775,13.772350051364775,30.310391948742716,72.90490794852772
Kosovo,2021-06-16,5.08,12.33339416393752,-7.25339416393752,7.25339416393752,0.0,33.63065216383002
Cambodia,2021-06-16,18.77,21.372313355119417,-2.602313355119417,2.602313355119417,0.07505535522691176,42.669571355011925
Cayman Islands,2021-06-16,71.41,50.3489839374115,21.0610160625885,21.0610160625885,29.05172593751899,71.646241937304
Azerbaijan,2021-06-16,18.34,23.915582184910733,-5.575582184910733,5.575582184910733,2.6183241850182277,45.21284018480324
Argentina,2021-06-16,29.63,27.33974135154726,2.2902586484527383,2.2902586484527383,6.042483351654756,48.63699935143977
Liberia,2021-06-16,1.32,7.2627639293498625,-5.942763929349862,5.942763929349862,0.0,28.560021929242367
Uruguay,2021-06-16,61.34,37.406394131699464,23.93360586830054,23.93360586830054,16.10913613180696,58.703652131591966
Lithuania,2021-06-16,43.75,33.15599599199287,10.594004008007133,10.594004008007133,11.858737992100362,54.453253991885376
Libya,2021-06-16,5.11,9.79392592417084,-4.683925924170839,4.683925924170839,0.0,31.091183924063344
Belize,2021-06-16,18.89,21.694241532923584,-2.8042415329235837,2.8042415329235837,0.39698353303107936,42.99149953281609
Netherlands,2021-06-16,48.37,31.542490051011164,16.827509948988833,16.827509948988833,10.24523205111866,52.839748050903665
Saint Lucia,2021-06-16,16.23,24.249917275134834,-8.019917275134834,8.019917275134834,2.952659275242329,45.54717527502734
Jordan,2021-06-16,19.68,22.607065501217704,-2.9270655012177045,2.9270655012177045,1.3098075013251993,43.90432350111021
Cameroon,2021-06-16,0.27,9.810960534440689,-9.54096053444069,9.54096053444069,0.0,31.108218534333194
Ukraine,2021-06-16,3.64,15.835982594019377,-12.195982594019377,12.195982594019377,0.0,37.13324059391188
Dominican Republic,2021-06-16,39.65,24.579889158919485,15.070110841080513,15.070110841080513,3.2826311590269803,45.877147158811994
Russia,2021-06-16,12.82,26.202692938696316,-13.382692938696316,13.382692938696316,4.905434938803811,47.499950938588825
United States,2021-06-16,52.34,43.37804140285345,8.961958597146555,8.961958597146555,22.080783402960943,64.67529940274595
Cuba,2021-06-16,18.94,11.279203630988917,7.660796369011084,7.660796369011084,0.0,32.576461630881425
Turkey,2021-06-16,28.05,28.75721947282289,-0.7072194728228887,0.7072194728228887,7.4599614729303845,50.05447747271539
Nepal,2021-06-16,8.45,22.11925505675015,-13.66925505675015,13.66925505675015,0.8219970568576436,43.41651305664266
Japan,2021-06-16,15.84,16.85575798420293,-1.0157579842029314,1.0157579842029314,0.0,38.15301598409543
Kenya,2021-06-16,1.84,14.888072069427231,-13.048072069427231,13.048072069427231,0.0,36.18533006931973
Liechtenstein,2021-06-16,46.87,31.232510938209508,15.63748906179049,15.63748906179049,9.935252938317003,52.52976893810201
Portugal,2021-06-16,45.51,32.398833829830714,13.111166170169284,13.111166170169284,11.10157582993821,53.696091829723215
San Marino,2021-06-16,64.47,50.618487154955226,13.851512845044773,13.851512845044773,29.32122915506272,71.91574515484773
Ecuador,2021-06-16,11.79,20.417710621126595,-8.627710621126596,8.627710621126596,0.0,41.714968621019096
Bahamas,2021-06-16,12.79,17.545664845051505,-4.7556648450515056,4.7556648450515056,0.0,38.84292284494401
Thailand,2021-06-16,7.33,15.440580178211064,-8.110580178211064,8.110580178211064,0.0,36.73783817810357
Italy,2021-06-16,50.15,32.15491491091183,17.99508508908817,17.99508508908817,10.857656911019323,53.452172910804336
Uganda,2021-06-16,1.8,13.96532498033255,-12.16532498033255,12.16532498033255,0.0,35.262582980225055
Madagascar,2021-06-16,0.54,6.47776392935112,-5.93776392935112,5.93776392935112,0.0,27.775021929243625
Lebanon,2021-06-16,10.52,18.51914063761369,-7.999140637613689,7.999140637613689,0.0,39.8163986375062
Kazakhstan,2021-06-16,13.78,20.193219115526993,-6.413219115526994,6.413219115526994,0.0,41.490477115419495
Taiwan,2021-06-16,4.14,12.465478006958435,-8.325478006958434,8.325478006958434,0.0,33.76273600685094
Seychelles,2021-06-16,71.85,72.2182799428738,-0.36827994287381216,0.36827994287381216,50.9210219429813,93.51553794276631
North Macedonia,2021-06-16,12.73,17.85125748132038,-5.121257481320381,5.121257481320381,0.0,39.14851548121288
Wales,2021-06-16,70.59,55.99222096888429,14.597779031115714,14.597779031115714,34.69496296899179,77.28947896877679
Malawi,2021-06-16,1.96,13.76308921428577,-11.80308921428577,11.80308921428577,0.0,35.06034721417828
Democratic Republic of Congo,2021-06-16,0.04,9.095851516446942,-9.055851516446943,9.055851516446943,0.0,30.393109516339447
Hungary,2021-06-16,55.65,39.05826723604599,16.591732763954006,16.591732763954006,17.761009236153487,60.3555252359385
Congo,2021-06-16,0.41,9.83483833654983,-9.42483833654983,9.42483833654983,0.0,31.132096336442334
Bahrain,2021-06-16,60.82,44.669780702061665,16.150219297938335,16.150219297938335,23.37252270216916,65.96703870195417
Zimbabwe,2021-06-16,4.69,17.057922463394227,-12.367922463394226,12.367922463394226,0.0,38.35518046328673
Romania,2021-06-16,23.88,29.737347343344247,-5.857347343344248,5.857347343344248,8.440089343451742,51.03460534323675
Tunisia,2021-06-16,9.13,14.85282378020215,-5.72282378020215,5.72282378020215,0.0,36.15008178009465
Sweden,2021-06-16,42.02,32.19768518118211,9.822314818817894,9.822314818817894,10.900427181289604,53.49494318107462
Latvia,2021-06-16,32.89,28.380852270059577,4.509147729940423,4.509147729940423,7.083594270167072,49.678110269952086
Hong Kong,2021-06-16,24.25,22.936624962777344,1.3133750372226558,1.3133750372226558,1.6393669628848393,44.23388296266985
Philippines,2021-06-16,5.07,15.458712121158896,-10.388712121158896,10.388712121158896,0.0,36.755970121051405
Sierra Leone,2021-06-16,0.98,13.393696872837474,-12.413696872837473,12.413696872837473,0.0,34.690954872729975
Laos,2021-06-16,9.89,14.878383331932831,-4.98838333193283,4.98838333193283,0.0,36.17564133182533
Norway,2021-06-16,38.33,33.63034928504909,4.699650714950906,4.699650714950906,12.333091285156588,54.9276072849416
Maldives,2021-06-16,58.23,54.83913479821485,3.3908652017851466,3.3908652017851466,33.54187679832235,76.13639279810735
Barbados,2021-06-16,31.29,36.45541083301572,-5.16541083301572,5.16541083301572,15.158152833123214,57.75266883290823
Equatorial Guinea,2021-06-16,10.59,15.629204738574629,-5.039204738574629,5.039204738574629,0.0,36.92646273846714
Iceland,2021-06-16,67.84,35.032332880666196,32.80766711933381,32.80766711933381,13.735074880773691,56.3295908805587
Cape Verde,2021-06-16,7.58,13.404389297386821,-5.824389297386821,5.824389297386821,0.0,34.70164729727932
Australia,2021-06-16,20.8,16.39632920036245,4.403670799637549,4.403670799637549,0.0,37.69358720025495
Belgium,2021-06-16,51.46,32.88840329046758,18.57159670953242,18.57159670953242,11.591145290575074,54.18566129036009
Indonesia,2021-06-16,7.84,21.833277622429847,-13.993277622429847,13.993277622429847,0.5360196225373421,43.130535622322355
Northern Ireland,2021-06-16,59.6,51.59413586250135,8.005864137498648,8.005864137498648,30.29687786260885,72.89139386239385
Denmark,2021-06-16,49.9,33.09948011937739,16.80051988062261,16.80051988062261,11.802222119484885,54.3967381192699
Serbia,2021-06-16,39.03,37.820374959438745,1.2096250405612565,1.2096250405612565,16.52311695954624,59.117632959331246
England,2021-06-16,62.7,53.710700255656796,8.989299744343207,8.989299744343207,32.413442255764295,75.0079582555493
Honduras,2021-06-16,4.35,14.948006238805952,-10.598006238805953,10.598006238805953,0.0,36.245264238698454
Curacao,2021-06-16,53.43,45.840487997766445,7.589512002233555,7.589512002233555,24.54322999787394,67.13774599765895
Venezuela,2021-06-16,2.07,16.006510634858024,-13.936510634858024,13.936510634858024,0.0,37.303768634750526
Yemen,2021-06-16,0.79,6.851379044405007,-6.061379044405007,6.061379044405007,0.0,28.148637044297512
Colombia,2021-06-16,18.26,19.704299650869558,-1.4442996508695565,1.4442996508695565,0.0,41.00155765076207
Qatar,2021-06-16,55.74,29.9746024414775,25.7653975585225,25.7653975585225,8.677344441584996,51.27186044137001
Switzerland,2021-06-16,45.28,30.17370027812678,15.10629972187322,15.10629972187322,8.876442278234276,51.47095827801928
Anguilla,2021-06-16,60.79,49.36193093689999,11.428069063100011,11.428069063100011,28.064672937007483,70.65918893679249
Malaysia,2021-06-16,11.22,16.954090254098702,-5.734090254098701,5.734090254098701,0.0,38.25134825399121
Kuwait,2021-06-16,67.32,29.292212814277228,38.027787185722765,38.027787185722765,7.994954814384723,50.58947081416973
Bolivia,2021-06-16,13.47,20.27001320525312,-6.800013205253121,6.800013205253121,0.0,41.56727120514563
Morocco,2021-06-16,25.38,27.996737343184193,-2.6167373431841945,2.6167373431841945,6.699479343291689,49.2939953430767
India,2021-06-16,15.25,23.405730160662642,-8.155730160662642,8.155730160662642,2.1084721607701375,44.70298816055515
Estonia,2021-06-16,40.21,33.35646896496599,6.85353103503401,6.85353103503401,12.059210965073486,54.65372696485849
Tunisia,2021-06-17,9.34,15.07190052357106,-5.73190052357106,5.73190052357106,0.0,36.36915852346357
South Sudan,2021-06-17,0.15,10.754352261790476,-10.604352261790476,10.604352261790476,0.0,32.05161026168298
Azerbaijan,2021-06-17,18.59,24.13465892827964,-5.544658928279642,5.544658928279642,2.8374009283871366,45.43191692817214
Democratic Republic of Congo,2021-06-17,0.04,9.31492825981585,-9.274928259815852,9.274928259815852,0.0,30.612186259708356
Bahamas,2021-06-17,12.79,17.764741588420414,-4.9747415884204145,4.9747415884204145,0.0,39.061999588312915
Canada,2021-06-17,65.92,35.37038724629651,30.549612753703492,30.549612753703492,14.073129246404005,56.66764524618901
France,2021-06-17,46.56,32.32804570833476,14.23195429166524,14.23195429166524,11.030787708442258,53.625303708227264
North Macedonia,2021-06-17,13.19,18.07033422468929,-4.880334224689291,4.880334224689291,0.0,39.3675922245818
Trinidad and Tobago,2021-06-17,12.23,17.456630433527266,-5.226630433527266,5.226630433527266,0.0,38.753888433419775
Pakistan,2021-06-17,4.21,17.96658991996202,-13.756589919962018,13.756589919962018,0.0,39.26384791985453
Cameroon,2021-06-17,0.27,10.030037277809598,-9.760037277809598,9.760037277809598,0.0,31.327295277702103
Denmark,2021-06-17,50.78,33.3185568627463,17.461443137253703,17.461443137253703,12.021298862853794,54.6158148626388
Mongolia,2021-06-17,58.07,34.82383357427814,23.24616642572186,23.24616642572186,13.526575574385635,56.12109157417065
Netherlands,2021-06-17,48.37,31.76156679438008,16.608433205619917,16.608433205619917,10.464308794487575,53.05882479427258
United Kingdom,2021-06-17,62.55,53.86314168388434,8.686858316115654,8.686858316115654,32.56588368399184,75.16039968377684
Montenegro,2021-06-17,23.4,21.120900392091485,2.2790996079085133,2.2790996079085133,0.0,42.418158391983994
Morocco,2021-06-17,25.39,28.215814086553102,-2.825814086553102,2.825814086553102,6.9185560866605975,49.513072086445604
Wales,2021-06-17,70.68,56.211297712253206,14.468702287746801,14.468702287746801,34.914039712360704,77.50855571214571
Bulgaria,2021-06-17,12.98,25.487311245601248,-12.507311245601247,12.507311245601247,4.190053245708743,46.784569245493756
Sudan,2021-06-17,1.03,13.764224755524456,-12.734224755524457,12.734224755524457,0.0,35.06148275541696
Sweden,2021-06-17,42.48,32.41676192455102,10.063238075448979,10.063238075448979,11.119503924658513,53.71401992444352
Equatorial Guinea,2021-06-17,10.59,15.848281481943538,-5.258281481943538,5.258281481943538,0.0,37.14553948183604
Bahrain,2021-06-17,60.95,44.88885744543057,16.061142554569436,16.061142554569436,23.591599445538062,66.18611544532307
Estonia,2021-06-17,40.43,33.5755457083349,6.8544542916651,6.8544542916651,12.278287708442395,54.87280370822741
Zimbabwe,2021-06-17,4.7,17.276999206763136,-12.576999206763137,12.576999206763137,0.0,38.574257206655645
Montserrat,2021-06-17,27.79,36.13500447749756,-8.345004477497561,8.345004477497561,14.837746477605055,57.43226247739007
Ethiopia,2021-06-17,1.65,11.227884440435759,-9.577884440435758,9.577884440435758,0.0,32.52514244032827
Suriname,2021-06-17,21.71,19.74833906878373,1.9616609312162723,1.9616609312162723,0.0,41.04559706867623
Norway,2021-06-17,39.41,33.849426028418,5.560573971581995,5.560573971581995,12.552168028525497,55.1466840283105
England,2021-06-17,63.08,53.92977699902571,9.150223000974286,9.150223000974286,32.63251899913321,75.22703499891821
Northern Ireland,2021-06-17,59.81,51.813212605870255,7.996787394129747,7.996787394129747,30.51595460597775,73.11047060576276
Taiwan,2021-06-17,4.14,12.684554750327344,-8.544554750327343,8.544554750327343,0.0,33.981812750219845
Faeroe Islands,2021-06-17,52.78,35.13864078234065,17.64135921765935,17.64135921765935,13.841382782448147,56.43589878223315
Brunei,2021-06-17,12.38,14.037990924727278,-1.6579909247272777,1.6579909247272777,0.0,35.33524892461978
Dominican Republic,2021-06-17,40.05,24.798965902288394,15.251034097711603,15.251034097711603,3.5017079023958892,46.096223902180895
Nepal,2021-06-17,8.45,22.338331800119057,-13.888331800119058,13.888331800119058,1.0410738002265525,43.63558980001156
Turkey,2021-06-17,29.91,28.9762962161918,0.9337037838082018,0.9337037838082018,7.679038216299293,50.27355421608431
Finland,2021-06-17,53.03,34.99021129066576,18.03978870933424,18.03978870933424,13.692953290773257,56.28746929055826
Ecuador,2021-06-17,11.79,20.636787364495504,-8.846787364495505,8.846787364495505,0.0,41.93404536438801
Thailand,2021-06-17,7.53,15.659656921579973,-8.129656921579972,8.129656921579972,0.0,36.956914921472475
Moldova,2021-06-17,9.78,16.342449947285346,-6.562449947285346,6.562449947285346,0.0,37.639707947177854
Spain,2021-06-17,48.52,32.588823676940834,15.93117632305917,15.93117632305917,11.291565677048329,53.88608167683334
Egypt,2021-06-17,3.05,18.798734814679484,-15.748734814679484,15.748734814679484,0.0,40.095992814571986
Czechia,2021-06-17,43.87,31.215343005632135,12.654656994367862,12.654656994367862,9.91808500573963,52.512601005524644
Cambodia,2021-06-17,19.14,21.591390098488326,-2.451390098488325,2.451390098488325,0.2941320985958207,42.88864809838083
Namibia,2021-06-17,3.88,13.396898876576493,-9.516898876576494,9.516898876576494,0.0,34.694156876468995
El Salvador,2021-06-17,21.7,21.687438894238475,0.012561105761523805,0.012561105761523805,0.3901808943459706,42.98469689413098
Sri Lanka,2021-06-17,11.12,21.469003741725523,-10.349003741725523,10.349003741725523,0.17174574183301772,42.766261741618024
Austria,2021-06-17,48.58,33.329329492118724,15.250670507881274,15.250670507881274,12.032071492226219,54.626587492011225
United Arab Emirates,2021-06-17,51.38,50.01623545941889,1.3637645405811156,1.3637645405811156,28.718977459526382,71.31349345931139
Congo,2021-06-17,0.41,10.053915079918738,-9.643915079918738,9.643915079918738,0.0,31.351173079811243
Mauritania,2021-06-17,0.91,11.988788209700932,-11.078788209700932,11.078788209700932,0.0,33.28604620959344
Malaysia,2021-06-17,11.77,17.17316699746761,-5.403166997467611,5.403166997467611,0.0,38.47042499736011
Sierra Leone,2021-06-17,0.98,13.612773616206383,-12.632773616206382,12.632773616206382,0.0,34.91003161609889
Maldives,2021-06-17,58.26,55.05821154158375,3.201788458416246,3.201788458416246,33.76095354169125,76.35546954147625
Venezuela,2021-06-17,2.07,16.225587378226933,-14.155587378226933,14.155587378226933,0.0,37.52284537811944
Cuba,2021-06-17,19.31,11.498280374357826,7.811719625642173,7.811719625642173,0.0,32.79553837425033
Ukraine,2021-06-17,3.78,16.055059337388286,-12.275059337388287,12.275059337388287,0.0,37.352317337280795
Honduras,2021-06-17,4.44,15.167082982174854,-10.727082982174853,10.727082982174853,0.0,36.464340982067355
Cape Verde,2021-06-17,7.58,13.62346604075573,-6.04346604075573,6.04346604075573,0.0,34.92072404064824
United States,2021-06-17,52.59,43.59711814622236,8.992881853777646,8.992881853777646,22.299860146329852,64.89437614611487
Mali,2021-06-17,0.6,11.573263382436782,-10.973263382436782,10.973263382436782,0.0,32.87052138232929
Saint Lucia,2021-06-17,16.27,24.468994018503743,-8.198994018503743,8.198994018503743,3.171736018611238,45.766252018396244
Peru,2021-06-17,11.4,19.146582406180578,-7.746582406180577,7.746582406180577,0.0,40.44384040607308
Hong Kong,2021-06-17,24.64,23.155701706146253,1.4842982938537475,1.4842982938537475,1.8584437062537482,44.452959706038754
Guinea,2021-06-17,2.56,12.328927323942722,-9.768927323942721,9.768927323942721,0.0,33.62618532383523
Jordan,2021-06-17,20.0,22.826142244586613,-2.826142244586613,2.826142244586613,1.5288842446941082,44.123400244479114
Belize,2021-06-17,19.15,21.913318276292493,-2.7633182762924946,2.7633182762924946,0.6160602763999883,43.210576276184995
Isle of Man,2021-06-17,73.39,55.27474627119545,18.115253728804554,18.115253728804554,33.977488271302946,76.57200427108795
China,2021-06-17,43.21,22.893519682065246,20.316480317934754,20.316480317934754,1.5962616821727416,44.190777681957755
Malta,2021-06-17,78.96,47.80174554245277,31.158254457547223,31.158254457547223,26.504487542560266,69.09900354234527
Yemen,2021-06-17,0.79,7.070455787773916,-6.280455787773916,6.280455787773916,0.0,28.36771378766642
Aruba,2021-06-17,62.39,51.8551004554209,10.534899544579098,10.534899544579098,30.557842455528398,73.1523584553134
Guatemala,2021-06-17,3.52,15.740279648033287,-12.220279648033287,12.220279648033287,0.0,37.03753764792579
Paraguay,2021-06-17,5.92,16.514258233585636,-10.594258233585636,10.594258233585636,0.0,37.811516233478144
Slovakia,2021-06-17,35.26,31.34053796265512,3.9194620373448785,3.9194620373448785,10.043279962762615,52.63779596254763
Kazakhstan,2021-06-17,14.0,20.412295858895902,-6.412295858895902,6.412295858895902,0.0,41.70955385878841
Sint Maarten (Dutch part),2021-06-17,45.57,42.56541488408465,3.004585115915347,3.004585115915347,21.26815688419215,63.862672883977154
Japan,2021-06-17,16.42,17.07483472757184,-0.6548347275718385,0.6548347275718385,0.0,38.37209272746435
Portugal,2021-06-17,46.11,32.61791057319962,13.492089426800376,13.492089426800376,11.320652573307118,53.91516857309213
Philippines,2021-06-17,5.07,15.677788864527805,-10.607788864527805,10.607788864527805,0.0,36.97504686442031
Poland,2021-06-17,42.12,32.05918071410872,10.060819285891277,10.060819285891277,10.761922714216215,53.35643871400123
Scotland,2021-06-17,65.74,51.82672669200412,13.913273307995873,13.913273307995873,30.529468692111617,73.12398469189662
Antigua and Barbuda,2021-06-17,36.36,37.014045564895525,-0.6540455648955259,0.6540455648955259,15.71678756500302,58.311303564788034
Madagascar,2021-06-17,0.54,6.696840672720029,-6.156840672720029,6.156840672720029,0.0,27.994098672612534
Cayman Islands,2021-06-17,71.52,50.5680606807804,20.951939319219598,20.951939319219598,29.270802680887893,71.8653186806729
Malawi,2021-06-17,1.98,13.98216595765468,-12.002165957654679,12.002165957654679,0.0,35.27942395754718
Saudi Arabia,2021-06-17,0.0,20.483675505000996,-20.483675505000996,20.483675505000996,0.0,41.7809335048935
Indonesia,2021-06-17,8.04,22.052354365798756,-14.012354365798757,14.012354365798757,0.7550963659062511,43.34961236569126
Australia,2021-06-17,21.25,16.61540594373136,4.634594056268639,4.634594056268639,0.0,37.91266394362387
Serbia,2021-06-17,39.41,38.039451702807646,1.3705482971923502,1.3705482971923502,16.74219370291514,59.33670970270015
Luxembourg,2021-06-17,44.43,31.8663061757593,12.563693824240701,12.563693824240701,10.569048175866794,53.1635641756518
Israel,2021-06-17,63.43,68.80760978506973,-5.37760978506973,5.37760978506973,47.51035178517722,90.10486778496224
India,2021-06-17,15.55,23.62480690403155,-8.07480690403155,8.07480690403155,2.3275489041390465,44.92206490392405
Albania,2021-06-17,17.76,21.714253361544237,-3.954253361544236,3.954253361544236,0.41699536165173257,43.011511361436746
Anguilla,2021-06-17,60.79,49.58100768026889,11.20899231973111,11.20899231973111,28.283749680376385,70.87826568016139
Lithuania,2021-06-17,44.11,33.375072735361776,10.734927264638223,10.734927264638223,12.077814735469271,54.67233073525428
Bolivia,2021-06-17,13.66,20.48908994862203,-6.8290899486220304,6.8290899486220304,0.0,41.78634794851453
Iceland,2021-06-17,69.98,35.2514096240351,34.728590375964906,34.728590375964906,13.954151624142593,56.5486676239276
Colombia,2021-06-17,19.13,19.923376394238467,-0.793376394238468,0.793376394238468,0.0,41.22063439413097
Barbados,2021-06-17,31.57,36.67448757638463,-5.104487576384628,5.104487576384628,15.377229576492123,57.97174557627713
Italy,2021-06-17,50.67,32.373991654280736,18.296008345719265,18.296008345719265,11.076733654388232,53.67124965417324
Curacao,2021-06-17,53.5,46.059564741135354,7.440435258864646,7.440435258864646,24.76230674124285,67.35682274102786
Hungary,2021-06-17,55.79,39.2773439794149,16.512656020585098,16.512656020585098,17.980085979522396,60.5746019793074
Seychelles,2021-06-17,71.85,72.43735668624271,-0.587356686242714,0.587356686242714,51.1400986863502,93.73461468613522
San Marino,2021-06-17,64.47,50.83756389832413,13.632436101675871,13.632436101675871,29.540305898431622,72.13482189821663
Grenada,2021-06-17,16.37,24.128137261603193,-7.758137261603192,7.758137261603192,2.830879261710688,45.425395261495694
Angola,2021-06-17,2.5,15.37241295783442,-12.87241295783442,12.87241295783442,0.0,36.66967095772692
Guernsey,2021-06-17,49.17,50.890234814679225,-1.7202348146792232,1.7202348146792232,29.59297681478672,72.18749281457173
Macao,2021-06-17,29.56,21.475194953688096,8.084805046311903,8.084805046311903,0.17793695379559082,42.7724529535806
Kuwait,2021-06-17,67.32,29.51128955764613,37.80871044235386,37.80871044235386,8.214031557753625,50.80854755753863
Lebanon,2021-06-17,10.95,18.738217380982597,-7.788217380982598,7.788217380982598,0.0,40.0354753808751
Mauritius,2021-06-17,19.47,23.975975854749834,-4.505975854749835,4.505975854749835,2.6787178548573287,45.27323385464234
Cote d'Ivoire,2021-06-17,2.72,15.01836533878695,-12.29836533878695,12.29836533878695,0.0,36.31562333867946
Vietnam,2021-06-17,1.95,14.228168075705717,-12.278168075705718,12.278168075705718,0.0,35.52542607559822
Laos,2021-06-17,9.89,15.09746007530174,-5.207460075301739,5.207460075301739,0.0,36.39471807519425
Kosovo,2021-06-17,5.08,12.552470907306429,-7.472470907306429,7.472470907306429,0.0,33.84972890719894
Latvia,2021-06-17,33.18,28.599929013428486,4.5800709865715135,4.5800709865715135,7.302671013535981,49.89718701332099
Georgia,2021-06-17,5.54,14.013759531699318,-8.473759531699319,8.473759531699319,0.0,35.31101753159182
British Virgin Islands,2021-06-17,40.5,42.91599532755684,-2.4159953275568427,2.4159953275568427,21.618737327664338,64.21325332744935
Argentina,2021-06-17,30.11,27.55881809491617,2.55118190508383,2.55118190508383,6.261560095023665,48.85607609480867
Ghana,2021-06-17,2.74,16.498246291167696,-13.758246291167696,13.758246291167696,0.0,37.7955042910602
Russia,2021-06-17,13.17,26.421769682065225,-13.251769682065225,13.251769682065225,5.12451168217272,47.719027681957726
Bangladesh,2021-06-17,3.54,20.736043664525887,-17.196043664525888,17.196043664525888,0.0,42.03330166441839
Somalia,2021-06-17,0.85,10.184083748624978,-9.334083748624979,9.334083748624979,0.0,31.481341748517483
Romania,2021-06-17,23.95,29.956424086713156,-6.006424086713157,6.006424086713157,8.659166086820651,51.253682086605664
South Africa,2021-06-17,3.49,16.417241441184068,-12.927241441184067,12.927241441184067,0.0,37.71449944107657
Palestine,2021-06-17,8.37,15.06671792789136,-6.6967179278913616,6.6967179278913616,0.0,36.36397592778387
Cyprus,2021-06-17,50.59,32.48497985282705,18.10502014717295,18.10502014717295,11.187721852934548,53.78223785271956
Qatar,2021-06-17,55.87,30.19367918484641,25.676320815153588,25.676320815153588,8.896421184953905,51.49093718473891
Germany,2021-06-17,49.78,33.40905922184841,16.370940778151592,16.370940778151592,12.111801221955904,54.70631722174092
Belgium,2021-06-17,52.61,33.10748003383649,19.50251996616351,19.50251996616351,11.810222033943983,54.40473803372899
Slovenia,2021-06-17,38.16,31.962071185733265,6.1979288142667315,6.1979288142667315,10.66481318584076,53.259329185625774
Mexico,2021-06-17,21.14,26.091382946172963,-4.951382946172963,4.951382946172963,4.7941249462804585,47.388640946065465
Greenland,2021-06-17,38.18,27.6025149987737,10.5774850012263,10.5774850012263,6.305256998881195,48.89977299866621
Turks and Caicos Islands,2021-06-17,53.62,44.7255966451263,8.894403354873695,8.894403354873695,23.428338645233797,66.02285464501881
Gabon,2021-06-17,1.05,12.519726200069407,-11.469726200069406,11.469726200069406,0.0,33.81698419996191
Panama,2021-06-17,20.65,24.737880236896956,-4.087880236896957,4.087880236896957,3.440622237004451,46.035138236789464
Uruguay,2021-06-17,61.43,37.62547087506837,23.804529124931626,23.804529124931626,16.32821287517587,58.92272887496088
Croatia,2021-06-17,34.79,29.473823417138618,5.316176582861381,5.316176582861381,8.176565417246113,50.77108141703113
Kenya,2021-06-17,1.85,15.107148812796147,-13.257148812796148,13.257148812796148,0.0,36.40440681268865
Chile,2021-06-17,62.88,44.36175438627145,18.518245613728553,18.518245613728553,23.064496386378945,65.65901238616395
Greece,2021-06-17,42.03,31.3573439794149,10.672656020585102,10.672656020585102,10.060085979522395,52.6546019793074
South Korea,2021-06-17,26.9,18.359597829851623,8.540402170148376,8.540402170148376,0.0,39.65685582974413
Liberia,2021-06-17,1.32,7.481840672718771,-6.161840672718771,6.161840672718771,0.0,28.779098672611276
Brazil,2021-06-17,28.26,26.417901163146418,1.8420988368535838,1.8420988368535838,5.120643163253913,47.71515916303892
Lithuania,2021-06-18,44.32,33.59414947873069,10.725850521269308,10.725850521269308,12.296891478838187,54.891407478623194
Luxembourg,2021-06-18,45.26,32.085382919128214,13.174617080871784,13.174617080871784,10.78812491923571,53.382640919020716
Romania,2021-06-18,24.01,30.175500830082072,-6.16550083008207,6.16550083008207,8.878242830189567,51.47275882997458
San Marino,2021-06-18,64.47,51.05664064169306,13.413359358306941,13.413359358306941,29.759382641800553,72.35389864158556
Namibia,2021-06-18,4.01,13.61597561994541,-9.60597561994541,9.60597561994541,0.0,34.91323361983791
Isle of Man,2021-06-18,73.39,55.49382301456436,17.896176985435638,17.896176985435638,34.19656501467186,76.79108101445686
Democratic Republic of Congo,2021-06-18,0.04,9.534005003184767,-9.494005003184768,9.494005003184768,0.0,30.83126300307727
Belgium,2021-06-18,53.71,33.326556777205404,20.383443222794597,20.383443222794597,12.0292987773129,54.623814777097905
Israel,2021-06-18,63.45,69.02668652843866,-5.576686528438657,5.576686528438657,47.72942852854615,90.32394452833117
Cambodia,2021-06-18,19.49,21.81046684185724,-2.320466841857243,2.320466841857243,0.5132088419647367,43.10772484174974
Laos,2021-06-18,10.21,15.316536818670656,-5.106536818670655,5.106536818670655,0.0,36.613794818563164
Saudi Arabia,2021-06-18,0.0,20.70275224836991,-20.70275224836991,20.70275224836991,0.0,42.00001024826241
Egypt,2021-06-18,3.05,19.0178115580484,-15.9678115580484,15.9678115580484,0.0,40.3150695579409
Qatar,2021-06-18,56.02,30.412755928215326,25.607244071784677,25.607244071784677,9.11549792832282,51.71001392810783
Czechia,2021-06-18,44.25,31.43441974900105,12.815580250998948,12.815580250998948,10.137161749108547,52.73167774889356
Albania,2021-06-18,17.76,21.933330104913153,-4.173330104913152,4.173330104913152,0.6360721050206486,43.23058810480566
Tunisia,2021-06-18,9.54,15.290977266939976,-5.750977266939977,5.750977266939977,0.0,36.588235266832484
Liberia,2021-06-18,1.32,7.700917416087687,-6.380917416087687,6.380917416087687,0.0,28.998175415980192
Kuwait,2021-06-18,67.32,29.730366301015046,37.58963369898495,37.58963369898495,8.433108301122541,51.02762430090755
Russia,2021-06-18,13.32,26.64084642543414,-13.32084642543414,13.32084642543414,5.343588425541636,47.93810442532664
Kazakhstan,2021-06-18,14.25,20.63137260226482,-6.381372602264818,6.381372602264818,0.0,41.92863060215733
Cameroon,2021-06-18,0.27,10.249114021178514,-9.979114021178514,9.979114021178514,0.0,31.54637202107102
Bahamas,2021-06-18,12.79,17.98381833178933,-5.1938183317893305,5.1938183317893305,0.0,39.28107633168183
Uruguay,2021-06-18,61.8,37.84454761843729,23.955452381562708,23.955452381562708,16.547289618544784,59.1418056183298
Aruba,2021-06-18,62.54,52.07417719878982,10.46582280121018,10.46582280121018,30.776919198897314,73.37143519868232
Kenya,2021-06-18,1.85,15.326225556165063,-13.476225556165064,13.476225556165064,0.0,36.623483556057565
Netherlands,2021-06-18,48.37,31.980643537748996,16.389356462251,16.389356462251,10.683385537856491,53.2779015376415
China,2021-06-18,43.21,23.112596425434162,20.09740357456584,20.09740357456584,1.8153384255416576,44.40985442532667
Jordan,2021-06-18,20.01,23.04521898795553,-3.0352189879555276,3.0352189879555276,1.7479609880630242,44.34247698784803
Lebanon,2021-06-18,11.12,18.957294124351513,-7.837294124351514,7.837294124351514,0.0,40.254552124244015
Trinidad and Tobago,2021-06-18,12.42,17.675707176896182,-5.255707176896182,5.255707176896182,0.0,38.97296517678869
Saint Lucia,2021-06-18,16.35,24.68807076187266,-8.338070761872657,8.338070761872657,3.390812761980154,45.98532876176516
United States,2021-06-18,52.71,43.81619488959127,8.893805110408728,8.893805110408728,22.518936889698768,65.11345288948378
Latvia,2021-06-18,33.45,28.819005756797402,4.630994243202601,4.630994243202601,7.521747756904897,50.116263756689904
Dominican Republic,2021-06-18,40.77,25.01804264565731,15.751957354342693,15.751957354342693,3.7207846457648053,46.31530064554981
Azerbaijan,2021-06-18,18.83,24.353735671648558,-5.523735671648559,5.523735671648559,3.0564776717560527,45.65099367154106
Nepal,2021-06-18,8.45,22.557408543487973,-14.107408543487974,14.107408543487974,1.2601505435954685,43.854666543380475
Ukraine,2021-06-18,3.78,16.274136080757202,-12.494136080757203,12.494136080757203,0.0,37.57139408064971
Denmark,2021-06-18,51.38,33.537633606115214,17.842366393884788,17.842366393884788,12.24037560622271,54.834891606007716
Japan,2021-06-18,16.42,17.293911470940756,-0.8739114709407545,0.8739114709407545,0.0,38.591169470833265
Kosovo,2021-06-18,5.08,12.771547650675345,-7.691547650675345,7.691547650675345,0.0,34.06880565056785
Turkey,2021-06-18,31.19,29.195372959560714,1.994627040439287,1.994627040439287,7.898114959668209,50.49263095945322
Portugal,2021-06-18,47.08,32.83698731656854,14.24301268343146,14.24301268343146,11.539729316676034,54.13424531646105
United Arab Emirates,2021-06-18,51.38,50.2353122027878,1.1446877972121996,1.1446877972121996,28.938054202895298,71.5325702026803
Cuba,2021-06-18,19.63,11.717357117726742,7.912642882273257,7.912642882273257,0.0,33.01461511761924
Ecuador,2021-06-18,11.79,20.85586410786442,-9.06586410786442,9.06586410786442,0.0,42.15312210775693
Thailand,2021-06-18,7.79,15.87873366494889,-8.08873366494889,8.08873366494889,0.0,37.17599166484139
Italy,2021-06-18,51.18,32.59306839764965,18.586931602350347,18.586931602350347,11.295810397757148,53.890326397542154
Croatia,2021-06-18,35.15,29.692900160507534,5.457099839492464,5.457099839492464,8.39564216061503,50.99015816040004
Congo,2021-06-18,0.41,10.272991823287654,-9.862991823287654,9.862991823287654,0.0,31.57024982318016
Argentina,2021-06-18,30.65,27.777894838285086,2.872105161714913,2.872105161714913,6.480636838392581,49.07515283817759
Pakistan,2021-06-18,4.52,18.185666663330935,-13.665666663330935,13.665666663330935,0.0,39.48292466322344
Poland,2021-06-18,42.4,32.278257457477636,10.121742542522362,10.121742542522362,10.980999457585131,53.575515457370145
Panama,2021-06-18,20.65,24.956956980265872,-4.306956980265873,4.306956980265873,3.659698980373367,46.25421498015838
Greece,2021-06-18,42.45,31.576420722783816,10.873579277216187,10.873579277216187,10.27916272289131,52.87367872267632
Turks and Caicos Islands,2021-06-18,58.63,44.94467338849522,13.685326611504784,13.685326611504784,23.647415388602713,66.24193138838773
Sri Lanka,2021-06-18,11.17,21.68808048509444,-10.518080485094439,10.518080485094439,0.39082248520193374,42.98533848498694
Cote d'Ivoire,2021-06-18,2.74,15.237442082155866,-12.497442082155866,12.497442082155866,0.0,36.534700082048374
Faeroe Islands,2021-06-18,52.91,35.35771752570957,17.55228247429043,17.55228247429043,14.060459525817063,56.65497552560207
Mauritania,2021-06-18,0.91,12.207864953069848,-11.297864953069848,11.297864953069848,0.0,33.50512295296235
Greenland,2021-06-18,38.51,27.821591742142616,10.688408257857382,10.688408257857382,6.524333742250111,49.118849742035124
Mongolia,2021-06-18,58.2,35.042910317647056,23.157089682352947,23.157089682352947,13.745652317754551,56.340168317539565
Austria,2021-06-18,49.01,33.54840623548764,15.461593764512358,15.461593764512358,12.251148235595135,54.84566423538014
Slovakia,2021-06-18,35.36,31.559614706024036,3.800385293975964,3.800385293975964,10.26235670613153,52.856872705916544
Montenegro,2021-06-18,23.48,21.3399771354604,2.140022864539599,2.140022864539599,0.042719135567896416,42.63723513535291
Guatemala,2021-06-18,3.68,15.959356391402203,-12.279356391402203,12.279356391402203,0.0,37.256614391294704
Malta,2021-06-18,79.29,48.02082228582167,31.269177714178333,31.269177714178333,26.723564285929168,69.31808028571417
Bulgaria,2021-06-18,13.06,25.706387988970164,-12.646387988970163,12.646387988970163,4.409129989077659,47.00364598886267
Angola,2021-06-18,2.5,15.591489701203336,-13.091489701203336,13.091489701203336,0.0,36.88874770109584
Sudan,2021-06-18,1.03,13.983301498893372,-12.953301498893373,12.953301498893373,0.0,35.28055949878588
Guernsey,2021-06-18,49.17,51.10931155804814,-1.9393115580481393,1.9393115580481393,29.812053558155636,72.40656955794064
Grenada,2021-06-18,16.91,24.34721400497211,-7.437214004972109,7.437214004972109,3.049956005079604,45.64447200486461
Brazil,2021-06-18,28.83,26.636977906515334,2.1930220934846645,2.1930220934846645,5.339719906622829,47.934235906407835
Slovenia,2021-06-18,38.38,32.18114792910218,6.198852070897821,6.198852070897821,10.883889929209676,53.47840592899469
Mauritius,2021-06-18,19.47,24.19505259811875,-4.725052598118751,4.725052598118751,2.8977945982262447,45.49231059801126
Gabon,2021-06-18,1.32,12.738802943438323,-11.418802943438322,11.418802943438322,0.0,34.036060943330824
South Korea,2021-06-18,26.9,18.57867457322054,8.32132542677946,8.32132542677946,0.0,39.87593257311305
Mexico,2021-06-18,21.36,26.31045968954188,-4.95045968954188,4.95045968954188,5.0132016896493745,47.60771768943438
South Sudan,2021-06-18,0.15,10.973429005159392,-10.823429005159392,10.823429005159392,0.0,32.2706870050519
France,2021-06-18,47.01,32.54712245170368,14.46287754829632,14.46287754829632,11.249864451811174,53.84438045159618
Georgia,2021-06-18,5.66,14.232836275068234,-8.572836275068234,8.572836275068234,0.0,35.53009427496074
Canada,2021-06-18,66.18,35.589463989665425,30.59053601033458,30.59053601033458,14.29220598977292,56.88672198955793
British Virgin Islands,2021-06-18,41.03,43.13507207092576,-2.1050720709257575,2.1050720709257575,21.837814071033254,64.43233007081827
Chile,2021-06-18,63.2,44.580831129640366,18.619168870359637,18.619168870359637,23.28357312974786,65.87808912953287
South Africa,2021-06-18,3.6,16.636318184552984,-13.036318184552984,13.036318184552984,0.0,37.933576184445485
Germany,2021-06-18,50.22,33.628135965217325,16.591864034782674,16.591864034782674,12.33087796532482,54.92539396510983
Moldova,2021-06-18,9.85,16.56152669065426,-6.711526690654262,6.711526690654262,0.0,37.85878469054677
Palestine,2021-06-18,8.37,15.285794671260277,-6.915794671260278,6.915794671260278,0.0,36.583052671152785
Somalia,2021-06-18,0.85,10.403160491993894,-9.553160491993895,9.553160491993895,0.0,31.7004184918864
Brunei,2021-06-18,12.39,14.257067668096195,-1.867067668096194,1.867067668096194,0.0,35.5543256679887
Ghana,2021-06-18,2.74,16.717323034536612,-13.977323034536612,13.977323034536612,0.0,38.01458103442911
Bangladesh,2021-06-18,3.54,20.955120407894803,-17.415120407894804,17.415120407894804,0.0,42.252378407787305
Vietnam,2021-06-18,2.19,14.447244819074633,-12.257244819074634,12.257244819074634,0.0,35.744502818967135
Finland,2021-06-18,54.82,35.20928803403468,19.610711965965322,19.610711965965322,13.912030034142173,56.50654603392718
Macao,2021-06-18,30.3,21.69427169705701,8.605728302942989,8.605728302942989,0.39701369716450685,42.99152969694951
Sint Maarten (Dutch part),2021-06-18,47.47,42.78449162745357,4.68550837254643,4.68550837254643,21.487233627561064,64.08174962734607
Norway,2021-06-18,39.99,34.06850277178692,5.921497228213084,5.921497228213084,12.771244771894413,55.36576077167942
Ethiopia,2021-06-18,1.65,11.446961183804675,-9.796961183804674,9.796961183804674,0.0,32.74421918369718
Bolivia,2021-06-18,13.84,20.708166691990947,-6.868166691990947,6.868166691990947,0.0,42.00542469188345
Malaysia,2021-06-18,12.23,17.392243740836527,-5.1622437408365265,5.1622437408365265,0.0,38.68950174072903
Morocco,2021-06-18,25.4,28.43489082992202,-3.03489082992202,3.03489082992202,7.1376328300295135,49.73214882981452
United Kingdom,2021-06-18,62.88,54.08221842725326,8.797781572746743,8.797781572746743,32.78496042736076,75.37947642714576
Anguilla,2021-06-18,61.21,49.800084423637806,11.409915576362195,11.409915576362195,28.5028264237453,71.0973424235303
Northern Ireland,2021-06-18,59.95,52.03228934923917,7.9177106507608315,7.9177106507608315,30.735031349346666,73.32954734913167
England,2021-06-18,63.43,54.14885374239463,9.281146257605371,9.281146257605371,32.85159574250213,75.44611174228713
India,2021-06-18,15.76,23.843883647400467,-8.083883647400468,8.083883647400468,2.5466256475079625,45.14114164729297
Serbia,2021-06-18,39.41,38.25852844617656,1.1514715538234341,1.1514715538234341,16.961270446284058,59.555786446069064
Australia,2021-06-18,21.72,16.834482687100277,4.885517312899722,4.885517312899722,0.0,38.131740686992785
Indonesia,2021-06-18,8.21,22.271431109167672,-14.061431109167671,14.061431109167671,0.9741731092751671,43.56868910906017
Malawi,2021-06-18,1.99,14.201242701023595,-12.211242701023595,12.211242701023595,0.0,35.4985007009161
Madagascar,2021-06-18,0.54,6.915917416088945,-6.375917416088945,6.375917416088945,0.0,28.21317541598145
Taiwan,2021-06-18,4.14,12.90363149369626,-8.76363149369626,8.76363149369626,0.0,34.20088949358876
Scotland,2021-06-18,66.1,52.04580343537304,14.054196564626956,14.054196564626956,30.748545435480533,73.34306143526554
Zimbabwe,2021-06-18,4.71,17.496075950132052,-12.786075950132052,12.786075950132052,0.0,38.79333395002456
El Salvador,2021-06-18,21.98,21.90651563760739,0.07348436239260892,0.07348436239260892,0.6092576377148866,43.20377363749989
Seychelles,2021-06-18,71.85,72.65643342961164,-0.8064334296116442,0.8064334296116442,51.35917542971913,93.95369142950415
Colombia,2021-06-18,19.13,20.142453137607383,-1.012453137607384,1.012453137607384,0.0,41.439711137499884
Wales,2021-06-18,70.83,56.43037445562211,14.39962554437789,14.39962554437789,35.133116455729606,77.72763245551461
Estonia,2021-06-18,40.77,33.794622451703816,6.975377548296187,6.975377548296187,12.497364451811311,55.091880451596325
Cape Verde,2021-06-18,7.58,13.842542784124646,-6.262542784124646,6.262542784124646,0.0,35.139800784017154
Mali,2021-06-18,0.6,11.792340125805698,-11.192340125805698,11.192340125805698,0.0,33.0895981256982
Montserrat,2021-06-18,27.89,36.354081220866476,-8.464081220866476,8.464081220866476,15.056823220973971,57.651339220758985
Peru,2021-06-18,11.46,19.365659149549494,-7.905659149549493,7.905659149549493,0.0,40.662917149441995
Suriname,2021-06-18,23.07,19.967415812152645,3.1025841878473557,3.1025841878473557,0.0,41.264673812045146
Honduras,2021-06-18,4.89,15.38615972554377,-10.49615972554377,10.49615972554377,0.0,36.68341772543627
Venezuela,2021-06-18,3.79,16.44466412159585,-12.65466412159585,12.65466412159585,0.0,37.74192212148836
Maldives,2021-06-18,58.26,55.27728828495267,2.98271171504733,2.98271171504733,33.98003028506017,76.57454628484517
Sierra Leone,2021-06-18,0.98,13.831850359575299,-12.851850359575298,12.851850359575298,0.0,35.12910835946781
Yemen,2021-06-18,0.79,7.289532531142832,-6.499532531142832,6.499532531142832,0.0,28.586790531035337
Sweden,2021-06-18,42.73,32.635838667919934,10.094161332080063,10.094161332080063,11.33858066802743,53.933096667812435
Hong Kong,2021-06-18,25.12,23.37477844951517,1.7452215504848319,1.7452215504848319,2.0775204496226642,44.67203644940767
Philippines,2021-06-18,5.43,15.896865607896721,-10.466865607896722,10.466865607896722,0.0,37.19412360778922
Curacao,2021-06-18,53.57,46.27864148450427,7.29135851549573,7.29135851549573,24.981383484611765,67.57589948439677
Bahrain,2021-06-18,61.12,45.10793418879948,16.012065811200515,16.012065811200515,23.810676188906978,66.40519218869198
China,2021-06-19,43.21,23.33167316880308,19.878326831196922,19.878326831196922,2.0344151689105736,44.62893116869559
Zimbabwe,2021-06-19,4.72,17.71515269350097,-12.99515269350097,12.99515269350097,0.0,39.01241069339348
Cape Verde,2021-06-19,7.58,14.061619527493562,-6.481619527493562,6.481619527493562,0.0,35.35887752738607
Congo,2021-06-19,0.41,10.49206856665657,-10.08206856665657,10.08206856665657,0.0,31.789326566549075
Curacao,2021-06-19,53.62,46.497718227873186,7.1222817721268115,7.1222817721268115,25.20046022798068,67.79497622776569
Cote d'Ivoire,2021-06-19,2.75,15.456518825524782,-12.706518825524782,12.706518825524782,0.0,36.75377682541729
Yemen,2021-06-19,0.79,7.508609274511748,-6.718609274511748,6.718609274511748,0.0,28.805867274404253
Czechia,2021-06-19,44.44,31.653496492369968,12.78650350763003,12.78650350763003,10.356238492477463,52.950754492262476
Cuba,2021-06-19,19.81,11.936433861095658,7.873566138904341,7.873566138904341,0.0,33.23369186098816
Croatia,2021-06-19,35.15,29.91197690387645,5.238023096123548,5.238023096123548,8.614718903983945,51.20923490376896
Canada,2021-06-19,66.36,35.80854073303434,30.551459266965658,30.551459266965658,14.511282733141837,57.10579873292684
Colombia,2021-06-19,19.79,20.3615298809763,-0.5715298809762999,0.5715298809762999,0.0,41.6587878808688
Moldova,2021-06-19,9.88,16.780603434023178,-6.900603434023177,6.900603434023177,0.0,38.077861433915686
Palestine,2021-06-19,8.73,15.504871414629193,-6.774871414629192,6.774871414629192,0.0,36.8021294145217
Namibia,2021-06-19,4.1,13.835052363314325,-9.735052363314326,9.735052363314326,0.0,35.13231036320683
Lebanon,2021-06-19,11.14,19.17637086772043,-8.036370867720429,8.036370867720429,0.0,40.47362886761293
Saint Lucia,2021-06-19,16.37,24.907147505241575,-8.537147505241574,8.537147505241574,3.60988950534907,46.204405505134076
Latvia,2021-06-19,33.61,29.03808250016632,4.571917499833681,4.571917499833681,7.740824500273813,50.33534050005882
San Marino,2021-06-19,64.47,51.27571738506196,13.19428261493804,13.19428261493804,29.978459385169455,72.57297538495446
Belgium,2021-06-19,54.42,33.54563352057432,20.87436647942568,20.87436647942568,12.248375520681815,54.84289152046682
Laos,2021-06-19,10.36,15.535613562039572,-5.1756135620395725,5.1756135620395725,0.0,36.83287156193208
Saudi Arabia,2021-06-19,0.0,20.921828991738828,-20.921828991738828,20.921828991738828,0.0,42.21908699163133
Kuwait,2021-06-19,67.32,29.949443044383962,37.37055695561603,37.37055695561603,8.652185044491457,51.24670104427646
Pakistan,2021-06-19,4.62,18.40474340669985,-13.78474340669985,13.78474340669985,0.0,39.70200140659236
Liberia,2021-06-19,1.32,7.9199941594566035,-6.599994159456603,6.599994159456603,0.0,29.21725215934911
Kosovo,2021-06-19,5.08,12.99062439404426,-7.910624394044261,7.910624394044261,0.0,34.28788239393677
Kenya,2021-06-19,1.85,15.54530229953398,-13.69530229953398,13.69530229953398,0.0,36.84256029942648
Nepal,2021-06-19,8.58,22.77648528685689,-14.19648528685689,14.19648528685689,1.4792272869643845,44.07374328674939
Kazakhstan,2021-06-19,14.49,20.850449345633734,-6.360449345633734,6.360449345633734,0.0,42.14770734552624
Serbia,2021-06-19,39.41,38.47760518954548,0.9323948104545181,0.9323948104545181,17.180347189652974,59.77486318943798
Jordan,2021-06-19,20.03,23.264295731324445,-3.234295731324444,3.234295731324444,1.9670377314319403,44.56155373121695
Netherlands,2021-06-19,48.37,32.19972028111791,16.170279718882085,16.170279718882085,10.902462281225407,53.49697828101041
Japan,2021-06-19,16.42,17.512988214309672,-1.0929882143096705,1.0929882143096705,0.0,38.81024621420218
Sierra Leone,2021-06-19,0.98,14.050927102944215,-13.070927102944214,13.070927102944214,0.0,35.34818510283672
Italy,2021-06-19,51.64,32.81214514101857,18.827854858981432,18.827854858981432,11.514887141126064,54.10940314091107
Poland,2021-06-19,42.61,32.49733420084655,10.112665799153447,10.112665799153447,11.200076200954047,53.79459220073906
Scotland,2021-06-19,66.45,52.264880178741954,14.185119821258048,14.185119821258048,30.96762217884945,73.56213817863446
United Kingdom,2021-06-19,63.29,54.301295170622176,8.988704829377824,8.988704829377824,33.004037170729674,75.59855317051468
Russia,2021-06-19,13.4,26.859923168803057,-13.459923168803057,13.459923168803057,5.562665168910552,48.15718116869556
United States,2021-06-19,52.85,44.03527163296019,8.814728367039812,8.814728367039812,22.738013633067684,65.3325296328527
Portugal,2021-06-19,47.31,33.056064059937455,14.253935940062547,14.253935940062547,11.75880606004495,54.353322059829964
Mexico,2021-06-19,21.53,26.529536432910795,-4.999536432910794,4.999536432910794,5.2322784330182905,47.8267944328033
Bangladesh,2021-06-19,3.54,21.17419715126372,-17.63419715126372,17.63419715126372,0.0,42.47145515115622
Montenegro,2021-06-19,23.54,21.559053878829317,1.9809461211706818,1.9809461211706818,0.26179587893681244,42.856311878721826
Mauritius,2021-06-19,19.47,24.414129341487666,-4.944129341487667,4.944129341487667,3.1168713415951608,45.711387341380174
Democratic Republic of Congo,2021-06-19,0.04,9.753081746553683,-9.713081746553684,9.713081746553684,0.0,31.050339746446188
Mauritania,2021-06-19,0.91,12.426941696438764,-11.516941696438764,11.516941696438764,0.0,33.72419969633127
Ukraine,2021-06-19,3.94,16.493212824126118,-12.553212824126119,12.553212824126119,0.0,37.79047082401863
Malta,2021-06-19,79.71,48.2398990291906,31.47010097080939,31.47010097080939,26.9426410292981,69.5371570290831
Aruba,2021-06-19,62.54,52.293253942158735,10.246746057841264,10.246746057841264,30.99599594226623,73.59051194205124
Argentina,2021-06-19,31.36,27.996971581654,3.3630284183459977,3.3630284183459977,6.699713581761497,49.2942295815465
Qatar,2021-06-19,56.12,30.63183267158424,25.488167328415756,25.488167328415756,9.334574671691737,51.92909067147674
Maldives,2021-06-19,58.3,55.496365028321584,2.803634971678413,2.803634971678413,34.19910702842908,76.79362302821409
Albania,2021-06-19,17.76,22.15240684828207,-4.392406848282068,4.392406848282068,0.8551488483895646,43.44966484817458
Malaysia,2021-06-19,12.23,17.611320484205443,-5.3813204842054425,5.3813204842054425,0.0,38.908578484097944
Malawi,2021-06-19,2.0,14.420319444392511,-12.420319444392511,12.420319444392511,0.0,35.71757744428501
Romania,2021-06-19,24.05,30.394577573450988,-6.344577573450987,6.344577573450987,9.097319573558483,51.691835573343496
Madagascar,2021-06-19,0.54,7.134994159457861,-6.594994159457861,6.594994159457861,0.0,28.432252159350366
Bahrain,2021-06-19,61.21,45.3270109321684,15.882989067831602,15.882989067831602,24.029752932275894,66.6242689320609
Macao,2021-06-19,31.1,21.913348440425928,9.186651559574074,9.186651559574074,0.6160904405334229,43.21060644031843
Morocco,2021-06-19,25.4,28.653967573290934,-3.253967573290936,3.253967573290936,7.35670957339843,49.951225573183436
Lithuania,2021-06-19,44.36,33.81322622209961,10.546773777900391,10.546773777900391,12.515968222207103,55.11048422199211
Mali,2021-06-19,0.6,12.011416869174614,-11.411416869174614,11.411416869174614,0.0,33.30867486906712
Bahamas,2021-06-19,13.78,18.202895075158246,-4.422895075158246,4.422895075158246,0.0,39.50015307505075
Israel,2021-06-19,63.45,69.24576327180756,-5.795763271807559,5.795763271807559,47.94850527191505,90.54302127170007
Angola,2021-06-19,2.5,15.810566444572252,-13.310566444572252,13.310566444572252,0.0,37.107824444464754
Northern Ireland,2021-06-19,60.08,52.25136609260809,7.828633907391911,7.828633907391911,30.954108092715583,73.54862409250059
Faeroe Islands,2021-06-19,52.94,35.57679426907848,17.363205730921514,17.363205730921514,14.279536269185979,56.874052268970985
Bulgaria,2021-06-19,13.09,25.92546473233908,-12.83546473233908,12.83546473233908,4.628206732446575,47.22272273223159
Suriname,2021-06-19,23.07,20.18649255552156,2.8835074444784397,2.8835074444784397,0.0,41.48375055541406
Philippines,2021-06-19,5.43,16.115942351265637,-10.685942351265638,10.685942351265638,0.0,37.41320035115814
Estonia,2021-06-19,40.89,34.01369919507273,6.8763008049272685,6.8763008049272685,12.716441195180227,55.31095719496524
Wales,2021-06-19,70.92,56.64945119899104,14.270548801008964,14.270548801008964,35.35219319909854,77.94670919888354
Taiwan,2021-06-19,4.14,13.122708237065176,-8.982708237065175,8.982708237065175,0.0,34.41996623695768
Norway,2021-06-19,40.1,34.287579515155834,5.812420484844168,5.812420484844168,12.990321515263329,55.584837515048335
England,2021-06-19,63.89,54.367930485763544,9.522069514236456,9.522069514236456,33.07067248587104,75.66518848565605
Isle of Man,2021-06-19,73.39,55.71289975793328,17.67710024206672,17.67710024206672,34.41564175804078,77.01015775782578
Cambodia,2021-06-19,19.8,22.029543585226158,-2.229543585226157,2.229543585226157,0.7322855853336527,43.32680158511866
Egypt,2021-06-19,3.05,19.236888301417316,-16.186888301417316,16.186888301417316,0.0,40.53414630130982
Panama,2021-06-19,21.53,25.176033723634788,-3.646033723634787,3.646033723634787,3.878775723742283,46.473291723527296
Ecuador,2021-06-19,13.33,21.074940851233336,-7.744940851233336,7.744940851233336,0.0,42.372198851125844
Turkey,2021-06-19,31.81,29.41444970292963,2.3955502970703684,2.3955502970703684,8.117191703037125,50.71170770282214
Dominican Republic,2021-06-19,41.4,25.237119389026226,16.162880610973772,16.162880610973772,3.9398613891337213,46.53437738891873
Cameroon,2021-06-19,0.27,10.46819076454743,-10.19819076454743,10.19819076454743,0.0,31.765448764439935
Trinidad and Tobago,2021-06-19,12.64,17.8947839202651,-5.254783920265098,5.254783920265098,0.0,39.19204192015761
Austria,2021-06-19,49.34,33.767482978856556,15.572517021143447,15.572517021143447,12.470224978964051,55.06474097874906
Denmark,2021-06-19,51.79,33.75671034948413,18.03328965051587,18.03328965051587,12.459452349591626,55.05396834937663
Tunisia,2021-06-19,9.71,15.510054010308892,-5.800054010308891,5.800054010308891,0.0,36.8073120102014
Thailand,2021-06-19,7.86,16.097810408317805,-8.237810408317806,8.237810408317806,0.0,37.39506840821031
Sudan,2021-06-19,1.03,14.202378242262288,-13.172378242262289,13.172378242262289,0.0,35.49963624215479
Finland,2021-06-19,55.4,35.428364777403594,19.971635222596404,19.971635222596404,14.13110677751109,56.725622777296095
France,2021-06-19,47.34,32.766199195072595,14.573800804927409,14.573800804927409,11.46894119518009,54.063457194965096
Indonesia,2021-06-19,8.36,22.490507852536588,-14.130507852536589,14.130507852536589,1.1932498526440831,43.78776585242909
Slovakia,2021-06-19,35.46,31.77869144939295,3.6813085506070493,3.6813085506070493,10.481433449500447,53.07594944928546
India,2021-06-19,16.05,24.062960390769383,-8.012960390769383,8.012960390769383,2.7657023908768785,45.360218390661885
Australia,2021-06-19,22.16,17.053559430469193,5.1064405695308075,5.1064405695308075,0.0,38.3508174303617
Slovenia,2021-06-19,38.44,32.4002246724711,6.039775327528901,6.039775327528901,11.102966672578592,53.697482672363606
Hong Kong,2021-06-19,25.56,23.593855192884085,1.9661448071159136,1.9661448071159136,2.2965971929915803,44.89111319277659
Azerbaijan,2021-06-19,18.83,24.572812415017474,-5.742812415017475,5.742812415017475,3.2755544151249687,45.870070414909975
Guatemala,2021-06-19,3.69,16.17843313477112,-12.48843313477112,12.48843313477112,0.0,37.47569113466362
South Africa,2021-06-19,3.61,16.8553949279219,-13.2453949279219,13.2453949279219,0.0,38.1526529278144
Greece,2021-06-19,42.87,31.79549746615273,11.074502533847266,11.074502533847266,10.498239466260227,53.09275546604523
Brunei,2021-06-19,12.57,14.47614441146511,-1.9061444114651103,1.9061444114651103,0.0,35.773402411357615
Mongolia,2021-06-19,58.2,35.26198706101597,22.93801293898403,22.93801293898403,13.964729061123467,56.55924506090848
South Korea,2021-06-19,26.9,18.797751316589455,8.102248683410544,8.102248683410544,0.0,40.09500931648196
Vietnam,2021-06-19,2.31,14.66632156244355,-12.356321562443549,12.356321562443549,0.0,35.96357956233605
South Sudan,2021-06-19,0.15,11.192505748528308,-11.042505748528308,11.042505748528308,0.0,32.48976374842081
Ghana,2021-06-19,2.74,16.936399777905528,-14.196399777905528,14.196399777905528,0.0,38.23365777779803
Germany,2021-06-19,50.38,33.84721270858624,16.53278729141376,16.53278729141376,12.549954708693736,55.14447070847875
Sri Lanka,2021-06-19,11.35,21.907157228463355,-10.557157228463355,10.557157228463355,0.6098992285708498,43.204415228355856
United Arab Emirates,2021-06-19,51.38,50.45438894615672,0.9256110538432836,0.9256110538432836,29.157130946264214,71.75164694604922
Georgia,2021-06-19,5.76,14.45191301843715,-8.69191301843715,8.69191301843715,0.0,35.749171018329655
Brazil,2021-06-19,29.3,26.85605464988425,2.443945350115751,2.443945350115751,5.558796649991745,48.15331264977675
Australia,2021-06-20,22.35,17.2726361738381,5.0773638261619,5.0773638261619,0.0,38.5698941737306
Albania,2021-06-20,17.93,22.37148359165098,-4.441483591650979,4.441483591650979,1.0742255917584735,43.66874159154348
Poland,2021-06-20,42.68,32.71641094421546,9.963589055784539,9.963589055784539,11.419152944322956,54.01366894410796
Philippines,2021-06-20,5.71,16.335019094634546,-10.625019094634546,10.625019094634546,0.0,37.632277094527055
Colombia,2021-06-20,19.99,20.580606624345208,-0.5906066243452095,0.5906066243452095,0.0,41.877864624237716
Democratic Republic of Congo,2021-06-20,0.05,9.972158489922592,-9.922158489922591,9.922158489922591,0.0,31.269416489815097
Ukraine,2021-06-20,3.95,16.712289567495027,-12.762289567495028,12.762289567495028,0.0,38.00954756738753
Trinidad and Tobago,2021-06-20,12.64,18.113860663634007,-5.473860663634007,5.473860663634007,0.0,39.41111866352651
Turkey,2021-06-20,33.35,29.63352644629854,3.716473553701462,3.716473553701462,8.336268446406034,50.93078444619104
Zimbabwe,2021-06-20,4.73,17.934229436869877,-13.204229436869877,13.204229436869877,0.0,39.23148743676238
Taiwan,2021-06-20,4.14,13.341784980434085,-9.201784980434084,9.201784980434084,0.0,34.63904298032659
Suriname,2021-06-20,24.66,20.405569298890477,4.2544307011095235,4.2544307011095235,0.0,41.70282729878298
Sudan,2021-06-20,1.16,14.421454985631197,-13.261454985631197,13.261454985631197,0.0,35.7187129855237
Sri Lanka,2021-06-20,11.47,22.126233971832264,-10.656233971832263,10.656233971832263,0.8289759719397587,43.42349197172477
South Sudan,2021-06-20,0.24,11.411582491897217,-11.171582491897217,11.171582491897217,0.0,32.70884049178972
South Korea,2021-06-20,29.29,19.016828059958364,10.273171940041635,10.273171940041635,0.0,40.314086059850865
Slovenia,2021-06-20,38.44,32.619301415840006,5.820698584159992,5.820698584159992,11.322043415947501,53.91655941573251
Portugal,2021-06-20,47.77,33.275140803306364,14.494859196693639,14.494859196693639,11.97788280341386,54.572398803198865
Slovakia,2021-06-20,35.5,31.99776819276186,3.5022318072381395,3.5022318072381395,10.700510192869356,53.29502619265436
Sierra Leone,2021-06-20,1.03,14.270003846313124,-13.240003846313124,13.240003846313124,0.0,35.567261846205625
Serbia,2021-06-20,39.59,38.696681932914395,0.8933180670856089,0.8933180670856089,17.39942393302189,59.993939932806896
Scotland,2021-06-20,66.76,52.48395692211087,14.276043077889135,14.276043077889135,31.186698922218365,73.78121492200337
San Marino,2021-06-20,65.33,51.494794128430875,13.835205871569123,13.835205871569123,30.19753612853837,72.79205212832338
Russia,2021-06-20,13.47,27.078999912171966,-13.608999912171965,13.608999912171965,5.781741912279461,48.376257912064474
Argentina,2021-06-20,31.86,28.21604832502291,3.643951674977089,3.643951674977089,6.918790325130406,49.51330632491542
Romania,2021-06-20,24.09,30.613654316819897,-6.523654316819897,6.523654316819897,9.316396316927392,51.9109123167124
Qatar,2021-06-20,56.25,30.85090941495315,25.39909058504685,25.39909058504685,9.553651415060646,52.14816741484566
Aruba,2021-06-20,62.63,52.51233068552764,10.117669314472366,10.117669314472366,31.215072685635132,73.80958868542014
China,2021-06-20,43.21,23.550749912171987,19.659250087828013,19.659250087828013,2.2534919122794825,44.84800791206449
Angola,2021-06-20,2.64,16.029643187941154,-13.389643187941154,13.389643187941154,0.0,37.326901187833656
Saudi Arabia,2021-06-20,0.0,21.140905735107737,-21.140905735107737,21.140905735107737,0.0,42.438163735000245
Mauritania,2021-06-20,2.77,12.646018439807673,-9.876018439807673,9.876018439807673,0.0,33.94327643970018
Norway,2021-06-20,40.17,34.50665625852474,5.663343741475259,5.663343741475259,13.209398258632238,55.80391425841725
Italy,2021-06-20,51.99,33.03122188438748,18.958778115612525,18.958778115612525,11.733963884494973,54.328479884279986
Israel,2021-06-20,63.49,69.46484001517649,-5.97484001517649,5.97484001517649,48.16758201528398,90.762098015069
Isle of Man,2021-06-20,73.4,55.93197650130218,17.468023498697825,17.468023498697825,34.63471850140968,77.22923450119468
Indonesia,2021-06-20,8.42,22.709584595905497,-14.289584595905497,14.289584595905497,1.412326596012992,44.006842595798005
India,2021-06-20,16.27,24.282037134138292,-8.012037134138293,8.012037134138293,2.9847791342457874,45.5792951340308
Hungary,2021-06-20,56.02,39.93457420952164,16.08542579047836,16.08542579047836,18.637316209629137,61.23183220941415
Hong Kong,2021-06-20,25.88,23.812931936252994,2.067068063747005,2.067068063747005,2.515673936360489,45.1101899361455
Curacao,2021-06-20,53.67,46.716794971242095,6.953205028757907,6.953205028757907,25.41953697134959,68.0140529711346
Greece,2021-06-20,43.43,32.01457420952163,11.415425790478366,11.415425790478366,10.717316209629129,53.311832209414135
Brazil,2021-06-20,29.52,27.075131393253166,2.4448686067468337,2.4448686067468337,5.777873393360661,48.37238939314567
Vietnam,2021-06-20,2.36,14.885398305812458,-12.525398305812459,12.525398305812459,0.0,36.18265630570497
Ghana,2021-06-20,2.74,17.155476521274444,-14.415476521274444,14.415476521274444,0.0,38.452734521166946
Germany,2021-06-20,50.47,34.06628945195515,16.40371054804485,16.40371054804485,12.769031452062645,55.36354745184765
Japan,2021-06-20,17.74,17.73206495767858,0.007935042321417285,0.007935042321417285,0.0,39.02932295757108
Canada,2021-06-20,66.52,36.02761747640326,30.49238252359674,30.49238252359674,14.730359476510753,57.32487547629576
Finland,2021-06-20,55.55,35.647441520772496,19.9025584792275,19.9025584792275,14.350183520879991,56.944699520665
Faeroe Islands,2021-06-20,53.11,35.7958710124474,17.3141289875526,17.3141289875526,14.498613012554895,57.0931290123399
Bulgaria,2021-06-20,13.12,26.14454147570799,-13.02454147570799,13.02454147570799,4.847283475815484,47.44179947560049
Estonia,2021-06-20,41.03,34.23277593844164,6.79722406155836,6.79722406155836,12.935517938549136,55.53003393833414
Wales,2021-06-20,70.97,56.86852794235994,14.10147205764006,14.10147205764006,35.57126994246744,78.16578594225244
England,2021-06-20,64.14,54.58700722913246,9.55299277086754,9.55299277086754,33.28974922923996,75.88426522902496
Cambodia,2021-06-20,20.13,22.248620328595067,-2.1186203285950675,2.1186203285950675,0.9513623287025617,43.545878328487575
Egypt,2021-06-20,3.24,19.455965044786225,-16.215965044786223,16.215965044786223,0.0,40.753223044678734
Czechia,2021-06-20,44.6,31.872573235738876,12.727426764261125,12.727426764261125,10.575315235846372,53.16983123563138
Dominican Republic,2021-06-20,41.87,25.456196132395135,16.413803867604862,16.413803867604862,4.15893813250263,46.753454132287644
Cameroon,2021-06-20,0.3,10.687267507916339,-10.387267507916338,10.387267507916338,0.0,31.984525507808844
Denmark,2021-06-20,51.98,33.97578709285304,18.004212907146957,18.004212907146957,12.678529092960535,55.27304509274555
Yemen,2021-06-20,0.84,7.727686017880657,-6.887686017880657,6.887686017880657,0.0,29.024944017773162
Georgia,2021-06-20,5.88,14.670989761806059,-8.79098976180606,8.79098976180606,0.0,35.968247761698564
Austria,2021-06-20,49.55,33.986559722225465,15.563440277774532,15.563440277774532,12.68930172233296,55.28381772211797
Jordan,2021-06-20,20.59,23.483372474693354,-2.8933724746933542,2.8933724746933542,2.186114474800849,44.78063047458586
Kenya,2021-06-20,1.85,15.764379042902881,-13.914379042902882,13.914379042902882,0.0,37.06163704279538
Northern Ireland,2021-06-20,60.24,52.47044283597699,7.769557164023013,7.769557164023013,31.173184836084484,73.76770083586949
United Arab Emirates,2021-06-20,51.38,50.67346568952562,0.7065343104743818,0.7065343104743818,29.376207689633116,71.97072368941812
Congo,2021-06-20,0.41,10.71114531002548,-10.301145310025479,10.301145310025479,0.0,32.00840330991798
Azerbaijan,2021-06-20,19.23,24.791889158386383,-5.561889158386382,5.561889158386382,3.4946311584938776,46.08914715827889
Netherlands,2021-06-20,50.25,32.418797024486814,17.831202975513186,17.831202975513186,11.121539024594309,53.716055024379315
Namibia,2021-06-20,4.1,14.054129106683234,-9.954129106683235,9.954129106683235,0.0,35.35138710657574
Bahrain,2021-06-20,61.34,45.546087675537315,15.793912324462688,15.793912324462688,24.24882967564481,66.84334567542982
Montenegro,2021-06-20,23.56,21.778130622198226,1.7818693778017725,1.7818693778017725,0.48087262230572136,43.07538862209073
Mongolia,2021-06-20,58.33,35.48106380438488,22.848936195615117,22.848936195615117,14.183805804492376,56.77832180427738
Moldova,2021-06-20,9.95,16.999680177392086,-7.049680177392087,7.049680177392087,0.0,38.29693817728459
United Kingdom,2021-06-20,63.53,54.52037191399108,9.009628086008924,9.009628086008924,33.223113914098576,75.81762991388358
Mauritius,2021-06-20,29.91,24.633206084856575,5.2767939151434256,5.2767939151434256,3.3359480849640697,45.930464084749076
Cote d'Ivoire,2021-06-20,2.75,15.67559556889369,-12.92559556889369,12.92559556889369,0.0,36.97285356878619
Kazakhstan,2021-06-20,14.61,21.069526089002643,-6.459526089002644,6.459526089002644,0.0,42.366784088895145
Malta,2021-06-20,79.83,48.458975772559505,31.371024227440493,31.371024227440493,27.161717772667,69.756233772452
Mali,2021-06-20,0.64,12.230493612543523,-11.590493612543522,11.590493612543522,0.0,33.52775161243603
Malaysia,2021-06-20,12.98,17.830397227574352,-4.850397227574351,4.850397227574351,0.0,39.12765522746686
Madagascar,2021-06-20,0.68,7.35407090282677,-6.67407090282677,6.67407090282677,0.0,28.651328902719275
Macao,2021-06-20,31.69,22.132425183794844,9.557574816205157,9.557574816205157,0.8351671839023389,43.429683183687345
Lithuania,2021-06-20,44.37,34.03230296546852,10.33769703453148,10.33769703453148,12.735044965576012,55.329560965361026
United States,2021-06-20,52.95,44.2543483763291,8.695651623670905,8.695651623670905,22.957090376436593,65.5516063762216
Liberia,2021-06-20,1.35,8.139070902825512,-6.789070902825513,6.789070902825513,0.0,29.436328902718017
Lebanon,2021-06-20,11.16,19.395447611089338,-8.235447611089338,8.235447611089338,0.0,40.69270561098185
Latvia,2021-06-20,33.65,29.257159243535227,4.392840756464771,4.392840756464771,7.959901243642722,50.554417243427736
Croatia,2021-06-20,35.34,30.13105364724536,5.208946352754644,5.208946352754644,8.833795647352854,51.42831164713786
Belgium,2021-06-20,54.62,33.76471026394323,20.85528973605677,20.85528973605677,12.467452264050724,55.06196826383574
Kuwait,2021-06-20,67.32,30.168519787752878,37.151480212247115,37.151480212247115,8.871261787860373,51.46577778764538
Kosovo,2021-06-20,6.0,13.20970113741317,-7.20970113741317,7.20970113741317,0.0,34.50695913730567
Cape Verde,2021-06-20,10.93,14.280696270862471,-3.3506962708624712,3.3506962708624712,0.0,35.57795427075497
Tunisia,2021-06-20,9.86,15.7291307536778,-5.869130753677801,5.869130753677801,0.0,37.0263887535703
