location,date,vaccine_name,total_vaccinations
Austria,1/5/2021,Johnson&Johnson,0
Austria,1/5/2021,Moderna,0
Austria,1/5/2021,Oxford/AstraZeneca,0
Austria,1/5/2021,Pfizer/BioNTech,30885
Austria,1/12/2021,Johnson&Johnson,0
Austria,1/12/2021,Moderna,88
Austria,1/12/2021,Oxford/AstraZeneca,0
Austria,1/12/2021,Pfizer/BioNTech,115203
Austria,1/19/2021,Johnson&Johnson,0
Austria,1/19/2021,Moderna,298
Austria,1/19/2021,Oxford/AstraZeneca,0
Austria,1/19/2021,Pfizer/BioNTech,212305
Austria,1/26/2021,Johnson&Johnson,0
Austria,1/26/2021,Moderna,4151
Austria,1/26/2021,Oxford/AstraZeneca,0
Austria,1/26/2021,Pfizer/BioNTech,256875
Austria,2/2/2021,Johnson&Johnson,0
Austria,2/2/2021,Moderna,5830
Austria,2/2/2021,Oxford/AstraZeneca,1
Austria,2/2/2021,Pfizer/BioNTech,351951
Austria,2/9/2021,Johnson&Johnson,0
Austria,2/9/2021,Moderna,9891
Austria,2/9/2021,Oxford/AstraZeneca,10755
Austria,2/9/2021,Pfizer/BioNTech,452704
Austria,2/16/2021,Johnson&Johnson,0
Austria,2/16/2021,Moderna,14011
Austria,2/16/2021,Oxford/AstraZeneca,43438
Austria,2/16/2021,Pfizer/BioNTech,518138
Austria,2/23/2021,Johnson&Johnson,0
Austria,2/23/2021,Moderna,22263
Austria,2/23/2021,Oxford/AstraZeneca,101085
Austria,2/23/2021,Pfizer/BioNTech,579023
Austria,3/2/2021,Johnson&Johnson,0
Austria,3/2/2021,Moderna,31481
Austria,3/2/2021,Oxford/AstraZeneca,155673
Austria,3/2/2021,Pfizer/BioNTech,682880
Austria,3/9/2021,Johnson&Johnson,0
Austria,3/9/2021,Moderna,46774
Austria,3/9/2021,Oxford/AstraZeneca,233414
Austria,3/9/2021,Pfizer/BioNTech,845634
Austria,3/16/2021,Johnson&Johnson,13
Austria,3/16/2021,Moderna,78464
Austria,3/16/2021,Oxford/AstraZeneca,306254
Austria,3/16/2021,Pfizer/BioNTech,977617
Austria,3/23/2021,Johnson&Johnson,20
Austria,3/23/2021,Moderna,103756
Austria,3/23/2021,Oxford/AstraZeneca,380959
Austria,3/23/2021,Pfizer/BioNTech,1122766
Austria,3/30/2021,Johnson&Johnson,30
Austria,3/30/2021,Moderna,139889
Austria,3/30/2021,Oxford/AstraZeneca,419240
Austria,3/30/2021,Pfizer/BioNTech,1269800
Austria,4/6/2021,Johnson&Johnson,49
Austria,4/6/2021,Moderna,179191
Austria,4/6/2021,Oxford/AstraZeneca,508701
Austria,4/6/2021,Pfizer/BioNTech,1490193
Austria,4/13/2021,Johnson&Johnson,51
Austria,4/13/2021,Moderna,221397
Austria,4/13/2021,Oxford/AstraZeneca,603500
Austria,4/13/2021,Pfizer/BioNTech,1722273
Austria,4/20/2021,Johnson&Johnson,56
Austria,4/20/2021,Moderna,258484
Austria,4/20/2021,Oxford/AstraZeneca,651932
Austria,4/20/2021,Pfizer/BioNTech,1984293
Austria,4/27/2021,Johnson&Johnson,303
Austria,4/27/2021,Moderna,297193
Austria,4/27/2021,Oxford/AstraZeneca,693775
Austria,4/27/2021,Pfizer/BioNTech,2256013
Austria,5/4/2021,Johnson&Johnson,6376
Austria,5/4/2021,Moderna,346026
Austria,5/4/2021,Oxford/AstraZeneca,756086
Austria,5/4/2021,Pfizer/BioNTech,2584232
Austria,5/11/2021,Johnson&Johnson,13287
Austria,5/11/2021,Moderna,395369
Austria,5/11/2021,Oxford/AstraZeneca,819540
Austria,5/11/2021,Pfizer/BioNTech,2881525
Austria,5/18/2021,Johnson&Johnson,25457
Austria,5/18/2021,Moderna,462582
Austria,5/18/2021,Oxford/AstraZeneca,896300
Austria,5/18/2021,Pfizer/BioNTech,3256490
Austria,5/25/2021,Johnson&Johnson,37484
Austria,5/25/2021,Moderna,515447
Austria,5/25/2021,Oxford/AstraZeneca,978211
Austria,5/25/2021,Pfizer/BioNTech,3589862
Austria,6/1/2021,Johnson&Johnson,56714
Austria,6/1/2021,Moderna,569387
Austria,6/1/2021,Oxford/AstraZeneca,1045957
Austria,6/1/2021,Pfizer/BioNTech,4014958
Austria,6/8/2021,Johnson&Johnson,77730
Austria,6/8/2021,Moderna,630824
Austria,6/8/2021,Oxford/AstraZeneca,1139494
Austria,6/8/2021,Pfizer/BioNTech,4456947
Austria,6/15/2021,Johnson&Johnson,91523
Austria,6/15/2021,Moderna,678651
Austria,6/15/2021,Oxford/AstraZeneca,1189129
Austria,6/15/2021,Pfizer/BioNTech,4915137
Belgium,1/5/2021,Pfizer/BioNTech,27539
Belgium,1/12/2021,Moderna,4
Belgium,1/12/2021,Pfizer/BioNTech,125861
Belgium,1/19/2021,Moderna,4422
Belgium,1/19/2021,Pfizer/BioNTech,243686
Belgium,1/26/2021,Moderna,6077
Belgium,1/26/2021,Pfizer/BioNTech,332703
Belgium,2/2/2021,Moderna,15695
Belgium,2/2/2021,Oxford/AstraZeneca,0
Belgium,2/2/2021,Pfizer/BioNTech,460654
Belgium,2/9/2021,Moderna,25132
Belgium,2/9/2021,Oxford/AstraZeneca,309
Belgium,2/9/2021,Pfizer/BioNTech,595728
Belgium,2/16/2021,Moderna,29856
Belgium,2/16/2021,Oxford/AstraZeneca,10506
Belgium,2/16/2021,Pfizer/BioNTech,696119
Belgium,2/23/2021,Moderna,32247
Belgium,2/23/2021,Oxford/AstraZeneca,44728
Belgium,2/23/2021,Pfizer/BioNTech,783876
Belgium,3/2/2021,Moderna,50739
Belgium,3/2/2021,Oxford/AstraZeneca,108961
Belgium,3/2/2021,Pfizer/BioNTech,871426
Belgium,3/9/2021,Moderna,66454
Belgium,3/9/2021,Oxford/AstraZeneca,189203
Belgium,3/9/2021,Pfizer/BioNTech,966907
Belgium,3/16/2021,Moderna,88742
Belgium,3/16/2021,Oxford/AstraZeneca,348632
Belgium,3/16/2021,Pfizer/BioNTech,1076321
Belgium,3/23/2021,Moderna,98889
Belgium,3/23/2021,Oxford/AstraZeneca,455952
Belgium,3/23/2021,Pfizer/BioNTech,1271686
Belgium,3/30/2021,Moderna,126485
Belgium,3/30/2021,Oxford/AstraZeneca,515470
Belgium,3/30/2021,Pfizer/BioNTech,1528950
Belgium,4/6/2021,Moderna,173359
Belgium,4/6/2021,Oxford/AstraZeneca,594707
Belgium,4/6/2021,Pfizer/BioNTech,1844703
Belgium,4/13/2021,Johnson&Johnson,0
Belgium,4/13/2021,Moderna,207621
Belgium,4/13/2021,Oxford/AstraZeneca,774756
Belgium,4/13/2021,Pfizer/BioNTech,2121156
Belgium,4/20/2021,Moderna,258671
Belgium,4/20/2021,Oxford/AstraZeneca,831279
Belgium,4/20/2021,Pfizer/BioNTech,2436305
Belgium,4/27/2021,Johnson&Johnson,2738
Belgium,4/27/2021,Moderna,284717
Belgium,4/27/2021,Oxford/AstraZeneca,896244
Belgium,4/27/2021,Pfizer/BioNTech,2791044
Belgium,5/4/2021,Johnson&Johnson,23320
Belgium,5/4/2021,Moderna,341977
Belgium,5/4/2021,Oxford/AstraZeneca,998199
Belgium,5/4/2021,Pfizer/BioNTech,3342118
Belgium,5/11/2021,Johnson&Johnson,28798
Belgium,5/11/2021,Moderna,395729
Belgium,5/11/2021,Oxford/AstraZeneca,1091271
Belgium,5/11/2021,Pfizer/BioNTech,3792483
Belgium,5/18/2021,Johnson&Johnson,48666
Belgium,5/18/2021,Moderna,497110
Belgium,5/18/2021,Oxford/AstraZeneca,1357456
Belgium,5/18/2021,Pfizer/BioNTech,4158937
Belgium,5/25/2021,Johnson&Johnson,72038
Belgium,5/25/2021,Moderna,571126
Belgium,5/25/2021,Oxford/AstraZeneca,1454278
Belgium,5/25/2021,Pfizer/BioNTech,4598638
Belgium,6/1/2021,Johnson&Johnson,95565
Belgium,6/1/2021,Moderna,647094
Belgium,6/1/2021,Oxford/AstraZeneca,1556658
Belgium,6/1/2021,Pfizer/BioNTech,5294811
Belgium,6/8/2021,Johnson&Johnson,141107
Belgium,6/8/2021,Moderna,733625
Belgium,6/8/2021,Oxford/AstraZeneca,1740265
Belgium,6/8/2021,Pfizer/BioNTech,6038023
Belgium,6/15/2021,Johnson&Johnson,184774
Belgium,6/15/2021,Moderna,774480
Belgium,6/15/2021,Oxford/AstraZeneca,1817984
Belgium,6/15/2021,Pfizer/BioNTech,6257829
Bulgaria,12/29/2020,Pfizer/BioNTech,0
Bulgaria,1/5/2021,Moderna,0
Bulgaria,1/5/2021,Pfizer/BioNTech,13473
Bulgaria,1/12/2021,Moderna,491
Bulgaria,1/12/2021,Pfizer/BioNTech,17962
Bulgaria,1/19/2021,Moderna,843
Bulgaria,1/19/2021,Pfizer/BioNTech,25300
Bulgaria,1/26/2021,Moderna,1053
Bulgaria,1/26/2021,Pfizer/BioNTech,40072
Bulgaria,2/2/2021,Moderna,2207
Bulgaria,2/2/2021,Oxford/AstraZeneca,10
Bulgaria,2/2/2021,Pfizer/BioNTech,54821
Bulgaria,2/9/2021,Moderna,3333
Bulgaria,2/9/2021,Oxford/AstraZeneca,2035
Bulgaria,2/9/2021,Pfizer/BioNTech,70020
Bulgaria,2/16/2021,Moderna,6446
Bulgaria,2/16/2021,Oxford/AstraZeneca,28947
Bulgaria,2/16/2021,Pfizer/BioNTech,83960
Bulgaria,2/23/2021,Moderna,10475
Bulgaria,2/23/2021,Oxford/AstraZeneca,97630
Bulgaria,2/23/2021,Pfizer/BioNTech,104340
Bulgaria,3/2/2021,Moderna,14820
Bulgaria,3/2/2021,Oxford/AstraZeneca,143932
Bulgaria,3/2/2021,Pfizer/BioNTech,129880
Bulgaria,3/9/2021,Moderna,16988
Bulgaria,3/9/2021,Oxford/AstraZeneca,174209
Bulgaria,3/9/2021,Pfizer/BioNTech,147683
Bulgaria,3/16/2021,Moderna,20921
Bulgaria,3/16/2021,Oxford/AstraZeneca,179029
Bulgaria,3/16/2021,Pfizer/BioNTech,168956
Bulgaria,3/23/2021,Moderna,34004
Bulgaria,3/23/2021,Oxford/AstraZeneca,206835
Bulgaria,3/23/2021,Pfizer/BioNTech,195704
Bulgaria,3/30/2021,Moderna,44809
Bulgaria,3/30/2021,Oxford/AstraZeneca,230180
Bulgaria,3/30/2021,Pfizer/BioNTech,228583
Bulgaria,4/6/2021,Moderna,59160
Bulgaria,4/6/2021,Oxford/AstraZeneca,238387
Bulgaria,4/6/2021,Pfizer/BioNTech,275118
Bulgaria,4/13/2021,Johnson&Johnson,0
Bulgaria,4/13/2021,Moderna,74318
Bulgaria,4/13/2021,Oxford/AstraZeneca,241707
Bulgaria,4/13/2021,Pfizer/BioNTech,322422
Bulgaria,4/20/2021,Johnson&Johnson,0
Bulgaria,4/20/2021,Moderna,93241
Bulgaria,4/20/2021,Oxford/AstraZeneca,247383
Bulgaria,4/20/2021,Pfizer/BioNTech,382650
Bulgaria,4/27/2021,Johnson&Johnson,0
Bulgaria,4/27/2021,Moderna,108865
Bulgaria,4/27/2021,Oxford/AstraZeneca,263756
Bulgaria,4/27/2021,Pfizer/BioNTech,452036
Bulgaria,5/4/2021,Johnson&Johnson,0
Bulgaria,5/4/2021,Moderna,122688
Bulgaria,5/4/2021,Oxford/AstraZeneca,300451
Bulgaria,5/4/2021,Pfizer/BioNTech,514960
Bulgaria,5/11/2021,Johnson&Johnson,398
Bulgaria,5/11/2021,Moderna,145571
Bulgaria,5/11/2021,Oxford/AstraZeneca,364379
Bulgaria,5/11/2021,Pfizer/BioNTech,606439
Bulgaria,5/18/2021,Johnson&Johnson,2629
Bulgaria,5/18/2021,Moderna,165767
Bulgaria,5/18/2021,Oxford/AstraZeneca,401422
Bulgaria,5/18/2021,Pfizer/BioNTech,690983
Bulgaria,5/25/2021,Johnson&Johnson,6276
Bulgaria,5/25/2021,Moderna,181502
Bulgaria,5/25/2021,Oxford/AstraZeneca,411232
Bulgaria,5/25/2021,Pfizer/BioNTech,754371
Bulgaria,6/1/2021,Johnson&Johnson,11142
Bulgaria,6/1/2021,Moderna,190457
Bulgaria,6/1/2021,Oxford/AstraZeneca,435357
Bulgaria,6/1/2021,Pfizer/BioNTech,827459
Bulgaria,6/8/2021,Johnson&Johnson,17987
Bulgaria,6/8/2021,Moderna,202784
Bulgaria,6/8/2021,Oxford/AstraZeneca,457900
Bulgaria,6/8/2021,Pfizer/BioNTech,898271
Bulgaria,6/15/2021,Johnson&Johnson,25288
Bulgaria,6/15/2021,Moderna,202784
Bulgaria,6/15/2021,Oxford/AstraZeneca,457900
Bulgaria,6/15/2021,Pfizer/BioNTech,898271
Chile,12/24/2020,Pfizer/BioNTech,420
Chile,12/25/2020,Pfizer/BioNTech,5198
Chile,12/26/2020,Pfizer/BioNTech,8338
Chile,12/27/2020,Pfizer/BioNTech,8649
Chile,12/28/2020,Pfizer/BioNTech,8649
Chile,12/29/2020,Pfizer/BioNTech,8649
Chile,12/30/2020,Pfizer/BioNTech,8649
Chile,12/31/2020,Pfizer/BioNTech,8649
Chile,1/1/2021,Pfizer/BioNTech,8649
Chile,1/2/2021,Pfizer/BioNTech,8649
Chile,1/3/2021,Pfizer/BioNTech,8649
Chile,1/4/2021,Pfizer/BioNTech,9054
Chile,1/5/2021,Pfizer/BioNTech,10497
Chile,1/6/2021,Pfizer/BioNTech,10702
Chile,1/7/2021,Pfizer/BioNTech,10702
Chile,1/8/2021,Pfizer/BioNTech,10702
Chile,1/9/2021,Pfizer/BioNTech,10702
Chile,1/10/2021,Pfizer/BioNTech,10702
Chile,1/11/2021,Pfizer/BioNTech,10702
Chile,1/12/2021,Pfizer/BioNTech,10702
Chile,1/13/2021,Pfizer/BioNTech,11732
Chile,1/14/2021,Pfizer/BioNTech,18646
Chile,1/15/2021,Pfizer/BioNTech,22077
Chile,1/16/2021,Pfizer/BioNTech,22167
Chile,1/17/2021,Pfizer/BioNTech,22167
Chile,1/18/2021,Pfizer/BioNTech,33204
Chile,1/19/2021,Pfizer/BioNTech,52560
Chile,1/20/2021,Pfizer/BioNTech,61863
Chile,1/21/2021,Pfizer/BioNTech,64923
Chile,1/22/2021,Pfizer/BioNTech,65335
Chile,1/23/2021,Pfizer/BioNTech,65335
Chile,1/24/2021,Pfizer/BioNTech,65335
Chile,1/25/2021,Pfizer/BioNTech,66755
Chile,1/26/2021,Pfizer/BioNTech,67371
Chile,1/27/2021,Pfizer/BioNTech,67406
Chile,1/28/2021,Pfizer/BioNTech,67406
Chile,1/29/2021,Pfizer/BioNTech,67411
Chile,1/30/2021,Pfizer/BioNTech,67412
Chile,1/31/2021,Pfizer/BioNTech,67412
Chile,2/1/2021,Pfizer/BioNTech,67412
Chile,2/2/2021,Pfizer/BioNTech,67418
Chile,2/2/2021,Sinovac,13181
Chile,2/3/2021,Pfizer/BioNTech,67418
Chile,2/3/2021,Sinovac,183546
Chile,2/4/2021,Pfizer/BioNTech,69546
Chile,2/4/2021,Sinovac,357552
Chile,2/5/2021,Pfizer/BioNTech,70234
Chile,2/5/2021,Sinovac,526218
Chile,2/6/2021,Pfizer/BioNTech,70239
Chile,2/6/2021,Sinovac,554067
Chile,2/7/2021,Pfizer/BioNTech,70241
Chile,2/7/2021,Sinovac,562701
Chile,2/8/2021,Pfizer/BioNTech,82027
Chile,2/8/2021,Sinovac,784154
Chile,2/9/2021,Pfizer/BioNTech,101494
Chile,2/9/2021,Sinovac,1026531
Chile,2/10/2021,Pfizer/BioNTech,109932
Chile,2/10/2021,Sinovac,1298853
Chile,2/11/2021,Pfizer/BioNTech,113002
Chile,2/11/2021,Sinovac,1550018
Chile,2/12/2021,Pfizer/BioNTech,113362
Chile,2/12/2021,Sinovac,1779109
Chile,2/13/2021,Pfizer/BioNTech,113395
Chile,2/13/2021,Sinovac,1808628
Chile,2/14/2021,Pfizer/BioNTech,113395
Chile,2/14/2021,Sinovac,1813094
Chile,2/15/2021,Pfizer/BioNTech,113396
Chile,2/15/2021,Sinovac,2078957
Chile,2/16/2021,Pfizer/BioNTech,113408
Chile,2/16/2021,Sinovac,2298979
Chile,2/17/2021,Pfizer/BioNTech,113408
Chile,2/17/2021,Sinovac,2487021
Chile,2/18/2021,Pfizer/BioNTech,113411
Chile,2/18/2021,Sinovac,2642277
Chile,2/19/2021,Pfizer/BioNTech,113411
Chile,2/19/2021,Sinovac,2784396
Chile,2/20/2021,Pfizer/BioNTech,113411
Chile,2/20/2021,Sinovac,2794035
Chile,2/21/2021,Pfizer/BioNTech,113411
Chile,2/21/2021,Sinovac,2795197
Chile,2/22/2021,Pfizer/BioNTech,125508
Chile,2/22/2021,Sinovac,2891236
Chile,2/23/2021,Pfizer/BioNTech,150354
Chile,2/23/2021,Sinovac,2960640
Chile,2/24/2021,Pfizer/BioNTech,178875
Chile,2/24/2021,Sinovac,3018392
Chile,2/25/2021,Pfizer/BioNTech,212585
Chile,2/25/2021,Sinovac,3070753
Chile,2/26/2021,Pfizer/BioNTech,242294
Chile,2/26/2021,Sinovac,3119414
Chile,2/27/2021,Pfizer/BioNTech,248554
Chile,2/27/2021,Sinovac,3123136
Chile,2/28/2021,Pfizer/BioNTech,248556
Chile,2/28/2021,Sinovac,3123489
Chile,3/1/2021,Pfizer/BioNTech,263398
Chile,3/1/2021,Sinovac,3246147
Chile,3/2/2021,Pfizer/BioNTech,294236
Chile,3/2/2021,Sinovac,3386592
Chile,3/3/2021,Pfizer/BioNTech,312748
Chile,3/3/2021,Sinovac,3679922
Chile,3/4/2021,Pfizer/BioNTech,321806
Chile,3/4/2021,Sinovac,3981338
Chile,3/5/2021,Pfizer/BioNTech,327545
Chile,3/5/2021,Sinovac,4273364
Chile,3/6/2021,Pfizer/BioNTech,327889
Chile,3/6/2021,Sinovac,4306795
Chile,3/7/2021,Pfizer/BioNTech,327995
Chile,3/7/2021,Sinovac,4314647
Chile,3/8/2021,Pfizer/BioNTech,340534
Chile,3/8/2021,Sinovac,4652629
Chile,3/9/2021,Pfizer/BioNTech,378029
Chile,3/9/2021,Sinovac,4991569
Chile,3/10/2021,Pfizer/BioNTech,419555
Chile,3/10/2021,Sinovac,5351280
Chile,3/11/2021,Pfizer/BioNTech,465242
Chile,3/11/2021,Sinovac,5722566
Chile,3/12/2021,Pfizer/BioNTech,482584
Chile,3/12/2021,Sinovac,6079462
Chile,3/13/2021,Pfizer/BioNTech,483136
Chile,3/13/2021,Sinovac,6129358
Chile,3/14/2021,Pfizer/BioNTech,483136
Chile,3/14/2021,Sinovac,6135941
Chile,3/15/2021,Pfizer/BioNTech,506894
Chile,3/15/2021,Sinovac,6542263
Chile,3/16/2021,Pfizer/BioNTech,560103
Chile,3/16/2021,Sinovac,6898904
Chile,3/17/2021,Pfizer/BioNTech,615134
Chile,3/17/2021,Sinovac,7210660
Chile,3/18/2021,Pfizer/BioNTech,663863
Chile,3/18/2021,Sinovac,7495966
Chile,3/19/2021,Pfizer/BioNTech,683013
Chile,3/19/2021,Sinovac,7767322
Chile,3/20/2021,Pfizer/BioNTech,684866
Chile,3/20/2021,Sinovac,7799598
Chile,3/21/2021,Pfizer/BioNTech,684867
Chile,3/21/2021,Sinovac,7803616
Chile,3/22/2021,Pfizer/BioNTech,718065
Chile,3/22/2021,Sinovac,8036252
Chile,3/23/2021,Pfizer/BioNTech,774613
Chile,3/23/2021,Sinovac,8217153
Chile,3/24/2021,Pfizer/BioNTech,826019
Chile,3/24/2021,Sinovac,8383294
Chile,3/25/2021,Pfizer/BioNTech,879552
Chile,3/25/2021,Sinovac,8541365
Chile,3/26/2021,Pfizer/BioNTech,917284
Chile,3/26/2021,Sinovac,8720589
Chile,3/27/2021,Pfizer/BioNTech,919273
Chile,3/27/2021,Sinovac,8734238
Chile,3/28/2021,Pfizer/BioNTech,919273
Chile,3/28/2021,Sinovac,8735630
Chile,3/29/2021,Pfizer/BioNTech,940786
Chile,3/29/2021,Sinovac,8980309
Chile,3/30/2021,Pfizer/BioNTech,997446
Chile,3/30/2021,Sinovac,9201426
Chile,3/31/2021,Pfizer/BioNTech,1042995
Chile,3/31/2021,Sinovac,9435527
Chile,4/1/2021,Pfizer/BioNTech,1066249
Chile,4/1/2021,Sinovac,9715020
Chile,4/2/2021,Pfizer/BioNTech,1066472
Chile,4/2/2021,Sinovac,9721824
Chile,4/3/2021,Pfizer/BioNTech,1066663
Chile,4/3/2021,Sinovac,9724854
Chile,4/4/2021,Pfizer/BioNTech,1066665
Chile,4/4/2021,Sinovac,9725970
Chile,4/5/2021,Pfizer/BioNTech,1097304
Chile,4/5/2021,Sinovac,9979528
Chile,4/6/2021,Pfizer/BioNTech,1179341
Chile,4/6/2021,Sinovac,10136513
Chile,4/7/2021,Pfizer/BioNTech,1267987
Chile,4/7/2021,Sinovac,10280471
Chile,4/8/2021,Pfizer/BioNTech,1345650
Chile,4/8/2021,Sinovac,10441698
Chile,4/9/2021,Pfizer/BioNTech,1394314
Chile,4/9/2021,Sinovac,10611360
Chile,4/10/2021,Pfizer/BioNTech,1402044
Chile,4/10/2021,Sinovac,10629551
Chile,4/11/2021,Pfizer/BioNTech,1402541
Chile,4/11/2021,Sinovac,10631496
Chile,4/12/2021,Pfizer/BioNTech,1466648
Chile,4/12/2021,Sinovac,10803643
Chile,4/13/2021,Pfizer/BioNTech,1553904
Chile,4/13/2021,Sinovac,10950691
Chile,4/14/2021,Pfizer/BioNTech,1642222
Chile,4/14/2021,Sinovac,11090606
Chile,4/15/2021,Pfizer/BioNTech,1708602
Chile,4/15/2021,Sinovac,11229730
Chile,4/16/2021,Pfizer/BioNTech,1755652
Chile,4/16/2021,Sinovac,11373091
Chile,4/17/2021,Pfizer/BioNTech,1761414
Chile,4/17/2021,Sinovac,11389486
Chile,4/18/2021,Pfizer/BioNTech,1762068
Chile,4/18/2021,Sinovac,11391447
Chile,4/19/2021,Pfizer/BioNTech,1783368
Chile,4/19/2021,Sinovac,11562268
Chile,4/20/2021,Pfizer/BioNTech,1824395
Chile,4/20/2021,Sinovac,11707050
Chile,4/21/2021,Pfizer/BioNTech,1868821
Chile,4/21/2021,Sinovac,11838470
Chile,4/22/2021,Pfizer/BioNTech,1914681
Chile,4/22/2021,Sinovac,11991994
Chile,4/23/2021,Pfizer/BioNTech,1942917
Chile,4/23/2021,Sinovac,12146597
Chile,4/24/2021,Pfizer/BioNTech,1945228
Chile,4/24/2021,Sinovac,12161867
Chile,4/25/2021,Pfizer/BioNTech,1945229
Chile,4/25/2021,Sinovac,12162905
Chile,4/26/2021,Pfizer/BioNTech,1989662
Chile,4/26/2021,Sinovac,12314175
Chile,4/27/2021,Pfizer/BioNTech,2052395
Chile,4/27/2021,Sinovac,12421771
Chile,4/28/2021,Oxford/AstraZeneca,3605
Chile,4/28/2021,Pfizer/BioNTech,2106441
Chile,4/28/2021,Sinovac,12532398
Chile,4/29/2021,Oxford/AstraZeneca,10145
Chile,4/29/2021,Pfizer/BioNTech,2138378
Chile,4/29/2021,Sinovac,12648630
Chile,4/30/2021,Oxford/AstraZeneca,23865
Chile,4/30/2021,Pfizer/BioNTech,2168946
Chile,4/30/2021,Sinovac,12691695
Chile,5/1/2021,Oxford/AstraZeneca,24152
Chile,5/1/2021,Pfizer/BioNTech,2170089
Chile,5/1/2021,Sinovac,12692529
Chile,5/2/2021,Oxford/AstraZeneca,24334
Chile,5/2/2021,Pfizer/BioNTech,2170479
Chile,5/2/2021,Sinovac,12693414
Chile,5/3/2021,Oxford/AstraZeneca,44423
Chile,5/3/2021,Pfizer/BioNTech,2193836
Chile,5/3/2021,Sinovac,12801173
Chile,5/4/2021,Oxford/AstraZeneca,61188
Chile,5/4/2021,Pfizer/BioNTech,2239242
Chile,5/4/2021,Sinovac,12907854
Chile,5/5/2021,Oxford/AstraZeneca,71011
Chile,5/5/2021,Pfizer/BioNTech,2287088
Chile,5/5/2021,Sinovac,13024524
Chile,5/6/2021,Oxford/AstraZeneca,78226
Chile,5/6/2021,Pfizer/BioNTech,2327287
Chile,5/6/2021,Sinovac,13134618
Chile,5/7/2021,Oxford/AstraZeneca,82373
Chile,5/7/2021,Pfizer/BioNTech,2360547
Chile,5/7/2021,Sinovac,13244378
Chile,5/8/2021,Oxford/AstraZeneca,83043
Chile,5/8/2021,Pfizer/BioNTech,2366138
Chile,5/8/2021,Sinovac,13263543
Chile,5/9/2021,Oxford/AstraZeneca,83113
Chile,5/9/2021,Pfizer/BioNTech,2366201
Chile,5/9/2021,Sinovac,13264813
Chile,5/10/2021,Oxford/AstraZeneca,86067
Chile,5/10/2021,Pfizer/BioNTech,2405068
Chile,5/10/2021,Sinovac,13396011
Chile,5/11/2021,Oxford/AstraZeneca,88047
Chile,5/11/2021,Pfizer/BioNTech,2470247
Chile,5/11/2021,Sinovac,13520568
Chile,5/12/2021,Oxford/AstraZeneca,89714
Chile,5/12/2021,Pfizer/BioNTech,2528921
Chile,5/12/2021,Sinovac,13642611
Chile,5/13/2021,Oxford/AstraZeneca,90269
Chile,5/13/2021,Pfizer/BioNTech,2576013
Chile,5/13/2021,Sinovac,13751762
Chile,5/14/2021,Oxford/AstraZeneca,90501
Chile,5/14/2021,Pfizer/BioNTech,2620112
Chile,5/14/2021,Sinovac,13866005
Chile,5/15/2021,Oxford/AstraZeneca,90541
Chile,5/15/2021,Pfizer/BioNTech,2620395
Chile,5/15/2021,Sinovac,13867127
Chile,5/16/2021,Oxford/AstraZeneca,90541
Chile,5/16/2021,Pfizer/BioNTech,2620475
Chile,5/16/2021,Sinovac,13867482
Chile,5/17/2021,Oxford/AstraZeneca,90834
Chile,5/17/2021,Pfizer/BioNTech,2673346
Chile,5/17/2021,Sinovac,13985385
Chile,5/18/2021,Oxford/AstraZeneca,92264
Chile,5/18/2021,Pfizer/BioNTech,2751152
Chile,5/18/2021,Sinovac,14089014
Chile,5/19/2021,Oxford/AstraZeneca,98778
Chile,5/19/2021,Pfizer/BioNTech,2829439
Chile,5/19/2021,Sinovac,14169854
Chile,5/20/2021,Oxford/AstraZeneca,105494
Chile,5/20/2021,Pfizer/BioNTech,2898456
Chile,5/20/2021,Sinovac,14283882
Chile,5/21/2021,Oxford/AstraZeneca,105565
Chile,5/21/2021,Pfizer/BioNTech,2904912
Chile,5/21/2021,Sinovac,14286418
Chile,5/22/2021,Oxford/AstraZeneca,106059
Chile,5/22/2021,Pfizer/BioNTech,2917063
Chile,5/22/2021,Sinovac,14306444
Chile,5/23/2021,Oxford/AstraZeneca,106079
Chile,5/23/2021,Pfizer/BioNTech,2918188
Chile,5/23/2021,Sinovac,14309573
Chile,5/24/2021,Oxford/AstraZeneca,118458
Chile,5/24/2021,Pfizer/BioNTech,2991912
Chile,5/24/2021,Sinovac,14459673
Chile,5/25/2021,Oxford/AstraZeneca,136024
Chile,5/25/2021,Pfizer/BioNTech,3102460
Chile,5/25/2021,Sinovac,14577032
Chile,5/26/2021,Oxford/AstraZeneca,161406
Chile,5/26/2021,Pfizer/BioNTech,3175988
Chile,5/26/2021,Sinovac,14706297
Chile,5/27/2021,Oxford/AstraZeneca,195309
Chile,5/27/2021,Pfizer/BioNTech,3231940
Chile,5/27/2021,Sinovac,14818651
Chile,5/28/2021,Oxford/AstraZeneca,227382
Chile,5/28/2021,Pfizer/BioNTech,3279388
Chile,5/28/2021,Sinovac,14924513
Chile,5/29/2021,Oxford/AstraZeneca,235821
Chile,5/29/2021,Pfizer/BioNTech,3291520
Chile,5/29/2021,Sinovac,14951140
Chile,5/30/2021,Oxford/AstraZeneca,237214
Chile,5/30/2021,Pfizer/BioNTech,3293067
Chile,5/30/2021,Sinovac,14958266
Chile,5/31/2021,CanSino,72
Chile,5/31/2021,Oxford/AstraZeneca,280974
Chile,5/31/2021,Pfizer/BioNTech,3360505
Chile,5/31/2021,Sinovac,15061747
Chile,6/1/2021,CanSino,10437
Chile,6/1/2021,Oxford/AstraZeneca,326351
Chile,6/1/2021,Pfizer/BioNTech,3462810
Chile,6/1/2021,Sinovac,15123856
Chile,6/2/2021,CanSino,33734
Chile,6/2/2021,Oxford/AstraZeneca,358814
Chile,6/2/2021,Pfizer/BioNTech,3542184
Chile,6/2/2021,Sinovac,15192027
Chile,6/3/2021,CanSino,73276
Chile,6/3/2021,Oxford/AstraZeneca,361138
Chile,6/3/2021,Pfizer/BioNTech,3589143
Chile,6/3/2021,Sinovac,15266196
Chile,6/4/2021,CanSino,107564
Chile,6/4/2021,Oxford/AstraZeneca,362688
Chile,6/4/2021,Pfizer/BioNTech,3613133
Chile,6/4/2021,Sinovac,15350813
Chile,6/5/2021,CanSino,117466
Chile,6/5/2021,Oxford/AstraZeneca,363007
Chile,6/5/2021,Pfizer/BioNTech,3618121
Chile,6/5/2021,Sinovac,15373135
Chile,6/6/2021,CanSino,119256
Chile,6/6/2021,Oxford/AstraZeneca,363037
Chile,6/6/2021,Pfizer/BioNTech,3618698
Chile,6/6/2021,Sinovac,15375713
Chile,6/7/2021,CanSino,146699
Chile,6/7/2021,Oxford/AstraZeneca,364980
Chile,6/7/2021,Pfizer/BioNTech,3629928
Chile,6/7/2021,Sinovac,15515758
Chile,6/8/2021,CanSino,166757
Chile,6/8/2021,Oxford/AstraZeneca,366658
Chile,6/8/2021,Pfizer/BioNTech,3642789
Chile,6/8/2021,Sinovac,15664774
Chile,6/9/2021,CanSino,183430
Chile,6/9/2021,Oxford/AstraZeneca,368622
Chile,6/9/2021,Pfizer/BioNTech,3654357
Chile,6/9/2021,Sinovac,15827039
Chile,6/10/2021,CanSino,196544
Chile,6/10/2021,Oxford/AstraZeneca,369909
Chile,6/10/2021,Pfizer/BioNTech,3667769
Chile,6/10/2021,Sinovac,16001457
Chile,6/11/2021,CanSino,200591
Chile,6/11/2021,Oxford/AstraZeneca,371142
Chile,6/11/2021,Pfizer/BioNTech,3684003
Chile,6/11/2021,Sinovac,16157860
Chile,6/12/2021,CanSino,200983
Chile,6/12/2021,Oxford/AstraZeneca,371469
Chile,6/12/2021,Pfizer/BioNTech,3686746
Chile,6/12/2021,Sinovac,16186803
Chile,6/13/2021,CanSino,201032
Chile,6/13/2021,Oxford/AstraZeneca,371484
Chile,6/13/2021,Pfizer/BioNTech,3687289
Chile,6/13/2021,Sinovac,16188254
Chile,6/14/2021,CanSino,205114
Chile,6/14/2021,Oxford/AstraZeneca,372654
Chile,6/14/2021,Pfizer/BioNTech,3718855
Chile,6/14/2021,Sinovac,16371790
Chile,6/15/2021,CanSino,208779
Chile,6/15/2021,Oxford/AstraZeneca,373472
Chile,6/15/2021,Pfizer/BioNTech,3771268
Chile,6/15/2021,Sinovac,16524450
Chile,6/16/2021,CanSino,212665
Chile,6/16/2021,Oxford/AstraZeneca,374334
Chile,6/16/2021,Pfizer/BioNTech,3841345
Chile,6/16/2021,Sinovac,16674147
Chile,6/17/2021,CanSino,215639
Chile,6/17/2021,Oxford/AstraZeneca,375119
Chile,6/17/2021,Pfizer/BioNTech,3906014
Chile,6/17/2021,Sinovac,16786596
Chile,6/18/2021,CanSino,217863
Chile,6/18/2021,Oxford/AstraZeneca,375941
Chile,6/18/2021,Pfizer/BioNTech,3941472
Chile,6/18/2021,Sinovac,16850540
Croatia,12/29/2020,Pfizer/BioNTech,1952
Croatia,1/5/2021,Johnson&Johnson,3
Croatia,1/5/2021,Moderna,8
Croatia,1/5/2021,Pfizer/BioNTech,30164
Croatia,1/12/2021,Moderna,1480
Croatia,1/12/2021,Oxford/AstraZeneca,3
Croatia,1/12/2021,Pfizer/BioNTech,47048
Croatia,1/19/2021,Moderna,2617
Croatia,1/19/2021,Pfizer/BioNTech,69060
Croatia,1/26/2021,Johnson&Johnson,5
Croatia,1/26/2021,Moderna,2704
Croatia,1/26/2021,Pfizer/BioNTech,85215
Croatia,2/2/2021,Moderna,3171
Croatia,2/2/2021,Oxford/AstraZeneca,6
Croatia,2/2/2021,Pfizer/BioNTech,101863
Croatia,2/9/2021,Moderna,8200
Croatia,2/9/2021,Oxford/AstraZeneca,3142
Croatia,2/9/2021,Pfizer/BioNTech,122067
Croatia,2/16/2021,Johnson&Johnson,6
Croatia,2/16/2021,Moderna,13176
Croatia,2/16/2021,Oxford/AstraZeneca,18767
Croatia,2/16/2021,Pfizer/BioNTech,141391
Croatia,2/23/2021,Moderna,14302
Croatia,2/23/2021,Oxford/AstraZeneca,58993
Croatia,2/23/2021,Pfizer/BioNTech,160866
Croatia,3/2/2021,Moderna,22662
Croatia,3/2/2021,Oxford/AstraZeneca,82995
Croatia,3/2/2021,Pfizer/BioNTech,184416
Croatia,3/9/2021,Moderna,29257
Croatia,3/9/2021,Oxford/AstraZeneca,115671
Croatia,3/9/2021,Pfizer/BioNTech,207052
Croatia,3/16/2021,Johnson&Johnson,7
Croatia,3/16/2021,Moderna,44324
Croatia,3/16/2021,Oxford/AstraZeneca,135856
Croatia,3/16/2021,Pfizer/BioNTech,237432
Croatia,3/23/2021,Johnson&Johnson,8
Croatia,3/23/2021,Moderna,52107
Croatia,3/23/2021,Oxford/AstraZeneca,155783
Croatia,3/23/2021,Pfizer/BioNTech,270189
Croatia,3/30/2021,Johnson&Johnson,9
Croatia,3/30/2021,Moderna,71129
Croatia,3/30/2021,Oxford/AstraZeneca,171159
Croatia,3/30/2021,Pfizer/BioNTech,301761
Croatia,4/6/2021,Johnson&Johnson,13
Croatia,4/6/2021,Moderna,83146
Croatia,4/6/2021,Oxford/AstraZeneca,199465
Croatia,4/6/2021,Pfizer/BioNTech,329142
Croatia,4/13/2021,Johnson&Johnson,16
Croatia,4/13/2021,Moderna,103010
Croatia,4/13/2021,Oxford/AstraZeneca,229991
Croatia,4/13/2021,Pfizer/BioNTech,387739
Croatia,4/20/2021,Johnson&Johnson,16
Croatia,4/20/2021,Moderna,113631
Croatia,4/20/2021,Oxford/AstraZeneca,244320
Croatia,4/20/2021,Pfizer/BioNTech,463917
Croatia,4/27/2021,Johnson&Johnson,788
Croatia,4/27/2021,Moderna,128206
Croatia,4/27/2021,Oxford/AstraZeneca,263710
Croatia,4/27/2021,Pfizer/BioNTech,548395
Croatia,5/4/2021,Johnson&Johnson,3579
Croatia,5/4/2021,Moderna,144995
Croatia,5/4/2021,Oxford/AstraZeneca,302943
Croatia,5/4/2021,Pfizer/BioNTech,719134
Croatia,5/11/2021,Johnson&Johnson,6252
Croatia,5/11/2021,Moderna,169721
Croatia,5/11/2021,Oxford/AstraZeneca,341497
Croatia,5/11/2021,Pfizer/BioNTech,891104
Croatia,5/18/2021,Johnson&Johnson,9343
Croatia,5/18/2021,Moderna,192805
Croatia,5/18/2021,Oxford/AstraZeneca,373958
Croatia,5/18/2021,Pfizer/BioNTech,1041853
Croatia,5/25/2021,Johnson&Johnson,12095
Croatia,5/25/2021,Moderna,208300
Croatia,5/25/2021,Oxford/AstraZeneca,402863
Croatia,5/25/2021,Pfizer/BioNTech,1176934
Croatia,6/1/2021,Johnson&Johnson,14161
Croatia,6/1/2021,Moderna,219124
Croatia,6/1/2021,Oxford/AstraZeneca,420683
Croatia,6/1/2021,Pfizer/BioNTech,1278286
Croatia,6/8/2021,Johnson&Johnson,16728
Croatia,6/8/2021,Moderna,237439
Croatia,6/8/2021,Oxford/AstraZeneca,442280
Croatia,6/8/2021,Pfizer/BioNTech,1445467
Croatia,6/15/2021,Johnson&Johnson,16929
Croatia,6/15/2021,Moderna,240339
Croatia,6/15/2021,Oxford/AstraZeneca,446042
Croatia,6/15/2021,Pfizer/BioNTech,1454685
Cyprus,12/29/2020,Pfizer/BioNTech,353
Cyprus,1/5/2021,Pfizer/BioNTech,6119
Cyprus,1/12/2021,Moderna,0
Cyprus,1/12/2021,Pfizer/BioNTech,10752
Cyprus,1/19/2021,Moderna,210
Cyprus,1/19/2021,Pfizer/BioNTech,17741
Cyprus,1/26/2021,Moderna,420
Cyprus,1/26/2021,Pfizer/BioNTech,24541
Cyprus,2/2/2021,Pfizer/BioNTech,32190
Cyprus,2/9/2021,Moderna,421
Cyprus,2/9/2021,Oxford/AstraZeneca,582
Cyprus,2/9/2021,Pfizer/BioNTech,42842
Cyprus,2/16/2021,Moderna,741
Cyprus,2/16/2021,Oxford/AstraZeneca,6122
Cyprus,2/16/2021,Pfizer/BioNTech,51095
Cyprus,2/23/2021,Moderna,951
Cyprus,2/23/2021,Oxford/AstraZeneca,18121
Cyprus,2/23/2021,Pfizer/BioNTech,58802
Cyprus,3/2/2021,Moderna,1301
Cyprus,3/2/2021,Oxford/AstraZeneca,28600
Cyprus,3/2/2021,Pfizer/BioNTech,68746
Cyprus,3/9/2021,Moderna,4195
Cyprus,3/9/2021,Oxford/AstraZeneca,40746
Cyprus,3/9/2021,Pfizer/BioNTech,78264
Cyprus,3/16/2021,Moderna,4304
Cyprus,3/16/2021,Oxford/AstraZeneca,41621
Cyprus,3/16/2021,Pfizer/BioNTech,85087
Cyprus,3/23/2021,Moderna,4304
Cyprus,3/23/2021,Oxford/AstraZeneca,48119
Cyprus,3/23/2021,Pfizer/BioNTech,94671
Cyprus,3/30/2021,Moderna,6546
Cyprus,3/30/2021,Oxford/AstraZeneca,52026
Cyprus,3/30/2021,Pfizer/BioNTech,102355
Cyprus,4/6/2021,Moderna,12455
Cyprus,4/6/2021,Oxford/AstraZeneca,59906
Cyprus,4/6/2021,Pfizer/BioNTech,112307
Cyprus,4/13/2021,Johnson&Johnson,0
Cyprus,4/13/2021,Moderna,13235
Cyprus,4/13/2021,Oxford/AstraZeneca,66739
Cyprus,4/13/2021,Pfizer/BioNTech,129841
Cyprus,4/20/2021,Oxford/AstraZeneca,77692
Cyprus,4/20/2021,Pfizer/BioNTech,150072
Cyprus,4/27/2021,Johnson&Johnson,1187
Cyprus,4/27/2021,Moderna,15632
Cyprus,4/27/2021,Oxford/AstraZeneca,84215
Cyprus,4/27/2021,Pfizer/BioNTech,191877
Cyprus,5/4/2021,Johnson&Johnson,2247
Cyprus,5/4/2021,Moderna,21437
Cyprus,5/4/2021,Oxford/AstraZeneca,95460
Cyprus,5/4/2021,Pfizer/BioNTech,237570
Cyprus,5/11/2021,Johnson&Johnson,5608
Cyprus,5/11/2021,Moderna,28312
Cyprus,5/11/2021,Oxford/AstraZeneca,120685
Cyprus,5/11/2021,Pfizer/BioNTech,279734
Cyprus,5/18/2021,Moderna,37386
Cyprus,5/18/2021,Oxford/AstraZeneca,143487
Cyprus,5/18/2021,Pfizer/BioNTech,327094
Cyprus,5/25/2021,Johnson&Johnson,5608
Cyprus,5/25/2021,Moderna,44433
Cyprus,5/25/2021,Oxford/AstraZeneca,159509
Cyprus,5/25/2021,Pfizer/BioNTech,373057
Cyprus,6/1/2021,Moderna,48320
Cyprus,6/1/2021,Oxford/AstraZeneca,169765
Cyprus,6/1/2021,Pfizer/BioNTech,410695
Cyprus,6/8/2021,Johnson&Johnson,6008
Cyprus,6/8/2021,Moderna,54573
Cyprus,6/8/2021,Oxford/AstraZeneca,180681
Cyprus,6/8/2021,Pfizer/BioNTech,446086
Cyprus,6/15/2021,Johnson&Johnson,12041
Cyprus,6/15/2021,Moderna,59510
Cyprus,6/15/2021,Oxford/AstraZeneca,184790
Cyprus,6/15/2021,Pfizer/BioNTech,464507
Czechia,12/27/2020,Pfizer/BioNTech,1254
Czechia,12/28/2020,Pfizer/BioNTech,3545
Czechia,12/29/2020,Pfizer/BioNTech,6996
Czechia,12/30/2020,Pfizer/BioNTech,10472
Czechia,12/31/2020,Pfizer/BioNTech,11778
Czechia,1/1/2021,Pfizer/BioNTech,12039
Czechia,1/2/2021,Pfizer/BioNTech,13305
Czechia,1/3/2021,Pfizer/BioNTech,14219
Czechia,1/4/2021,Pfizer/BioNTech,17795
Czechia,1/5/2021,Pfizer/BioNTech,22287
Czechia,1/6/2021,Pfizer/BioNTech,28110
Czechia,1/7/2021,Pfizer/BioNTech,36055
Czechia,1/8/2021,Pfizer/BioNTech,46000
Czechia,1/9/2021,Pfizer/BioNTech,48013
Czechia,1/10/2021,Pfizer/BioNTech,49765
Czechia,1/11/2021,Pfizer/BioNTech,59572
Czechia,1/12/2021,Pfizer/BioNTech,72945
Czechia,1/13/2021,Pfizer/BioNTech,86420
Czechia,1/14/2021,Moderna,1226
Czechia,1/14/2021,Pfizer/BioNTech,100358
Czechia,1/15/2021,Moderna,1984
Czechia,1/15/2021,Pfizer/BioNTech,113540
Czechia,1/16/2021,Moderna,2310
Czechia,1/16/2021,Pfizer/BioNTech,116590
Czechia,1/17/2021,Moderna,2399
Czechia,1/17/2021,Pfizer/BioNTech,119731
Czechia,1/18/2021,Moderna,2576
Czechia,1/18/2021,Pfizer/BioNTech,133819
Czechia,1/19/2021,Moderna,3350
Czechia,1/19/2021,Pfizer/BioNTech,148253
Czechia,1/20/2021,Moderna,4928
Czechia,1/20/2021,Pfizer/BioNTech,162916
Czechia,1/21/2021,Moderna,5885
Czechia,1/21/2021,Pfizer/BioNTech,179246
Czechia,1/22/2021,Moderna,6080
Czechia,1/22/2021,Pfizer/BioNTech,194887
Czechia,1/23/2021,Moderna,6121
Czechia,1/23/2021,Pfizer/BioNTech,199005
Czechia,1/24/2021,Moderna,6245
Czechia,1/24/2021,Pfizer/BioNTech,201990
Czechia,1/25/2021,Moderna,6442
Czechia,1/25/2021,Pfizer/BioNTech,214346
Czechia,1/26/2021,Moderna,6715
Czechia,1/26/2021,Pfizer/BioNTech,228528
Czechia,1/27/2021,Moderna,7017
Czechia,1/27/2021,Pfizer/BioNTech,241718
Czechia,1/28/2021,Moderna,7136
Czechia,1/28/2021,Pfizer/BioNTech,254726
Czechia,1/29/2021,Moderna,7287
Czechia,1/29/2021,Pfizer/BioNTech,268579
Czechia,1/30/2021,Moderna,7289
Czechia,1/30/2021,Pfizer/BioNTech,270381
Czechia,1/31/2021,Moderna,7290
Czechia,1/31/2021,Pfizer/BioNTech,272256
Czechia,2/1/2021,Moderna,7546
Czechia,2/1/2021,Pfizer/BioNTech,283840
Czechia,2/2/2021,Moderna,7873
Czechia,2/2/2021,Pfizer/BioNTech,297810
Czechia,2/3/2021,Moderna,8601
Czechia,2/3/2021,Pfizer/BioNTech,312423
Czechia,2/4/2021,Moderna,9737
Czechia,2/4/2021,Pfizer/BioNTech,329085
Czechia,2/5/2021,Moderna,10927
Czechia,2/5/2021,Pfizer/BioNTech,343958
Czechia,2/6/2021,Moderna,11185
Czechia,2/6/2021,Pfizer/BioNTech,346874
Czechia,2/7/2021,Moderna,11448
Czechia,2/7/2021,Pfizer/BioNTech,349933
Czechia,2/8/2021,Moderna,12353
Czechia,2/8/2021,Pfizer/BioNTech,364407
Czechia,2/9/2021,Moderna,14006
Czechia,2/9/2021,Oxford/AstraZeneca,1
Czechia,2/9/2021,Pfizer/BioNTech,379714
Czechia,2/10/2021,Moderna,15751
Czechia,2/10/2021,Pfizer/BioNTech,396612
Czechia,2/11/2021,Moderna,19122
Czechia,2/11/2021,Oxford/AstraZeneca,234
Czechia,2/11/2021,Pfizer/BioNTech,415411
Czechia,2/12/2021,Moderna,21356
Czechia,2/12/2021,Oxford/AstraZeneca,633
Czechia,2/12/2021,Pfizer/BioNTech,434139
Czechia,2/13/2021,Moderna,21840
Czechia,2/13/2021,Oxford/AstraZeneca,1072
Czechia,2/13/2021,Pfizer/BioNTech,437769
Czechia,2/14/2021,Moderna,22088
Czechia,2/14/2021,Oxford/AstraZeneca,1275
Czechia,2/14/2021,Pfizer/BioNTech,439678
Czechia,2/15/2021,Moderna,23502
Czechia,2/15/2021,Oxford/AstraZeneca,2024
Czechia,2/15/2021,Pfizer/BioNTech,453190
Czechia,2/16/2021,Moderna,25976
Czechia,2/16/2021,Oxford/AstraZeneca,3191
Czechia,2/16/2021,Pfizer/BioNTech,467243
Czechia,2/17/2021,Moderna,28708
Czechia,2/17/2021,Oxford/AstraZeneca,5237
Czechia,2/17/2021,Pfizer/BioNTech,480377
Czechia,2/18/2021,Moderna,31056
Czechia,2/18/2021,Oxford/AstraZeneca,7231
Czechia,2/18/2021,Pfizer/BioNTech,496295
Czechia,2/19/2021,Moderna,32446
Czechia,2/19/2021,Oxford/AstraZeneca,8967
Czechia,2/19/2021,Pfizer/BioNTech,512266
Czechia,2/20/2021,Moderna,32449
Czechia,2/20/2021,Oxford/AstraZeneca,9636
Czechia,2/20/2021,Pfizer/BioNTech,514723
Czechia,2/21/2021,Moderna,32549
Czechia,2/21/2021,Oxford/AstraZeneca,9828
Czechia,2/21/2021,Pfizer/BioNTech,516466
Czechia,2/22/2021,Moderna,33548
Czechia,2/22/2021,Oxford/AstraZeneca,11436
Czechia,2/22/2021,Pfizer/BioNTech,529937
Czechia,2/23/2021,Moderna,34329
Czechia,2/23/2021,Oxford/AstraZeneca,14171
Czechia,2/23/2021,Pfizer/BioNTech,546225
Czechia,2/24/2021,Moderna,35657
Czechia,2/24/2021,Oxford/AstraZeneca,17106
Czechia,2/24/2021,Pfizer/BioNTech,561773
Czechia,2/25/2021,Moderna,36835
Czechia,2/25/2021,Oxford/AstraZeneca,21463
Czechia,2/25/2021,Pfizer/BioNTech,579686
Czechia,2/26/2021,Moderna,37674
Czechia,2/26/2021,Oxford/AstraZeneca,24812
Czechia,2/26/2021,Pfizer/BioNTech,596918
Czechia,2/27/2021,Moderna,37845
Czechia,2/27/2021,Oxford/AstraZeneca,25430
Czechia,2/27/2021,Pfizer/BioNTech,599669
Czechia,2/28/2021,Moderna,38038
Czechia,2/28/2021,Oxford/AstraZeneca,25902
Czechia,2/28/2021,Pfizer/BioNTech,601882
Czechia,3/1/2021,Moderna,39637
Czechia,3/1/2021,Oxford/AstraZeneca,29920
Czechia,3/1/2021,Pfizer/BioNTech,619090
Czechia,3/2/2021,Moderna,41506
Czechia,3/2/2021,Oxford/AstraZeneca,39308
Czechia,3/2/2021,Pfizer/BioNTech,638448
Czechia,3/3/2021,Moderna,45205
Czechia,3/3/2021,Oxford/AstraZeneca,49044
Czechia,3/3/2021,Pfizer/BioNTech,660203
Czechia,3/4/2021,Moderna,49951
Czechia,3/4/2021,Oxford/AstraZeneca,58399
Czechia,3/4/2021,Pfizer/BioNTech,683837
Czechia,3/5/2021,Moderna,53551
Czechia,3/5/2021,Oxford/AstraZeneca,66776
Czechia,3/5/2021,Pfizer/BioNTech,705901
Czechia,3/6/2021,Moderna,54949
Czechia,3/6/2021,Oxford/AstraZeneca,71260
Czechia,3/6/2021,Pfizer/BioNTech,712934
Czechia,3/7/2021,Moderna,56245
Czechia,3/7/2021,Oxford/AstraZeneca,75395
Czechia,3/7/2021,Pfizer/BioNTech,719689
Czechia,3/8/2021,Moderna,59325
Czechia,3/8/2021,Oxford/AstraZeneca,83272
Czechia,3/8/2021,Pfizer/BioNTech,743114
Czechia,3/9/2021,Moderna,64630
Czechia,3/9/2021,Oxford/AstraZeneca,94471
Czechia,3/9/2021,Pfizer/BioNTech,769088
Czechia,3/10/2021,Moderna,69606
Czechia,3/10/2021,Oxford/AstraZeneca,105367
Czechia,3/10/2021,Pfizer/BioNTech,801197
Czechia,3/11/2021,Moderna,73881
Czechia,3/11/2021,Oxford/AstraZeneca,117142
Czechia,3/11/2021,Pfizer/BioNTech,838070
Czechia,3/12/2021,Moderna,79302
Czechia,3/12/2021,Oxford/AstraZeneca,129380
Czechia,3/12/2021,Pfizer/BioNTech,867418
Czechia,3/13/2021,Moderna,80594
Czechia,3/13/2021,Oxford/AstraZeneca,132371
Czechia,3/13/2021,Pfizer/BioNTech,881423
Czechia,3/14/2021,Moderna,81728
Czechia,3/14/2021,Oxford/AstraZeneca,133277
Czechia,3/14/2021,Pfizer/BioNTech,892567
Czechia,3/15/2021,Moderna,88513
Czechia,3/15/2021,Oxford/AstraZeneca,141308
Czechia,3/15/2021,Pfizer/BioNTech,914732
Czechia,3/16/2021,Moderna,97699
Czechia,3/16/2021,Oxford/AstraZeneca,150032
Czechia,3/16/2021,Pfizer/BioNTech,946039
Czechia,3/17/2021,Moderna,105430
Czechia,3/17/2021,Oxford/AstraZeneca,159033
Czechia,3/17/2021,Pfizer/BioNTech,977088
Czechia,3/18/2021,Moderna,112559
Czechia,3/18/2021,Oxford/AstraZeneca,168345
Czechia,3/18/2021,Pfizer/BioNTech,1010778
Czechia,3/19/2021,Moderna,118619
Czechia,3/19/2021,Oxford/AstraZeneca,177122
Czechia,3/19/2021,Pfizer/BioNTech,1043708
Czechia,3/20/2021,Moderna,119756
Czechia,3/20/2021,Oxford/AstraZeneca,179544
Czechia,3/20/2021,Pfizer/BioNTech,1057173
Czechia,3/21/2021,Moderna,120071
Czechia,3/21/2021,Oxford/AstraZeneca,180018
Czechia,3/21/2021,Pfizer/BioNTech,1065279
Czechia,3/22/2021,Moderna,124352
Czechia,3/22/2021,Oxford/AstraZeneca,186847
Czechia,3/22/2021,Pfizer/BioNTech,1090763
Czechia,3/23/2021,Moderna,128197
Czechia,3/23/2021,Oxford/AstraZeneca,194432
Czechia,3/23/2021,Pfizer/BioNTech,1118933
Czechia,3/24/2021,Moderna,132342
Czechia,3/24/2021,Oxford/AstraZeneca,202151
Czechia,3/24/2021,Pfizer/BioNTech,1149379
Czechia,3/25/2021,Moderna,136376
Czechia,3/25/2021,Oxford/AstraZeneca,209637
Czechia,3/25/2021,Pfizer/BioNTech,1181796
Czechia,3/26/2021,Moderna,138916
Czechia,3/26/2021,Oxford/AstraZeneca,215356
Czechia,3/26/2021,Pfizer/BioNTech,1215629
Czechia,3/27/2021,Moderna,140154
Czechia,3/27/2021,Oxford/AstraZeneca,216232
Czechia,3/27/2021,Pfizer/BioNTech,1226709
Czechia,3/28/2021,Moderna,141706
Czechia,3/28/2021,Oxford/AstraZeneca,216353
Czechia,3/28/2021,Pfizer/BioNTech,1234665
Czechia,3/29/2021,Moderna,147585
Czechia,3/29/2021,Oxford/AstraZeneca,220094
Czechia,3/29/2021,Pfizer/BioNTech,1264420
Czechia,3/30/2021,Moderna,156412
Czechia,3/30/2021,Oxford/AstraZeneca,225404
Czechia,3/30/2021,Pfizer/BioNTech,1296838
Czechia,3/31/2021,Moderna,167396
Czechia,3/31/2021,Oxford/AstraZeneca,230337
Czechia,3/31/2021,Pfizer/BioNTech,1330767
Czechia,4/1/2021,Moderna,178078
Czechia,4/1/2021,Oxford/AstraZeneca,234821
Czechia,4/1/2021,Pfizer/BioNTech,1372841
Czechia,4/2/2021,Moderna,180606
Czechia,4/2/2021,Oxford/AstraZeneca,235378
Czechia,4/2/2021,Pfizer/BioNTech,1389283
Czechia,4/3/2021,Moderna,182304
Czechia,4/3/2021,Oxford/AstraZeneca,235587
Czechia,4/3/2021,Pfizer/BioNTech,1401809
Czechia,4/4/2021,Moderna,183503
Czechia,4/4/2021,Oxford/AstraZeneca,235590
Czechia,4/4/2021,Pfizer/BioNTech,1411822
Czechia,4/5/2021,Moderna,184898
Czechia,4/5/2021,Oxford/AstraZeneca,235661
Czechia,4/5/2021,Pfizer/BioNTech,1419812
Czechia,4/6/2021,Moderna,193345
Czechia,4/6/2021,Oxford/AstraZeneca,238637
Czechia,4/6/2021,Pfizer/BioNTech,1453528
Czechia,4/7/2021,Moderna,201672
Czechia,4/7/2021,Oxford/AstraZeneca,246672
Czechia,4/7/2021,Pfizer/BioNTech,1482405
Czechia,4/8/2021,Moderna,207870
Czechia,4/8/2021,Oxford/AstraZeneca,257899
Czechia,4/8/2021,Pfizer/BioNTech,1533994
Czechia,4/9/2021,Moderna,215417
Czechia,4/9/2021,Oxford/AstraZeneca,269020
Czechia,4/9/2021,Pfizer/BioNTech,1584169
Czechia,4/10/2021,Moderna,216976
Czechia,4/10/2021,Oxford/AstraZeneca,272486
Czechia,4/10/2021,Pfizer/BioNTech,1609617
Czechia,4/11/2021,Moderna,218117
Czechia,4/11/2021,Oxford/AstraZeneca,272978
Czechia,4/11/2021,Pfizer/BioNTech,1627663
Czechia,4/12/2021,Moderna,226685
Czechia,4/12/2021,Oxford/AstraZeneca,281614
Czechia,4/12/2021,Pfizer/BioNTech,1672993
Czechia,4/13/2021,Moderna,237220
Czechia,4/13/2021,Oxford/AstraZeneca,290932
Czechia,4/13/2021,Pfizer/BioNTech,1714786
Czechia,4/14/2021,Moderna,247632
Czechia,4/14/2021,Oxford/AstraZeneca,300858
Czechia,4/14/2021,Pfizer/BioNTech,1760177
Czechia,4/15/2021,Moderna,257072
Czechia,4/15/2021,Oxford/AstraZeneca,309857
Czechia,4/15/2021,Pfizer/BioNTech,1814792
Czechia,4/16/2021,Moderna,267050
Czechia,4/16/2021,Oxford/AstraZeneca,316489
Czechia,4/16/2021,Pfizer/BioNTech,1868041
Czechia,4/17/2021,Moderna,269402
Czechia,4/17/2021,Oxford/AstraZeneca,317093
Czechia,4/17/2021,Pfizer/BioNTech,1890614
Czechia,4/18/2021,Moderna,270282
Czechia,4/18/2021,Oxford/AstraZeneca,317236
Czechia,4/18/2021,Pfizer/BioNTech,1907440
Czechia,4/19/2021,Moderna,277225
Czechia,4/19/2021,Oxford/AstraZeneca,322663
Czechia,4/19/2021,Pfizer/BioNTech,1954011
Czechia,4/20/2021,Moderna,283896
Czechia,4/20/2021,Oxford/AstraZeneca,329268
Czechia,4/20/2021,Pfizer/BioNTech,1998363
Czechia,4/21/2021,Moderna,289318
Czechia,4/21/2021,Oxford/AstraZeneca,336662
Czechia,4/21/2021,Pfizer/BioNTech,2047183
Czechia,4/22/2021,Johnson&Johnson,28
Czechia,4/22/2021,Moderna,295214
Czechia,4/22/2021,Oxford/AstraZeneca,344599
Czechia,4/22/2021,Pfizer/BioNTech,2104750
Czechia,4/23/2021,Johnson&Johnson,248
Czechia,4/23/2021,Moderna,299046
Czechia,4/23/2021,Oxford/AstraZeneca,350725
Czechia,4/23/2021,Pfizer/BioNTech,2156047
Czechia,4/24/2021,Johnson&Johnson,260
Czechia,4/24/2021,Moderna,299862
Czechia,4/24/2021,Oxford/AstraZeneca,351392
Czechia,4/24/2021,Pfizer/BioNTech,2177462
Czechia,4/25/2021,Johnson&Johnson,276
Czechia,4/25/2021,Moderna,301321
Czechia,4/25/2021,Oxford/AstraZeneca,351562
Czechia,4/25/2021,Pfizer/BioNTech,2194377
Czechia,4/26/2021,Johnson&Johnson,818
Czechia,4/26/2021,Moderna,305519
Czechia,4/26/2021,Oxford/AstraZeneca,357087
Czechia,4/26/2021,Pfizer/BioNTech,2240324
Czechia,4/27/2021,Johnson&Johnson,1753
Czechia,4/27/2021,Moderna,311791
Czechia,4/27/2021,Oxford/AstraZeneca,363682
Czechia,4/27/2021,Pfizer/BioNTech,2286459
Czechia,4/28/2021,Johnson&Johnson,3204
Czechia,4/28/2021,Moderna,320196
Czechia,4/28/2021,Oxford/AstraZeneca,370269
Czechia,4/28/2021,Pfizer/BioNTech,2340970
Czechia,4/29/2021,Johnson&Johnson,4809
Czechia,4/29/2021,Moderna,328027
Czechia,4/29/2021,Oxford/AstraZeneca,376602
Czechia,4/29/2021,Pfizer/BioNTech,2404508
Czechia,4/30/2021,Johnson&Johnson,6265
Czechia,4/30/2021,Moderna,331814
Czechia,4/30/2021,Oxford/AstraZeneca,380404
Czechia,4/30/2021,Pfizer/BioNTech,2465802
Czechia,5/1/2021,Johnson&Johnson,6367
Czechia,5/1/2021,Moderna,332999
Czechia,5/1/2021,Oxford/AstraZeneca,380610
Czechia,5/1/2021,Pfizer/BioNTech,2486819
Czechia,5/2/2021,Johnson&Johnson,6394
Czechia,5/2/2021,Moderna,333492
Czechia,5/2/2021,Oxford/AstraZeneca,380723
Czechia,5/2/2021,Pfizer/BioNTech,2507223
Czechia,5/3/2021,Johnson&Johnson,7515
Czechia,5/3/2021,Moderna,336464
Czechia,5/3/2021,Oxford/AstraZeneca,383827
Czechia,5/3/2021,Pfizer/BioNTech,2570886
Czechia,5/4/2021,Johnson&Johnson,9079
Czechia,5/4/2021,Moderna,343532
Czechia,5/4/2021,Oxford/AstraZeneca,387991
Czechia,5/4/2021,Pfizer/BioNTech,2630927
Czechia,5/5/2021,Johnson&Johnson,11047
Czechia,5/5/2021,Moderna,349157
Czechia,5/5/2021,Oxford/AstraZeneca,394119
Czechia,5/5/2021,Pfizer/BioNTech,2697413
Czechia,5/6/2021,Johnson&Johnson,13014
Czechia,5/6/2021,Moderna,354507
Czechia,5/6/2021,Oxford/AstraZeneca,401306
Czechia,5/6/2021,Pfizer/BioNTech,2771529
Czechia,5/7/2021,Johnson&Johnson,14933
Czechia,5/7/2021,Moderna,359320
Czechia,5/7/2021,Oxford/AstraZeneca,406923
Czechia,5/7/2021,Pfizer/BioNTech,2844116
Czechia,5/8/2021,Johnson&Johnson,15077
Czechia,5/8/2021,Moderna,360399
Czechia,5/8/2021,Oxford/AstraZeneca,407184
Czechia,5/8/2021,Pfizer/BioNTech,2873485
Czechia,5/9/2021,Johnson&Johnson,15085
Czechia,5/9/2021,Moderna,361461
Czechia,5/9/2021,Oxford/AstraZeneca,407580
Czechia,5/9/2021,Pfizer/BioNTech,2897272
Czechia,5/10/2021,Johnson&Johnson,16765
Czechia,5/10/2021,Moderna,366974
Czechia,5/10/2021,Oxford/AstraZeneca,413401
Czechia,5/10/2021,Pfizer/BioNTech,2961822
Czechia,5/11/2021,Johnson&Johnson,18581
Czechia,5/11/2021,Moderna,373233
Czechia,5/11/2021,Oxford/AstraZeneca,420813
Czechia,5/11/2021,Pfizer/BioNTech,3028771
Czechia,5/12/2021,Johnson&Johnson,20157
Czechia,5/12/2021,Moderna,381410
Czechia,5/12/2021,Oxford/AstraZeneca,428134
Czechia,5/12/2021,Pfizer/BioNTech,3098274
Czechia,5/13/2021,Johnson&Johnson,21660
Czechia,5/13/2021,Moderna,388661
Czechia,5/13/2021,Oxford/AstraZeneca,435019
Czechia,5/13/2021,Pfizer/BioNTech,3173518
Czechia,5/14/2021,Johnson&Johnson,22750
Czechia,5/14/2021,Moderna,394016
Czechia,5/14/2021,Oxford/AstraZeneca,440807
Czechia,5/14/2021,Pfizer/BioNTech,3246559
Czechia,5/15/2021,Johnson&Johnson,22812
Czechia,5/15/2021,Moderna,394736
Czechia,5/15/2021,Oxford/AstraZeneca,442729
Czechia,5/15/2021,Pfizer/BioNTech,3277551
Czechia,5/16/2021,Johnson&Johnson,22835
Czechia,5/16/2021,Moderna,395438
Czechia,5/16/2021,Oxford/AstraZeneca,443451
Czechia,5/16/2021,Pfizer/BioNTech,3302838
Czechia,5/17/2021,Johnson&Johnson,23712
Czechia,5/17/2021,Moderna,400348
Czechia,5/17/2021,Oxford/AstraZeneca,448018
Czechia,5/17/2021,Pfizer/BioNTech,3370218
Czechia,5/18/2021,Johnson&Johnson,24703
Czechia,5/18/2021,Moderna,408101
Czechia,5/18/2021,Oxford/AstraZeneca,453958
Czechia,5/18/2021,Pfizer/BioNTech,3438820
Czechia,5/19/2021,Johnson&Johnson,25924
Czechia,5/19/2021,Moderna,418216
Czechia,5/19/2021,Oxford/AstraZeneca,460417
Czechia,5/19/2021,Pfizer/BioNTech,3511558
Czechia,5/20/2021,Johnson&Johnson,27552
Czechia,5/20/2021,Moderna,428679
Czechia,5/20/2021,Oxford/AstraZeneca,467025
Czechia,5/20/2021,Pfizer/BioNTech,3592867
Czechia,5/21/2021,Johnson&Johnson,28976
Czechia,5/21/2021,Moderna,436573
Czechia,5/21/2021,Oxford/AstraZeneca,472748
Czechia,5/21/2021,Pfizer/BioNTech,3672165
Czechia,5/22/2021,Johnson&Johnson,29146
Czechia,5/22/2021,Moderna,438399
Czechia,5/22/2021,Oxford/AstraZeneca,474612
Czechia,5/22/2021,Pfizer/BioNTech,3711174
Czechia,5/23/2021,Johnson&Johnson,29151
Czechia,5/23/2021,Moderna,439298
Czechia,5/23/2021,Oxford/AstraZeneca,476050
Czechia,5/23/2021,Pfizer/BioNTech,3739907
Czechia,5/24/2021,Johnson&Johnson,30427
Czechia,5/24/2021,Moderna,447873
Czechia,5/24/2021,Oxford/AstraZeneca,482351
Czechia,5/24/2021,Pfizer/BioNTech,3802585
Czechia,5/25/2021,Johnson&Johnson,32205
Czechia,5/25/2021,Moderna,456576
Czechia,5/25/2021,Oxford/AstraZeneca,493412
Czechia,5/25/2021,Pfizer/BioNTech,3866121
Czechia,5/26/2021,Johnson&Johnson,34114
Czechia,5/26/2021,Moderna,466429
Czechia,5/26/2021,Oxford/AstraZeneca,504273
Czechia,5/26/2021,Pfizer/BioNTech,3946085
Czechia,5/27/2021,Johnson&Johnson,36226
Czechia,5/27/2021,Moderna,476314
Czechia,5/27/2021,Oxford/AstraZeneca,513760
Czechia,5/27/2021,Pfizer/BioNTech,4030342
Czechia,5/28/2021,Johnson&Johnson,38319
Czechia,5/28/2021,Moderna,486102
Czechia,5/28/2021,Oxford/AstraZeneca,522996
Czechia,5/28/2021,Pfizer/BioNTech,4114526
Czechia,5/29/2021,Johnson&Johnson,38457
Czechia,5/29/2021,Moderna,488685
Czechia,5/29/2021,Oxford/AstraZeneca,525433
Czechia,5/29/2021,Pfizer/BioNTech,4155126
Czechia,5/30/2021,Johnson&Johnson,38458
Czechia,5/30/2021,Moderna,489680
Czechia,5/30/2021,Oxford/AstraZeneca,528017
Czechia,5/30/2021,Pfizer/BioNTech,4188035
Czechia,5/31/2021,Johnson&Johnson,40301
Czechia,5/31/2021,Moderna,497941
Czechia,5/31/2021,Oxford/AstraZeneca,536243
Czechia,5/31/2021,Pfizer/BioNTech,4270130
Czechia,6/1/2021,Johnson&Johnson,42539
Czechia,6/1/2021,Moderna,507873
Czechia,6/1/2021,Oxford/AstraZeneca,547905
Czechia,6/1/2021,Pfizer/BioNTech,4350285
Czechia,6/2/2021,Johnson&Johnson,44997
Czechia,6/2/2021,Moderna,517098
Czechia,6/2/2021,Oxford/AstraZeneca,559388
Czechia,6/2/2021,Pfizer/BioNTech,4440717
Czechia,6/3/2021,Johnson&Johnson,47783
Czechia,6/3/2021,Moderna,526562
Czechia,6/3/2021,Oxford/AstraZeneca,571220
Czechia,6/3/2021,Pfizer/BioNTech,4531402
Czechia,6/4/2021,Johnson&Johnson,51008
Czechia,6/4/2021,Moderna,535718
Czechia,6/4/2021,Oxford/AstraZeneca,581674
Czechia,6/4/2021,Pfizer/BioNTech,4624772
Czechia,6/5/2021,Johnson&Johnson,51120
Czechia,6/5/2021,Moderna,536593
Czechia,6/5/2021,Oxford/AstraZeneca,583691
Czechia,6/5/2021,Pfizer/BioNTech,4674099
Czechia,6/6/2021,Johnson&Johnson,51186
Czechia,6/6/2021,Moderna,537110
Czechia,6/6/2021,Oxford/AstraZeneca,584602
Czechia,6/6/2021,Pfizer/BioNTech,4714273
Czechia,6/7/2021,Johnson&Johnson,54276
Czechia,6/7/2021,Moderna,544733
Czechia,6/7/2021,Oxford/AstraZeneca,593337
Czechia,6/7/2021,Pfizer/BioNTech,4809906
Czechia,6/8/2021,Johnson&Johnson,57299
Czechia,6/8/2021,Moderna,552860
Czechia,6/8/2021,Oxford/AstraZeneca,603770
Czechia,6/8/2021,Pfizer/BioNTech,4903232
Czechia,6/9/2021,Johnson&Johnson,60821
Czechia,6/9/2021,Moderna,562084
Czechia,6/9/2021,Oxford/AstraZeneca,614201
Czechia,6/9/2021,Pfizer/BioNTech,4997773
Czechia,6/10/2021,Johnson&Johnson,63846
Czechia,6/10/2021,Moderna,571607
Czechia,6/10/2021,Oxford/AstraZeneca,624896
Czechia,6/10/2021,Pfizer/BioNTech,5093210
Czechia,6/11/2021,Johnson&Johnson,66954
Czechia,6/11/2021,Moderna,580362
Czechia,6/11/2021,Oxford/AstraZeneca,633402
Czechia,6/11/2021,Pfizer/BioNTech,5189755
Czechia,6/12/2021,Johnson&Johnson,67048
Czechia,6/12/2021,Moderna,581272
Czechia,6/12/2021,Oxford/AstraZeneca,634755
Czechia,6/12/2021,Pfizer/BioNTech,5239572
Czechia,6/13/2021,Johnson&Johnson,67101
Czechia,6/13/2021,Moderna,581715
Czechia,6/13/2021,Oxford/AstraZeneca,634926
Czechia,6/13/2021,Pfizer/BioNTech,5280788
Czechia,6/14/2021,Johnson&Johnson,69402
Czechia,6/14/2021,Moderna,589623
Czechia,6/14/2021,Oxford/AstraZeneca,642344
Czechia,6/14/2021,Pfizer/BioNTech,5376975
Czechia,6/15/2021,Johnson&Johnson,71528
Czechia,6/15/2021,Moderna,599793
Czechia,6/15/2021,Oxford/AstraZeneca,651049
Czechia,6/15/2021,Pfizer/BioNTech,5469442
Czechia,6/16/2021,Johnson&Johnson,73995
Czechia,6/16/2021,Moderna,608686
Czechia,6/16/2021,Oxford/AstraZeneca,659458
Czechia,6/16/2021,Pfizer/BioNTech,5566134
Czechia,6/17/2021,Johnson&Johnson,76115
Czechia,6/17/2021,Moderna,616034
Czechia,6/17/2021,Oxford/AstraZeneca,667431
Czechia,6/17/2021,Pfizer/BioNTech,5666303
Czechia,6/18/2021,Johnson&Johnson,78083
Czechia,6/18/2021,Moderna,623477
Czechia,6/18/2021,Oxford/AstraZeneca,673004
Czechia,6/18/2021,Pfizer/BioNTech,5767358
Czechia,6/19/2021,Johnson&Johnson,78104
Czechia,6/19/2021,Moderna,624599
Czechia,6/19/2021,Oxford/AstraZeneca,673588
Czechia,6/19/2021,Pfizer/BioNTech,5814831
Czechia,6/20/2021,Johnson&Johnson,78137
Czechia,6/20/2021,Moderna,625857
Czechia,6/20/2021,Oxford/AstraZeneca,673680
Czechia,6/20/2021,Pfizer/BioNTech,5851831
Denmark,1/5/2021,Pfizer/BioNTech,112341
Denmark,1/12/2021,Moderna,1104
Denmark,1/12/2021,Pfizer/BioNTech,166500
Denmark,1/19/2021,Moderna,2691
Denmark,1/19/2021,Pfizer/BioNTech,204759
Denmark,1/26/2021,Moderna,2697
Denmark,1/26/2021,Pfizer/BioNTech,270354
Denmark,2/2/2021,Moderna,6078
Denmark,2/2/2021,Pfizer/BioNTech,329767
Denmark,2/9/2021,Moderna,12810
Denmark,2/9/2021,Oxford/AstraZeneca,16210
Denmark,2/9/2021,Pfizer/BioNTech,374780
Denmark,2/16/2021,Moderna,14895
Denmark,2/16/2021,Oxford/AstraZeneca,40347
Denmark,2/16/2021,Pfizer/BioNTech,440503
Denmark,2/23/2021,Moderna,16557
Denmark,2/23/2021,Oxford/AstraZeneca,84890
Denmark,2/23/2021,Pfizer/BioNTech,514111
Denmark,3/2/2021,Moderna,26121
Denmark,3/2/2021,Oxford/AstraZeneca,132549
Denmark,3/2/2021,Pfizer/BioNTech,586959
Denmark,3/9/2021,Moderna,37025
Denmark,3/9/2021,Oxford/AstraZeneca,150690
Denmark,3/9/2021,Pfizer/BioNTech,660116
Denmark,3/16/2021,Moderna,49531
Denmark,3/16/2021,Oxford/AstraZeneca,150710
Denmark,3/16/2021,Pfizer/BioNTech,756396
Denmark,3/23/2021,Moderna,57910
Denmark,3/23/2021,Oxford/AstraZeneca,150738
Denmark,3/23/2021,Pfizer/BioNTech,854809
Denmark,3/30/2021,Moderna,78045
Denmark,3/30/2021,Oxford/AstraZeneca,150773
Denmark,3/30/2021,Pfizer/BioNTech,961313
Denmark,4/6/2021,Moderna,96780
Denmark,4/6/2021,Oxford/AstraZeneca,150838
Denmark,4/6/2021,Pfizer/BioNTech,1092701
Denmark,4/13/2021,Moderna,117478
Denmark,4/13/2021,Oxford/AstraZeneca,150895
Denmark,4/13/2021,Pfizer/BioNTech,1317474
Denmark,4/20/2021,Moderna,129443
Denmark,4/20/2021,Oxford/AstraZeneca,150969
Denmark,4/20/2021,Pfizer/BioNTech,1529956
Denmark,4/27/2021,Moderna,155052
Denmark,4/27/2021,Oxford/AstraZeneca,151066
Denmark,4/27/2021,Pfizer/BioNTech,1741720
Denmark,5/4/2021,Moderna,190312
Denmark,5/4/2021,Oxford/AstraZeneca,151194
Denmark,5/4/2021,Pfizer/BioNTech,2042926
Denmark,5/11/2021,Moderna,225893
Denmark,5/11/2021,Oxford/AstraZeneca,151347
Denmark,5/11/2021,Pfizer/BioNTech,2339078
Denmark,5/18/2021,Johnson&Johnson,0
Denmark,5/18/2021,Moderna,270934
Denmark,5/18/2021,Oxford/AstraZeneca,151508
Denmark,5/18/2021,Pfizer/BioNTech,2645827
Denmark,5/25/2021,Johnson&Johnson,0
Denmark,5/25/2021,Moderna,302444
Denmark,5/25/2021,Oxford/AstraZeneca,151688
Denmark,5/25/2021,Pfizer/BioNTech,2938731
Denmark,6/1/2021,Johnson&Johnson,0
Denmark,6/1/2021,Moderna,334322
Denmark,6/1/2021,Oxford/AstraZeneca,151825
Denmark,6/1/2021,Pfizer/BioNTech,3249571
Denmark,6/8/2021,Johnson&Johnson,0
Denmark,6/8/2021,Moderna,358450
Denmark,6/8/2021,Oxford/AstraZeneca,152000
Denmark,6/8/2021,Pfizer/BioNTech,3625181
Estonia,12/29/2020,Pfizer/BioNTech,2
Estonia,1/5/2021,Pfizer/BioNTech,86
Estonia,1/12/2021,Moderna,0
Estonia,1/12/2021,Pfizer/BioNTech,372
Estonia,1/19/2021,Moderna,4
Estonia,1/19/2021,Pfizer/BioNTech,5252
Estonia,1/26/2021,Moderna,6
Estonia,1/26/2021,Pfizer/BioNTech,21421
Estonia,2/2/2021,Moderna,30
Estonia,2/2/2021,Pfizer/BioNTech,36101
Estonia,2/9/2021,Moderna,50
Estonia,2/9/2021,Oxford/AstraZeneca,0
Estonia,2/9/2021,Pfizer/BioNTech,45750
Estonia,2/16/2021,Moderna,518
Estonia,2/16/2021,Oxford/AstraZeneca,412
Estonia,2/16/2021,Pfizer/BioNTech,53545
Estonia,2/23/2021,Moderna,1670
Estonia,2/23/2021,Oxford/AstraZeneca,1057
Estonia,2/23/2021,Pfizer/BioNTech,67825
Estonia,3/2/2021,Moderna,2611
Estonia,3/2/2021,Oxford/AstraZeneca,1936
Estonia,3/2/2021,Pfizer/BioNTech,86853
Estonia,3/9/2021,Moderna,4148
Estonia,3/9/2021,Oxford/AstraZeneca,3044
Estonia,3/9/2021,Pfizer/BioNTech,103156
Estonia,3/16/2021,Moderna,4735
Estonia,3/16/2021,Oxford/AstraZeneca,4040
Estonia,3/16/2021,Pfizer/BioNTech,111869
Estonia,3/23/2021,Moderna,5049
Estonia,3/23/2021,Oxford/AstraZeneca,7762
Estonia,3/23/2021,Pfizer/BioNTech,119801
Estonia,3/30/2021,Moderna,8419
Estonia,3/30/2021,Oxford/AstraZeneca,18056
Estonia,3/30/2021,Pfizer/BioNTech,132922
Estonia,4/6/2021,Moderna,14480
Estonia,4/6/2021,Oxford/AstraZeneca,25789
Estonia,4/6/2021,Pfizer/BioNTech,139724
Estonia,4/13/2021,Johnson&Johnson,0
Estonia,4/13/2021,Moderna,18995
Estonia,4/13/2021,Oxford/AstraZeneca,41711
Estonia,4/13/2021,Pfizer/BioNTech,143629
Estonia,4/20/2021,Johnson&Johnson,0
Estonia,4/20/2021,Moderna,23052
Estonia,4/20/2021,Oxford/AstraZeneca,61064
Estonia,4/20/2021,Pfizer/BioNTech,151451
Estonia,4/27/2021,Johnson&Johnson,35
Estonia,4/27/2021,Moderna,26424
Estonia,4/27/2021,Oxford/AstraZeneca,91949
Estonia,4/27/2021,Pfizer/BioNTech,171270
Estonia,5/4/2021,Johnson&Johnson,346
Estonia,5/4/2021,Moderna,30383
Estonia,5/4/2021,Oxford/AstraZeneca,125982
Estonia,5/4/2021,Pfizer/BioNTech,218070
Estonia,5/11/2021,Johnson&Johnson,1086
Estonia,5/11/2021,Moderna,33659
Estonia,5/11/2021,Oxford/AstraZeneca,139077
Estonia,5/11/2021,Pfizer/BioNTech,259406
Estonia,5/18/2021,Johnson&Johnson,5795
Estonia,5/18/2021,Moderna,43211
Estonia,5/18/2021,Oxford/AstraZeneca,144617
Estonia,5/18/2021,Pfizer/BioNTech,322342
Estonia,5/25/2021,Johnson&Johnson,11241
Estonia,5/25/2021,Moderna,54235
Estonia,5/25/2021,Oxford/AstraZeneca,148548
Estonia,5/25/2021,Pfizer/BioNTech,391863
Estonia,6/1/2021,Johnson&Johnson,15129
Estonia,6/1/2021,Moderna,61897
Estonia,6/1/2021,Oxford/AstraZeneca,163198
Estonia,6/1/2021,Pfizer/BioNTech,452429
Estonia,6/8/2021,Johnson&Johnson,16432
Estonia,6/8/2021,Moderna,72949
Estonia,6/8/2021,Oxford/AstraZeneca,198542
Estonia,6/8/2021,Pfizer/BioNTech,515030
Estonia,6/15/2021,Johnson&Johnson,16900
Estonia,6/15/2021,Moderna,78794
Estonia,6/15/2021,Oxford/AstraZeneca,209039
Estonia,6/15/2021,Pfizer/BioNTech,551119
Finland,12/29/2020,Johnson&Johnson,0
Finland,12/29/2020,Moderna,42
Finland,12/29/2020,Oxford/AstraZeneca,0
Finland,12/29/2020,Pfizer/BioNTech,25
Finland,1/5/2021,Johnson&Johnson,0
Finland,1/5/2021,Moderna,191
Finland,1/5/2021,Oxford/AstraZeneca,141
Finland,1/5/2021,Pfizer/BioNTech,20921
Finland,1/12/2021,Johnson&Johnson,0
Finland,1/12/2021,Moderna,237
Finland,1/12/2021,Oxford/AstraZeneca,204
Finland,1/12/2021,Pfizer/BioNTech,61255
Finland,1/19/2021,Johnson&Johnson,0
Finland,1/19/2021,Moderna,1162
Finland,1/19/2021,Oxford/AstraZeneca,277
Finland,1/19/2021,Pfizer/BioNTech,117563
Finland,1/26/2021,Johnson&Johnson,0
Finland,1/26/2021,Moderna,3791
Finland,1/26/2021,Oxford/AstraZeneca,285
Finland,1/26/2021,Pfizer/BioNTech,170997
Finland,2/2/2021,Johnson&Johnson,0
Finland,2/2/2021,Moderna,4659
Finland,2/2/2021,Oxford/AstraZeneca,290
Finland,2/2/2021,Pfizer/BioNTech,225379
Finland,2/9/2021,Johnson&Johnson,0
Finland,2/9/2021,Moderna,5928
Finland,2/9/2021,Oxford/AstraZeneca,4205
Finland,2/9/2021,Pfizer/BioNTech,275973
Finland,2/16/2021,Johnson&Johnson,0
Finland,2/16/2021,Moderna,10514
Finland,2/16/2021,Oxford/AstraZeneca,24225
Finland,2/16/2021,Pfizer/BioNTech,335638
Finland,2/23/2021,Johnson&Johnson,0
Finland,2/23/2021,Moderna,19047
Finland,2/23/2021,Oxford/AstraZeneca,55818
Finland,2/23/2021,Pfizer/BioNTech,397989
Finland,3/2/2021,Johnson&Johnson,0
Finland,3/2/2021,Moderna,26807
Finland,3/2/2021,Oxford/AstraZeneca,95872
Finland,3/2/2021,Pfizer/BioNTech,463768
Finland,3/9/2021,Johnson&Johnson,0
Finland,3/9/2021,Moderna,38293
Finland,3/9/2021,Oxford/AstraZeneca,140066
Finland,3/9/2021,Pfizer/BioNTech,531824
Finland,3/16/2021,Johnson&Johnson,0
Finland,3/16/2021,Moderna,41962
Finland,3/16/2021,Oxford/AstraZeneca,184347
Finland,3/16/2021,Pfizer/BioNTech,610830
Finland,3/23/2021,Johnson&Johnson,0
Finland,3/23/2021,Moderna,51919
Finland,3/23/2021,Oxford/AstraZeneca,184414
Finland,3/23/2021,Pfizer/BioNTech,710148
Finland,3/30/2021,Johnson&Johnson,0
Finland,3/30/2021,Moderna,68667
Finland,3/30/2021,Oxford/AstraZeneca,201673
Finland,3/30/2021,Pfizer/BioNTech,809095
Finland,4/6/2021,Johnson&Johnson,0
Finland,4/6/2021,Moderna,80644
Finland,4/6/2021,Oxford/AstraZeneca,242450
Finland,4/6/2021,Pfizer/BioNTech,929534
Finland,4/13/2021,Johnson&Johnson,0
Finland,4/13/2021,Moderna,102642
Finland,4/13/2021,Oxford/AstraZeneca,298070
Finland,4/13/2021,Pfizer/BioNTech,1085795
Finland,4/20/2021,Johnson&Johnson,0
Finland,4/20/2021,Moderna,117260
Finland,4/20/2021,Oxford/AstraZeneca,334991
Finland,4/20/2021,Pfizer/BioNTech,1254317
Finland,4/27/2021,Johnson&Johnson,0
Finland,4/27/2021,Moderna,136751
Finland,4/27/2021,Oxford/AstraZeneca,352506
Finland,4/27/2021,Pfizer/BioNTech,1430787
Finland,5/4/2021,Johnson&Johnson,0
Finland,5/4/2021,Moderna,161070
Finland,5/4/2021,Oxford/AstraZeneca,358356
Finland,5/4/2021,Pfizer/BioNTech,1643869
Finland,5/11/2021,Johnson&Johnson,0
Finland,5/11/2021,Moderna,187109
Finland,5/11/2021,Oxford/AstraZeneca,366110
Finland,5/11/2021,Pfizer/BioNTech,1845552
Finland,5/18/2021,Johnson&Johnson,0
Finland,5/18/2021,Moderna,220887
Finland,5/18/2021,Oxford/AstraZeneca,379174
Finland,5/18/2021,Pfizer/BioNTech,2074227
Finland,5/25/2021,Johnson&Johnson,0
Finland,5/25/2021,Moderna,256875
Finland,5/25/2021,Oxford/AstraZeneca,390838
Finland,5/25/2021,Pfizer/BioNTech,2298014
Finland,6/1/2021,Johnson&Johnson,0
Finland,6/1/2021,Moderna,294650
Finland,6/1/2021,Oxford/AstraZeneca,403451
Finland,6/1/2021,Pfizer/BioNTech,2544222
Finland,6/8/2021,Johnson&Johnson,0
Finland,6/8/2021,Moderna,322218
Finland,6/8/2021,Oxford/AstraZeneca,419493
Finland,6/8/2021,Pfizer/BioNTech,2830645
Finland,6/15/2021,Moderna,331139
Finland,6/15/2021,Oxford/AstraZeneca,421293
Finland,6/15/2021,Pfizer/BioNTech,2945167
France,12/27/2020,Pfizer/BioNTech,20
France,12/28/2020,Pfizer/BioNTech,91
France,12/29/2020,Pfizer/BioNTech,199
France,12/30/2020,Pfizer/BioNTech,322
France,12/31/2020,Pfizer/BioNTech,410
France,1/1/2021,Pfizer/BioNTech,484
France,1/2/2021,Pfizer/BioNTech,572
France,1/3/2021,Pfizer/BioNTech,664
France,1/4/2021,Pfizer/BioNTech,2143
France,1/5/2021,Pfizer/BioNTech,7558
France,1/6/2021,Pfizer/BioNTech,18881
France,1/7/2021,Pfizer/BioNTech,47464
France,1/8/2021,Pfizer/BioNTech,83763
France,1/9/2021,Pfizer/BioNTech,94706
France,1/10/2021,Pfizer/BioNTech,100345
France,1/11/2021,Pfizer/BioNTech,139467
France,1/12/2021,Pfizer/BioNTech,200479
France,1/13/2021,Pfizer/BioNTech,264421
France,1/14/2021,Moderna,152
France,1/14/2021,Pfizer/BioNTech,344296
France,1/15/2021,Moderna,370
France,1/15/2021,Pfizer/BioNTech,411674
France,1/16/2021,Moderna,556
France,1/16/2021,Pfizer/BioNTech,431325
France,1/17/2021,Moderna,559
France,1/17/2021,Pfizer/BioNTech,441842
France,1/18/2021,Moderna,3473
France,1/18/2021,Pfizer/BioNTech,523591
France,1/19/2021,Moderna,7988
France,1/19/2021,Pfizer/BioNTech,647768
France,1/20/2021,Moderna,12909
France,1/20/2021,Pfizer/BioNTech,778392
France,1/21/2021,Moderna,18035
France,1/21/2021,Pfizer/BioNTech,928996
France,1/22/2021,Moderna,22917
France,1/22/2021,Pfizer/BioNTech,1043107
France,1/23/2021,Moderna,24651
France,1/23/2021,Pfizer/BioNTech,1079289
France,1/24/2021,Moderna,24753
France,1/24/2021,Pfizer/BioNTech,1088587
France,1/25/2021,Moderna,28388
France,1/25/2021,Pfizer/BioNTech,1163112
France,1/26/2021,Moderna,32138
France,1/26/2021,Pfizer/BioNTech,1261408
France,1/27/2021,Moderna,35581
France,1/27/2021,Pfizer/BioNTech,1369315
France,1/28/2021,Moderna,39095
France,1/28/2021,Pfizer/BioNTech,1502648
France,1/29/2021,Moderna,42178
France,1/29/2021,Pfizer/BioNTech,1607830
France,1/30/2021,Moderna,43242
France,1/30/2021,Pfizer/BioNTech,1639674
France,1/31/2021,Moderna,43242
France,1/31/2021,Pfizer/BioNTech,1646225
France,2/1/2021,Moderna,46502
France,2/1/2021,Pfizer/BioNTech,1715733
France,2/2/2021,Moderna,50810
France,2/2/2021,Pfizer/BioNTech,1816754
France,2/3/2021,Moderna,55842
France,2/3/2021,Pfizer/BioNTech,1919747
France,2/4/2021,Moderna,60581
France,2/4/2021,Pfizer/BioNTech,2045769
France,2/5/2021,Moderna,65208
France,2/5/2021,Pfizer/BioNTech,2153703
France,2/6/2021,Moderna,67142
France,2/6/2021,Oxford/AstraZeneca,332
France,2/6/2021,Pfizer/BioNTech,2183189
France,2/7/2021,Moderna,67184
France,2/7/2021,Oxford/AstraZeneca,1680
France,2/7/2021,Pfizer/BioNTech,2191665
France,2/8/2021,Moderna,74620
France,2/8/2021,Oxford/AstraZeneca,4315
France,2/8/2021,Pfizer/BioNTech,2273535
France,2/9/2021,Moderna,82894
France,2/9/2021,Oxford/AstraZeneca,10959
France,2/9/2021,Pfizer/BioNTech,2395898
France,2/10/2021,Moderna,92085
France,2/10/2021,Oxford/AstraZeneca,20199
France,2/10/2021,Pfizer/BioNTech,2523525
France,2/11/2021,Moderna,102208
France,2/11/2021,Oxford/AstraZeneca,33563
France,2/11/2021,Pfizer/BioNTech,2684913
France,2/12/2021,Moderna,112261
France,2/12/2021,Oxford/AstraZeneca,46615
France,2/12/2021,Pfizer/BioNTech,2813931
France,2/13/2021,Moderna,115500
France,2/13/2021,Oxford/AstraZeneca,50131
France,2/13/2021,Pfizer/BioNTech,2848388
France,2/14/2021,Moderna,115796
France,2/14/2021,Oxford/AstraZeneca,51000
France,2/14/2021,Pfizer/BioNTech,2859009
France,2/15/2021,Moderna,122222
France,2/15/2021,Oxford/AstraZeneca,61134
France,2/15/2021,Pfizer/BioNTech,2956051
France,2/16/2021,Moderna,131012
France,2/16/2021,Oxford/AstraZeneca,73318
France,2/16/2021,Pfizer/BioNTech,3085063
France,2/17/2021,Moderna,139521
France,2/17/2021,Oxford/AstraZeneca,84141
France,2/17/2021,Pfizer/BioNTech,3218050
France,2/18/2021,Moderna,149846
France,2/18/2021,Oxford/AstraZeneca,98728
France,2/18/2021,Pfizer/BioNTech,3379807
France,2/19/2021,Moderna,159382
France,2/19/2021,Oxford/AstraZeneca,112854
France,2/19/2021,Pfizer/BioNTech,3510758
France,2/20/2021,Moderna,162655
France,2/20/2021,Oxford/AstraZeneca,116037
France,2/20/2021,Pfizer/BioNTech,3550747
France,2/21/2021,Moderna,162938
France,2/21/2021,Oxford/AstraZeneca,116581
France,2/21/2021,Pfizer/BioNTech,3559153
France,2/22/2021,Moderna,170191
France,2/22/2021,Oxford/AstraZeneca,125503
France,2/22/2021,Pfizer/BioNTech,3652695
France,2/23/2021,Moderna,178721
France,2/23/2021,Oxford/AstraZeneca,136622
France,2/23/2021,Pfizer/BioNTech,3769810
France,2/24/2021,Moderna,186954
France,2/24/2021,Oxford/AstraZeneca,150536
France,2/24/2021,Pfizer/BioNTech,3886966
France,2/25/2021,Moderna,195673
France,2/25/2021,Oxford/AstraZeneca,194965
France,2/25/2021,Pfizer/BioNTech,4024074
France,2/26/2021,Moderna,202995
France,2/26/2021,Oxford/AstraZeneca,256414
France,2/26/2021,Pfizer/BioNTech,4138179
France,2/27/2021,Moderna,205539
France,2/27/2021,Oxford/AstraZeneca,290916
France,2/27/2021,Pfizer/BioNTech,4174356
France,2/28/2021,Moderna,205666
France,2/28/2021,Oxford/AstraZeneca,293263
France,2/28/2021,Pfizer/BioNTech,4181976
France,3/1/2021,Moderna,214393
France,3/1/2021,Oxford/AstraZeneca,313226
France,3/1/2021,Pfizer/BioNTech,4269803
France,3/2/2021,Moderna,225428
France,3/2/2021,Oxford/AstraZeneca,351611
France,3/2/2021,Pfizer/BioNTech,4386089
France,3/3/2021,Moderna,236556
France,3/3/2021,Oxford/AstraZeneca,399580
France,3/3/2021,Pfizer/BioNTech,4506422
France,3/4/2021,Moderna,248596
France,3/4/2021,Oxford/AstraZeneca,480893
France,3/4/2021,Pfizer/BioNTech,4642683
France,3/5/2021,Moderna,260425
France,3/5/2021,Oxford/AstraZeneca,598119
France,3/5/2021,Pfizer/BioNTech,4775279
France,3/6/2021,Moderna,266728
France,3/6/2021,Oxford/AstraZeneca,717568
France,3/6/2021,Pfizer/BioNTech,4872840
France,3/7/2021,Moderna,269041
France,3/7/2021,Oxford/AstraZeneca,772257
France,3/7/2021,Pfizer/BioNTech,4941267
France,3/8/2021,Moderna,281327
France,3/8/2021,Oxford/AstraZeneca,814434
France,3/8/2021,Pfizer/BioNTech,5042669
France,3/9/2021,Moderna,297024
France,3/9/2021,Oxford/AstraZeneca,892613
France,3/9/2021,Pfizer/BioNTech,5175572
France,3/10/2021,Moderna,312995
France,3/10/2021,Oxford/AstraZeneca,972632
France,3/10/2021,Pfizer/BioNTech,5312830
France,3/11/2021,Moderna,331290
France,3/11/2021,Oxford/AstraZeneca,1100049
France,3/11/2021,Pfizer/BioNTech,5470116
France,3/12/2021,Moderna,347182
France,3/12/2021,Oxford/AstraZeneca,1281584
France,3/12/2021,Pfizer/BioNTech,5617717
France,3/13/2021,Moderna,359566
France,3/13/2021,Oxford/AstraZeneca,1412844
France,3/13/2021,Pfizer/BioNTech,5718327
France,3/14/2021,Moderna,364721
France,3/14/2021,Oxford/AstraZeneca,1426650
France,3/14/2021,Pfizer/BioNTech,5765110
France,3/15/2021,Moderna,378857
France,3/15/2021,Oxford/AstraZeneca,1478207
France,3/15/2021,Pfizer/BioNTech,5888298
France,3/16/2021,Moderna,399935
France,3/16/2021,Oxford/AstraZeneca,1479161
France,3/16/2021,Pfizer/BioNTech,6045311
France,3/17/2021,Moderna,423787
France,3/17/2021,Oxford/AstraZeneca,1479840
France,3/17/2021,Pfizer/BioNTech,6207889
France,3/18/2021,Moderna,451657
France,3/18/2021,Oxford/AstraZeneca,1481075
France,3/18/2021,Pfizer/BioNTech,6388845
France,3/19/2021,Moderna,479081
France,3/19/2021,Oxford/AstraZeneca,1550921
France,3/19/2021,Pfizer/BioNTech,6556250
France,3/20/2021,Moderna,505768
France,3/20/2021,Oxford/AstraZeneca,1615646
France,3/20/2021,Pfizer/BioNTech,6641542
France,3/21/2021,Moderna,523389
France,3/21/2021,Oxford/AstraZeneca,1621170
France,3/21/2021,Pfizer/BioNTech,6669796
France,3/22/2021,Moderna,543867
France,3/22/2021,Oxford/AstraZeneca,1658131
France,3/22/2021,Pfizer/BioNTech,6814085
France,3/23/2021,Moderna,570320
France,3/23/2021,Oxford/AstraZeneca,1742012
France,3/23/2021,Pfizer/BioNTech,6993420
France,3/24/2021,Moderna,598861
France,3/24/2021,Oxford/AstraZeneca,1832299
France,3/24/2021,Pfizer/BioNTech,7172269
France,3/25/2021,Moderna,630163
France,3/25/2021,Oxford/AstraZeneca,1981542
France,3/25/2021,Pfizer/BioNTech,7374870
France,3/26/2021,Moderna,661017
France,3/26/2021,Oxford/AstraZeneca,2146232
France,3/26/2021,Pfizer/BioNTech,7576838
France,3/27/2021,Moderna,677965
France,3/27/2021,Oxford/AstraZeneca,2214126
France,3/27/2021,Pfizer/BioNTech,7702063
France,3/28/2021,Moderna,688454
France,3/28/2021,Oxford/AstraZeneca,2220394
France,3/28/2021,Pfizer/BioNTech,7747427
France,3/29/2021,Moderna,711385
France,3/29/2021,Oxford/AstraZeneca,2274011
France,3/29/2021,Pfizer/BioNTech,7925846
France,3/30/2021,Moderna,741563
France,3/30/2021,Oxford/AstraZeneca,2366453
France,3/30/2021,Pfizer/BioNTech,8155238
France,3/31/2021,Moderna,775647
France,3/31/2021,Oxford/AstraZeneca,2429273
France,3/31/2021,Pfizer/BioNTech,8391186
France,4/1/2021,Moderna,818131
France,4/1/2021,Oxford/AstraZeneca,2514531
France,4/1/2021,Pfizer/BioNTech,8661864
France,4/2/2021,Moderna,855353
France,4/2/2021,Oxford/AstraZeneca,2600795
France,4/2/2021,Pfizer/BioNTech,8908636
France,4/3/2021,Moderna,875663
France,4/3/2021,Oxford/AstraZeneca,2636264
France,4/3/2021,Pfizer/BioNTech,9054030
France,4/4/2021,Moderna,885742
France,4/4/2021,Oxford/AstraZeneca,2639675
France,4/4/2021,Pfizer/BioNTech,9104105
France,4/5/2021,Moderna,898675
France,4/5/2021,Oxford/AstraZeneca,2643945
France,4/5/2021,Pfizer/BioNTech,9156719
France,4/6/2021,Moderna,932377
France,4/6/2021,Oxford/AstraZeneca,2673099
France,4/6/2021,Pfizer/BioNTech,9415443
France,4/7/2021,Moderna,970134
France,4/7/2021,Oxford/AstraZeneca,2704807
France,4/7/2021,Pfizer/BioNTech,9718025
France,4/8/2021,Moderna,1015451
France,4/8/2021,Oxford/AstraZeneca,2782828
France,4/8/2021,Pfizer/BioNTech,10049322
France,4/9/2021,Moderna,1057451
France,4/9/2021,Oxford/AstraZeneca,2943619
France,4/9/2021,Pfizer/BioNTech,10368568
France,4/10/2021,Moderna,1085870
France,4/10/2021,Oxford/AstraZeneca,3018746
France,4/10/2021,Pfizer/BioNTech,10558028
France,4/11/2021,Moderna,1097958
France,4/11/2021,Oxford/AstraZeneca,3025841
France,4/11/2021,Pfizer/BioNTech,10628361
France,4/12/2021,Moderna,1126020
France,4/12/2021,Oxford/AstraZeneca,3076715
France,4/12/2021,Pfizer/BioNTech,10898690
France,4/13/2021,Moderna,1161558
France,4/13/2021,Oxford/AstraZeneca,3162285
France,4/13/2021,Pfizer/BioNTech,11228106
France,4/14/2021,Moderna,1195515
France,4/14/2021,Oxford/AstraZeneca,3229338
France,4/14/2021,Pfizer/BioNTech,11556453
France,4/15/2021,Moderna,1238129
France,4/15/2021,Oxford/AstraZeneca,3321609
France,4/15/2021,Pfizer/BioNTech,11901549
France,4/16/2021,Moderna,1278600
France,4/16/2021,Oxford/AstraZeneca,3433450
France,4/16/2021,Pfizer/BioNTech,12230567
France,4/17/2021,Moderna,1314120
France,4/17/2021,Oxford/AstraZeneca,3486187
France,4/17/2021,Pfizer/BioNTech,12419021
France,4/18/2021,Moderna,1334310
France,4/18/2021,Oxford/AstraZeneca,3495659
France,4/18/2021,Pfizer/BioNTech,12475242
France,4/19/2021,Moderna,1367056
France,4/19/2021,Oxford/AstraZeneca,3520387
France,4/19/2021,Pfizer/BioNTech,12759076
France,4/20/2021,Moderna,1407647
France,4/20/2021,Oxford/AstraZeneca,3565638
France,4/20/2021,Pfizer/BioNTech,13095009
France,4/21/2021,Moderna,1449103
France,4/21/2021,Oxford/AstraZeneca,3604152
France,4/21/2021,Pfizer/BioNTech,13433405
France,4/22/2021,Moderna,1497382
France,4/22/2021,Oxford/AstraZeneca,3658703
France,4/22/2021,Pfizer/BioNTech,13802447
France,4/23/2021,Johnson&Johnson,796
France,4/23/2021,Moderna,1546951
France,4/23/2021,Oxford/AstraZeneca,3729238
France,4/23/2021,Pfizer/BioNTech,14156059
France,4/24/2021,Johnson&Johnson,2348
France,4/24/2021,Moderna,1587170
France,4/24/2021,Oxford/AstraZeneca,3766753
France,4/24/2021,Pfizer/BioNTech,14376580
France,4/25/2021,Johnson&Johnson,2465
France,4/25/2021,Moderna,1605254
France,4/25/2021,Oxford/AstraZeneca,3772819
France,4/25/2021,Pfizer/BioNTech,14459602
France,4/26/2021,Johnson&Johnson,5296
France,4/26/2021,Moderna,1639357
France,4/26/2021,Oxford/AstraZeneca,3792594
France,4/26/2021,Pfizer/BioNTech,14777123
France,4/27/2021,Johnson&Johnson,14687
France,4/27/2021,Moderna,1682687
France,4/27/2021,Oxford/AstraZeneca,3827564
France,4/27/2021,Pfizer/BioNTech,15158161
France,4/28/2021,Johnson&Johnson,24467
France,4/28/2021,Moderna,1730907
France,4/28/2021,Oxford/AstraZeneca,3857774
France,4/28/2021,Pfizer/BioNTech,15549430
France,4/29/2021,Johnson&Johnson,40360
France,4/29/2021,Moderna,1786250
France,4/29/2021,Oxford/AstraZeneca,3908310
France,4/29/2021,Pfizer/BioNTech,15977070
France,4/30/2021,Johnson&Johnson,59452
France,4/30/2021,Moderna,1839368
France,4/30/2021,Oxford/AstraZeneca,3971853
France,4/30/2021,Pfizer/BioNTech,16394541
France,5/1/2021,Johnson&Johnson,61354
France,5/1/2021,Moderna,1864028
France,5/1/2021,Oxford/AstraZeneca,3983004
France,5/1/2021,Pfizer/BioNTech,16573459
France,5/2/2021,Johnson&Johnson,61794
France,5/2/2021,Moderna,1879731
France,5/2/2021,Oxford/AstraZeneca,3986302
France,5/2/2021,Pfizer/BioNTech,16682063
France,5/3/2021,Johnson&Johnson,66723
France,5/3/2021,Moderna,1918697
France,5/3/2021,Oxford/AstraZeneca,4002715
France,5/3/2021,Pfizer/BioNTech,17075798
France,5/4/2021,Johnson&Johnson,74980
France,5/4/2021,Moderna,1965797
France,5/4/2021,Oxford/AstraZeneca,4033630
France,5/4/2021,Pfizer/BioNTech,17525186
France,5/5/2021,Johnson&Johnson,80995
France,5/5/2021,Moderna,2013208
France,5/5/2021,Oxford/AstraZeneca,4062261
France,5/5/2021,Pfizer/BioNTech,17988864
France,5/6/2021,Johnson&Johnson,92263
France,5/6/2021,Moderna,2071728
France,5/6/2021,Oxford/AstraZeneca,4117047
France,5/6/2021,Pfizer/BioNTech,18477485
France,5/7/2021,Johnson&Johnson,111177
France,5/7/2021,Moderna,2129846
France,5/7/2021,Oxford/AstraZeneca,4188845
France,5/7/2021,Pfizer/BioNTech,18953946
France,5/8/2021,Johnson&Johnson,113442
France,5/8/2021,Moderna,2160488
France,5/8/2021,Oxford/AstraZeneca,4204104
France,5/8/2021,Pfizer/BioNTech,19190728
France,5/9/2021,Johnson&Johnson,114073
France,5/9/2021,Moderna,2181376
France,5/9/2021,Oxford/AstraZeneca,4208324
France,5/9/2021,Pfizer/BioNTech,19339891
France,5/10/2021,Johnson&Johnson,121175
France,5/10/2021,Moderna,2235931
France,5/10/2021,Oxford/AstraZeneca,4235319
France,5/10/2021,Pfizer/BioNTech,19786317
France,5/11/2021,Johnson&Johnson,135306
France,5/11/2021,Moderna,2300043
France,5/11/2021,Oxford/AstraZeneca,4287460
France,5/11/2021,Pfizer/BioNTech,20311695
France,5/12/2021,Johnson&Johnson,145276
France,5/12/2021,Moderna,2368946
France,5/12/2021,Oxford/AstraZeneca,4331625
France,5/12/2021,Pfizer/BioNTech,20846206
France,5/13/2021,Johnson&Johnson,146719
France,5/13/2021,Moderna,2425249
France,5/13/2021,Oxford/AstraZeneca,4337106
France,5/13/2021,Pfizer/BioNTech,21171801
France,5/14/2021,Johnson&Johnson,154324
France,5/14/2021,Moderna,2498697
France,5/14/2021,Oxford/AstraZeneca,4376913
France,5/14/2021,Pfizer/BioNTech,21664979
France,5/15/2021,Johnson&Johnson,157921
France,5/15/2021,Moderna,2571075
France,5/15/2021,Oxford/AstraZeneca,4404562
France,5/15/2021,Pfizer/BioNTech,22023213
France,5/16/2021,Johnson&Johnson,158281
France,5/16/2021,Moderna,2616635
France,5/16/2021,Oxford/AstraZeneca,4408053
France,5/16/2021,Pfizer/BioNTech,22194263
France,5/17/2021,Johnson&Johnson,162630
France,5/17/2021,Moderna,2673334
France,5/17/2021,Oxford/AstraZeneca,4435477
France,5/17/2021,Pfizer/BioNTech,22624772
France,5/18/2021,Johnson&Johnson,171224
France,5/18/2021,Moderna,2739058
France,5/18/2021,Oxford/AstraZeneca,4478024
France,5/18/2021,Pfizer/BioNTech,23110165
France,5/19/2021,Johnson&Johnson,176748
France,5/19/2021,Moderna,2805961
France,5/19/2021,Oxford/AstraZeneca,4518693
France,5/19/2021,Pfizer/BioNTech,23601613
France,5/20/2021,Johnson&Johnson,185973
France,5/20/2021,Moderna,2879337
France,5/20/2021,Oxford/AstraZeneca,4584204
France,5/20/2021,Pfizer/BioNTech,24111425
France,5/21/2021,Johnson&Johnson,198517
France,5/21/2021,Moderna,2954249
France,5/21/2021,Oxford/AstraZeneca,4661987
France,5/21/2021,Pfizer/BioNTech,24601412
France,5/22/2021,Johnson&Johnson,203458
France,5/22/2021,Moderna,3019531
France,5/22/2021,Oxford/AstraZeneca,4699960
France,5/22/2021,Pfizer/BioNTech,24915274
France,5/23/2021,Johnson&Johnson,203884
France,5/23/2021,Moderna,3057040
France,5/23/2021,Oxford/AstraZeneca,4703162
France,5/23/2021,Pfizer/BioNTech,25047635
France,5/24/2021,Johnson&Johnson,204825
France,5/24/2021,Moderna,3075901
France,5/24/2021,Oxford/AstraZeneca,4708666
France,5/24/2021,Pfizer/BioNTech,25313066
France,5/25/2021,Johnson&Johnson,212237
France,5/25/2021,Moderna,3108669
France,5/25/2021,Oxford/AstraZeneca,4758840
France,5/25/2021,Pfizer/BioNTech,25803906
France,5/26/2021,Johnson&Johnson,219803
France,5/26/2021,Moderna,3139195
France,5/26/2021,Oxford/AstraZeneca,4814457
France,5/26/2021,Pfizer/BioNTech,26300285
France,5/27/2021,Johnson&Johnson,233934
France,5/27/2021,Moderna,3174302
France,5/27/2021,Oxford/AstraZeneca,4898246
France,5/27/2021,Pfizer/BioNTech,26827819
France,5/28/2021,Johnson&Johnson,260260
France,5/28/2021,Moderna,3218043
France,5/28/2021,Oxford/AstraZeneca,5004488
France,5/28/2021,Pfizer/BioNTech,27333222
France,5/29/2021,Johnson&Johnson,271410
France,5/29/2021,Moderna,3256194
France,5/29/2021,Oxford/AstraZeneca,5067843
France,5/29/2021,Pfizer/BioNTech,27664702
France,5/30/2021,Johnson&Johnson,272270
France,5/30/2021,Moderna,3262478
France,5/30/2021,Oxford/AstraZeneca,5076466
France,5/30/2021,Pfizer/BioNTech,27786399
France,5/31/2021,Johnson&Johnson,284719
France,5/31/2021,Moderna,3309270
France,5/31/2021,Oxford/AstraZeneca,5114527
France,5/31/2021,Pfizer/BioNTech,28244557
France,6/1/2021,Johnson&Johnson,304574
France,6/1/2021,Moderna,3373668
France,6/1/2021,Oxford/AstraZeneca,5182319
France,6/1/2021,Pfizer/BioNTech,28757589
France,6/2/2021,Johnson&Johnson,318811
France,6/2/2021,Moderna,3429444
France,6/2/2021,Oxford/AstraZeneca,5243036
France,6/2/2021,Pfizer/BioNTech,29258830
France,6/3/2021,Johnson&Johnson,337975
France,6/3/2021,Moderna,3503118
France,6/3/2021,Oxford/AstraZeneca,5333807
France,6/3/2021,Pfizer/BioNTech,29785063
France,6/4/2021,Johnson&Johnson,360103
France,6/4/2021,Moderna,3591615
France,6/4/2021,Oxford/AstraZeneca,5442784
France,6/4/2021,Pfizer/BioNTech,30312381
France,6/5/2021,Johnson&Johnson,369576
France,6/5/2021,Moderna,3649480
France,6/5/2021,Oxford/AstraZeneca,5496799
France,6/5/2021,Pfizer/BioNTech,30678434
France,6/6/2021,Johnson&Johnson,370493
France,6/6/2021,Moderna,3660413
France,6/6/2021,Oxford/AstraZeneca,5502462
France,6/6/2021,Pfizer/BioNTech,30839186
France,6/7/2021,Johnson&Johnson,379404
France,6/7/2021,Moderna,3711009
France,6/7/2021,Oxford/AstraZeneca,5534747
France,6/7/2021,Pfizer/BioNTech,31338271
France,6/8/2021,Johnson&Johnson,393694
France,6/8/2021,Moderna,3780077
France,6/8/2021,Oxford/AstraZeneca,5584856
France,6/8/2021,Pfizer/BioNTech,31887067
France,6/9/2021,Johnson&Johnson,405630
France,6/9/2021,Moderna,3834597
France,6/9/2021,Oxford/AstraZeneca,5628705
France,6/9/2021,Pfizer/BioNTech,32426597
France,6/10/2021,Johnson&Johnson,420598
France,6/10/2021,Moderna,3894797
France,6/10/2021,Oxford/AstraZeneca,5698590
France,6/10/2021,Pfizer/BioNTech,32956846
France,6/11/2021,Johnson&Johnson,437205
France,6/11/2021,Moderna,3974237
France,6/11/2021,Oxford/AstraZeneca,5797610
France,6/11/2021,Pfizer/BioNTech,33494212
France,6/12/2021,Johnson&Johnson,444415
France,6/12/2021,Moderna,4023796
France,6/12/2021,Oxford/AstraZeneca,5839454
France,6/12/2021,Pfizer/BioNTech,33883074
France,6/13/2021,Johnson&Johnson,445237
France,6/13/2021,Moderna,4036086
France,6/13/2021,Oxford/AstraZeneca,5843415
France,6/13/2021,Pfizer/BioNTech,34041668
France,6/14/2021,Johnson&Johnson,451639
France,6/14/2021,Moderna,4084855
France,6/14/2021,Oxford/AstraZeneca,5886831
France,6/14/2021,Pfizer/BioNTech,34529020
France,6/15/2021,Johnson&Johnson,462180
France,6/15/2021,Moderna,4145760
France,6/15/2021,Oxford/AstraZeneca,5968701
France,6/15/2021,Pfizer/BioNTech,35056212
France,6/16/2021,Johnson&Johnson,470709
France,6/16/2021,Moderna,4196636
France,6/16/2021,Oxford/AstraZeneca,6035509
France,6/16/2021,Pfizer/BioNTech,35590676
France,6/17/2021,Johnson&Johnson,481182
France,6/17/2021,Moderna,4258393
France,6/17/2021,Oxford/AstraZeneca,6138802
France,6/17/2021,Pfizer/BioNTech,36093898
France,6/18/2021,Johnson&Johnson,493027
France,6/18/2021,Moderna,4332456
France,6/18/2021,Oxford/AstraZeneca,6258409
France,6/18/2021,Pfizer/BioNTech,36638468
France,6/19/2021,Johnson&Johnson,498205
France,6/19/2021,Moderna,4380807
France,6/19/2021,Oxford/AstraZeneca,6298501
France,6/19/2021,Pfizer/BioNTech,37035784
Germany,12/27/2020,Johnson&Johnson,0
Germany,12/27/2020,Moderna,2
Germany,12/27/2020,Oxford/AstraZeneca,0
Germany,12/27/2020,Pfizer/BioNTech,23322
Germany,12/28/2020,Johnson&Johnson,0
Germany,12/28/2020,Moderna,2
Germany,12/28/2020,Oxford/AstraZeneca,0
Germany,12/28/2020,Pfizer/BioNTech,41097
Germany,12/29/2020,Johnson&Johnson,0
Germany,12/29/2020,Moderna,2
Germany,12/29/2020,Oxford/AstraZeneca,0
Germany,12/29/2020,Pfizer/BioNTech,90865
Germany,12/30/2020,Johnson&Johnson,0
Germany,12/30/2020,Moderna,2
Germany,12/30/2020,Oxford/AstraZeneca,0
Germany,12/30/2020,Pfizer/BioNTech,152620
Germany,12/31/2020,Johnson&Johnson,0
Germany,12/31/2020,Moderna,2
Germany,12/31/2020,Oxford/AstraZeneca,0
Germany,12/31/2020,Pfizer/BioNTech,202776
Germany,1/1/2021,Johnson&Johnson,0
Germany,1/1/2021,Moderna,7
Germany,1/1/2021,Oxford/AstraZeneca,3
Germany,1/1/2021,Pfizer/BioNTech,228514
Germany,1/2/2021,Johnson&Johnson,0
Germany,1/2/2021,Moderna,7
Germany,1/2/2021,Oxford/AstraZeneca,3
Germany,1/2/2021,Pfizer/BioNTech,276154
Germany,1/3/2021,Johnson&Johnson,0
Germany,1/3/2021,Moderna,7
Germany,1/3/2021,Oxford/AstraZeneca,3
Germany,1/3/2021,Pfizer/BioNTech,298335
Germany,1/4/2021,Johnson&Johnson,0
Germany,1/4/2021,Moderna,8
Germany,1/4/2021,Oxford/AstraZeneca,3
Germany,1/4/2021,Pfizer/BioNTech,344907
Germany,1/5/2021,Johnson&Johnson,0
Germany,1/5/2021,Moderna,9
Germany,1/5/2021,Oxford/AstraZeneca,3
Germany,1/5/2021,Pfizer/BioNTech,396759
Germany,1/6/2021,Johnson&Johnson,0
Germany,1/6/2021,Moderna,15
Germany,1/6/2021,Oxford/AstraZeneca,5
Germany,1/6/2021,Pfizer/BioNTech,458926
Germany,1/7/2021,Johnson&Johnson,0
Germany,1/7/2021,Moderna,18
Germany,1/7/2021,Oxford/AstraZeneca,6
Germany,1/7/2021,Pfizer/BioNTech,513068
Germany,1/8/2021,Johnson&Johnson,0
Germany,1/8/2021,Moderna,67
Germany,1/8/2021,Oxford/AstraZeneca,7
Germany,1/8/2021,Pfizer/BioNTech,574839
Germany,1/9/2021,Johnson&Johnson,0
Germany,1/9/2021,Moderna,67
Germany,1/9/2021,Oxford/AstraZeneca,7
Germany,1/9/2021,Pfizer/BioNTech,634334
Germany,1/10/2021,Johnson&Johnson,0
Germany,1/10/2021,Moderna,69
Germany,1/10/2021,Oxford/AstraZeneca,7
Germany,1/10/2021,Pfizer/BioNTech,668990
Germany,1/11/2021,Johnson&Johnson,0
Germany,1/11/2021,Moderna,72
Germany,1/11/2021,Oxford/AstraZeneca,7
Germany,1/11/2021,Pfizer/BioNTech,736115
Germany,1/12/2021,Johnson&Johnson,0
Germany,1/12/2021,Moderna,87
Germany,1/12/2021,Oxford/AstraZeneca,8
Germany,1/12/2021,Pfizer/BioNTech,816845
Germany,1/13/2021,Johnson&Johnson,0
Germany,1/13/2021,Moderna,1258
Germany,1/13/2021,Oxford/AstraZeneca,8
Germany,1/13/2021,Pfizer/BioNTech,927292
Germany,1/14/2021,Johnson&Johnson,0
Germany,1/14/2021,Moderna,6399
Germany,1/14/2021,Oxford/AstraZeneca,8
Germany,1/14/2021,Pfizer/BioNTech,1004191
Germany,1/15/2021,Johnson&Johnson,0
Germany,1/15/2021,Moderna,11662
Germany,1/15/2021,Oxford/AstraZeneca,13
Germany,1/15/2021,Pfizer/BioNTech,1088947
Germany,1/16/2021,Johnson&Johnson,0
Germany,1/16/2021,Moderna,13342
Germany,1/16/2021,Oxford/AstraZeneca,14
Germany,1/16/2021,Pfizer/BioNTech,1144320
Germany,1/17/2021,Johnson&Johnson,0
Germany,1/17/2021,Moderna,14603
Germany,1/17/2021,Oxford/AstraZeneca,15
Germany,1/17/2021,Pfizer/BioNTech,1191389
Germany,1/18/2021,Johnson&Johnson,0
Germany,1/18/2021,Moderna,18755
Germany,1/18/2021,Oxford/AstraZeneca,16
Germany,1/18/2021,Pfizer/BioNTech,1269314
Germany,1/19/2021,Johnson&Johnson,0
Germany,1/19/2021,Moderna,22417
Germany,1/19/2021,Oxford/AstraZeneca,24
Germany,1/19/2021,Pfizer/BioNTech,1384098
Germany,1/20/2021,Johnson&Johnson,0
Germany,1/20/2021,Moderna,25157
Germany,1/20/2021,Oxford/AstraZeneca,27
Germany,1/20/2021,Pfizer/BioNTech,1513464
Germany,1/21/2021,Johnson&Johnson,0
Germany,1/21/2021,Moderna,27895
Germany,1/21/2021,Oxford/AstraZeneca,27
Germany,1/21/2021,Pfizer/BioNTech,1616842
Germany,1/22/2021,Johnson&Johnson,0
Germany,1/22/2021,Moderna,30079
Germany,1/22/2021,Oxford/AstraZeneca,34
Germany,1/22/2021,Pfizer/BioNTech,1717486
Germany,1/23/2021,Johnson&Johnson,0
Germany,1/23/2021,Moderna,30437
Germany,1/23/2021,Oxford/AstraZeneca,37
Germany,1/23/2021,Pfizer/BioNTech,1803741
Germany,1/24/2021,Johnson&Johnson,0
Germany,1/24/2021,Moderna,30632
Germany,1/24/2021,Oxford/AstraZeneca,41
Germany,1/24/2021,Pfizer/BioNTech,1851270
Germany,1/25/2021,Johnson&Johnson,0
Germany,1/25/2021,Moderna,32044
Germany,1/25/2021,Oxford/AstraZeneca,44
Germany,1/25/2021,Pfizer/BioNTech,1941039
Germany,1/26/2021,Johnson&Johnson,0
Germany,1/26/2021,Moderna,33480
Germany,1/26/2021,Oxford/AstraZeneca,51
Germany,1/26/2021,Pfizer/BioNTech,2037072
Germany,1/27/2021,Johnson&Johnson,0
Germany,1/27/2021,Moderna,35266
Germany,1/27/2021,Oxford/AstraZeneca,59
Germany,1/27/2021,Pfizer/BioNTech,2143928
Germany,1/28/2021,Johnson&Johnson,0
Germany,1/28/2021,Moderna,36920
Germany,1/28/2021,Oxford/AstraZeneca,62
Germany,1/28/2021,Pfizer/BioNTech,2232778
Germany,1/29/2021,Johnson&Johnson,0
Germany,1/29/2021,Moderna,38361
Germany,1/29/2021,Oxford/AstraZeneca,67
Germany,1/29/2021,Pfizer/BioNTech,2339962
Germany,1/30/2021,Johnson&Johnson,0
Germany,1/30/2021,Moderna,39235
Germany,1/30/2021,Oxford/AstraZeneca,70
Germany,1/30/2021,Pfizer/BioNTech,2427436
Germany,1/31/2021,Johnson&Johnson,0
Germany,1/31/2021,Moderna,39612
Germany,1/31/2021,Oxford/AstraZeneca,74
Germany,1/31/2021,Pfizer/BioNTech,2484223
Germany,2/1/2021,Johnson&Johnson,0
Germany,2/1/2021,Moderna,41820
Germany,2/1/2021,Oxford/AstraZeneca,125
Germany,2/1/2021,Pfizer/BioNTech,2601497
Germany,2/2/2021,Johnson&Johnson,0
Germany,2/2/2021,Moderna,44840
Germany,2/2/2021,Oxford/AstraZeneca,138
Germany,2/2/2021,Pfizer/BioNTech,2729133
Germany,2/3/2021,Johnson&Johnson,1
Germany,2/3/2021,Moderna,51138
Germany,2/3/2021,Oxford/AstraZeneca,162
Germany,2/3/2021,Pfizer/BioNTech,2881948
Germany,2/4/2021,Johnson&Johnson,1
Germany,2/4/2021,Moderna,56829
Germany,2/4/2021,Oxford/AstraZeneca,166
Germany,2/4/2021,Pfizer/BioNTech,3006669
Germany,2/5/2021,Johnson&Johnson,1
Germany,2/5/2021,Moderna,63108
Germany,2/5/2021,Oxford/AstraZeneca,174
Germany,2/5/2021,Pfizer/BioNTech,3144726
Germany,2/6/2021,Johnson&Johnson,1
Germany,2/6/2021,Moderna,65637
Germany,2/6/2021,Oxford/AstraZeneca,175
Germany,2/6/2021,Pfizer/BioNTech,3242634
Germany,2/7/2021,Johnson&Johnson,1
Germany,2/7/2021,Moderna,68031
Germany,2/7/2021,Oxford/AstraZeneca,177
Germany,2/7/2021,Pfizer/BioNTech,3293631
Germany,2/8/2021,Johnson&Johnson,1
Germany,2/8/2021,Moderna,72115
Germany,2/8/2021,Oxford/AstraZeneca,202
Germany,2/8/2021,Pfizer/BioNTech,3398782
Germany,2/9/2021,Johnson&Johnson,1
Germany,2/9/2021,Moderna,75749
Germany,2/9/2021,Oxford/AstraZeneca,315
Germany,2/9/2021,Pfizer/BioNTech,3528690
Germany,2/10/2021,Johnson&Johnson,1
Germany,2/10/2021,Moderna,79844
Germany,2/10/2021,Oxford/AstraZeneca,8250
Germany,2/10/2021,Pfizer/BioNTech,3670128
Germany,2/11/2021,Johnson&Johnson,3
Germany,2/11/2021,Moderna,87158
Germany,2/11/2021,Oxford/AstraZeneca,23501
Germany,2/11/2021,Pfizer/BioNTech,3788978
Germany,2/12/2021,Johnson&Johnson,6
Germany,2/12/2021,Moderna,96526
Germany,2/12/2021,Oxford/AstraZeneca,36779
Germany,2/12/2021,Pfizer/BioNTech,3921538
Germany,2/13/2021,Johnson&Johnson,7
Germany,2/13/2021,Moderna,99736
Germany,2/13/2021,Oxford/AstraZeneca,49966
Germany,2/13/2021,Pfizer/BioNTech,4012326
Germany,2/14/2021,Johnson&Johnson,8
Germany,2/14/2021,Moderna,102209
Germany,2/14/2021,Oxford/AstraZeneca,57244
Germany,2/14/2021,Pfizer/BioNTech,4067986
Germany,2/15/2021,Johnson&Johnson,9
Germany,2/15/2021,Moderna,107363
Germany,2/15/2021,Oxford/AstraZeneca,72039
Germany,2/15/2021,Pfizer/BioNTech,4172546
Germany,2/16/2021,Johnson&Johnson,10
Germany,2/16/2021,Moderna,113385
Germany,2/16/2021,Oxford/AstraZeneca,95835
Germany,2/16/2021,Pfizer/BioNTech,4280543
Germany,2/17/2021,Johnson&Johnson,11
Germany,2/17/2021,Moderna,121356
Germany,2/17/2021,Oxford/AstraZeneca,115924
Germany,2/17/2021,Pfizer/BioNTech,4402563
Germany,2/18/2021,Johnson&Johnson,12
Germany,2/18/2021,Moderna,129489
Germany,2/18/2021,Oxford/AstraZeneca,139065
Germany,2/18/2021,Pfizer/BioNTech,4512988
Germany,2/19/2021,Johnson&Johnson,13
Germany,2/19/2021,Moderna,139298
Germany,2/19/2021,Oxford/AstraZeneca,164591
Germany,2/19/2021,Pfizer/BioNTech,4632148
Germany,2/20/2021,Johnson&Johnson,14
Germany,2/20/2021,Moderna,143804
Germany,2/20/2021,Oxford/AstraZeneca,186103
Germany,2/20/2021,Pfizer/BioNTech,4717979
Germany,2/21/2021,Johnson&Johnson,15
Germany,2/21/2021,Moderna,147451
Germany,2/21/2021,Oxford/AstraZeneca,201906
Germany,2/21/2021,Pfizer/BioNTech,4784361
Germany,2/22/2021,Johnson&Johnson,16
Germany,2/22/2021,Moderna,156312
Germany,2/22/2021,Oxford/AstraZeneca,227135
Germany,2/22/2021,Pfizer/BioNTech,4908697
Germany,2/23/2021,Johnson&Johnson,17
Germany,2/23/2021,Moderna,163336
Germany,2/23/2021,Oxford/AstraZeneca,254599
Germany,2/23/2021,Pfizer/BioNTech,5040641
Germany,2/24/2021,Johnson&Johnson,18
Germany,2/24/2021,Moderna,170922
Germany,2/24/2021,Oxford/AstraZeneca,290202
Germany,2/24/2021,Pfizer/BioNTech,5170997
Germany,2/25/2021,Johnson&Johnson,18
Germany,2/25/2021,Moderna,177628
Germany,2/25/2021,Oxford/AstraZeneca,342030
Germany,2/25/2021,Pfizer/BioNTech,5300772
Germany,2/26/2021,Johnson&Johnson,18
Germany,2/26/2021,Moderna,186370
Germany,2/26/2021,Oxford/AstraZeneca,402825
Germany,2/26/2021,Pfizer/BioNTech,5439908
Germany,2/27/2021,Johnson&Johnson,18
Germany,2/27/2021,Moderna,190446
Germany,2/27/2021,Oxford/AstraZeneca,453846
Germany,2/27/2021,Pfizer/BioNTech,5532126
Germany,2/28/2021,Johnson&Johnson,18
Germany,2/28/2021,Moderna,194391
Germany,2/28/2021,Oxford/AstraZeneca,495778
Germany,2/28/2021,Pfizer/BioNTech,5593348
Germany,3/1/2021,Johnson&Johnson,18
Germany,3/1/2021,Moderna,203945
Germany,3/1/2021,Oxford/AstraZeneca,553033
Germany,3/1/2021,Pfizer/BioNTech,5722289
Germany,3/2/2021,Johnson&Johnson,18
Germany,3/2/2021,Moderna,213886
Germany,3/2/2021,Oxford/AstraZeneca,620503
Germany,3/2/2021,Pfizer/BioNTech,5857827
Germany,3/3/2021,Johnson&Johnson,18
Germany,3/3/2021,Moderna,228256
Germany,3/3/2021,Oxford/AstraZeneca,692904
Germany,3/3/2021,Pfizer/BioNTech,6014133
Germany,3/4/2021,Johnson&Johnson,18
Germany,3/4/2021,Moderna,242609
Germany,3/4/2021,Oxford/AstraZeneca,780361
Germany,3/4/2021,Pfizer/BioNTech,6154820
Germany,3/5/2021,Johnson&Johnson,19
Germany,3/5/2021,Moderna,255771
Germany,3/5/2021,Oxford/AstraZeneca,890313
Germany,3/5/2021,Pfizer/BioNTech,6302320
Germany,3/6/2021,Johnson&Johnson,19
Germany,3/6/2021,Moderna,264243
Germany,3/6/2021,Oxford/AstraZeneca,973924
Germany,3/6/2021,Pfizer/BioNTech,6411902
Germany,3/7/2021,Johnson&Johnson,19
Germany,3/7/2021,Moderna,271013
Germany,3/7/2021,Oxford/AstraZeneca,1035665
Germany,3/7/2021,Pfizer/BioNTech,6493837
Germany,3/8/2021,Johnson&Johnson,19
Germany,3/8/2021,Moderna,281956
Germany,3/8/2021,Oxford/AstraZeneca,1127786
Germany,3/8/2021,Pfizer/BioNTech,6627887
Germany,3/9/2021,Johnson&Johnson,19
Germany,3/9/2021,Moderna,294600
Germany,3/9/2021,Oxford/AstraZeneca,1225582
Germany,3/9/2021,Pfizer/BioNTech,6767698
Germany,3/10/2021,Johnson&Johnson,19
Germany,3/10/2021,Moderna,306208
Germany,3/10/2021,Oxford/AstraZeneca,1340445
Germany,3/10/2021,Pfizer/BioNTech,6926121
Germany,3/11/2021,Johnson&Johnson,19
Germany,3/11/2021,Moderna,319810
Germany,3/11/2021,Oxford/AstraZeneca,1460704
Germany,3/11/2021,Pfizer/BioNTech,7073995
Germany,3/12/2021,Johnson&Johnson,19
Germany,3/12/2021,Moderna,336985
Germany,3/12/2021,Oxford/AstraZeneca,1617034
Germany,3/12/2021,Pfizer/BioNTech,7225202
Germany,3/13/2021,Johnson&Johnson,19
Germany,3/13/2021,Moderna,346644
Germany,3/13/2021,Oxford/AstraZeneca,1740165
Germany,3/13/2021,Pfizer/BioNTech,7340186
Germany,3/14/2021,Johnson&Johnson,19
Germany,3/14/2021,Moderna,351795
Germany,3/14/2021,Oxford/AstraZeneca,1817077
Germany,3/14/2021,Pfizer/BioNTech,7429164
Germany,3/15/2021,Johnson&Johnson,19
Germany,3/15/2021,Moderna,364268
Germany,3/15/2021,Oxford/AstraZeneca,1899103
Germany,3/15/2021,Pfizer/BioNTech,7581430
Germany,3/16/2021,Johnson&Johnson,19
Germany,3/16/2021,Moderna,375360
Germany,3/16/2021,Oxford/AstraZeneca,1900107
Germany,3/16/2021,Pfizer/BioNTech,7746789
Germany,3/17/2021,Johnson&Johnson,19
Germany,3/17/2021,Moderna,393300
Germany,3/17/2021,Oxford/AstraZeneca,1900845
Germany,3/17/2021,Pfizer/BioNTech,7932202
Germany,3/18/2021,Johnson&Johnson,19
Germany,3/18/2021,Moderna,411329
Germany,3/18/2021,Oxford/AstraZeneca,1901995
Germany,3/18/2021,Pfizer/BioNTech,8105596
Germany,3/19/2021,Johnson&Johnson,19
Germany,3/19/2021,Moderna,431843
Germany,3/19/2021,Oxford/AstraZeneca,1940638
Germany,3/19/2021,Pfizer/BioNTech,8289876
Germany,3/20/2021,Johnson&Johnson,19
Germany,3/20/2021,Moderna,447116
Germany,3/20/2021,Oxford/AstraZeneca,2010376
Germany,3/20/2021,Pfizer/BioNTech,8425168
Germany,3/21/2021,Johnson&Johnson,19
Germany,3/21/2021,Moderna,456568
Germany,3/21/2021,Oxford/AstraZeneca,2063761
Germany,3/21/2021,Pfizer/BioNTech,8528258
Germany,3/22/2021,Johnson&Johnson,19
Germany,3/22/2021,Moderna,480276
Germany,3/22/2021,Oxford/AstraZeneca,2141788
Germany,3/22/2021,Pfizer/BioNTech,8694506
Germany,3/23/2021,Johnson&Johnson,19
Germany,3/23/2021,Moderna,500023
Germany,3/23/2021,Oxford/AstraZeneca,2240561
Germany,3/23/2021,Pfizer/BioNTech,8874776
Germany,3/24/2021,Johnson&Johnson,19
Germany,3/24/2021,Moderna,533434
Germany,3/24/2021,Oxford/AstraZeneca,2344356
Germany,3/24/2021,Pfizer/BioNTech,9072081
Germany,3/25/2021,Johnson&Johnson,19
Germany,3/25/2021,Moderna,561084
Germany,3/25/2021,Oxford/AstraZeneca,2468300
Germany,3/25/2021,Pfizer/BioNTech,9258885
Germany,3/26/2021,Johnson&Johnson,19
Germany,3/26/2021,Moderna,597965
Germany,3/26/2021,Oxford/AstraZeneca,2606116
Germany,3/26/2021,Pfizer/BioNTech,9462009
Germany,3/27/2021,Johnson&Johnson,19
Germany,3/27/2021,Moderna,625504
Germany,3/27/2021,Oxford/AstraZeneca,2714478
Germany,3/27/2021,Pfizer/BioNTech,9614720
Germany,3/28/2021,Johnson&Johnson,21
Germany,3/28/2021,Moderna,644050
Germany,3/28/2021,Oxford/AstraZeneca,2776445
Germany,3/28/2021,Pfizer/BioNTech,9733076
Germany,3/29/2021,Johnson&Johnson,21
Germany,3/29/2021,Moderna,669925
Germany,3/29/2021,Oxford/AstraZeneca,2871220
Germany,3/29/2021,Pfizer/BioNTech,9922799
Germany,3/30/2021,Johnson&Johnson,21
Germany,3/30/2021,Moderna,696111
Germany,3/30/2021,Oxford/AstraZeneca,2957131
Germany,3/30/2021,Pfizer/BioNTech,10141734
Germany,3/31/2021,Johnson&Johnson,21
Germany,3/31/2021,Moderna,734191
Germany,3/31/2021,Oxford/AstraZeneca,3010397
Germany,3/31/2021,Pfizer/BioNTech,10389957
Germany,4/1/2021,Johnson&Johnson,21
Germany,4/1/2021,Moderna,767761
Germany,4/1/2021,Oxford/AstraZeneca,3066722
Germany,4/1/2021,Pfizer/BioNTech,10628345
Germany,4/2/2021,Johnson&Johnson,21
Germany,4/2/2021,Moderna,784060
Germany,4/2/2021,Oxford/AstraZeneca,3097793
Germany,4/2/2021,Pfizer/BioNTech,10807685
Germany,4/3/2021,Johnson&Johnson,21
Germany,4/3/2021,Moderna,800797
Germany,4/3/2021,Oxford/AstraZeneca,3138647
Germany,4/3/2021,Pfizer/BioNTech,10982854
Germany,4/4/2021,Johnson&Johnson,21
Germany,4/4/2021,Moderna,811865
Germany,4/4/2021,Oxford/AstraZeneca,3188040
Germany,4/4/2021,Pfizer/BioNTech,11118880
Germany,4/5/2021,Johnson&Johnson,21
Germany,4/5/2021,Moderna,830731
Germany,4/5/2021,Oxford/AstraZeneca,3251382
Germany,4/5/2021,Pfizer/BioNTech,11285000
Germany,4/6/2021,Johnson&Johnson,21
Germany,4/6/2021,Moderna,862897
Germany,4/6/2021,Oxford/AstraZeneca,3337742
Germany,4/6/2021,Pfizer/BioNTech,11539823
Germany,4/7/2021,Johnson&Johnson,21
Germany,4/7/2021,Moderna,899637
Germany,4/7/2021,Oxford/AstraZeneca,3437297
Germany,4/7/2021,Pfizer/BioNTech,12082728
Germany,4/8/2021,Johnson&Johnson,21
Germany,4/8/2021,Moderna,934424
Germany,4/8/2021,Oxford/AstraZeneca,3560362
Germany,4/8/2021,Pfizer/BioNTech,12657817
Germany,4/9/2021,Johnson&Johnson,21
Germany,4/9/2021,Moderna,971001
Germany,4/9/2021,Oxford/AstraZeneca,3660613
Germany,4/9/2021,Pfizer/BioNTech,13148935
Germany,4/10/2021,Johnson&Johnson,21
Germany,4/10/2021,Moderna,994212
Germany,4/10/2021,Oxford/AstraZeneca,3760114
Germany,4/10/2021,Pfizer/BioNTech,13397112
Germany,4/11/2021,Johnson&Johnson,21
Germany,4/11/2021,Moderna,1012538
Germany,4/11/2021,Oxford/AstraZeneca,3835142
Germany,4/11/2021,Pfizer/BioNTech,13566244
Germany,4/12/2021,Johnson&Johnson,22
Germany,4/12/2021,Moderna,1041743
Germany,4/12/2021,Oxford/AstraZeneca,3943082
Germany,4/12/2021,Pfizer/BioNTech,13846384
Germany,4/13/2021,Johnson&Johnson,22
Germany,4/13/2021,Moderna,1068563
Germany,4/13/2021,Oxford/AstraZeneca,4057854
Germany,4/13/2021,Pfizer/BioNTech,14277060
Germany,4/14/2021,Johnson&Johnson,22
Germany,4/14/2021,Moderna,1102108
Germany,4/14/2021,Oxford/AstraZeneca,4180949
Germany,4/14/2021,Pfizer/BioNTech,14894451
Germany,4/15/2021,Johnson&Johnson,23
Germany,4/15/2021,Moderna,1138657
Germany,4/15/2021,Oxford/AstraZeneca,4291142
Germany,4/15/2021,Pfizer/BioNTech,15426872
Germany,4/16/2021,Johnson&Johnson,23
Germany,4/16/2021,Moderna,1171598
Germany,4/16/2021,Oxford/AstraZeneca,4415834
Germany,4/16/2021,Pfizer/BioNTech,15864984
Germany,4/17/2021,Johnson&Johnson,23
Germany,4/17/2021,Moderna,1194319
Germany,4/17/2021,Oxford/AstraZeneca,4532088
Germany,4/17/2021,Pfizer/BioNTech,16090123
Germany,4/18/2021,Johnson&Johnson,23
Germany,4/18/2021,Moderna,1209353
Germany,4/18/2021,Oxford/AstraZeneca,4612580
Germany,4/18/2021,Pfizer/BioNTech,16262574
Germany,4/19/2021,Johnson&Johnson,24
Germany,4/19/2021,Moderna,1242020
Germany,4/19/2021,Oxford/AstraZeneca,4687475
Germany,4/19/2021,Pfizer/BioNTech,16556518
Germany,4/20/2021,Johnson&Johnson,24
Germany,4/20/2021,Moderna,1280850
Germany,4/20/2021,Oxford/AstraZeneca,4826389
Germany,4/20/2021,Pfizer/BioNTech,16936837
Germany,4/21/2021,Johnson&Johnson,24
Germany,4/21/2021,Moderna,1322327
Germany,4/21/2021,Oxford/AstraZeneca,5050972
Germany,4/21/2021,Pfizer/BioNTech,17390557
Germany,4/22/2021,Johnson&Johnson,24
Germany,4/22/2021,Moderna,1365562
Germany,4/22/2021,Oxford/AstraZeneca,5263611
Germany,4/22/2021,Pfizer/BioNTech,17771656
Germany,4/23/2021,Johnson&Johnson,33
Germany,4/23/2021,Moderna,1407898
Germany,4/23/2021,Oxford/AstraZeneca,5421951
Germany,4/23/2021,Pfizer/BioNTech,18121361
Germany,4/24/2021,Johnson&Johnson,35
Germany,4/24/2021,Moderna,1457988
Germany,4/24/2021,Oxford/AstraZeneca,5503046
Germany,4/24/2021,Pfizer/BioNTech,18357028
Germany,4/25/2021,Johnson&Johnson,35
Germany,4/25/2021,Moderna,1491741
Germany,4/25/2021,Oxford/AstraZeneca,5564407
Germany,4/25/2021,Pfizer/BioNTech,18544228
Germany,4/26/2021,Johnson&Johnson,116
Germany,4/26/2021,Moderna,1534238
Germany,4/26/2021,Oxford/AstraZeneca,5636217
Germany,4/26/2021,Pfizer/BioNTech,18862218
Germany,4/27/2021,Johnson&Johnson,577
Germany,4/27/2021,Moderna,1585569
Germany,4/27/2021,Oxford/AstraZeneca,5692505
Germany,4/27/2021,Pfizer/BioNTech,19537702
Germany,4/28/2021,Johnson&Johnson,1305
Germany,4/28/2021,Moderna,1645734
Germany,4/28/2021,Oxford/AstraZeneca,5745212
Germany,4/28/2021,Pfizer/BioNTech,20546190
Germany,4/29/2021,Johnson&Johnson,2191
Germany,4/29/2021,Moderna,1709306
Germany,4/29/2021,Oxford/AstraZeneca,5801876
Germany,4/29/2021,Pfizer/BioNTech,21370318
Germany,4/30/2021,Johnson&Johnson,3023
Germany,4/30/2021,Moderna,1766285
Germany,4/30/2021,Oxford/AstraZeneca,5868564
Germany,4/30/2021,Pfizer/BioNTech,22048750
Germany,5/1/2021,Johnson&Johnson,5600
Germany,5/1/2021,Moderna,1807468
Germany,5/1/2021,Oxford/AstraZeneca,5907652
Germany,5/1/2021,Pfizer/BioNTech,22301598
Germany,5/2/2021,Johnson&Johnson,7405
Germany,5/2/2021,Moderna,1844796
Germany,5/2/2021,Oxford/AstraZeneca,5937645
Germany,5/2/2021,Pfizer/BioNTech,22495740
Germany,5/3/2021,Johnson&Johnson,8930
Germany,5/3/2021,Moderna,1915578
Germany,5/3/2021,Oxford/AstraZeneca,5999060
Germany,5/3/2021,Pfizer/BioNTech,22814019
Germany,5/4/2021,Johnson&Johnson,11718
Germany,5/4/2021,Moderna,1978326
Germany,5/4/2021,Oxford/AstraZeneca,6149260
Germany,5/4/2021,Pfizer/BioNTech,23440019
Germany,5/5/2021,Johnson&Johnson,15621
Germany,5/5/2021,Moderna,2057316
Germany,5/5/2021,Oxford/AstraZeneca,6361122
Germany,5/5/2021,Pfizer/BioNTech,24286598
Germany,5/6/2021,Johnson&Johnson,19562
Germany,5/6/2021,Moderna,2148717
Germany,5/6/2021,Oxford/AstraZeneca,6561722
Germany,5/6/2021,Pfizer/BioNTech,24973391
Germany,5/7/2021,Johnson&Johnson,23272
Germany,5/7/2021,Moderna,2234887
Germany,5/7/2021,Oxford/AstraZeneca,6772715
Germany,5/7/2021,Pfizer/BioNTech,25553178
Germany,5/8/2021,Johnson&Johnson,24990
Germany,5/8/2021,Moderna,2306852
Germany,5/8/2021,Oxford/AstraZeneca,6857240
Germany,5/8/2021,Pfizer/BioNTech,25821185
Germany,5/9/2021,Johnson&Johnson,26057
Germany,5/9/2021,Moderna,2363388
Germany,5/9/2021,Oxford/AstraZeneca,6891835
Germany,5/9/2021,Pfizer/BioNTech,26015558
Germany,5/10/2021,Johnson&Johnson,29777
Germany,5/10/2021,Moderna,2444044
Germany,5/10/2021,Oxford/AstraZeneca,7022062
Germany,5/10/2021,Pfizer/BioNTech,26387227
Germany,5/11/2021,Johnson&Johnson,33221
Germany,5/11/2021,Moderna,2522722
Germany,5/11/2021,Oxford/AstraZeneca,7197847
Germany,5/11/2021,Pfizer/BioNTech,27209813
Germany,5/12/2021,Johnson&Johnson,38419
Germany,5/12/2021,Moderna,2612820
Germany,5/12/2021,Oxford/AstraZeneca,7422069
Germany,5/12/2021,Pfizer/BioNTech,28298741
Germany,5/13/2021,Johnson&Johnson,40680
Germany,5/13/2021,Moderna,2679239
Germany,5/13/2021,Oxford/AstraZeneca,7466519
Germany,5/13/2021,Pfizer/BioNTech,28612594
Germany,5/14/2021,Johnson&Johnson,48103
Germany,5/14/2021,Moderna,2743407
Germany,5/14/2021,Oxford/AstraZeneca,7604611
Germany,5/14/2021,Pfizer/BioNTech,29155163
Germany,5/15/2021,Johnson&Johnson,52377
Germany,5/15/2021,Moderna,2802821
Germany,5/15/2021,Oxford/AstraZeneca,7660890
Germany,5/15/2021,Pfizer/BioNTech,29432082
Germany,5/16/2021,Johnson&Johnson,57017
Germany,5/16/2021,Moderna,2855278
Germany,5/16/2021,Oxford/AstraZeneca,7685503
Germany,5/16/2021,Pfizer/BioNTech,29631117
Germany,5/17/2021,Johnson&Johnson,67680
Germany,5/17/2021,Moderna,2937617
Germany,5/17/2021,Oxford/AstraZeneca,7807042
Germany,5/17/2021,Pfizer/BioNTech,29969397
Germany,5/18/2021,Johnson&Johnson,75334
Germany,5/18/2021,Moderna,3040387
Germany,5/18/2021,Oxford/AstraZeneca,7980013
Germany,5/18/2021,Pfizer/BioNTech,30561884
Germany,5/19/2021,Johnson&Johnson,87882
Germany,5/19/2021,Moderna,3139036
Germany,5/19/2021,Oxford/AstraZeneca,8161549
Germany,5/19/2021,Pfizer/BioNTech,31369575
Germany,5/20/2021,Johnson&Johnson,98621
Germany,5/20/2021,Moderna,3234603
Germany,5/20/2021,Oxford/AstraZeneca,8317491
Germany,5/20/2021,Pfizer/BioNTech,32049334
Germany,5/21/2021,Johnson&Johnson,109507
Germany,5/21/2021,Moderna,3318395
Germany,5/21/2021,Oxford/AstraZeneca,8474588
Germany,5/21/2021,Pfizer/BioNTech,32641471
Germany,5/22/2021,Johnson&Johnson,124441
Germany,5/22/2021,Moderna,3389040
Germany,5/22/2021,Oxford/AstraZeneca,8558416
Germany,5/22/2021,Pfizer/BioNTech,32947530
Germany,5/23/2021,Johnson&Johnson,134540
Germany,5/23/2021,Moderna,3448165
Germany,5/23/2021,Oxford/AstraZeneca,8582343
Germany,5/23/2021,Pfizer/BioNTech,33140392
Germany,5/24/2021,Johnson&Johnson,142655
Germany,5/24/2021,Moderna,3508346
Germany,5/24/2021,Oxford/AstraZeneca,8602954
Germany,5/24/2021,Pfizer/BioNTech,33374391
Germany,5/25/2021,Johnson&Johnson,167582
Germany,5/25/2021,Moderna,3587473
Germany,5/25/2021,Oxford/AstraZeneca,8705946
Germany,5/25/2021,Pfizer/BioNTech,33819563
Germany,5/26/2021,Johnson&Johnson,245608
Germany,5/26/2021,Moderna,3667264
Germany,5/26/2021,Oxford/AstraZeneca,8838467
Germany,5/26/2021,Pfizer/BioNTech,34699938
Germany,5/27/2021,Johnson&Johnson,326771
Germany,5/27/2021,Moderna,3754060
Germany,5/27/2021,Oxford/AstraZeneca,8968974
Germany,5/27/2021,Pfizer/BioNTech,35432992
Germany,5/28/2021,Johnson&Johnson,409429
Germany,5/28/2021,Moderna,3838557
Germany,5/28/2021,Oxford/AstraZeneca,9096504
Germany,5/28/2021,Pfizer/BioNTech,36028838
Germany,5/29/2021,Johnson&Johnson,438436
Germany,5/29/2021,Moderna,3901028
Germany,5/29/2021,Oxford/AstraZeneca,9153200
Germany,5/29/2021,Pfizer/BioNTech,36291053
Germany,5/30/2021,Johnson&Johnson,449366
Germany,5/30/2021,Moderna,3947717
Germany,5/30/2021,Oxford/AstraZeneca,9181496
Germany,5/30/2021,Pfizer/BioNTech,36487686
Germany,5/31/2021,Johnson&Johnson,491850
Germany,5/31/2021,Moderna,4012428
Germany,5/31/2021,Oxford/AstraZeneca,9248723
Germany,5/31/2021,Pfizer/BioNTech,36850508
Germany,6/1/2021,Johnson&Johnson,576006
Germany,6/1/2021,Moderna,4089374
Germany,6/1/2021,Oxford/AstraZeneca,9337406
Germany,6/1/2021,Pfizer/BioNTech,37576841
Germany,6/2/2021,Johnson&Johnson,678886
Germany,6/2/2021,Moderna,4159741
Germany,6/2/2021,Oxford/AstraZeneca,9417803
Germany,6/2/2021,Pfizer/BioNTech,38557366
Germany,6/3/2021,Johnson&Johnson,730783
Germany,6/3/2021,Moderna,4222269
Germany,6/3/2021,Oxford/AstraZeneca,9467135
Germany,6/3/2021,Pfizer/BioNTech,39026330
Germany,6/4/2021,Johnson&Johnson,807488
Germany,6/4/2021,Moderna,4292007
Germany,6/4/2021,Oxford/AstraZeneca,9544183
Germany,6/4/2021,Pfizer/BioNTech,39620466
Germany,6/5/2021,Johnson&Johnson,837021
Germany,6/5/2021,Moderna,4357364
Germany,6/5/2021,Oxford/AstraZeneca,9586988
Germany,6/5/2021,Pfizer/BioNTech,39889342
Germany,6/6/2021,Johnson&Johnson,853505
Germany,6/6/2021,Moderna,4398163
Germany,6/6/2021,Oxford/AstraZeneca,9614273
Germany,6/6/2021,Pfizer/BioNTech,40094775
Germany,6/7/2021,Johnson&Johnson,907725
Germany,6/7/2021,Moderna,4478432
Germany,6/7/2021,Oxford/AstraZeneca,9685041
Germany,6/7/2021,Pfizer/BioNTech,40488621
Germany,6/8/2021,Johnson&Johnson,975600
Germany,6/8/2021,Moderna,4551330
Germany,6/8/2021,Oxford/AstraZeneca,9746702
Germany,6/8/2021,Pfizer/BioNTech,41308413
Germany,6/9/2021,Johnson&Johnson,1070929
Germany,6/9/2021,Moderna,4631360
Germany,6/9/2021,Oxford/AstraZeneca,9808058
Germany,6/9/2021,Pfizer/BioNTech,42418006
Germany,6/10/2021,Johnson&Johnson,1159238
Germany,6/10/2021,Moderna,4719577
Germany,6/10/2021,Oxford/AstraZeneca,9862756
Germany,6/10/2021,Pfizer/BioNTech,43337800
Germany,6/11/2021,Johnson&Johnson,1255634
Germany,6/11/2021,Moderna,4806776
Germany,6/11/2021,Oxford/AstraZeneca,9929509
Germany,6/11/2021,Pfizer/BioNTech,44108615
Germany,6/12/2021,Johnson&Johnson,1290375
Germany,6/12/2021,Moderna,4877618
Germany,6/12/2021,Oxford/AstraZeneca,9971931
Germany,6/12/2021,Pfizer/BioNTech,44384240
Germany,6/13/2021,Johnson&Johnson,1304118
Germany,6/13/2021,Moderna,4940761
Germany,6/13/2021,Oxford/AstraZeneca,9997301
Germany,6/13/2021,Pfizer/BioNTech,44561830
Germany,6/14/2021,Johnson&Johnson,1358988
Germany,6/14/2021,Moderna,5039995
Germany,6/14/2021,Oxford/AstraZeneca,10063253
Germany,6/14/2021,Pfizer/BioNTech,44971834
Germany,6/15/2021,Johnson&Johnson,1417811
Germany,6/15/2021,Moderna,5142619
Germany,6/15/2021,Oxford/AstraZeneca,10145561
Germany,6/15/2021,Pfizer/BioNTech,45732149
Germany,6/16/2021,Johnson&Johnson,1493177
Germany,6/16/2021,Moderna,5248016
Germany,6/16/2021,Oxford/AstraZeneca,10238713
Germany,6/16/2021,Pfizer/BioNTech,46786521
Germany,6/17/2021,Johnson&Johnson,1560798
Germany,6/17/2021,Moderna,5346028
Germany,6/17/2021,Oxford/AstraZeneca,10325446
Germany,6/17/2021,Pfizer/BioNTech,47613959
Germany,6/18/2021,Johnson&Johnson,1628868
Germany,6/18/2021,Moderna,5431959
Germany,6/18/2021,Oxford/AstraZeneca,10415783
Germany,6/18/2021,Pfizer/BioNTech,48289142
Germany,6/19/2021,Johnson&Johnson,1649406
Germany,6/19/2021,Moderna,5508844
Germany,6/19/2021,Oxford/AstraZeneca,10463765
Germany,6/19/2021,Pfizer/BioNTech,48542074
Germany,6/20/2021,Johnson&Johnson,1661464
Germany,6/20/2021,Moderna,5577270
Germany,6/20/2021,Oxford/AstraZeneca,10493128
Germany,6/20/2021,Pfizer/BioNTech,48722761
Hungary,12/29/2020,Pfizer/BioNTech,1097
Hungary,1/5/2021,Pfizer/BioNTech,72060
Hungary,1/12/2021,Moderna,3062
Hungary,1/12/2021,Pfizer/BioNTech,120806
Hungary,1/19/2021,Moderna,3133
Hungary,1/19/2021,Pfizer/BioNTech,153541
Hungary,1/26/2021,Moderna,3345
Hungary,1/26/2021,Pfizer/BioNTech,300974
Hungary,2/2/2021,Moderna,14581
Hungary,2/2/2021,Oxford/AstraZeneca,1
Hungary,2/2/2021,Pfizer/BioNTech,384126
Hungary,2/2/2021,Sputnik V,0
Hungary,2/9/2021,Moderna,17547
Hungary,2/9/2021,Oxford/AstraZeneca,20310
Hungary,2/9/2021,Pfizer/BioNTech,442092
Hungary,2/9/2021,Sputnik V,2440
Hungary,2/16/2021,Moderna,21327
Hungary,2/16/2021,Oxford/AstraZeneca,44030
Hungary,2/16/2021,Pfizer/BioNTech,580777
Hungary,2/16/2021,Sinopharm/Beijing,0
Hungary,2/16/2021,Sputnik V,18646
Hungary,2/23/2021,Moderna,22649
Hungary,2/23/2021,Oxford/AstraZeneca,86127
Hungary,2/23/2021,Pfizer/BioNTech,668841
Hungary,2/23/2021,Sinopharm/Beijing,163453
Hungary,2/23/2021,Sputnik V,19516
Hungary,3/2/2021,Moderna,59503
Hungary,3/2/2021,Oxford/AstraZeneca,102773
Hungary,3/2/2021,Pfizer/BioNTech,776189
Hungary,3/2/2021,Sinopharm/Beijing,366984
Hungary,3/2/2021,Sputnik V,22908
Hungary,3/9/2021,Moderna,74795
Hungary,3/9/2021,Oxford/AstraZeneca,239775
Hungary,3/9/2021,Pfizer/BioNTech,895934
Hungary,3/9/2021,Sinopharm/Beijing,491232
Hungary,3/9/2021,Sputnik V,55273
Hungary,3/16/2021,Moderna,79495
Hungary,3/16/2021,Oxford/AstraZeneca,299164
Hungary,3/16/2021,Pfizer/BioNTech,1059643
Hungary,3/16/2021,Sinopharm/Beijing,503945
Hungary,3/16/2021,Sputnik V,144131
Hungary,3/23/2021,Moderna,84587
Hungary,3/23/2021,Oxford/AstraZeneca,398949
Hungary,3/23/2021,Pfizer/BioNTech,1216666
Hungary,3/23/2021,Sinopharm/Beijing,686964
Hungary,3/23/2021,Sputnik V,234864
Hungary,3/30/2021,Moderna,150679
Hungary,3/30/2021,Oxford/AstraZeneca,428694
Hungary,3/30/2021,Pfizer/BioNTech,1433937
Hungary,3/30/2021,Sinopharm/Beijing,886385
Hungary,3/30/2021,Sputnik V,389848
Hungary,4/6/2021,Moderna,204828
Hungary,4/6/2021,Oxford/AstraZeneca,592150
Hungary,4/6/2021,Pfizer/BioNTech,1639137
Hungary,4/6/2021,Sinopharm/Beijing,1013966
Hungary,4/6/2021,Sputnik V,679576
Hungary,4/13/2021,Johnson&Johnson,0
Hungary,4/13/2021,Moderna,207518
Hungary,4/13/2021,Oxford/AstraZeneca,639144
Hungary,4/13/2021,Pfizer/BioNTech,1855662
Hungary,4/13/2021,Sinopharm/Beijing,1031352
Hungary,4/13/2021,Sputnik V,929916
Hungary,4/20/2021,Johnson&Johnson,0
Hungary,4/20/2021,Moderna,270680
Hungary,4/20/2021,Oxford/AstraZeneca,665449
Hungary,4/20/2021,Pfizer/BioNTech,2177571
Hungary,4/20/2021,Sinopharm/Beijing,1052712
Hungary,4/20/2021,Sputnik V,1103497
Hungary,4/27/2021,Johnson&Johnson,0
Hungary,4/27/2021,Moderna,316489
Hungary,4/27/2021,Oxford/AstraZeneca,671335
Hungary,4/27/2021,Pfizer/BioNTech,2457844
Hungary,4/27/2021,Sinopharm/Beijing,1400042
Hungary,4/27/2021,Sputnik V,1310973
Hungary,5/4/2021,Johnson&Johnson,3083
Hungary,5/4/2021,Moderna,360765
Hungary,5/4/2021,Oxford/AstraZeneca,721669
Hungary,5/4/2021,Pfizer/BioNTech,2707983
Hungary,5/4/2021,Sinopharm/Beijing,1473976
Hungary,5/4/2021,Sputnik V,1532293
Hungary,5/11/2021,Johnson&Johnson,15153
Hungary,5/11/2021,Moderna,402723
Hungary,5/11/2021,Oxford/AstraZeneca,759515
Hungary,5/11/2021,Pfizer/BioNTech,3003671
Hungary,5/11/2021,Sinopharm/Beijing,1526314
Hungary,5/11/2021,Sputnik V,1624359
Hungary,5/18/2021,Johnson&Johnson,43498
Hungary,5/18/2021,Moderna,490093
Hungary,5/18/2021,Oxford/AstraZeneca,784191
Hungary,5/18/2021,Pfizer/BioNTech,3432337
Hungary,5/18/2021,Sinopharm/Beijing,1568483
Hungary,5/18/2021,Sputnik V,1648778
Hungary,5/25/2021,Johnson&Johnson,55848
Hungary,5/25/2021,Moderna,526375
Hungary,5/25/2021,Oxford/AstraZeneca,813536
Hungary,5/25/2021,Pfizer/BioNTech,3693906
Hungary,5/25/2021,Sinopharm/Beijing,1873498
Hungary,5/25/2021,Sputnik V,1711853
Hungary,6/1/2021,Johnson&Johnson,63042
Hungary,6/1/2021,Moderna,546933
Hungary,6/1/2021,Oxford/AstraZeneca,927432
Hungary,6/1/2021,Pfizer/BioNTech,3889938
Hungary,6/1/2021,Sinopharm/Beijing,1954639
Hungary,6/1/2021,Sputnik V,1766724
Hungary,6/8/2021,Johnson&Johnson,72603
Hungary,6/8/2021,Moderna,591631
Hungary,6/8/2021,Oxford/AstraZeneca,977779
Hungary,6/8/2021,Pfizer/BioNTech,3984392
Hungary,6/8/2021,Sinopharm/Beijing,2009748
Hungary,6/8/2021,Sputnik V,1788216
Hungary,6/15/2021,Johnson&Johnson,76383
Hungary,6/15/2021,Moderna,610927
Hungary,6/15/2021,Oxford/AstraZeneca,1008697
Hungary,6/15/2021,Pfizer/BioNTech,4018537
Hungary,6/15/2021,Sinopharm/Beijing,2028040
Hungary,6/15/2021,Sputnik V,1793525
Iceland,12/29/2020,Johnson&Johnson,0
Iceland,12/29/2020,Moderna,0
Iceland,12/29/2020,Oxford/AstraZeneca,0
Iceland,12/29/2020,Pfizer/BioNTech,2524
Iceland,12/30/2020,Johnson&Johnson,0
Iceland,12/30/2020,Moderna,0
Iceland,12/30/2020,Oxford/AstraZeneca,0
Iceland,12/30/2020,Pfizer/BioNTech,4940
Iceland,12/31/2020,Johnson&Johnson,0
Iceland,12/31/2020,Moderna,0
Iceland,12/31/2020,Oxford/AstraZeneca,0
Iceland,12/31/2020,Pfizer/BioNTech,4940
Iceland,1/1/2021,Johnson&Johnson,0
Iceland,1/1/2021,Moderna,0
Iceland,1/1/2021,Oxford/AstraZeneca,0
Iceland,1/1/2021,Pfizer/BioNTech,4940
Iceland,1/2/2021,Johnson&Johnson,0
Iceland,1/2/2021,Moderna,0
Iceland,1/2/2021,Oxford/AstraZeneca,0
Iceland,1/2/2021,Pfizer/BioNTech,4940
Iceland,1/3/2021,Johnson&Johnson,0
Iceland,1/3/2021,Moderna,0
Iceland,1/3/2021,Oxford/AstraZeneca,0
Iceland,1/3/2021,Pfizer/BioNTech,4940
Iceland,1/4/2021,Johnson&Johnson,0
Iceland,1/4/2021,Moderna,0
Iceland,1/4/2021,Oxford/AstraZeneca,0
Iceland,1/4/2021,Pfizer/BioNTech,4940
Iceland,1/5/2021,Johnson&Johnson,0
Iceland,1/5/2021,Moderna,1
Iceland,1/5/2021,Oxford/AstraZeneca,0
Iceland,1/5/2021,Pfizer/BioNTech,4947
Iceland,1/6/2021,Johnson&Johnson,0
Iceland,1/6/2021,Moderna,1
Iceland,1/6/2021,Oxford/AstraZeneca,0
Iceland,1/6/2021,Pfizer/BioNTech,4947
Iceland,1/7/2021,Johnson&Johnson,0
Iceland,1/7/2021,Moderna,1
Iceland,1/7/2021,Oxford/AstraZeneca,0
Iceland,1/7/2021,Pfizer/BioNTech,4947
Iceland,1/8/2021,Johnson&Johnson,0
Iceland,1/8/2021,Moderna,1
Iceland,1/8/2021,Oxford/AstraZeneca,0
Iceland,1/8/2021,Pfizer/BioNTech,4947
Iceland,1/9/2021,Johnson&Johnson,0
Iceland,1/9/2021,Moderna,1
Iceland,1/9/2021,Oxford/AstraZeneca,0
Iceland,1/9/2021,Pfizer/BioNTech,4947
Iceland,1/10/2021,Johnson&Johnson,0
Iceland,1/10/2021,Moderna,1
Iceland,1/10/2021,Oxford/AstraZeneca,0
Iceland,1/10/2021,Pfizer/BioNTech,4947
Iceland,1/11/2021,Johnson&Johnson,0
Iceland,1/11/2021,Moderna,1
Iceland,1/11/2021,Oxford/AstraZeneca,0
Iceland,1/11/2021,Pfizer/BioNTech,4947
Iceland,1/12/2021,Johnson&Johnson,0
Iceland,1/12/2021,Moderna,1
Iceland,1/12/2021,Oxford/AstraZeneca,0
Iceland,1/12/2021,Pfizer/BioNTech,4947
Iceland,1/13/2021,Johnson&Johnson,0
Iceland,1/13/2021,Moderna,501
Iceland,1/13/2021,Oxford/AstraZeneca,0
Iceland,1/13/2021,Pfizer/BioNTech,4947
Iceland,1/14/2021,Johnson&Johnson,0
Iceland,1/14/2021,Moderna,843
Iceland,1/14/2021,Oxford/AstraZeneca,0
Iceland,1/14/2021,Pfizer/BioNTech,4947
Iceland,1/15/2021,Johnson&Johnson,0
Iceland,1/15/2021,Moderna,1262
Iceland,1/15/2021,Oxford/AstraZeneca,0
Iceland,1/15/2021,Pfizer/BioNTech,4947
Iceland,1/16/2021,Johnson&Johnson,0
Iceland,1/16/2021,Moderna,1262
Iceland,1/16/2021,Oxford/AstraZeneca,0
Iceland,1/16/2021,Pfizer/BioNTech,4947
Iceland,1/17/2021,Johnson&Johnson,0
Iceland,1/17/2021,Moderna,1262
Iceland,1/17/2021,Oxford/AstraZeneca,0
Iceland,1/17/2021,Pfizer/BioNTech,4947
Iceland,1/18/2021,Johnson&Johnson,0
Iceland,1/18/2021,Moderna,1263
Iceland,1/18/2021,Oxford/AstraZeneca,0
Iceland,1/18/2021,Pfizer/BioNTech,4979
Iceland,1/19/2021,Johnson&Johnson,0
Iceland,1/19/2021,Moderna,1263
Iceland,1/19/2021,Oxford/AstraZeneca,0
Iceland,1/19/2021,Pfizer/BioNTech,6073
Iceland,1/20/2021,Johnson&Johnson,0
Iceland,1/20/2021,Moderna,1263
Iceland,1/20/2021,Oxford/AstraZeneca,0
Iceland,1/20/2021,Pfizer/BioNTech,7835
Iceland,1/21/2021,Johnson&Johnson,0
Iceland,1/21/2021,Moderna,1263
Iceland,1/21/2021,Oxford/AstraZeneca,1
Iceland,1/21/2021,Pfizer/BioNTech,11611
Iceland,1/22/2021,Johnson&Johnson,0
Iceland,1/22/2021,Moderna,1263
Iceland,1/22/2021,Oxford/AstraZeneca,1
Iceland,1/22/2021,Pfizer/BioNTech,13502
Iceland,1/23/2021,Johnson&Johnson,0
Iceland,1/23/2021,Moderna,1263
Iceland,1/23/2021,Oxford/AstraZeneca,1
Iceland,1/23/2021,Pfizer/BioNTech,14051
Iceland,1/24/2021,Johnson&Johnson,0
Iceland,1/24/2021,Moderna,1263
Iceland,1/24/2021,Oxford/AstraZeneca,1
Iceland,1/24/2021,Pfizer/BioNTech,14051
Iceland,1/25/2021,Johnson&Johnson,0
Iceland,1/25/2021,Moderna,1263
Iceland,1/25/2021,Oxford/AstraZeneca,2
Iceland,1/25/2021,Pfizer/BioNTech,14207
Iceland,1/26/2021,Johnson&Johnson,0
Iceland,1/26/2021,Moderna,1263
Iceland,1/26/2021,Oxford/AstraZeneca,2
Iceland,1/26/2021,Pfizer/BioNTech,14314
Iceland,1/27/2021,Johnson&Johnson,0
Iceland,1/27/2021,Moderna,1263
Iceland,1/27/2021,Oxford/AstraZeneca,2
Iceland,1/27/2021,Pfizer/BioNTech,14327
Iceland,1/28/2021,Johnson&Johnson,0
Iceland,1/28/2021,Moderna,1263
Iceland,1/28/2021,Oxford/AstraZeneca,2
Iceland,1/28/2021,Pfizer/BioNTech,14328
Iceland,1/29/2021,Johnson&Johnson,0
Iceland,1/29/2021,Moderna,1263
Iceland,1/29/2021,Oxford/AstraZeneca,2
Iceland,1/29/2021,Pfizer/BioNTech,14329
Iceland,1/30/2021,Johnson&Johnson,0
Iceland,1/30/2021,Moderna,1263
Iceland,1/30/2021,Oxford/AstraZeneca,2
Iceland,1/30/2021,Pfizer/BioNTech,14329
Iceland,1/31/2021,Johnson&Johnson,0
Iceland,1/31/2021,Moderna,1263
Iceland,1/31/2021,Oxford/AstraZeneca,2
Iceland,1/31/2021,Pfizer/BioNTech,14329
Iceland,2/1/2021,Johnson&Johnson,0
Iceland,2/1/2021,Moderna,1263
Iceland,2/1/2021,Oxford/AstraZeneca,2
Iceland,2/1/2021,Pfizer/BioNTech,14766
Iceland,2/2/2021,Johnson&Johnson,0
Iceland,2/2/2021,Moderna,1264
Iceland,2/2/2021,Oxford/AstraZeneca,2
Iceland,2/2/2021,Pfizer/BioNTech,15779
Iceland,2/3/2021,Johnson&Johnson,0
Iceland,2/3/2021,Moderna,1264
Iceland,2/3/2021,Oxford/AstraZeneca,2
Iceland,2/3/2021,Pfizer/BioNTech,16308
Iceland,2/4/2021,Johnson&Johnson,0
Iceland,2/4/2021,Moderna,1264
Iceland,2/4/2021,Oxford/AstraZeneca,2
Iceland,2/4/2021,Pfizer/BioNTech,16347
Iceland,2/5/2021,Johnson&Johnson,0
Iceland,2/5/2021,Moderna,1264
Iceland,2/5/2021,Oxford/AstraZeneca,2
Iceland,2/5/2021,Pfizer/BioNTech,16371
Iceland,2/6/2021,Johnson&Johnson,0
Iceland,2/6/2021,Moderna,1264
Iceland,2/6/2021,Oxford/AstraZeneca,2
Iceland,2/6/2021,Pfizer/BioNTech,16490
Iceland,2/7/2021,Johnson&Johnson,0
Iceland,2/7/2021,Moderna,1264
Iceland,2/7/2021,Oxford/AstraZeneca,2
Iceland,2/7/2021,Pfizer/BioNTech,16490
Iceland,2/8/2021,Johnson&Johnson,0
Iceland,2/8/2021,Moderna,1264
Iceland,2/8/2021,Oxford/AstraZeneca,2
Iceland,2/8/2021,Pfizer/BioNTech,16490
Iceland,2/9/2021,Johnson&Johnson,0
Iceland,2/9/2021,Moderna,1264
Iceland,2/9/2021,Oxford/AstraZeneca,2
Iceland,2/9/2021,Pfizer/BioNTech,16490
Iceland,2/10/2021,Johnson&Johnson,0
Iceland,2/10/2021,Moderna,1814
Iceland,2/10/2021,Oxford/AstraZeneca,2
Iceland,2/10/2021,Pfizer/BioNTech,16491
Iceland,2/11/2021,Johnson&Johnson,0
Iceland,2/11/2021,Moderna,1990
Iceland,2/11/2021,Oxford/AstraZeneca,1210
Iceland,2/11/2021,Pfizer/BioNTech,16492
Iceland,2/12/2021,Johnson&Johnson,0
Iceland,2/12/2021,Moderna,2198
Iceland,2/12/2021,Oxford/AstraZeneca,1210
Iceland,2/12/2021,Pfizer/BioNTech,16506
Iceland,2/13/2021,Johnson&Johnson,0
Iceland,2/13/2021,Moderna,2198
Iceland,2/13/2021,Oxford/AstraZeneca,1210
Iceland,2/13/2021,Pfizer/BioNTech,16506
Iceland,2/14/2021,Johnson&Johnson,0
Iceland,2/14/2021,Moderna,2198
Iceland,2/14/2021,Oxford/AstraZeneca,1210
Iceland,2/14/2021,Pfizer/BioNTech,16506
Iceland,2/15/2021,Johnson&Johnson,0
Iceland,2/15/2021,Moderna,2385
Iceland,2/15/2021,Oxford/AstraZeneca,1210
Iceland,2/15/2021,Pfizer/BioNTech,16508
Iceland,2/16/2021,Johnson&Johnson,0
Iceland,2/16/2021,Moderna,2584
Iceland,2/16/2021,Oxford/AstraZeneca,1254
Iceland,2/16/2021,Pfizer/BioNTech,17803
Iceland,2/17/2021,Johnson&Johnson,0
Iceland,2/17/2021,Moderna,3233
Iceland,2/17/2021,Oxford/AstraZeneca,1517
Iceland,2/17/2021,Pfizer/BioNTech,20230
Iceland,2/18/2021,Johnson&Johnson,0
Iceland,2/18/2021,Moderna,3574
Iceland,2/18/2021,Oxford/AstraZeneca,1596
Iceland,2/18/2021,Pfizer/BioNTech,20679
Iceland,2/19/2021,Johnson&Johnson,0
Iceland,2/19/2021,Moderna,3904
Iceland,2/19/2021,Oxford/AstraZeneca,2720
Iceland,2/19/2021,Pfizer/BioNTech,20863
Iceland,2/20/2021,Johnson&Johnson,0
Iceland,2/20/2021,Moderna,3904
Iceland,2/20/2021,Oxford/AstraZeneca,2720
Iceland,2/20/2021,Pfizer/BioNTech,21213
Iceland,2/21/2021,Johnson&Johnson,0
Iceland,2/21/2021,Moderna,3904
Iceland,2/21/2021,Oxford/AstraZeneca,2720
Iceland,2/21/2021,Pfizer/BioNTech,21213
Iceland,2/22/2021,Johnson&Johnson,0
Iceland,2/22/2021,Moderna,3904
Iceland,2/22/2021,Oxford/AstraZeneca,2837
Iceland,2/22/2021,Pfizer/BioNTech,21239
Iceland,2/23/2021,Johnson&Johnson,0
Iceland,2/23/2021,Moderna,3904
Iceland,2/23/2021,Oxford/AstraZeneca,3158
Iceland,2/23/2021,Pfizer/BioNTech,22612
Iceland,2/24/2021,Johnson&Johnson,0
Iceland,2/24/2021,Moderna,3904
Iceland,2/24/2021,Oxford/AstraZeneca,3731
Iceland,2/24/2021,Pfizer/BioNTech,23923
Iceland,2/25/2021,Johnson&Johnson,0
Iceland,2/25/2021,Moderna,3904
Iceland,2/25/2021,Oxford/AstraZeneca,3941
Iceland,2/25/2021,Pfizer/BioNTech,24441
Iceland,2/26/2021,Johnson&Johnson,0
Iceland,2/26/2021,Moderna,3904
Iceland,2/26/2021,Oxford/AstraZeneca,5167
Iceland,2/26/2021,Pfizer/BioNTech,24600
Iceland,2/27/2021,Johnson&Johnson,0
Iceland,2/27/2021,Moderna,3904
Iceland,2/27/2021,Oxford/AstraZeneca,5171
Iceland,2/27/2021,Pfizer/BioNTech,24759
Iceland,2/28/2021,Johnson&Johnson,0
Iceland,2/28/2021,Moderna,3904
Iceland,2/28/2021,Oxford/AstraZeneca,5171
Iceland,2/28/2021,Pfizer/BioNTech,24759
Iceland,3/1/2021,Johnson&Johnson,0
Iceland,3/1/2021,Moderna,3904
Iceland,3/1/2021,Oxford/AstraZeneca,5268
Iceland,3/1/2021,Pfizer/BioNTech,24759
Iceland,3/2/2021,Johnson&Johnson,0
Iceland,3/2/2021,Moderna,3905
Iceland,3/2/2021,Oxford/AstraZeneca,5401
Iceland,3/2/2021,Pfizer/BioNTech,27116
Iceland,3/3/2021,Johnson&Johnson,0
Iceland,3/3/2021,Moderna,3905
Iceland,3/3/2021,Oxford/AstraZeneca,5514
Iceland,3/3/2021,Pfizer/BioNTech,29869
Iceland,3/4/2021,Johnson&Johnson,0
Iceland,3/4/2021,Moderna,3906
Iceland,3/4/2021,Oxford/AstraZeneca,5880
Iceland,3/4/2021,Pfizer/BioNTech,30052
Iceland,3/5/2021,Johnson&Johnson,0
Iceland,3/5/2021,Moderna,3906
Iceland,3/5/2021,Oxford/AstraZeneca,8173
Iceland,3/5/2021,Pfizer/BioNTech,30052
Iceland,3/6/2021,Johnson&Johnson,0
Iceland,3/6/2021,Moderna,3906
Iceland,3/6/2021,Oxford/AstraZeneca,8174
Iceland,3/6/2021,Pfizer/BioNTech,30052
Iceland,3/7/2021,Johnson&Johnson,0
Iceland,3/7/2021,Moderna,3906
Iceland,3/7/2021,Oxford/AstraZeneca,8174
Iceland,3/7/2021,Pfizer/BioNTech,30052
Iceland,3/8/2021,Johnson&Johnson,0
Iceland,3/8/2021,Moderna,3906
Iceland,3/8/2021,Oxford/AstraZeneca,8178
Iceland,3/8/2021,Pfizer/BioNTech,30054
Iceland,3/9/2021,Johnson&Johnson,0
Iceland,3/9/2021,Moderna,3907
Iceland,3/9/2021,Oxford/AstraZeneca,8319
Iceland,3/9/2021,Pfizer/BioNTech,32729
Iceland,3/10/2021,Johnson&Johnson,0
Iceland,3/10/2021,Moderna,3907
Iceland,3/10/2021,Oxford/AstraZeneca,8923
Iceland,3/10/2021,Pfizer/BioNTech,33315
Iceland,3/11/2021,Johnson&Johnson,0
Iceland,3/11/2021,Moderna,3907
Iceland,3/11/2021,Oxford/AstraZeneca,9308
Iceland,3/11/2021,Pfizer/BioNTech,33741
Iceland,3/12/2021,Johnson&Johnson,0
Iceland,3/12/2021,Moderna,3907
Iceland,3/12/2021,Oxford/AstraZeneca,9308
Iceland,3/12/2021,Pfizer/BioNTech,33935
Iceland,3/13/2021,Johnson&Johnson,0
Iceland,3/13/2021,Moderna,3907
Iceland,3/13/2021,Oxford/AstraZeneca,9309
Iceland,3/13/2021,Pfizer/BioNTech,33935
Iceland,3/14/2021,Johnson&Johnson,0
Iceland,3/14/2021,Moderna,3907
Iceland,3/14/2021,Oxford/AstraZeneca,9309
Iceland,3/14/2021,Pfizer/BioNTech,33935
Iceland,3/15/2021,Johnson&Johnson,0
Iceland,3/15/2021,Moderna,3907
Iceland,3/15/2021,Oxford/AstraZeneca,9310
Iceland,3/15/2021,Pfizer/BioNTech,33955
Iceland,3/16/2021,Johnson&Johnson,0
Iceland,3/16/2021,Moderna,3907
Iceland,3/16/2021,Oxford/AstraZeneca,9310
Iceland,3/16/2021,Pfizer/BioNTech,37188
Iceland,3/17/2021,Johnson&Johnson,0
Iceland,3/17/2021,Moderna,4344
Iceland,3/17/2021,Oxford/AstraZeneca,9311
Iceland,3/17/2021,Pfizer/BioNTech,37715
Iceland,3/18/2021,Johnson&Johnson,0
Iceland,3/18/2021,Moderna,4625
Iceland,3/18/2021,Oxford/AstraZeneca,9312
Iceland,3/18/2021,Pfizer/BioNTech,38755
Iceland,3/19/2021,Johnson&Johnson,0
Iceland,3/19/2021,Moderna,4850
Iceland,3/19/2021,Oxford/AstraZeneca,9312
Iceland,3/19/2021,Pfizer/BioNTech,38941
Iceland,3/20/2021,Johnson&Johnson,0
Iceland,3/20/2021,Moderna,4850
Iceland,3/20/2021,Oxford/AstraZeneca,9313
Iceland,3/20/2021,Pfizer/BioNTech,38941
Iceland,3/21/2021,Johnson&Johnson,0
Iceland,3/21/2021,Moderna,4850
Iceland,3/21/2021,Oxford/AstraZeneca,9313
Iceland,3/21/2021,Pfizer/BioNTech,38942
Iceland,3/22/2021,Johnson&Johnson,0
Iceland,3/22/2021,Moderna,5077
Iceland,3/22/2021,Oxford/AstraZeneca,9313
Iceland,3/22/2021,Pfizer/BioNTech,40578
Iceland,3/23/2021,Johnson&Johnson,0
Iceland,3/23/2021,Moderna,5290
Iceland,3/23/2021,Oxford/AstraZeneca,9322
Iceland,3/23/2021,Pfizer/BioNTech,43529
Iceland,3/24/2021,Johnson&Johnson,0
Iceland,3/24/2021,Moderna,6717
Iceland,3/24/2021,Oxford/AstraZeneca,9322
Iceland,3/24/2021,Pfizer/BioNTech,43974
Iceland,3/25/2021,Johnson&Johnson,0
Iceland,3/25/2021,Moderna,6717
Iceland,3/25/2021,Oxford/AstraZeneca,9356
Iceland,3/25/2021,Pfizer/BioNTech,44418
Iceland,3/26/2021,Johnson&Johnson,0
Iceland,3/26/2021,Moderna,6718
Iceland,3/26/2021,Oxford/AstraZeneca,14000
Iceland,3/26/2021,Pfizer/BioNTech,44849
Iceland,3/27/2021,Johnson&Johnson,0
Iceland,3/27/2021,Moderna,6718
Iceland,3/27/2021,Oxford/AstraZeneca,14000
Iceland,3/27/2021,Pfizer/BioNTech,45234
Iceland,3/28/2021,Johnson&Johnson,0
Iceland,3/28/2021,Moderna,6718
Iceland,3/28/2021,Oxford/AstraZeneca,14000
Iceland,3/28/2021,Pfizer/BioNTech,45566
Iceland,3/29/2021,Johnson&Johnson,0
Iceland,3/29/2021,Moderna,6718
Iceland,3/29/2021,Oxford/AstraZeneca,15012
Iceland,3/29/2021,Pfizer/BioNTech,46426
Iceland,3/30/2021,Johnson&Johnson,0
Iceland,3/30/2021,Moderna,6718
Iceland,3/30/2021,Oxford/AstraZeneca,16473
Iceland,3/30/2021,Pfizer/BioNTech,49927
Iceland,3/31/2021,Johnson&Johnson,0
Iceland,3/31/2021,Moderna,6718
Iceland,3/31/2021,Oxford/AstraZeneca,17269
Iceland,3/31/2021,Pfizer/BioNTech,50769
Iceland,4/1/2021,Johnson&Johnson,0
Iceland,4/1/2021,Moderna,6718
Iceland,4/1/2021,Oxford/AstraZeneca,17270
Iceland,4/1/2021,Pfizer/BioNTech,50770
Iceland,4/2/2021,Johnson&Johnson,0
Iceland,4/2/2021,Moderna,6718
Iceland,4/2/2021,Oxford/AstraZeneca,17270
Iceland,4/2/2021,Pfizer/BioNTech,50771
Iceland,4/3/2021,Johnson&Johnson,0
Iceland,4/3/2021,Moderna,6718
Iceland,4/3/2021,Oxford/AstraZeneca,17272
Iceland,4/3/2021,Pfizer/BioNTech,50771
Iceland,4/4/2021,Johnson&Johnson,0
Iceland,4/4/2021,Moderna,6718
Iceland,4/4/2021,Oxford/AstraZeneca,17272
Iceland,4/4/2021,Pfizer/BioNTech,50771
Iceland,4/5/2021,Johnson&Johnson,0
Iceland,4/5/2021,Moderna,6719
Iceland,4/5/2021,Oxford/AstraZeneca,17272
Iceland,4/5/2021,Pfizer/BioNTech,50771
Iceland,4/6/2021,Johnson&Johnson,0
Iceland,4/6/2021,Moderna,6719
Iceland,4/6/2021,Oxford/AstraZeneca,17274
Iceland,4/6/2021,Pfizer/BioNTech,50772
Iceland,4/7/2021,Johnson&Johnson,0
Iceland,4/7/2021,Moderna,6719
Iceland,4/7/2021,Oxford/AstraZeneca,18098
Iceland,4/7/2021,Pfizer/BioNTech,55067
Iceland,4/8/2021,Johnson&Johnson,0
Iceland,4/8/2021,Moderna,6720
Iceland,4/8/2021,Oxford/AstraZeneca,22401
Iceland,4/8/2021,Pfizer/BioNTech,57406
Iceland,4/9/2021,Johnson&Johnson,0
Iceland,4/9/2021,Moderna,8158
Iceland,4/9/2021,Oxford/AstraZeneca,22773
Iceland,4/9/2021,Pfizer/BioNTech,57902
Iceland,4/10/2021,Johnson&Johnson,0
Iceland,4/10/2021,Moderna,8158
Iceland,4/10/2021,Oxford/AstraZeneca,23288
Iceland,4/10/2021,Pfizer/BioNTech,57920
Iceland,4/11/2021,Johnson&Johnson,0
Iceland,4/11/2021,Moderna,8158
Iceland,4/11/2021,Oxford/AstraZeneca,23288
Iceland,4/11/2021,Pfizer/BioNTech,57921
Iceland,4/12/2021,Johnson&Johnson,0
Iceland,4/12/2021,Moderna,8158
Iceland,4/12/2021,Oxford/AstraZeneca,23310
Iceland,4/12/2021,Pfizer/BioNTech,57923
Iceland,4/13/2021,Johnson&Johnson,0
Iceland,4/13/2021,Moderna,8158
Iceland,4/13/2021,Oxford/AstraZeneca,23330
Iceland,4/13/2021,Pfizer/BioNTech,64107
Iceland,4/14/2021,Johnson&Johnson,0
Iceland,4/14/2021,Moderna,8158
Iceland,4/14/2021,Oxford/AstraZeneca,23864
Iceland,4/14/2021,Pfizer/BioNTech,65588
Iceland,4/15/2021,Johnson&Johnson,0
Iceland,4/15/2021,Moderna,8159
Iceland,4/15/2021,Oxford/AstraZeneca,23979
Iceland,4/15/2021,Pfizer/BioNTech,66771
Iceland,4/16/2021,Johnson&Johnson,0
Iceland,4/16/2021,Moderna,8159
Iceland,4/16/2021,Oxford/AstraZeneca,23983
Iceland,4/16/2021,Pfizer/BioNTech,67604
Iceland,4/17/2021,Johnson&Johnson,0
Iceland,4/17/2021,Moderna,8159
Iceland,4/17/2021,Oxford/AstraZeneca,23983
Iceland,4/17/2021,Pfizer/BioNTech,67953
Iceland,4/18/2021,Johnson&Johnson,0
Iceland,4/18/2021,Moderna,8159
Iceland,4/18/2021,Oxford/AstraZeneca,23983
Iceland,4/18/2021,Pfizer/BioNTech,68272
Iceland,4/19/2021,Johnson&Johnson,0
Iceland,4/19/2021,Moderna,8159
Iceland,4/19/2021,Oxford/AstraZeneca,23983
Iceland,4/19/2021,Pfizer/BioNTech,68732
Iceland,4/20/2021,Johnson&Johnson,0
Iceland,4/20/2021,Moderna,8170
Iceland,4/20/2021,Oxford/AstraZeneca,23984
Iceland,4/20/2021,Pfizer/BioNTech,75433
Iceland,4/21/2021,Johnson&Johnson,0
Iceland,4/21/2021,Moderna,12472
Iceland,4/21/2021,Oxford/AstraZeneca,24044
Iceland,4/21/2021,Pfizer/BioNTech,77100
Iceland,4/22/2021,Johnson&Johnson,0
Iceland,4/22/2021,Moderna,12472
Iceland,4/22/2021,Oxford/AstraZeneca,24045
Iceland,4/22/2021,Pfizer/BioNTech,77101
Iceland,4/23/2021,Johnson&Johnson,0
Iceland,4/23/2021,Moderna,12472
Iceland,4/23/2021,Oxford/AstraZeneca,24046
Iceland,4/23/2021,Pfizer/BioNTech,77550
Iceland,4/24/2021,Johnson&Johnson,0
Iceland,4/24/2021,Moderna,12472
Iceland,4/24/2021,Oxford/AstraZeneca,24047
Iceland,4/24/2021,Pfizer/BioNTech,77550
Iceland,4/25/2021,Johnson&Johnson,0
Iceland,4/25/2021,Moderna,12473
Iceland,4/25/2021,Oxford/AstraZeneca,24047
Iceland,4/25/2021,Pfizer/BioNTech,77550
Iceland,4/26/2021,Johnson&Johnson,0
Iceland,4/26/2021,Moderna,12474
Iceland,4/26/2021,Oxford/AstraZeneca,24047
Iceland,4/26/2021,Pfizer/BioNTech,77550
Iceland,4/27/2021,Johnson&Johnson,0
Iceland,4/27/2021,Moderna,12474
Iceland,4/27/2021,Oxford/AstraZeneca,24336
Iceland,4/27/2021,Pfizer/BioNTech,84936
Iceland,4/28/2021,Johnson&Johnson,376
Iceland,4/28/2021,Moderna,12474
Iceland,4/28/2021,Oxford/AstraZeneca,34005
Iceland,4/28/2021,Pfizer/BioNTech,86449
Iceland,4/29/2021,Johnson&Johnson,376
Iceland,4/29/2021,Moderna,12474
Iceland,4/29/2021,Oxford/AstraZeneca,44592
Iceland,4/29/2021,Pfizer/BioNTech,88063
Iceland,4/30/2021,Johnson&Johnson,467
Iceland,4/30/2021,Moderna,12477
Iceland,4/30/2021,Oxford/AstraZeneca,45077
Iceland,4/30/2021,Pfizer/BioNTech,88148
Iceland,5/1/2021,Johnson&Johnson,467
Iceland,5/1/2021,Moderna,12477
Iceland,5/1/2021,Oxford/AstraZeneca,45078
Iceland,5/1/2021,Pfizer/BioNTech,88338
Iceland,5/2/2021,Johnson&Johnson,468
Iceland,5/2/2021,Moderna,12477
Iceland,5/2/2021,Oxford/AstraZeneca,45078
Iceland,5/2/2021,Pfizer/BioNTech,88339
Iceland,5/3/2021,Johnson&Johnson,470
Iceland,5/3/2021,Moderna,12478
Iceland,5/3/2021,Oxford/AstraZeneca,45078
Iceland,5/3/2021,Pfizer/BioNTech,88344
Iceland,5/4/2021,Johnson&Johnson,524
Iceland,5/4/2021,Moderna,12478
Iceland,5/4/2021,Oxford/AstraZeneca,45161
Iceland,5/4/2021,Pfizer/BioNTech,99312
Iceland,5/5/2021,Johnson&Johnson,7042
Iceland,5/5/2021,Moderna,12478
Iceland,5/5/2021,Oxford/AstraZeneca,45671
Iceland,5/5/2021,Pfizer/BioNTech,102259
Iceland,5/6/2021,Johnson&Johnson,7935
Iceland,5/6/2021,Moderna,12479
Iceland,5/6/2021,Oxford/AstraZeneca,59706
Iceland,5/6/2021,Pfizer/BioNTech,104459
Iceland,5/7/2021,Johnson&Johnson,8446
Iceland,5/7/2021,Moderna,15358
Iceland,5/7/2021,Oxford/AstraZeneca,59930
Iceland,5/7/2021,Pfizer/BioNTech,104491
Iceland,5/8/2021,Johnson&Johnson,8447
Iceland,5/8/2021,Moderna,15358
Iceland,5/8/2021,Oxford/AstraZeneca,59930
Iceland,5/8/2021,Pfizer/BioNTech,104492
Iceland,5/9/2021,Johnson&Johnson,8447
Iceland,5/9/2021,Moderna,15358
Iceland,5/9/2021,Oxford/AstraZeneca,59930
Iceland,5/9/2021,Pfizer/BioNTech,104492
Iceland,5/10/2021,Johnson&Johnson,8450
Iceland,5/10/2021,Moderna,15358
Iceland,5/10/2021,Oxford/AstraZeneca,60079
Iceland,5/10/2021,Pfizer/BioNTech,104521
Iceland,5/11/2021,Johnson&Johnson,8684
Iceland,5/11/2021,Moderna,15358
Iceland,5/11/2021,Oxford/AstraZeneca,60110
Iceland,5/11/2021,Pfizer/BioNTech,114568
Iceland,5/12/2021,Johnson&Johnson,8881
Iceland,5/12/2021,Moderna,15358
Iceland,5/12/2021,Oxford/AstraZeneca,61416
Iceland,5/12/2021,Pfizer/BioNTech,117364
Iceland,5/13/2021,Johnson&Johnson,8882
Iceland,5/13/2021,Moderna,15358
Iceland,5/13/2021,Oxford/AstraZeneca,62398
Iceland,5/13/2021,Pfizer/BioNTech,117365
Iceland,5/14/2021,Johnson&Johnson,8882
Iceland,5/14/2021,Moderna,15358
Iceland,5/14/2021,Oxford/AstraZeneca,62421
Iceland,5/14/2021,Pfizer/BioNTech,117939
Iceland,5/15/2021,Johnson&Johnson,8883
Iceland,5/15/2021,Moderna,15358
Iceland,5/15/2021,Oxford/AstraZeneca,62421
Iceland,5/15/2021,Pfizer/BioNTech,117940
Iceland,5/16/2021,Johnson&Johnson,8883
Iceland,5/16/2021,Moderna,15358
Iceland,5/16/2021,Oxford/AstraZeneca,62421
Iceland,5/16/2021,Pfizer/BioNTech,117940
Iceland,5/17/2021,Johnson&Johnson,8883
Iceland,5/17/2021,Moderna,22547
Iceland,5/17/2021,Oxford/AstraZeneca,62505
Iceland,5/17/2021,Pfizer/BioNTech,117942
Iceland,5/18/2021,Johnson&Johnson,9254
Iceland,5/18/2021,Moderna,22548
Iceland,5/18/2021,Oxford/AstraZeneca,62790
Iceland,5/18/2021,Pfizer/BioNTech,125694
Iceland,5/19/2021,Johnson&Johnson,10570
Iceland,5/19/2021,Moderna,22548
Iceland,5/19/2021,Oxford/AstraZeneca,63610
Iceland,5/19/2021,Pfizer/BioNTech,128614
Iceland,5/20/2021,Johnson&Johnson,13193
Iceland,5/20/2021,Moderna,22548
Iceland,5/20/2021,Oxford/AstraZeneca,64522
Iceland,5/20/2021,Pfizer/BioNTech,131106
Iceland,5/21/2021,Johnson&Johnson,13258
Iceland,5/21/2021,Moderna,22560
Iceland,5/21/2021,Oxford/AstraZeneca,64571
Iceland,5/21/2021,Pfizer/BioNTech,131465
Iceland,5/22/2021,Johnson&Johnson,13258
Iceland,5/22/2021,Moderna,22560
Iceland,5/22/2021,Oxford/AstraZeneca,64571
Iceland,5/22/2021,Pfizer/BioNTech,131467
Iceland,5/23/2021,Johnson&Johnson,13258
Iceland,5/23/2021,Moderna,22561
Iceland,5/23/2021,Oxford/AstraZeneca,64571
Iceland,5/23/2021,Pfizer/BioNTech,131467
Iceland,5/24/2021,Johnson&Johnson,13258
Iceland,5/24/2021,Moderna,22561
Iceland,5/24/2021,Oxford/AstraZeneca,64571
Iceland,5/24/2021,Pfizer/BioNTech,131468
Iceland,5/25/2021,Johnson&Johnson,13304
Iceland,5/25/2021,Moderna,22562
Iceland,5/25/2021,Oxford/AstraZeneca,64623
Iceland,5/25/2021,Pfizer/BioNTech,131472
Iceland,5/26/2021,Johnson&Johnson,13474
Iceland,5/26/2021,Moderna,22562
Iceland,5/26/2021,Oxford/AstraZeneca,64800
Iceland,5/26/2021,Pfizer/BioNTech,143301
Iceland,5/27/2021,Johnson&Johnson,13481
Iceland,5/27/2021,Moderna,22562
Iceland,5/27/2021,Oxford/AstraZeneca,67706
Iceland,5/27/2021,Pfizer/BioNTech,146254
Iceland,5/28/2021,Johnson&Johnson,13532
Iceland,5/28/2021,Moderna,22562
Iceland,5/28/2021,Oxford/AstraZeneca,67737
Iceland,5/28/2021,Pfizer/BioNTech,146302
Iceland,5/29/2021,Johnson&Johnson,13533
Iceland,5/29/2021,Moderna,22562
Iceland,5/29/2021,Oxford/AstraZeneca,67738
Iceland,5/29/2021,Pfizer/BioNTech,146302
Iceland,5/30/2021,Johnson&Johnson,13533
Iceland,5/30/2021,Moderna,22562
Iceland,5/30/2021,Oxford/AstraZeneca,67738
Iceland,5/30/2021,Pfizer/BioNTech,146302
Iceland,5/31/2021,Johnson&Johnson,13546
Iceland,5/31/2021,Moderna,22562
Iceland,5/31/2021,Oxford/AstraZeneca,67738
Iceland,5/31/2021,Pfizer/BioNTech,146303
Iceland,6/1/2021,Johnson&Johnson,13644
Iceland,6/1/2021,Moderna,22562
Iceland,6/1/2021,Oxford/AstraZeneca,67829
Iceland,6/1/2021,Pfizer/BioNTech,154995
Iceland,6/2/2021,Johnson&Johnson,14189
Iceland,6/2/2021,Moderna,28306
Iceland,6/2/2021,Oxford/AstraZeneca,67985
Iceland,6/2/2021,Pfizer/BioNTech,159039
Iceland,6/3/2021,Johnson&Johnson,15254
Iceland,6/3/2021,Moderna,28307
Iceland,6/3/2021,Oxford/AstraZeneca,68129
Iceland,6/3/2021,Pfizer/BioNTech,161963
Iceland,6/4/2021,Johnson&Johnson,15787
Iceland,6/4/2021,Moderna,28307
Iceland,6/4/2021,Oxford/AstraZeneca,68181
Iceland,6/4/2021,Pfizer/BioNTech,162043
Iceland,6/5/2021,Johnson&Johnson,15788
Iceland,6/5/2021,Moderna,28307
Iceland,6/5/2021,Oxford/AstraZeneca,68181
Iceland,6/5/2021,Pfizer/BioNTech,162044
Iceland,6/6/2021,Johnson&Johnson,15788
Iceland,6/6/2021,Moderna,28307
Iceland,6/6/2021,Oxford/AstraZeneca,68181
Iceland,6/6/2021,Pfizer/BioNTech,162045
Iceland,6/7/2021,Johnson&Johnson,16041
Iceland,6/7/2021,Moderna,28307
Iceland,6/7/2021,Oxford/AstraZeneca,68240
Iceland,6/7/2021,Pfizer/BioNTech,162045
Iceland,6/8/2021,Johnson&Johnson,16120
Iceland,6/8/2021,Moderna,28307
Iceland,6/8/2021,Oxford/AstraZeneca,68845
Iceland,6/8/2021,Pfizer/BioNTech,174472
Iceland,6/9/2021,Johnson&Johnson,16284
Iceland,6/9/2021,Moderna,28307
Iceland,6/9/2021,Oxford/AstraZeneca,78243
Iceland,6/9/2021,Pfizer/BioNTech,180146
Iceland,6/10/2021,Johnson&Johnson,26539
Iceland,6/10/2021,Moderna,28307
Iceland,6/10/2021,Oxford/AstraZeneca,78259
Iceland,6/10/2021,Pfizer/BioNTech,184069
Iceland,6/11/2021,Johnson&Johnson,26545
Iceland,6/11/2021,Moderna,28307
Iceland,6/11/2021,Oxford/AstraZeneca,78294
Iceland,6/11/2021,Pfizer/BioNTech,184078
Iceland,6/12/2021,Johnson&Johnson,26545
Iceland,6/12/2021,Moderna,28307
Iceland,6/12/2021,Oxford/AstraZeneca,78294
Iceland,6/12/2021,Pfizer/BioNTech,184078
Iceland,6/13/2021,Johnson&Johnson,26545
Iceland,6/13/2021,Moderna,28307
Iceland,6/13/2021,Oxford/AstraZeneca,78294
Iceland,6/13/2021,Pfizer/BioNTech,184078
Iceland,6/14/2021,Johnson&Johnson,35728
Iceland,6/14/2021,Moderna,28307
Iceland,6/14/2021,Oxford/AstraZeneca,78917
Iceland,6/14/2021,Pfizer/BioNTech,184086
Iceland,6/15/2021,Johnson&Johnson,36260
Iceland,6/15/2021,Moderna,28308
Iceland,6/15/2021,Oxford/AstraZeneca,80452
Iceland,6/15/2021,Pfizer/BioNTech,195328
Iceland,6/16/2021,Johnson&Johnson,37361
Iceland,6/16/2021,Moderna,34091
Iceland,6/16/2021,Oxford/AstraZeneca,81343
Iceland,6/16/2021,Pfizer/BioNTech,202383
Ireland,12/29/2020,Pfizer/BioNTech,0
Ireland,1/5/2021,Moderna,0
Ireland,1/5/2021,Pfizer/BioNTech,50369
Ireland,1/12/2021,Moderna,1906
Ireland,1/12/2021,Oxford/AstraZeneca,0
Ireland,1/12/2021,Pfizer/BioNTech,97044
Ireland,1/19/2021,Moderna,1918
Ireland,1/19/2021,Oxford/AstraZeneca,0
Ireland,1/19/2021,Pfizer/BioNTech,144934
Ireland,1/26/2021,Moderna,1921
Ireland,1/26/2021,Oxford/AstraZeneca,0
Ireland,1/26/2021,Pfizer/BioNTech,196800
Ireland,2/2/2021,Moderna,1926
Ireland,2/2/2021,Oxford/AstraZeneca,7
Ireland,2/2/2021,Pfizer/BioNTech,248863
Ireland,2/9/2021,Moderna,4313
Ireland,2/9/2021,Oxford/AstraZeneca,17591
Ireland,2/9/2021,Pfizer/BioNTech,260395
Ireland,2/16/2021,Moderna,5568
Ireland,2/16/2021,Oxford/AstraZeneca,38165
Ireland,2/16/2021,Pfizer/BioNTech,322845
Ireland,2/23/2021,Moderna,9756
Ireland,2/23/2021,Oxford/AstraZeneca,72002
Ireland,2/23/2021,Pfizer/BioNTech,372294
Ireland,3/2/2021,Moderna,16455
Ireland,3/2/2021,Oxford/AstraZeneca,99619
Ireland,3/2/2021,Pfizer/BioNTech,423201
Ireland,3/9/2021,Moderna,20264
Ireland,3/9/2021,Oxford/AstraZeneca,132296
Ireland,3/9/2021,Pfizer/BioNTech,475228
Ireland,3/16/2021,Moderna,22074
Ireland,3/16/2021,Oxford/AstraZeneca,135536
Ireland,3/16/2021,Pfizer/BioNTech,535423
Ireland,3/23/2021,Moderna,29470
Ireland,3/23/2021,Oxford/AstraZeneca,173066
Ireland,3/23/2021,Pfizer/BioNTech,620064
Ireland,3/30/2021,Moderna,41425
Ireland,3/30/2021,Oxford/AstraZeneca,207738
Ireland,3/30/2021,Pfizer/BioNTech,707687
Ireland,4/6/2021,Moderna,49539
Ireland,4/6/2021,Oxford/AstraZeneca,238839
Ireland,4/6/2021,Pfizer/BioNTech,796152
Ireland,4/13/2021,Johnson&Johnson,0
Ireland,4/13/2021,Moderna,54214
Ireland,4/13/2021,Oxford/AstraZeneca,247149
Ireland,4/13/2021,Pfizer/BioNTech,931156
Ireland,4/20/2021,Johnson&Johnson,0
Ireland,4/20/2021,Moderna,67195
Ireland,4/20/2021,Oxford/AstraZeneca,304656
Ireland,4/20/2021,Pfizer/BioNTech,1051726
Ireland,4/27/2021,Johnson&Johnson,0
Ireland,4/27/2021,Moderna,81092
Ireland,4/27/2021,Oxford/AstraZeneca,387701
Ireland,4/27/2021,Pfizer/BioNTech,1161594
Ireland,5/4/2021,Johnson&Johnson,263
Ireland,5/4/2021,Moderna,90580
Ireland,5/4/2021,Oxford/AstraZeneca,513574
Ireland,5/4/2021,Pfizer/BioNTech,1269091
Ireland,5/11/2021,Johnson&Johnson,1042
Ireland,5/11/2021,Moderna,115926
Ireland,5/11/2021,Oxford/AstraZeneca,592688
Ireland,5/11/2021,Pfizer/BioNTech,1463324
Ireland,5/18/2021,Johnson&Johnson,40099
Ireland,5/18/2021,Moderna,154601
Ireland,5/18/2021,Oxford/AstraZeneca,606618
Ireland,5/18/2021,Pfizer/BioNTech,1657423
Ireland,5/25/2021,Johnson&Johnson,57459
Ireland,5/25/2021,Moderna,189833
Ireland,5/25/2021,Oxford/AstraZeneca,656137
Ireland,5/25/2021,Pfizer/BioNTech,1820385
Ireland,6/1/2021,Johnson&Johnson,70516
Ireland,6/1/2021,Moderna,228402
Ireland,6/1/2021,Oxford/AstraZeneca,691483
Ireland,6/1/2021,Pfizer/BioNTech,1962593
Ireland,6/8/2021,Johnson&Johnson,71777
Ireland,6/8/2021,Moderna,267942
Ireland,6/8/2021,Oxford/AstraZeneca,708118
Ireland,6/8/2021,Pfizer/BioNTech,2174646
Ireland,6/15/2021,Johnson&Johnson,71922
Ireland,6/15/2021,Moderna,293250
Ireland,6/15/2021,Oxford/AstraZeneca,744740
Ireland,6/15/2021,Pfizer/BioNTech,2324141
Italy,12/27/2020,Pfizer/BioNTech,7220
Italy,12/28/2020,Pfizer/BioNTech,8649
Italy,12/29/2020,Pfizer/BioNTech,9666
Italy,12/30/2020,Pfizer/BioNTech,14399
Italy,12/31/2020,Pfizer/BioNTech,39903
Italy,1/1/2021,Pfizer/BioNTech,50969
Italy,1/2/2021,Pfizer/BioNTech,89491
Italy,1/3/2021,Pfizer/BioNTech,124759
Italy,1/4/2021,Pfizer/BioNTech,193542
Italy,1/5/2021,Pfizer/BioNTech,273219
Italy,1/6/2021,Pfizer/BioNTech,338235
Italy,1/7/2021,Pfizer/BioNTech,430352
Italy,1/8/2021,Moderna,2
Italy,1/8/2021,Pfizer/BioNTech,525909
Italy,1/9/2021,Pfizer/BioNTech,612774
Italy,1/10/2021,Pfizer/BioNTech,673098
Italy,1/11/2021,Pfizer/BioNTech,754183
Italy,1/12/2021,Pfizer/BioNTech,836530
Italy,1/13/2021,Moderna,3
Italy,1/13/2021,Pfizer/BioNTech,931213
Italy,1/14/2021,Moderna,87
Italy,1/14/2021,Pfizer/BioNTech,1025040
Italy,1/15/2021,Moderna,1183
Italy,1/15/2021,Oxford/AstraZeneca,1
Italy,1/15/2021,Pfizer/BioNTech,1113635
Italy,1/16/2021,Moderna,2128
Italy,1/16/2021,Pfizer/BioNTech,1177504
Italy,1/17/2021,Moderna,2421
Italy,1/17/2021,Pfizer/BioNTech,1214387
Italy,1/18/2021,Moderna,3639
Italy,1/18/2021,Pfizer/BioNTech,1256970
Italy,1/19/2021,Moderna,5883
Italy,1/19/2021,Pfizer/BioNTech,1287804
Italy,1/20/2021,Moderna,9161
Italy,1/20/2021,Pfizer/BioNTech,1315306
Italy,1/21/2021,Moderna,11955
Italy,1/21/2021,Pfizer/BioNTech,1348278
Italy,1/22/2021,Moderna,13691
Italy,1/22/2021,Oxford/AstraZeneca,4
Italy,1/22/2021,Pfizer/BioNTech,1373213
Italy,1/23/2021,Moderna,14692
Italy,1/23/2021,Pfizer/BioNTech,1411239
Italy,1/24/2021,Moderna,15479
Italy,1/24/2021,Pfizer/BioNTech,1444324
Italy,1/25/2021,Moderna,16075
Italy,1/25/2021,Pfizer/BioNTech,1512721
Italy,1/26/2021,Moderna,16789
Italy,1/26/2021,Pfizer/BioNTech,1591954
Italy,1/27/2021,Moderna,17406
Italy,1/27/2021,Pfizer/BioNTech,1661952
Italy,1/28/2021,Moderna,18174
Italy,1/28/2021,Pfizer/BioNTech,1754624
Italy,1/29/2021,Moderna,18981
Italy,1/29/2021,Pfizer/BioNTech,1851546
Italy,1/30/2021,Moderna,19446
Italy,1/30/2021,Oxford/AstraZeneca,5
Italy,1/30/2021,Pfizer/BioNTech,1941184
Italy,1/31/2021,Moderna,19639
Italy,1/31/2021,Pfizer/BioNTech,2000508
Italy,2/1/2021,Moderna,20186
Italy,2/1/2021,Oxford/AstraZeneca,6
Italy,2/1/2021,Pfizer/BioNTech,2085422
Italy,2/2/2021,Moderna,21305
Italy,2/2/2021,Oxford/AstraZeneca,32
Italy,2/2/2021,Pfizer/BioNTech,2172095
Italy,2/3/2021,Moderna,22715
Italy,2/3/2021,Pfizer/BioNTech,2270262
Italy,2/4/2021,Moderna,24357
Italy,2/4/2021,Oxford/AstraZeneca,33
Italy,2/4/2021,Pfizer/BioNTech,2376321
Italy,2/5/2021,Moderna,27575
Italy,2/5/2021,Oxford/AstraZeneca,35
Italy,2/5/2021,Pfizer/BioNTech,2480136
Italy,2/6/2021,Moderna,29662
Italy,2/6/2021,Pfizer/BioNTech,2555452
Italy,2/7/2021,Moderna,30252
Italy,2/7/2021,Oxford/AstraZeneca,37
Italy,2/7/2021,Pfizer/BioNTech,2596694
Italy,2/8/2021,Moderna,32865
Italy,2/8/2021,Oxford/AstraZeneca,38
Italy,2/8/2021,Pfizer/BioNTech,2660698
Italy,2/9/2021,Moderna,36211
Italy,2/9/2021,Oxford/AstraZeneca,39
Italy,2/9/2021,Pfizer/BioNTech,2724062
Italy,2/10/2021,Moderna,39026
Italy,2/10/2021,Oxford/AstraZeneca,41
Italy,2/10/2021,Pfizer/BioNTech,2793974
Italy,2/11/2021,Moderna,42152
Italy,2/11/2021,Oxford/AstraZeneca,2943
Italy,2/11/2021,Pfizer/BioNTech,2862526
Italy,2/12/2021,Moderna,46273
Italy,2/12/2021,Oxford/AstraZeneca,7696
Italy,2/12/2021,Pfizer/BioNTech,2927576
Italy,2/13/2021,Moderna,50190
Italy,2/13/2021,Oxford/AstraZeneca,12983
Italy,2/13/2021,Pfizer/BioNTech,2971005
Italy,2/14/2021,Moderna,51691
Italy,2/14/2021,Oxford/AstraZeneca,20135
Italy,2/14/2021,Pfizer/BioNTech,2992197
Italy,2/15/2021,Moderna,55882
Italy,2/15/2021,Oxford/AstraZeneca,27037
Italy,2/15/2021,Pfizer/BioNTech,3043605
Italy,2/16/2021,Moderna,62655
Italy,2/16/2021,Oxford/AstraZeneca,36352
Italy,2/16/2021,Pfizer/BioNTech,3098535
Italy,2/17/2021,Moderna,70399
Italy,2/17/2021,Oxford/AstraZeneca,49065
Italy,2/17/2021,Pfizer/BioNTech,3158228
Italy,2/18/2021,Moderna,77428
Italy,2/18/2021,Oxford/AstraZeneca,66485
Italy,2/18/2021,Pfizer/BioNTech,3223419
Italy,2/19/2021,Moderna,84382
Italy,2/19/2021,Oxford/AstraZeneca,85830
Italy,2/19/2021,Pfizer/BioNTech,3289809
Italy,2/20/2021,Moderna,90762
Italy,2/20/2021,Oxford/AstraZeneca,105146
Italy,2/20/2021,Pfizer/BioNTech,3342241
Italy,2/21/2021,Moderna,96235
Italy,2/21/2021,Oxford/AstraZeneca,115817
Italy,2/21/2021,Pfizer/BioNTech,3377097
Italy,2/22/2021,Moderna,102335
Italy,2/22/2021,Oxford/AstraZeneca,139188
Italy,2/22/2021,Pfizer/BioNTech,3453070
Italy,2/23/2021,Moderna,107630
Italy,2/23/2021,Oxford/AstraZeneca,164008
Italy,2/23/2021,Pfizer/BioNTech,3529347
Italy,2/24/2021,Moderna,113881
Italy,2/24/2021,Oxford/AstraZeneca,191356
Italy,2/24/2021,Pfizer/BioNTech,3617635
Italy,2/25/2021,Moderna,120058
Italy,2/25/2021,Oxford/AstraZeneca,223095
Italy,2/25/2021,Pfizer/BioNTech,3707879
Italy,2/26/2021,Moderna,125858
Italy,2/26/2021,Oxford/AstraZeneca,263284
Italy,2/26/2021,Pfizer/BioNTech,3799871
Italy,2/27/2021,Moderna,132925
Italy,2/27/2021,Oxford/AstraZeneca,308063
Italy,2/27/2021,Pfizer/BioNTech,3874672
Italy,2/28/2021,Moderna,135688
Italy,2/28/2021,Oxford/AstraZeneca,334708
Italy,2/28/2021,Pfizer/BioNTech,3923569
Italy,3/1/2021,Moderna,142746
Italy,3/1/2021,Oxford/AstraZeneca,374831
Italy,3/1/2021,Pfizer/BioNTech,4011939
Italy,3/2/2021,Moderna,150273
Italy,3/2/2021,Oxford/AstraZeneca,431085
Italy,3/2/2021,Pfizer/BioNTech,4109996
Italy,3/3/2021,Moderna,160176
Italy,3/3/2021,Oxford/AstraZeneca,489010
Italy,3/3/2021,Pfizer/BioNTech,4228905
Italy,3/4/2021,Moderna,171172
Italy,3/4/2021,Oxford/AstraZeneca,549891
Italy,3/4/2021,Pfizer/BioNTech,4354712
Italy,3/5/2021,Moderna,183370
Italy,3/5/2021,Oxford/AstraZeneca,616261
Italy,3/5/2021,Pfizer/BioNTech,4481872
Italy,3/6/2021,Moderna,196595
Italy,3/6/2021,Oxford/AstraZeneca,679786
Italy,3/6/2021,Pfizer/BioNTech,4582545
Italy,3/7/2021,Moderna,204434
Italy,3/7/2021,Oxford/AstraZeneca,716416
Italy,3/7/2021,Pfizer/BioNTech,4640737
Italy,3/8/2021,Moderna,216726
Italy,3/8/2021,Oxford/AstraZeneca,776380
Italy,3/8/2021,Pfizer/BioNTech,4749589
Italy,3/9/2021,Moderna,229374
Italy,3/9/2021,Oxford/AstraZeneca,839253
Italy,3/9/2021,Pfizer/BioNTech,4868723
Italy,3/10/2021,Moderna,240490
Italy,3/10/2021,Oxford/AstraZeneca,905794
Italy,3/10/2021,Pfizer/BioNTech,5006111
Italy,3/11/2021,Moderna,252774
Italy,3/11/2021,Oxford/AstraZeneca,977089
Italy,3/11/2021,Pfizer/BioNTech,5145642
Italy,3/12/2021,Moderna,262727
Italy,3/12/2021,Oxford/AstraZeneca,1049504
Italy,3/12/2021,Pfizer/BioNTech,5274649
Italy,3/13/2021,Moderna,274083
Italy,3/13/2021,Oxford/AstraZeneca,1116495
Italy,3/13/2021,Pfizer/BioNTech,5373016
Italy,3/14/2021,Moderna,281042
Italy,3/14/2021,Oxford/AstraZeneca,1157300
Italy,3/14/2021,Pfizer/BioNTech,5431099
Italy,3/15/2021,Moderna,292126
Italy,3/15/2021,Oxford/AstraZeneca,1207957
Italy,3/15/2021,Pfizer/BioNTech,5543699
Italy,3/16/2021,Moderna,304105
Italy,3/16/2021,Oxford/AstraZeneca,1208160
Italy,3/16/2021,Pfizer/BioNTech,5671592
Italy,3/17/2021,Moderna,315724
Italy,3/17/2021,Oxford/AstraZeneca,1208201
Italy,3/17/2021,Pfizer/BioNTech,5825339
Italy,3/18/2021,Moderna,328699
Italy,3/18/2021,Oxford/AstraZeneca,1208301
Italy,3/18/2021,Pfizer/BioNTech,5975313
Italy,3/19/2021,Moderna,340079
Italy,3/19/2021,Oxford/AstraZeneca,1226770
Italy,3/19/2021,Pfizer/BioNTech,6120890
Italy,3/20/2021,Moderna,352488
Italy,3/20/2021,Oxford/AstraZeneca,1277625
Italy,3/20/2021,Pfizer/BioNTech,6232999
Italy,3/21/2021,Moderna,362093
Italy,3/21/2021,Oxford/AstraZeneca,1322305
Italy,3/21/2021,Pfizer/BioNTech,6308949
Italy,3/22/2021,Moderna,374109
Italy,3/22/2021,Oxford/AstraZeneca,1392882
Italy,3/22/2021,Pfizer/BioNTech,6421779
Italy,3/23/2021,Moderna,387844
Italy,3/23/2021,Oxford/AstraZeneca,1472827
Italy,3/23/2021,Pfizer/BioNTech,6553691
Italy,3/24/2021,Moderna,403445
Italy,3/24/2021,Oxford/AstraZeneca,1549801
Italy,3/24/2021,Pfizer/BioNTech,6717045
Italy,3/25/2021,Moderna,421822
Italy,3/25/2021,Oxford/AstraZeneca,1631689
Italy,3/25/2021,Pfizer/BioNTech,6886099
Italy,3/26/2021,Moderna,440999
Italy,3/26/2021,Oxford/AstraZeneca,1714618
Italy,3/26/2021,Pfizer/BioNTech,7054298
Italy,3/27/2021,Moderna,469885
Italy,3/27/2021,Oxford/AstraZeneca,1782409
Italy,3/27/2021,Pfizer/BioNTech,7197855
Italy,3/28/2021,Moderna,487125
Italy,3/28/2021,Oxford/AstraZeneca,1837918
Italy,3/28/2021,Pfizer/BioNTech,7288196
Italy,3/29/2021,Moderna,511514
Italy,3/29/2021,Oxford/AstraZeneca,1910591
Italy,3/29/2021,Pfizer/BioNTech,7433681
Italy,3/30/2021,Moderna,540373
Italy,3/30/2021,Oxford/AstraZeneca,1984909
Italy,3/30/2021,Pfizer/BioNTech,7598369
Italy,3/31/2021,Johnson&Johnson,14
Italy,3/31/2021,Moderna,563632
Italy,3/31/2021,Oxford/AstraZeneca,2056246
Italy,3/31/2021,Pfizer/BioNTech,7808533
Italy,4/1/2021,Moderna,588649
Italy,4/1/2021,Oxford/AstraZeneca,2111679
Italy,4/1/2021,Pfizer/BioNTech,8014511
Italy,4/2/2021,Moderna,619094
Italy,4/2/2021,Oxford/AstraZeneca,2177864
Italy,4/2/2021,Pfizer/BioNTech,8199414
Italy,4/3/2021,Johnson&Johnson,15
Italy,4/3/2021,Moderna,655057
Italy,4/3/2021,Oxford/AstraZeneca,2225161
Italy,4/3/2021,Pfizer/BioNTech,8345567
Italy,4/4/2021,Moderna,667140
Italy,4/4/2021,Oxford/AstraZeneca,2263386
Italy,4/4/2021,Pfizer/BioNTech,8391444
Italy,4/5/2021,Moderna,687197
Italy,4/5/2021,Oxford/AstraZeneca,2322401
Italy,4/5/2021,Pfizer/BioNTech,8482868
Italy,4/6/2021,Johnson&Johnson,20
Italy,4/6/2021,Moderna,727054
Italy,4/6/2021,Oxford/AstraZeneca,2407380
Italy,4/6/2021,Pfizer/BioNTech,8642247
Italy,4/7/2021,Moderna,756934
Italy,4/7/2021,Oxford/AstraZeneca,2489184
Italy,4/7/2021,Pfizer/BioNTech,8854559
Italy,4/8/2021,Moderna,790888
Italy,4/8/2021,Oxford/AstraZeneca,2545930
Italy,4/8/2021,Pfizer/BioNTech,9097388
Italy,4/9/2021,Moderna,826541
Italy,4/9/2021,Oxford/AstraZeneca,2598800
Italy,4/9/2021,Pfizer/BioNTech,9343419
Italy,4/10/2021,Moderna,867497
Italy,4/10/2021,Oxford/AstraZeneca,2659574
Italy,4/10/2021,Pfizer/BioNTech,9562330
Italy,4/11/2021,Johnson&Johnson,23
Italy,4/11/2021,Moderna,885423
Italy,4/11/2021,Oxford/AstraZeneca,2696924
Italy,4/11/2021,Pfizer/BioNTech,9708879
Italy,4/12/2021,Moderna,910035
Italy,4/12/2021,Oxford/AstraZeneca,2775422
Italy,4/12/2021,Pfizer/BioNTech,9872305
Italy,4/13/2021,Moderna,938067
Italy,4/13/2021,Oxford/AstraZeneca,2870760
Italy,4/13/2021,Pfizer/BioNTech,10036597
Italy,4/14/2021,Johnson&Johnson,24
Italy,4/14/2021,Moderna,965175
Italy,4/14/2021,Oxford/AstraZeneca,2971377
Italy,4/14/2021,Pfizer/BioNTech,10228931
Italy,4/15/2021,Moderna,990218
Italy,4/15/2021,Oxford/AstraZeneca,3061975
Italy,4/15/2021,Pfizer/BioNTech,10464116
Italy,4/16/2021,Moderna,1011631
Italy,4/16/2021,Oxford/AstraZeneca,3169246
Italy,4/16/2021,Pfizer/BioNTech,10714733
Italy,4/17/2021,Moderna,1033973
Italy,4/17/2021,Oxford/AstraZeneca,3277908
Italy,4/17/2021,Pfizer/BioNTech,10943430
Italy,4/18/2021,Moderna,1047426
Italy,4/18/2021,Oxford/AstraZeneca,3350720
Italy,4/18/2021,Pfizer/BioNTech,11099245
Italy,4/19/2021,Moderna,1064679
Italy,4/19/2021,Oxford/AstraZeneca,3446751
Italy,4/19/2021,Pfizer/BioNTech,11296487
Italy,4/20/2021,Moderna,1088665
Italy,4/20/2021,Oxford/AstraZeneca,3543828
Italy,4/20/2021,Pfizer/BioNTech,11508627
Italy,4/21/2021,Moderna,1118760
Italy,4/21/2021,Oxford/AstraZeneca,3645700
Italy,4/21/2021,Pfizer/BioNTech,11749408
Italy,4/22/2021,Johnson&Johnson,313
Italy,4/22/2021,Moderna,1151357
Italy,4/22/2021,Oxford/AstraZeneca,3737147
Italy,4/22/2021,Pfizer/BioNTech,12023705
Italy,4/23/2021,Johnson&Johnson,854
Italy,4/23/2021,Moderna,1183808
Italy,4/23/2021,Oxford/AstraZeneca,3833303
Italy,4/23/2021,Pfizer/BioNTech,12298617
Italy,4/24/2021,Johnson&Johnson,3885
Italy,4/24/2021,Moderna,1226378
Italy,4/24/2021,Oxford/AstraZeneca,3926616
Italy,4/24/2021,Pfizer/BioNTech,12545910
Italy,4/25/2021,Johnson&Johnson,12631
Italy,4/25/2021,Moderna,1258887
Italy,4/25/2021,Oxford/AstraZeneca,4002258
Italy,4/25/2021,Pfizer/BioNTech,12696667
Italy,4/26/2021,Johnson&Johnson,21957
Italy,4/26/2021,Moderna,1297847
Italy,4/26/2021,Oxford/AstraZeneca,4066847
Italy,4/26/2021,Pfizer/BioNTech,12927932
Italy,4/27/2021,Johnson&Johnson,31764
Italy,4/27/2021,Moderna,1350983
Italy,4/27/2021,Oxford/AstraZeneca,4134589
Italy,4/27/2021,Pfizer/BioNTech,13170108
Italy,4/28/2021,Johnson&Johnson,40689
Italy,4/28/2021,Moderna,1405335
Italy,4/28/2021,Oxford/AstraZeneca,4211546
Italy,4/28/2021,Pfizer/BioNTech,13438269
Italy,4/29/2021,Johnson&Johnson,50786
Italy,4/29/2021,Moderna,1459620
Italy,4/29/2021,Oxford/AstraZeneca,4300137
Italy,4/29/2021,Pfizer/BioNTech,13813329
Italy,4/30/2021,Johnson&Johnson,65235
Italy,4/30/2021,Moderna,1507815
Italy,4/30/2021,Oxford/AstraZeneca,4386122
Italy,4/30/2021,Pfizer/BioNTech,14191571
Italy,5/1/2021,Johnson&Johnson,83038
Italy,5/1/2021,Moderna,1550273
Italy,5/1/2021,Oxford/AstraZeneca,4453887
Italy,5/1/2021,Pfizer/BioNTech,14496408
Italy,5/2/2021,Johnson&Johnson,94594
Italy,5/2/2021,Moderna,1581077
Italy,5/2/2021,Oxford/AstraZeneca,4518403
Italy,5/2/2021,Pfizer/BioNTech,14759123
Italy,5/3/2021,Johnson&Johnson,106435
Italy,5/3/2021,Moderna,1621477
Italy,5/3/2021,Oxford/AstraZeneca,4610339
Italy,5/3/2021,Pfizer/BioNTech,15026823
Italy,5/4/2021,Johnson&Johnson,118374
Italy,5/4/2021,Moderna,1681120
Italy,5/4/2021,Oxford/AstraZeneca,4726255
Italy,5/4/2021,Pfizer/BioNTech,15287337
Italy,5/5/2021,Johnson&Johnson,132605
Italy,5/5/2021,Moderna,1735946
Italy,5/5/2021,Oxford/AstraZeneca,4851048
Italy,5/5/2021,Pfizer/BioNTech,15575964
Italy,5/6/2021,Johnson&Johnson,145508
Italy,5/6/2021,Moderna,1783530
Italy,5/6/2021,Oxford/AstraZeneca,4962479
Italy,5/6/2021,Pfizer/BioNTech,15923376
Italy,5/7/2021,Johnson&Johnson,157992
Italy,5/7/2021,Moderna,1836131
Italy,5/7/2021,Oxford/AstraZeneca,5067565
Italy,5/7/2021,Pfizer/BioNTech,16296657
Italy,5/8/2021,Johnson&Johnson,175150
Italy,5/8/2021,Moderna,1896588
Italy,5/8/2021,Oxford/AstraZeneca,5171434
Italy,5/8/2021,Pfizer/BioNTech,16627782
Italy,5/9/2021,Johnson&Johnson,184161
Italy,5/9/2021,Moderna,1929383
Italy,5/9/2021,Oxford/AstraZeneca,5262385
Italy,5/9/2021,Pfizer/BioNTech,16877867
Italy,5/10/2021,Johnson&Johnson,192242
Italy,5/10/2021,Moderna,1971364
Italy,5/10/2021,Oxford/AstraZeneca,5370815
Italy,5/10/2021,Pfizer/BioNTech,17159361
Italy,5/11/2021,Johnson&Johnson,202007
Italy,5/11/2021,Moderna,2037139
Italy,5/11/2021,Oxford/AstraZeneca,5473620
Italy,5/11/2021,Pfizer/BioNTech,17437038
Italy,5/12/2021,Johnson&Johnson,210853
Italy,5/12/2021,Moderna,2098823
Italy,5/12/2021,Oxford/AstraZeneca,5574298
Italy,5/12/2021,Pfizer/BioNTech,17749038
Italy,5/13/2021,Johnson&Johnson,219014
Italy,5/13/2021,Moderna,2147153
Italy,5/13/2021,Oxford/AstraZeneca,5666425
Italy,5/13/2021,Pfizer/BioNTech,18127555
Italy,5/14/2021,Johnson&Johnson,227122
Italy,5/14/2021,Moderna,2197074
Italy,5/14/2021,Oxford/AstraZeneca,5763573
Italy,5/14/2021,Pfizer/BioNTech,18525030
Italy,5/15/2021,Johnson&Johnson,245030
Italy,5/15/2021,Moderna,2252103
Italy,5/15/2021,Oxford/AstraZeneca,5859671
Italy,5/15/2021,Pfizer/BioNTech,18899463
Italy,5/16/2021,Johnson&Johnson,261199
Italy,5/16/2021,Moderna,2287180
Italy,5/16/2021,Oxford/AstraZeneca,5938707
Italy,5/16/2021,Pfizer/BioNTech,19178332
Italy,5/17/2021,Johnson&Johnson,279136
Italy,5/17/2021,Moderna,2332778
Italy,5/17/2021,Oxford/AstraZeneca,6018747
Italy,5/17/2021,Pfizer/BioNTech,19499929
Italy,5/18/2021,Johnson&Johnson,297220
Italy,5/18/2021,Moderna,2385784
Italy,5/18/2021,Oxford/AstraZeneca,6115385
Italy,5/18/2021,Pfizer/BioNTech,19799338
Italy,5/19/2021,Johnson&Johnson,315343
Italy,5/19/2021,Moderna,2440914
Italy,5/19/2021,Oxford/AstraZeneca,6215784
Italy,5/19/2021,Pfizer/BioNTech,20109585
Italy,5/20/2021,Johnson&Johnson,334914
Italy,5/20/2021,Moderna,2480772
Italy,5/20/2021,Oxford/AstraZeneca,6304800
Italy,5/20/2021,Pfizer/BioNTech,20509568
Italy,5/21/2021,Johnson&Johnson,353013
Italy,5/21/2021,Moderna,2525255
Italy,5/21/2021,Oxford/AstraZeneca,6398990
Italy,5/21/2021,Pfizer/BioNTech,20915875
Italy,5/22/2021,Johnson&Johnson,391196
Italy,5/22/2021,Moderna,2591335
Italy,5/22/2021,Oxford/AstraZeneca,6484912
Italy,5/22/2021,Pfizer/BioNTech,21243588
Italy,5/23/2021,Johnson&Johnson,427128
Italy,5/23/2021,Moderna,2646522
Italy,5/23/2021,Oxford/AstraZeneca,6545284
Italy,5/23/2021,Pfizer/BioNTech,21499226
Italy,5/24/2021,Johnson&Johnson,459573
Italy,5/24/2021,Moderna,2716036
Italy,5/24/2021,Oxford/AstraZeneca,6625049
Italy,5/24/2021,Pfizer/BioNTech,21779685
Italy,5/25/2021,Johnson&Johnson,488843
Italy,5/25/2021,Moderna,2813912
Italy,5/25/2021,Oxford/AstraZeneca,6725686
Italy,5/25/2021,Pfizer/BioNTech,22027827
Italy,5/26/2021,Johnson&Johnson,519516
Italy,5/26/2021,Moderna,2921295
Italy,5/26/2021,Oxford/AstraZeneca,6831186
Italy,5/26/2021,Pfizer/BioNTech,22307315
Italy,5/27/2021,Johnson&Johnson,541154
Italy,5/27/2021,Moderna,2997620
Italy,5/27/2021,Oxford/AstraZeneca,6930080
Italy,5/27/2021,Pfizer/BioNTech,22696879
Italy,5/28/2021,Johnson&Johnson,559801
Italy,5/28/2021,Moderna,3060084
Italy,5/28/2021,Oxford/AstraZeneca,7028153
Italy,5/28/2021,Pfizer/BioNTech,23107935
Italy,5/29/2021,Johnson&Johnson,578619
Italy,5/29/2021,Moderna,3117047
Italy,5/29/2021,Oxford/AstraZeneca,7103492
Italy,5/29/2021,Pfizer/BioNTech,23479501
Italy,5/30/2021,Johnson&Johnson,597439
Italy,5/30/2021,Moderna,3157202
Italy,5/30/2021,Oxford/AstraZeneca,7153860
Italy,5/30/2021,Pfizer/BioNTech,23771716
Italy,5/31/2021,Johnson&Johnson,653873
Italy,5/31/2021,Moderna,3243746
Italy,5/31/2021,Oxford/AstraZeneca,7229019
Italy,5/31/2021,Pfizer/BioNTech,24031174
Italy,6/1/2021,Johnson&Johnson,720671
Italy,6/1/2021,Moderna,3325569
Italy,6/1/2021,Oxford/AstraZeneca,7295068
Italy,6/1/2021,Pfizer/BioNTech,24282265
Italy,6/2/2021,Johnson&Johnson,758444
Italy,6/2/2021,Moderna,3372449
Italy,6/2/2021,Oxford/AstraZeneca,7332691
Italy,6/2/2021,Pfizer/BioNTech,24570639
Italy,6/3/2021,Johnson&Johnson,796078
Italy,6/3/2021,Moderna,3424575
Italy,6/3/2021,Oxford/AstraZeneca,7396681
Italy,6/3/2021,Pfizer/BioNTech,25010442
Italy,6/4/2021,Johnson&Johnson,843557
Italy,6/4/2021,Moderna,3482188
Italy,6/4/2021,Oxford/AstraZeneca,7458844
Italy,6/4/2021,Pfizer/BioNTech,25471260
Italy,6/5/2021,Johnson&Johnson,900685
Italy,6/5/2021,Moderna,3525695
Italy,6/5/2021,Oxford/AstraZeneca,7523874
Italy,6/5/2021,Pfizer/BioNTech,25920110
Italy,6/6/2021,Johnson&Johnson,949648
Italy,6/6/2021,Moderna,3555945
Italy,6/6/2021,Oxford/AstraZeneca,7591369
Italy,6/6/2021,Pfizer/BioNTech,26282450
Italy,6/7/2021,Johnson&Johnson,986803
Italy,6/7/2021,Moderna,3601782
Italy,6/7/2021,Oxford/AstraZeneca,7666273
Italy,6/7/2021,Pfizer/BioNTech,26689234
Italy,6/8/2021,Johnson&Johnson,1027476
Italy,6/8/2021,Moderna,3662298
Italy,6/8/2021,Oxford/AstraZeneca,7746054
Italy,6/8/2021,Pfizer/BioNTech,27082842
Italy,6/9/2021,Johnson&Johnson,1065557
Italy,6/9/2021,Moderna,3728754
Italy,6/9/2021,Oxford/AstraZeneca,7830755
Italy,6/9/2021,Pfizer/BioNTech,27478590
Italy,6/10/2021,Johnson&Johnson,1098169
Italy,6/10/2021,Moderna,3770019
Italy,6/10/2021,Oxford/AstraZeneca,7904956
Italy,6/10/2021,Pfizer/BioNTech,27950079
Italy,6/11/2021,Johnson&Johnson,1121798
Italy,6/11/2021,Moderna,3808441
Italy,6/11/2021,Oxford/AstraZeneca,7968003
Italy,6/11/2021,Pfizer/BioNTech,28434485
Italy,6/12/2021,Johnson&Johnson,1136780
Italy,6/12/2021,Moderna,3853522
Italy,6/12/2021,Oxford/AstraZeneca,7995106
Italy,6/12/2021,Pfizer/BioNTech,28893535
Italy,6/13/2021,Johnson&Johnson,1142493
Italy,6/13/2021,Moderna,3902921
Italy,6/13/2021,Oxford/AstraZeneca,8012482
Italy,6/13/2021,Pfizer/BioNTech,29242657
Italy,6/14/2021,Johnson&Johnson,1149324
Italy,6/14/2021,Moderna,3957535
Italy,6/14/2021,Oxford/AstraZeneca,8044088
Italy,6/14/2021,Pfizer/BioNTech,29674238
Italy,6/15/2021,Johnson&Johnson,1156345
Italy,6/15/2021,Moderna,4032692
Italy,6/15/2021,Oxford/AstraZeneca,8081216
Italy,6/15/2021,Pfizer/BioNTech,30076441
Italy,6/16/2021,Johnson&Johnson,1164294
Italy,6/16/2021,Moderna,4117935
Italy,6/16/2021,Oxford/AstraZeneca,8125109
Italy,6/16/2021,Pfizer/BioNTech,30484875
Italy,6/17/2021,Johnson&Johnson,1172087
Italy,6/17/2021,Moderna,4185398
Italy,6/17/2021,Oxford/AstraZeneca,8167264
Italy,6/17/2021,Pfizer/BioNTech,30957179
Italy,6/18/2021,Johnson&Johnson,1178052
Italy,6/18/2021,Moderna,4239380
Italy,6/18/2021,Oxford/AstraZeneca,8208620
Italy,6/18/2021,Pfizer/BioNTech,31445685
Italy,6/19/2021,Johnson&Johnson,1182405
Italy,6/19/2021,Moderna,4292510
Italy,6/19/2021,Oxford/AstraZeneca,8242292
Italy,6/19/2021,Pfizer/BioNTech,31881318
Italy,6/20/2021,Johnson&Johnson,1184906
Italy,6/20/2021,Moderna,4339649
Italy,6/20/2021,Oxford/AstraZeneca,8272177
Italy,6/20/2021,Pfizer/BioNTech,32219977
Latvia,12/28/2020,Pfizer/BioNTech,595
Latvia,12/29/2020,Pfizer/BioNTech,1468
Latvia,12/30/2020,Pfizer/BioNTech,2261
Latvia,1/4/2021,Pfizer/BioNTech,2960
Latvia,1/5/2021,Pfizer/BioNTech,3849
Latvia,1/6/2021,Pfizer/BioNTech,4625
Latvia,1/7/2021,Pfizer/BioNTech,5435
Latvia,1/8/2021,Pfizer/BioNTech,6342
Latvia,1/9/2021,Pfizer/BioNTech,6647
Latvia,1/10/2021,Pfizer/BioNTech,6983
Latvia,1/11/2021,Moderna,1
Latvia,1/11/2021,Pfizer/BioNTech,8350
Latvia,1/12/2021,Pfizer/BioNTech,9977
Latvia,1/13/2021,Johnson&Johnson,1
Latvia,1/13/2021,Moderna,131
Latvia,1/13/2021,Pfizer/BioNTech,11360
Latvia,1/14/2021,Moderna,554
Latvia,1/14/2021,Pfizer/BioNTech,12761
Latvia,1/15/2021,Moderna,915
Latvia,1/15/2021,Pfizer/BioNTech,14275
Latvia,1/16/2021,Moderna,945
Latvia,1/16/2021,Pfizer/BioNTech,14913
Latvia,1/17/2021,Pfizer/BioNTech,15030
Latvia,1/18/2021,Moderna,1089
Latvia,1/18/2021,Pfizer/BioNTech,15734
Latvia,1/19/2021,Moderna,1150
Latvia,1/19/2021,Pfizer/BioNTech,16550
Latvia,1/20/2021,Moderna,1160
Latvia,1/20/2021,Pfizer/BioNTech,17315
Latvia,1/21/2021,Pfizer/BioNTech,17595
Latvia,1/22/2021,Moderna,1180
Latvia,1/22/2021,Pfizer/BioNTech,17792
Latvia,1/23/2021,Pfizer/BioNTech,17919
Latvia,1/25/2021,Pfizer/BioNTech,18587
Latvia,1/26/2021,Moderna,1191
Latvia,1/26/2021,Pfizer/BioNTech,19429
Latvia,1/27/2021,Moderna,1193
Latvia,1/27/2021,Pfizer/BioNTech,20252
Latvia,1/28/2021,Pfizer/BioNTech,21035
Latvia,1/29/2021,Moderna,1204
Latvia,1/29/2021,Pfizer/BioNTech,21990
Latvia,1/30/2021,Pfizer/BioNTech,22298
Latvia,1/31/2021,Pfizer/BioNTech,22632
Latvia,2/1/2021,Moderna,1205
Latvia,2/1/2021,Pfizer/BioNTech,23821
Latvia,2/2/2021,Moderna,1325
Latvia,2/2/2021,Oxford/AstraZeneca,1
Latvia,2/2/2021,Pfizer/BioNTech,25516
Latvia,2/3/2021,Moderna,1546
Latvia,2/3/2021,Pfizer/BioNTech,26920
Latvia,2/4/2021,Moderna,1657
Latvia,2/4/2021,Pfizer/BioNTech,28318
Latvia,2/5/2021,Moderna,1747
Latvia,2/5/2021,Pfizer/BioNTech,29897
Latvia,2/6/2021,Pfizer/BioNTech,30467
Latvia,2/7/2021,Oxford/AstraZeneca,2
Latvia,2/7/2021,Pfizer/BioNTech,30592
Latvia,2/8/2021,Moderna,1787
Latvia,2/8/2021,Pfizer/BioNTech,30963
Latvia,2/9/2021,Moderna,1807
Latvia,2/9/2021,Oxford/AstraZeneca,22
Latvia,2/9/2021,Pfizer/BioNTech,31107
Latvia,2/10/2021,Moderna,1936
Latvia,2/10/2021,Oxford/AstraZeneca,438
Latvia,2/10/2021,Pfizer/BioNTech,31194
Latvia,2/11/2021,Moderna,2320
Latvia,2/11/2021,Oxford/AstraZeneca,1533
Latvia,2/11/2021,Pfizer/BioNTech,31502
Latvia,2/12/2021,Moderna,2662
Latvia,2/12/2021,Oxford/AstraZeneca,2703
Latvia,2/12/2021,Pfizer/BioNTech,31730
Latvia,2/13/2021,Moderna,2712
Latvia,2/13/2021,Oxford/AstraZeneca,2925
Latvia,2/13/2021,Pfizer/BioNTech,31859
Latvia,2/14/2021,Moderna,2732
Latvia,2/14/2021,Oxford/AstraZeneca,2926
Latvia,2/15/2021,Moderna,2884
Latvia,2/15/2021,Oxford/AstraZeneca,3625
Latvia,2/15/2021,Pfizer/BioNTech,31887
Latvia,2/16/2021,Moderna,3103
Latvia,2/16/2021,Oxford/AstraZeneca,4771
Latvia,2/16/2021,Pfizer/BioNTech,31905
Latvia,2/17/2021,Moderna,3232
Latvia,2/17/2021,Oxford/AstraZeneca,6487
Latvia,2/17/2021,Pfizer/BioNTech,32059
Latvia,2/18/2021,Moderna,3470
Latvia,2/18/2021,Oxford/AstraZeneca,7743
Latvia,2/18/2021,Pfizer/BioNTech,32119
Latvia,2/19/2021,Moderna,3678
Latvia,2/19/2021,Oxford/AstraZeneca,8857
Latvia,2/19/2021,Pfizer/BioNTech,32176
Latvia,2/20/2021,Moderna,3698
Latvia,2/20/2021,Oxford/AstraZeneca,9581
Latvia,2/21/2021,Oxford/AstraZeneca,10389
Latvia,2/22/2021,Moderna,3942
Latvia,2/22/2021,Oxford/AstraZeneca,11897
Latvia,2/22/2021,Pfizer/BioNTech,32209
Latvia,2/23/2021,Moderna,4163
Latvia,2/23/2021,Oxford/AstraZeneca,14046
Latvia,2/23/2021,Pfizer/BioNTech,32236
Latvia,2/24/2021,Moderna,4313
Latvia,2/24/2021,Oxford/AstraZeneca,18181
Latvia,2/24/2021,Pfizer/BioNTech,32275
Latvia,2/25/2021,Moderna,4573
Latvia,2/25/2021,Oxford/AstraZeneca,22028
Latvia,2/25/2021,Pfizer/BioNTech,32370
Latvia,2/26/2021,Moderna,4785
Latvia,2/26/2021,Oxford/AstraZeneca,25072
Latvia,2/26/2021,Pfizer/BioNTech,32503
Latvia,2/27/2021,Moderna,5105
Latvia,2/27/2021,Oxford/AstraZeneca,25333
Latvia,2/27/2021,Pfizer/BioNTech,32512
Latvia,2/28/2021,Moderna,5106
Latvia,2/28/2021,Oxford/AstraZeneca,25463
Latvia,2/28/2021,Pfizer/BioNTech,32513
Latvia,3/1/2021,Moderna,5488
Latvia,3/1/2021,Oxford/AstraZeneca,27145
Latvia,3/1/2021,Pfizer/BioNTech,32753
Latvia,3/2/2021,Moderna,6213
Latvia,3/2/2021,Oxford/AstraZeneca,28974
Latvia,3/2/2021,Pfizer/BioNTech,33078
Latvia,3/3/2021,Johnson&Johnson,2
Latvia,3/3/2021,Moderna,6965
Latvia,3/3/2021,Oxford/AstraZeneca,33158
Latvia,3/3/2021,Pfizer/BioNTech,33729
Latvia,3/4/2021,Moderna,7493
Latvia,3/4/2021,Oxford/AstraZeneca,40502
Latvia,3/4/2021,Pfizer/BioNTech,34255
Latvia,3/5/2021,Moderna,7969
Latvia,3/5/2021,Oxford/AstraZeneca,46788
Latvia,3/5/2021,Pfizer/BioNTech,34605
Latvia,3/6/2021,Moderna,8054
Latvia,3/6/2021,Oxford/AstraZeneca,47907
Latvia,3/6/2021,Pfizer/BioNTech,34607
Latvia,3/7/2021,Oxford/AstraZeneca,47987
Latvia,3/8/2021,Moderna,8316
Latvia,3/8/2021,Oxford/AstraZeneca,50186
Latvia,3/8/2021,Pfizer/BioNTech,34608
Latvia,3/9/2021,Moderna,8675
Latvia,3/9/2021,Oxford/AstraZeneca,52813
Latvia,3/9/2021,Pfizer/BioNTech,34847
Latvia,3/10/2021,Moderna,8957
Latvia,3/10/2021,Oxford/AstraZeneca,55462
Latvia,3/10/2021,Pfizer/BioNTech,35410
Latvia,3/11/2021,Moderna,9118
Latvia,3/11/2021,Oxford/AstraZeneca,59011
Latvia,3/11/2021,Pfizer/BioNTech,35556
Latvia,3/12/2021,Moderna,9251
Latvia,3/12/2021,Oxford/AstraZeneca,66402
Latvia,3/12/2021,Pfizer/BioNTech,35598
Latvia,3/13/2021,Moderna,9321
Latvia,3/13/2021,Oxford/AstraZeneca,67703
Latvia,3/14/2021,Oxford/AstraZeneca,67775
Latvia,3/15/2021,Moderna,9423
Latvia,3/15/2021,Oxford/AstraZeneca,73348
Latvia,3/16/2021,Johnson&Johnson,3
Latvia,3/16/2021,Moderna,9585
Latvia,3/16/2021,Oxford/AstraZeneca,73359
Latvia,3/16/2021,Pfizer/BioNTech,35608
Latvia,3/17/2021,Moderna,9746
Latvia,3/17/2021,Oxford/AstraZeneca,73362
Latvia,3/17/2021,Pfizer/BioNTech,35615
Latvia,3/18/2021,Johnson&Johnson,4
Latvia,3/18/2021,Moderna,9967
Latvia,3/18/2021,Oxford/AstraZeneca,73363
Latvia,3/18/2021,Pfizer/BioNTech,35669
Latvia,3/19/2021,Moderna,10266
Latvia,3/19/2021,Oxford/AstraZeneca,73890
Latvia,3/19/2021,Pfizer/BioNTech,35765
Latvia,3/20/2021,Moderna,10316
Latvia,3/20/2021,Oxford/AstraZeneca,74240
Latvia,3/20/2021,Pfizer/BioNTech,35766
Latvia,3/21/2021,Oxford/AstraZeneca,74264
Latvia,3/22/2021,Johnson&Johnson,6
Latvia,3/22/2021,Moderna,10931
Latvia,3/22/2021,Oxford/AstraZeneca,77333
Latvia,3/22/2021,Pfizer/BioNTech,35767
Latvia,3/23/2021,Moderna,12137
Latvia,3/23/2021,Oxford/AstraZeneca,83495
Latvia,3/23/2021,Pfizer/BioNTech,35961
Latvia,3/24/2021,Moderna,13616
Latvia,3/24/2021,Oxford/AstraZeneca,89974
Latvia,3/24/2021,Pfizer/BioNTech,36505
Latvia,3/25/2021,Moderna,15219
Latvia,3/25/2021,Oxford/AstraZeneca,95010
Latvia,3/25/2021,Pfizer/BioNTech,36986
Latvia,3/26/2021,Moderna,16887
Latvia,3/26/2021,Oxford/AstraZeneca,97938
Latvia,3/26/2021,Pfizer/BioNTech,37436
Latvia,3/27/2021,Moderna,17290
Latvia,3/27/2021,Oxford/AstraZeneca,98099
Latvia,3/27/2021,Pfizer/BioNTech,37438
Latvia,3/28/2021,Oxford/AstraZeneca,98128
Latvia,3/28/2021,Pfizer/BioNTech,37439
Latvia,3/29/2021,Moderna,18316
Latvia,3/29/2021,Oxford/AstraZeneca,99793
Latvia,3/29/2021,Pfizer/BioNTech,37440
Latvia,3/30/2021,Moderna,19623
Latvia,3/30/2021,Oxford/AstraZeneca,103786
Latvia,3/30/2021,Pfizer/BioNTech,38416
Latvia,3/31/2021,Moderna,20965
Latvia,3/31/2021,Oxford/AstraZeneca,107824
Latvia,3/31/2021,Pfizer/BioNTech,40117
Latvia,4/1/2021,Moderna,22470
Latvia,4/1/2021,Oxford/AstraZeneca,110641
Latvia,4/1/2021,Pfizer/BioNTech,40750
Latvia,4/2/2021,Moderna,22713
Latvia,4/2/2021,Oxford/AstraZeneca,110963
Latvia,4/2/2021,Pfizer/BioNTech,40753
Latvia,4/3/2021,Moderna,22869
Latvia,4/3/2021,Oxford/AstraZeneca,114339
Latvia,4/3/2021,Pfizer/BioNTech,40892
Latvia,4/4/2021,Moderna,22877
Latvia,4/4/2021,Oxford/AstraZeneca,115953
Latvia,4/4/2021,Pfizer/BioNTech,40895
Latvia,4/5/2021,Johnson&Johnson,7
Latvia,4/5/2021,Moderna,23010
Latvia,4/5/2021,Oxford/AstraZeneca,118687
Latvia,4/5/2021,Pfizer/BioNTech,40896
Latvia,4/6/2021,Moderna,24735
Latvia,4/6/2021,Oxford/AstraZeneca,123051
Latvia,4/6/2021,Pfizer/BioNTech,40951
Latvia,4/7/2021,Johnson&Johnson,9
Latvia,4/7/2021,Moderna,27126
Latvia,4/7/2021,Oxford/AstraZeneca,131336
Latvia,4/7/2021,Pfizer/BioNTech,41073
Latvia,4/8/2021,Moderna,29134
Latvia,4/8/2021,Oxford/AstraZeneca,136703
Latvia,4/8/2021,Pfizer/BioNTech,41520
Latvia,4/9/2021,Johnson&Johnson,11
Latvia,4/9/2021,Moderna,30547
Latvia,4/9/2021,Oxford/AstraZeneca,140820
Latvia,4/9/2021,Pfizer/BioNTech,41818
Latvia,4/10/2021,Moderna,30699
Latvia,4/10/2021,Oxford/AstraZeneca,142636
Latvia,4/10/2021,Pfizer/BioNTech,41866
Latvia,4/11/2021,Johnson&Johnson,12
Latvia,4/11/2021,Moderna,30700
Latvia,4/11/2021,Oxford/AstraZeneca,142722
Latvia,4/11/2021,Pfizer/BioNTech,41867
Latvia,4/12/2021,Moderna,31262
Latvia,4/12/2021,Oxford/AstraZeneca,144870
Latvia,4/12/2021,Pfizer/BioNTech,42278
Latvia,4/13/2021,Moderna,32150
Latvia,4/13/2021,Oxford/AstraZeneca,147260
Latvia,4/13/2021,Pfizer/BioNTech,43508
Latvia,4/14/2021,Moderna,34025
Latvia,4/14/2021,Oxford/AstraZeneca,149965
Latvia,4/14/2021,Pfizer/BioNTech,45912
Latvia,4/15/2021,Moderna,35846
Latvia,4/15/2021,Oxford/AstraZeneca,152358
Latvia,4/15/2021,Pfizer/BioNTech,48193
Latvia,4/16/2021,Moderna,36746
Latvia,4/16/2021,Oxford/AstraZeneca,157593
Latvia,4/16/2021,Pfizer/BioNTech,51587
Latvia,4/17/2021,Moderna,36958
Latvia,4/17/2021,Oxford/AstraZeneca,163117
Latvia,4/17/2021,Pfizer/BioNTech,52399
Latvia,4/18/2021,Moderna,37054
Latvia,4/18/2021,Oxford/AstraZeneca,163505
Latvia,4/18/2021,Pfizer/BioNTech,52838
Latvia,4/19/2021,Moderna,38365
Latvia,4/19/2021,Oxford/AstraZeneca,164380
Latvia,4/19/2021,Pfizer/BioNTech,54593
Latvia,4/20/2021,Moderna,42345
Latvia,4/20/2021,Oxford/AstraZeneca,165348
Latvia,4/20/2021,Pfizer/BioNTech,57003
Latvia,4/21/2021,Moderna,47737
Latvia,4/21/2021,Oxford/AstraZeneca,167045
Latvia,4/21/2021,Pfizer/BioNTech,60414
Latvia,4/22/2021,Moderna,53681
Latvia,4/22/2021,Oxford/AstraZeneca,167882
Latvia,4/22/2021,Pfizer/BioNTech,63448
Latvia,4/23/2021,Moderna,57815
Latvia,4/23/2021,Oxford/AstraZeneca,169054
Latvia,4/23/2021,Pfizer/BioNTech,68930
Latvia,4/24/2021,Moderna,58175
Latvia,4/24/2021,Oxford/AstraZeneca,169701
Latvia,4/24/2021,Pfizer/BioNTech,74066
Latvia,4/25/2021,Moderna,58395
Latvia,4/25/2021,Oxford/AstraZeneca,169784
Latvia,4/25/2021,Pfizer/BioNTech,75121
Latvia,4/26/2021,Moderna,60483
Latvia,4/26/2021,Oxford/AstraZeneca,171336
Latvia,4/26/2021,Pfizer/BioNTech,76023
Latvia,4/27/2021,Johnson&Johnson,87
Latvia,4/27/2021,Moderna,63826
Latvia,4/27/2021,Oxford/AstraZeneca,173724
Latvia,4/27/2021,Pfizer/BioNTech,77709
Latvia,4/28/2021,Johnson&Johnson,198
Latvia,4/28/2021,Moderna,67895
Latvia,4/28/2021,Oxford/AstraZeneca,176523
Latvia,4/28/2021,Pfizer/BioNTech,85358
Latvia,4/29/2021,Johnson&Johnson,245
Latvia,4/29/2021,Moderna,72078
Latvia,4/29/2021,Oxford/AstraZeneca,179623
Latvia,4/29/2021,Pfizer/BioNTech,92458
Latvia,4/30/2021,Johnson&Johnson,325
Latvia,4/30/2021,Moderna,75023
Latvia,4/30/2021,Oxford/AstraZeneca,181775
Latvia,4/30/2021,Pfizer/BioNTech,98815
Latvia,5/1/2021,Johnson&Johnson,326
Latvia,5/1/2021,Moderna,75260
Latvia,5/1/2021,Oxford/AstraZeneca,182155
Latvia,5/1/2021,Pfizer/BioNTech,105049
Latvia,5/2/2021,Johnson&Johnson,337
Latvia,5/2/2021,Moderna,75290
Latvia,5/2/2021,Oxford/AstraZeneca,182175
Latvia,5/2/2021,Pfizer/BioNTech,106586
Latvia,5/3/2021,Moderna,75920
Latvia,5/3/2021,Oxford/AstraZeneca,182715
Latvia,5/3/2021,Pfizer/BioNTech,108375
Latvia,5/4/2021,Johnson&Johnson,340
Latvia,5/4/2021,Moderna,76005
Latvia,5/4/2021,Oxford/AstraZeneca,182716
Latvia,5/4/2021,Pfizer/BioNTech,117152
Latvia,5/5/2021,Johnson&Johnson,475
Latvia,5/5/2021,Moderna,79877
Latvia,5/5/2021,Oxford/AstraZeneca,185530
Latvia,5/5/2021,Pfizer/BioNTech,127073
Latvia,5/6/2021,Johnson&Johnson,647
Latvia,5/6/2021,Moderna,84201
Latvia,5/6/2021,Oxford/AstraZeneca,189432
Latvia,5/6/2021,Pfizer/BioNTech,140363
Latvia,5/7/2021,Johnson&Johnson,808
Latvia,5/7/2021,Moderna,88239
Latvia,5/7/2021,Oxford/AstraZeneca,192457
Latvia,5/7/2021,Pfizer/BioNTech,153091
Latvia,5/8/2021,Johnson&Johnson,855
Latvia,5/8/2021,Moderna,89906
Latvia,5/8/2021,Oxford/AstraZeneca,193574
Latvia,5/8/2021,Pfizer/BioNTech,162540
Latvia,5/9/2021,Johnson&Johnson,935
Latvia,5/9/2021,Moderna,89908
Latvia,5/9/2021,Oxford/AstraZeneca,193598
Latvia,5/9/2021,Pfizer/BioNTech,164053
Latvia,5/10/2021,Johnson&Johnson,1059
Latvia,5/10/2021,Moderna,91871
Latvia,5/10/2021,Oxford/AstraZeneca,196057
Latvia,5/10/2021,Pfizer/BioNTech,169077
Latvia,5/11/2021,Johnson&Johnson,1337
Latvia,5/11/2021,Moderna,94431
Latvia,5/11/2021,Oxford/AstraZeneca,198354
Latvia,5/11/2021,Pfizer/BioNTech,181928
Latvia,5/12/2021,Johnson&Johnson,1905
Latvia,5/12/2021,Moderna,98086
Latvia,5/12/2021,Oxford/AstraZeneca,200900
Latvia,5/12/2021,Pfizer/BioNTech,197944
Latvia,5/13/2021,Johnson&Johnson,2566
Latvia,5/13/2021,Moderna,101676
Latvia,5/13/2021,Oxford/AstraZeneca,203778
Latvia,5/13/2021,Pfizer/BioNTech,213199
Latvia,5/14/2021,Johnson&Johnson,3504
Latvia,5/14/2021,Moderna,104673
Latvia,5/14/2021,Oxford/AstraZeneca,207218
Latvia,5/14/2021,Pfizer/BioNTech,227708
Latvia,5/15/2021,Johnson&Johnson,3594
Latvia,5/15/2021,Moderna,105203
Latvia,5/15/2021,Oxford/AstraZeneca,207807
Latvia,5/15/2021,Pfizer/BioNTech,239757
Latvia,5/16/2021,Johnson&Johnson,3614
Latvia,5/16/2021,Moderna,105442
Latvia,5/16/2021,Oxford/AstraZeneca,207846
Latvia,5/16/2021,Pfizer/BioNTech,244477
Latvia,5/17/2021,Johnson&Johnson,4261
Latvia,5/17/2021,Moderna,108062
Latvia,5/17/2021,Oxford/AstraZeneca,210198
Latvia,5/17/2021,Pfizer/BioNTech,250799
Latvia,5/18/2021,Johnson&Johnson,5547
Latvia,5/18/2021,Moderna,112591
Latvia,5/18/2021,Oxford/AstraZeneca,211965
Latvia,5/18/2021,Pfizer/BioNTech,260496
Latvia,5/19/2021,Johnson&Johnson,7458
Latvia,5/19/2021,Moderna,117678
Latvia,5/19/2021,Oxford/AstraZeneca,214084
Latvia,5/19/2021,Pfizer/BioNTech,274172
Latvia,5/20/2021,Johnson&Johnson,9245
Latvia,5/20/2021,Moderna,123536
Latvia,5/20/2021,Oxford/AstraZeneca,216198
Latvia,5/20/2021,Pfizer/BioNTech,285655
Latvia,5/21/2021,Johnson&Johnson,11648
Latvia,5/21/2021,Moderna,127562
Latvia,5/21/2021,Oxford/AstraZeneca,217614
Latvia,5/21/2021,Pfizer/BioNTech,298419
Latvia,5/22/2021,Johnson&Johnson,13129
Latvia,5/22/2021,Moderna,129116
Latvia,5/22/2021,Oxford/AstraZeneca,218034
Latvia,5/22/2021,Pfizer/BioNTech,307614
Latvia,5/23/2021,Johnson&Johnson,13339
Latvia,5/23/2021,Moderna,129948
Latvia,5/23/2021,Oxford/AstraZeneca,218035
Latvia,5/23/2021,Pfizer/BioNTech,309363
Latvia,5/24/2021,Johnson&Johnson,14704
Latvia,5/24/2021,Moderna,132680
Latvia,5/24/2021,Oxford/AstraZeneca,219929
Latvia,5/24/2021,Pfizer/BioNTech,315123
Latvia,5/25/2021,Johnson&Johnson,15825
Latvia,5/25/2021,Moderna,136701
Latvia,5/25/2021,Oxford/AstraZeneca,222107
Latvia,5/25/2021,Pfizer/BioNTech,328077
Latvia,5/26/2021,Johnson&Johnson,16849
Latvia,5/26/2021,Moderna,140682
Latvia,5/26/2021,Oxford/AstraZeneca,224996
Latvia,5/26/2021,Pfizer/BioNTech,341799
Latvia,5/27/2021,Johnson&Johnson,17777
Latvia,5/27/2021,Moderna,144303
Latvia,5/27/2021,Oxford/AstraZeneca,227539
Latvia,5/27/2021,Pfizer/BioNTech,356261
Latvia,5/28/2021,Johnson&Johnson,19190
Latvia,5/28/2021,Moderna,148419
Latvia,5/28/2021,Oxford/AstraZeneca,229294
Latvia,5/28/2021,Pfizer/BioNTech,373298
Latvia,5/29/2021,Johnson&Johnson,20832
Latvia,5/29/2021,Moderna,149070
Latvia,5/29/2021,Oxford/AstraZeneca,229518
Latvia,5/29/2021,Pfizer/BioNTech,382555
Latvia,5/30/2021,Johnson&Johnson,21568
Latvia,5/30/2021,Moderna,149261
Latvia,5/30/2021,Oxford/AstraZeneca,229531
Latvia,5/30/2021,Pfizer/BioNTech,385646
Latvia,5/31/2021,Johnson&Johnson,22607
Latvia,5/31/2021,Moderna,150943
Latvia,5/31/2021,Oxford/AstraZeneca,230977
Latvia,5/31/2021,Pfizer/BioNTech,394220
Latvia,6/1/2021,Johnson&Johnson,23530
Latvia,6/1/2021,Moderna,152679
Latvia,6/1/2021,Oxford/AstraZeneca,233624
Latvia,6/1/2021,Pfizer/BioNTech,409914
Latvia,6/2/2021,Johnson&Johnson,24960
Latvia,6/2/2021,Moderna,155557
Latvia,6/2/2021,Oxford/AstraZeneca,236285
Latvia,6/2/2021,Pfizer/BioNTech,424743
Latvia,6/3/2021,Johnson&Johnson,26006
Latvia,6/3/2021,Moderna,159427
Latvia,6/3/2021,Oxford/AstraZeneca,238595
Latvia,6/3/2021,Pfizer/BioNTech,439044
Latvia,6/4/2021,Johnson&Johnson,27794
Latvia,6/4/2021,Moderna,164174
Latvia,6/4/2021,Oxford/AstraZeneca,239888
Latvia,6/4/2021,Pfizer/BioNTech,451003
Latvia,6/5/2021,Johnson&Johnson,28830
Latvia,6/5/2021,Moderna,165819
Latvia,6/5/2021,Oxford/AstraZeneca,240144
Latvia,6/5/2021,Pfizer/BioNTech,459225
Latvia,6/6/2021,Johnson&Johnson,29908
Latvia,6/6/2021,Moderna,165925
Latvia,6/6/2021,Oxford/AstraZeneca,240152
Latvia,6/6/2021,Pfizer/BioNTech,463187
Latvia,6/7/2021,Johnson&Johnson,30926
Latvia,6/7/2021,Moderna,168150
Latvia,6/7/2021,Oxford/AstraZeneca,242078
Latvia,6/7/2021,Pfizer/BioNTech,472781
Latvia,6/8/2021,Johnson&Johnson,32308
Latvia,6/8/2021,Moderna,170354
Latvia,6/8/2021,Oxford/AstraZeneca,245332
Latvia,6/8/2021,Pfizer/BioNTech,483822
Latvia,6/9/2021,Johnson&Johnson,33501
Latvia,6/9/2021,Moderna,172586
Latvia,6/9/2021,Oxford/AstraZeneca,248815
Latvia,6/9/2021,Pfizer/BioNTech,495004
Latvia,6/10/2021,Johnson&Johnson,35080
Latvia,6/10/2021,Moderna,174928
Latvia,6/10/2021,Oxford/AstraZeneca,251901
Latvia,6/10/2021,Pfizer/BioNTech,504839
Latvia,6/11/2021,Johnson&Johnson,36646
Latvia,6/11/2021,Moderna,177544
Latvia,6/11/2021,Oxford/AstraZeneca,254375
Latvia,6/11/2021,Pfizer/BioNTech,515263
Latvia,6/12/2021,Johnson&Johnson,37916
Latvia,6/12/2021,Moderna,178584
Latvia,6/12/2021,Oxford/AstraZeneca,254593
Latvia,6/12/2021,Pfizer/BioNTech,520895
Latvia,6/13/2021,Johnson&Johnson,38373
Latvia,6/13/2021,Moderna,178905
Latvia,6/13/2021,Oxford/AstraZeneca,254601
Latvia,6/13/2021,Pfizer/BioNTech,521699
Latvia,6/14/2021,Johnson&Johnson,39247
Latvia,6/14/2021,Moderna,180712
Latvia,6/14/2021,Oxford/AstraZeneca,255845
Latvia,6/14/2021,Pfizer/BioNTech,527864
Latvia,6/15/2021,Johnson&Johnson,40923
Latvia,6/15/2021,Moderna,182376
Latvia,6/15/2021,Oxford/AstraZeneca,258614
Latvia,6/15/2021,Pfizer/BioNTech,534502
Latvia,6/16/2021,Johnson&Johnson,42499
Latvia,6/16/2021,Moderna,184119
Latvia,6/16/2021,Oxford/AstraZeneca,261294
Latvia,6/16/2021,Pfizer/BioNTech,543755
Latvia,6/17/2021,Johnson&Johnson,44112
Latvia,6/17/2021,Moderna,185585
Latvia,6/17/2021,Oxford/AstraZeneca,263505
Latvia,6/17/2021,Pfizer/BioNTech,551245
Latvia,6/18/2021,Johnson&Johnson,46003
Latvia,6/18/2021,Moderna,187224
Latvia,6/18/2021,Oxford/AstraZeneca,265293
Latvia,6/18/2021,Pfizer/BioNTech,561587
Latvia,6/19/2021,Johnson&Johnson,47219
Latvia,6/19/2021,Moderna,188603
Latvia,6/19/2021,Oxford/AstraZeneca,265794
Latvia,6/19/2021,Pfizer/BioNTech,566116
Latvia,6/20/2021,Johnson&Johnson,47746
Latvia,6/20/2021,Moderna,189266
Latvia,6/20/2021,Oxford/AstraZeneca,265851
Latvia,6/20/2021,Pfizer/BioNTech,567980
Liechtenstein,2/9/2021,Moderna,368
Liechtenstein,2/9/2021,Pfizer/BioNTech,797
Liechtenstein,2/16/2021,Moderna,888
Liechtenstein,2/16/2021,Pfizer/BioNTech,917
Liechtenstein,2/23/2021,Moderna,1256
Liechtenstein,2/23/2021,Pfizer/BioNTech,1333
Liechtenstein,3/2/2021,Moderna,1256
Liechtenstein,3/2/2021,Pfizer/BioNTech,1862
Liechtenstein,3/9/2021,Moderna,1904
Liechtenstein,3/9/2021,Pfizer/BioNTech,1862
Liechtenstein,3/16/2021,Moderna,2423
Liechtenstein,3/16/2021,Pfizer/BioNTech,1912
Liechtenstein,3/23/2021,Moderna,2423
Liechtenstein,3/23/2021,Pfizer/BioNTech,3036
Liechtenstein,3/30/2021,Moderna,2912
Liechtenstein,3/30/2021,Pfizer/BioNTech,3561
Liechtenstein,4/6/2021,Moderna,3822
Liechtenstein,4/6/2021,Pfizer/BioNTech,3561
Liechtenstein,4/13/2021,Moderna,4361
Liechtenstein,4/13/2021,Pfizer/BioNTech,4468
Liechtenstein,4/20/2021,Moderna,5199
Liechtenstein,4/20/2021,Pfizer/BioNTech,6227
Liechtenstein,4/27/2021,Moderna,6198
Liechtenstein,4/27/2021,Pfizer/BioNTech,6769
Liechtenstein,5/4/2021,Moderna,7569
Liechtenstein,5/4/2021,Pfizer/BioNTech,6769
Liechtenstein,5/11/2021,Moderna,8669
Liechtenstein,5/11/2021,Pfizer/BioNTech,7633
Liechtenstein,5/18/2021,Moderna,8959
Liechtenstein,5/18/2021,Pfizer/BioNTech,7901
Liechtenstein,5/25/2021,Moderna,10327
Liechtenstein,5/25/2021,Pfizer/BioNTech,8736
Liechtenstein,6/1/2021,Moderna,13100
Liechtenstein,6/1/2021,Pfizer/BioNTech,8736
Liechtenstein,6/8/2021,Moderna,15396
Liechtenstein,6/8/2021,Pfizer/BioNTech,9314
Lithuania,12/27/2020,Pfizer/BioNTech,2454
Lithuania,12/28/2020,Pfizer/BioNTech,5211
Lithuania,12/29/2020,Pfizer/BioNTech,8185
Lithuania,12/30/2020,Pfizer/BioNTech,9717
Lithuania,12/31/2020,Pfizer/BioNTech,9742
Lithuania,1/1/2021,Pfizer/BioNTech,9742
Lithuania,1/2/2021,Pfizer/BioNTech,9742
Lithuania,1/3/2021,Pfizer/BioNTech,9742
Lithuania,1/4/2021,Pfizer/BioNTech,9744
Lithuania,1/5/2021,Pfizer/BioNTech,10367
Lithuania,1/6/2021,Pfizer/BioNTech,13870
Lithuania,1/7/2021,Pfizer/BioNTech,18047
Lithuania,1/8/2021,Pfizer/BioNTech,23236
Lithuania,1/9/2021,Pfizer/BioNTech,23540
Lithuania,1/10/2021,Pfizer/BioNTech,23543
Lithuania,1/11/2021,Pfizer/BioNTech,25749
Lithuania,1/12/2021,Pfizer/BioNTech,27839
Lithuania,1/13/2021,Moderna,163
Lithuania,1/13/2021,Pfizer/BioNTech,33938
Lithuania,1/14/2021,Moderna,471
Lithuania,1/14/2021,Pfizer/BioNTech,42307
Lithuania,1/15/2021,Moderna,1042
Lithuania,1/15/2021,Pfizer/BioNTech,49063
Lithuania,1/16/2021,Moderna,1042
Lithuania,1/16/2021,Pfizer/BioNTech,50167
Lithuania,1/17/2021,Moderna,1043
Lithuania,1/17/2021,Pfizer/BioNTech,51299
Lithuania,1/18/2021,Moderna,1580
Lithuania,1/18/2021,Pfizer/BioNTech,55291
Lithuania,1/19/2021,Moderna,2076
Lithuania,1/19/2021,Pfizer/BioNTech,61087
Lithuania,1/20/2021,Moderna,2314
Lithuania,1/20/2021,Pfizer/BioNTech,64328
Lithuania,1/21/2021,Moderna,2374
Lithuania,1/21/2021,Pfizer/BioNTech,65817
Lithuania,1/22/2021,Moderna,2374
Lithuania,1/22/2021,Pfizer/BioNTech,66210
Lithuania,1/23/2021,Moderna,2374
Lithuania,1/23/2021,Pfizer/BioNTech,66218
Lithuania,1/24/2021,Moderna,2374
Lithuania,1/24/2021,Pfizer/BioNTech,66218
Lithuania,1/25/2021,Moderna,2374
Lithuania,1/25/2021,Pfizer/BioNTech,66324
Lithuania,1/26/2021,Moderna,2374
Lithuania,1/26/2021,Pfizer/BioNTech,69473
Lithuania,1/27/2021,Moderna,2374
Lithuania,1/27/2021,Pfizer/BioNTech,76394
Lithuania,1/28/2021,Moderna,2374
Lithuania,1/28/2021,Pfizer/BioNTech,83504
Lithuania,1/29/2021,Moderna,2374
Lithuania,1/29/2021,Pfizer/BioNTech,91594
Lithuania,1/30/2021,Moderna,2374
Lithuania,1/30/2021,Pfizer/BioNTech,92238
Lithuania,1/31/2021,Moderna,2374
Lithuania,1/31/2021,Pfizer/BioNTech,92246
Lithuania,2/1/2021,Moderna,2374
Lithuania,2/1/2021,Pfizer/BioNTech,95134
Lithuania,2/2/2021,Moderna,2696
Lithuania,2/2/2021,Oxford/AstraZeneca,2
Lithuania,2/2/2021,Pfizer/BioNTech,98730
Lithuania,2/3/2021,Moderna,3327
Lithuania,2/3/2021,Oxford/AstraZeneca,2
Lithuania,2/3/2021,Pfizer/BioNTech,104915
Lithuania,2/4/2021,Moderna,3909
Lithuania,2/4/2021,Oxford/AstraZeneca,3
Lithuania,2/4/2021,Pfizer/BioNTech,114208
Lithuania,2/5/2021,Moderna,4054
Lithuania,2/5/2021,Oxford/AstraZeneca,3
Lithuania,2/5/2021,Pfizer/BioNTech,121402
Lithuania,2/6/2021,Moderna,4054
Lithuania,2/6/2021,Oxford/AstraZeneca,4
Lithuania,2/6/2021,Pfizer/BioNTech,122131
Lithuania,2/7/2021,Moderna,4054
Lithuania,2/7/2021,Oxford/AstraZeneca,4
Lithuania,2/7/2021,Pfizer/BioNTech,122228
Lithuania,2/8/2021,Moderna,4142
Lithuania,2/8/2021,Oxford/AstraZeneca,4
Lithuania,2/8/2021,Pfizer/BioNTech,124809
Lithuania,2/9/2021,Moderna,4382
Lithuania,2/9/2021,Oxford/AstraZeneca,304
Lithuania,2/9/2021,Pfizer/BioNTech,127139
Lithuania,2/10/2021,Moderna,4693
Lithuania,2/10/2021,Oxford/AstraZeneca,3030
Lithuania,2/10/2021,Pfizer/BioNTech,130263
Lithuania,2/11/2021,Moderna,5124
Lithuania,2/11/2021,Oxford/AstraZeneca,5532
Lithuania,2/11/2021,Pfizer/BioNTech,136405
Lithuania,2/12/2021,Moderna,5751
Lithuania,2/12/2021,Oxford/AstraZeneca,7476
Lithuania,2/12/2021,Pfizer/BioNTech,141140
Lithuania,2/13/2021,Moderna,5753
Lithuania,2/13/2021,Oxford/AstraZeneca,7789
Lithuania,2/13/2021,Pfizer/BioNTech,141272
Lithuania,2/14/2021,Moderna,5753
Lithuania,2/14/2021,Oxford/AstraZeneca,7789
Lithuania,2/14/2021,Pfizer/BioNTech,141273
Lithuania,2/15/2021,Moderna,7004
Lithuania,2/15/2021,Oxford/AstraZeneca,9638
Lithuania,2/15/2021,Pfizer/BioNTech,142823
Lithuania,2/16/2021,Moderna,7004
Lithuania,2/16/2021,Oxford/AstraZeneca,9638
Lithuania,2/16/2021,Pfizer/BioNTech,143342
Lithuania,2/17/2021,Moderna,8357
Lithuania,2/17/2021,Oxford/AstraZeneca,10615
Lithuania,2/17/2021,Pfizer/BioNTech,149301
Lithuania,2/18/2021,Moderna,8892
Lithuania,2/18/2021,Oxford/AstraZeneca,12105
Lithuania,2/18/2021,Pfizer/BioNTech,158623
Lithuania,2/19/2021,Moderna,9369
Lithuania,2/19/2021,Oxford/AstraZeneca,14888
Lithuania,2/19/2021,Pfizer/BioNTech,165857
Lithuania,2/20/2021,Moderna,9369
Lithuania,2/20/2021,Oxford/AstraZeneca,15189
Lithuania,2/20/2021,Pfizer/BioNTech,166561
Lithuania,2/21/2021,Moderna,9369
Lithuania,2/21/2021,Oxford/AstraZeneca,15189
Lithuania,2/21/2021,Pfizer/BioNTech,166561
Lithuania,2/22/2021,Moderna,9537
Lithuania,2/22/2021,Oxford/AstraZeneca,17266
Lithuania,2/22/2021,Pfizer/BioNTech,169793
Lithuania,2/23/2021,Moderna,9949
Lithuania,2/23/2021,Oxford/AstraZeneca,19280
Lithuania,2/23/2021,Pfizer/BioNTech,176025
Lithuania,2/24/2021,Moderna,10083
Lithuania,2/24/2021,Oxford/AstraZeneca,21989
Lithuania,2/24/2021,Pfizer/BioNTech,184911
Lithuania,2/25/2021,Moderna,10794
Lithuania,2/25/2021,Oxford/AstraZeneca,26106
Lithuania,2/25/2021,Pfizer/BioNTech,191953
Lithuania,2/26/2021,Moderna,12299
Lithuania,2/26/2021,Oxford/AstraZeneca,30409
Lithuania,2/26/2021,Pfizer/BioNTech,196186
Lithuania,2/27/2021,Moderna,12299
Lithuania,2/27/2021,Oxford/AstraZeneca,31057
Lithuania,2/27/2021,Pfizer/BioNTech,196331
Lithuania,2/28/2021,Moderna,12299
Lithuania,2/28/2021,Oxford/AstraZeneca,31455
Lithuania,2/28/2021,Pfizer/BioNTech,196382
Lithuania,3/1/2021,Moderna,15785
Lithuania,3/1/2021,Oxford/AstraZeneca,34265
Lithuania,3/1/2021,Pfizer/BioNTech,197656
Lithuania,3/2/2021,Moderna,17673
Lithuania,3/2/2021,Oxford/AstraZeneca,35950
Lithuania,3/2/2021,Pfizer/BioNTech,203432
Lithuania,3/3/2021,Moderna,19482
Lithuania,3/3/2021,Oxford/AstraZeneca,39095
Lithuania,3/3/2021,Pfizer/BioNTech,210490
Lithuania,3/4/2021,Moderna,20551
Lithuania,3/4/2021,Oxford/AstraZeneca,42617
Lithuania,3/4/2021,Pfizer/BioNTech,221374
Lithuania,3/5/2021,Moderna,21132
Lithuania,3/5/2021,Oxford/AstraZeneca,46918
Lithuania,3/5/2021,Pfizer/BioNTech,230517
Lithuania,3/6/2021,Moderna,21220
Lithuania,3/6/2021,Oxford/AstraZeneca,47181
Lithuania,3/6/2021,Pfizer/BioNTech,230792
Lithuania,3/7/2021,Moderna,21220
Lithuania,3/7/2021,Oxford/AstraZeneca,47181
Lithuania,3/7/2021,Pfizer/BioNTech,230794
Lithuania,3/8/2021,Moderna,21702
Lithuania,3/8/2021,Oxford/AstraZeneca,53887
Lithuania,3/8/2021,Pfizer/BioNTech,232526
Lithuania,3/9/2021,Moderna,22666
Lithuania,3/9/2021,Oxford/AstraZeneca,56655
Lithuania,3/9/2021,Pfizer/BioNTech,240699
Lithuania,3/10/2021,Moderna,22858
Lithuania,3/10/2021,Oxford/AstraZeneca,62708
Lithuania,3/10/2021,Pfizer/BioNTech,250097
Lithuania,3/11/2021,Moderna,22858
Lithuania,3/11/2021,Oxford/AstraZeneca,63064
Lithuania,3/11/2021,Pfizer/BioNTech,250877
Lithuania,3/12/2021,Moderna,23112
Lithuania,3/12/2021,Oxford/AstraZeneca,69278
Lithuania,3/12/2021,Pfizer/BioNTech,262342
Lithuania,3/13/2021,Moderna,23112
Lithuania,3/13/2021,Oxford/AstraZeneca,69566
Lithuania,3/13/2021,Pfizer/BioNTech,263801
Lithuania,3/14/2021,Moderna,23112
Lithuania,3/14/2021,Oxford/AstraZeneca,69574
Lithuania,3/14/2021,Pfizer/BioNTech,263818
Lithuania,3/15/2021,Moderna,23212
Lithuania,3/15/2021,Oxford/AstraZeneca,75341
Lithuania,3/15/2021,Pfizer/BioNTech,266005
Lithuania,3/16/2021,Moderna,23415
Lithuania,3/16/2021,Oxford/AstraZeneca,78672
Lithuania,3/16/2021,Pfizer/BioNTech,272675
Lithuania,3/17/2021,Moderna,23521
Lithuania,3/17/2021,Oxford/AstraZeneca,78766
Lithuania,3/17/2021,Pfizer/BioNTech,283017
Lithuania,3/18/2021,Moderna,23653
Lithuania,3/18/2021,Oxford/AstraZeneca,78793
Lithuania,3/18/2021,Pfizer/BioNTech,291256
Lithuania,3/19/2021,Moderna,25863
Lithuania,3/19/2021,Oxford/AstraZeneca,79320
Lithuania,3/19/2021,Pfizer/BioNTech,297775
Lithuania,3/20/2021,Moderna,26397
Lithuania,3/20/2021,Oxford/AstraZeneca,79320
Lithuania,3/20/2021,Pfizer/BioNTech,297976
Lithuania,3/21/2021,Moderna,26399
Lithuania,3/21/2021,Oxford/AstraZeneca,79320
Lithuania,3/21/2021,Pfizer/BioNTech,298006
Lithuania,3/22/2021,Moderna,31212
Lithuania,3/22/2021,Oxford/AstraZeneca,81614
Lithuania,3/22/2021,Pfizer/BioNTech,299139
Lithuania,3/23/2021,Moderna,32769
Lithuania,3/23/2021,Oxford/AstraZeneca,84400
Lithuania,3/23/2021,Pfizer/BioNTech,307690
Lithuania,3/24/2021,Moderna,33884
Lithuania,3/24/2021,Oxford/AstraZeneca,88990
Lithuania,3/24/2021,Pfizer/BioNTech,319602
Lithuania,3/25/2021,Moderna,34889
Lithuania,3/25/2021,Oxford/AstraZeneca,93445
Lithuania,3/25/2021,Pfizer/BioNTech,331094
Lithuania,3/26/2021,Moderna,36517
Lithuania,3/26/2021,Oxford/AstraZeneca,98999
Lithuania,3/26/2021,Pfizer/BioNTech,340342
Lithuania,3/27/2021,Moderna,36593
Lithuania,3/27/2021,Oxford/AstraZeneca,101823
Lithuania,3/27/2021,Pfizer/BioNTech,340593
Lithuania,3/28/2021,Moderna,36593
Lithuania,3/28/2021,Oxford/AstraZeneca,101923
Lithuania,3/28/2021,Pfizer/BioNTech,340677
Lithuania,3/29/2021,Moderna,38015
Lithuania,3/29/2021,Oxford/AstraZeneca,107374
Lithuania,3/29/2021,Pfizer/BioNTech,341666
Lithuania,3/30/2021,Moderna,38204
Lithuania,3/30/2021,Oxford/AstraZeneca,109905
Lithuania,3/30/2021,Pfizer/BioNTech,351823
Lithuania,3/31/2021,Moderna,39644
Lithuania,3/31/2021,Oxford/AstraZeneca,111960
Lithuania,3/31/2021,Pfizer/BioNTech,369038
Lithuania,4/1/2021,Moderna,46899
Lithuania,4/1/2021,Oxford/AstraZeneca,114815
Lithuania,4/1/2021,Pfizer/BioNTech,377214
Lithuania,4/2/2021,Moderna,53408
Lithuania,4/2/2021,Oxford/AstraZeneca,120504
Lithuania,4/2/2021,Pfizer/BioNTech,384804
Lithuania,4/3/2021,Moderna,53601
Lithuania,4/3/2021,Oxford/AstraZeneca,128214
Lithuania,4/3/2021,Pfizer/BioNTech,385571
Lithuania,4/4/2021,Moderna,53601
Lithuania,4/4/2021,Oxford/AstraZeneca,130617
Lithuania,4/4/2021,Pfizer/BioNTech,385577
Lithuania,4/5/2021,Moderna,53611
Lithuania,4/5/2021,Oxford/AstraZeneca,134127
Lithuania,4/5/2021,Pfizer/BioNTech,385773
Lithuania,4/6/2021,Moderna,56280
Lithuania,4/6/2021,Oxford/AstraZeneca,144711
Lithuania,4/6/2021,Pfizer/BioNTech,387211
Lithuania,4/7/2021,Moderna,57530
Lithuania,4/7/2021,Oxford/AstraZeneca,154661
Lithuania,4/7/2021,Pfizer/BioNTech,388757
Lithuania,4/8/2021,Moderna,58947
Lithuania,4/8/2021,Oxford/AstraZeneca,157388
Lithuania,4/8/2021,Pfizer/BioNTech,411545
Lithuania,4/9/2021,Moderna,59378
Lithuania,4/9/2021,Oxford/AstraZeneca,162622
Lithuania,4/9/2021,Pfizer/BioNTech,439346
Lithuania,4/10/2021,Moderna,59456
Lithuania,4/10/2021,Oxford/AstraZeneca,166814
Lithuania,4/10/2021,Pfizer/BioNTech,450693
Lithuania,4/11/2021,Moderna,59510
Lithuania,4/11/2021,Oxford/AstraZeneca,167436
Lithuania,4/11/2021,Pfizer/BioNTech,451737
Lithuania,4/12/2021,Moderna,59767
Lithuania,4/12/2021,Oxford/AstraZeneca,171462
Lithuania,4/12/2021,Pfizer/BioNTech,456202
Lithuania,4/13/2021,Moderna,60175
Lithuania,4/13/2021,Oxford/AstraZeneca,174008
Lithuania,4/13/2021,Pfizer/BioNTech,472074
Lithuania,4/14/2021,Moderna,60397
Lithuania,4/14/2021,Oxford/AstraZeneca,175073
Lithuania,4/14/2021,Pfizer/BioNTech,497565
Lithuania,4/15/2021,Moderna,60646
Lithuania,4/15/2021,Oxford/AstraZeneca,178393
Lithuania,4/15/2021,Pfizer/BioNTech,517169
Lithuania,4/16/2021,Moderna,60913
Lithuania,4/16/2021,Oxford/AstraZeneca,184627
Lithuania,4/16/2021,Pfizer/BioNTech,531076
Lithuania,4/17/2021,Moderna,60945
Lithuania,4/17/2021,Oxford/AstraZeneca,185803
Lithuania,4/17/2021,Pfizer/BioNTech,532375
Lithuania,4/18/2021,Moderna,60945
Lithuania,4/18/2021,Oxford/AstraZeneca,185883
Lithuania,4/18/2021,Pfizer/BioNTech,532379
Lithuania,4/19/2021,Moderna,61376
Lithuania,4/19/2021,Oxford/AstraZeneca,189856
Lithuania,4/19/2021,Pfizer/BioNTech,533819
Lithuania,4/20/2021,Moderna,63131
Lithuania,4/20/2021,Oxford/AstraZeneca,191324
Lithuania,4/20/2021,Pfizer/BioNTech,545853
Lithuania,4/21/2021,Moderna,67274
Lithuania,4/21/2021,Oxford/AstraZeneca,191968
Lithuania,4/21/2021,Pfizer/BioNTech,567726
Lithuania,4/22/2021,Moderna,71187
Lithuania,4/22/2021,Oxford/AstraZeneca,194085
Lithuania,4/22/2021,Pfizer/BioNTech,587822
Lithuania,4/23/2021,Johnson&Johnson,2
Lithuania,4/23/2021,Moderna,72650
Lithuania,4/23/2021,Oxford/AstraZeneca,201958
Lithuania,4/23/2021,Pfizer/BioNTech,603127
Lithuania,4/24/2021,Johnson&Johnson,2
Lithuania,4/24/2021,Moderna,74001
Lithuania,4/24/2021,Oxford/AstraZeneca,203229
Lithuania,4/24/2021,Pfizer/BioNTech,605044
Lithuania,4/25/2021,Johnson&Johnson,2
Lithuania,4/25/2021,Moderna,74002
Lithuania,4/25/2021,Oxford/AstraZeneca,203249
Lithuania,4/25/2021,Pfizer/BioNTech,605288
Lithuania,4/26/2021,Johnson&Johnson,12
Lithuania,4/26/2021,Moderna,74814
Lithuania,4/26/2021,Oxford/AstraZeneca,207520
Lithuania,4/26/2021,Pfizer/BioNTech,606370
Lithuania,4/27/2021,Johnson&Johnson,58
Lithuania,4/27/2021,Moderna,75237
Lithuania,4/27/2021,Oxford/AstraZeneca,208885
Lithuania,4/27/2021,Pfizer/BioNTech,617618
Lithuania,4/28/2021,Johnson&Johnson,220
Lithuania,4/28/2021,Moderna,75808
Lithuania,4/28/2021,Oxford/AstraZeneca,209574
Lithuania,4/28/2021,Pfizer/BioNTech,631576
Lithuania,4/29/2021,Johnson&Johnson,328
Lithuania,4/29/2021,Moderna,77885
Lithuania,4/29/2021,Oxford/AstraZeneca,211727
Lithuania,4/29/2021,Pfizer/BioNTech,659922
Lithuania,4/30/2021,Johnson&Johnson,416
Lithuania,4/30/2021,Moderna,82279
Lithuania,4/30/2021,Oxford/AstraZeneca,213409
Lithuania,4/30/2021,Pfizer/BioNTech,691436
Lithuania,5/1/2021,Johnson&Johnson,454
Lithuania,5/1/2021,Moderna,82705
Lithuania,5/1/2021,Oxford/AstraZeneca,214244
Lithuania,5/1/2021,Pfizer/BioNTech,705917
Lithuania,5/2/2021,Johnson&Johnson,454
Lithuania,5/2/2021,Moderna,82706
Lithuania,5/2/2021,Oxford/AstraZeneca,214251
Lithuania,5/2/2021,Pfizer/BioNTech,706655
Lithuania,5/3/2021,Johnson&Johnson,578
Lithuania,5/3/2021,Moderna,85977
Lithuania,5/3/2021,Oxford/AstraZeneca,218985
Lithuania,5/3/2021,Pfizer/BioNTech,711917
Lithuania,5/4/2021,Johnson&Johnson,888
Lithuania,5/4/2021,Moderna,89078
Lithuania,5/4/2021,Oxford/AstraZeneca,222495
Lithuania,5/4/2021,Pfizer/BioNTech,733290
Lithuania,5/5/2021,Johnson&Johnson,1414
Lithuania,5/5/2021,Moderna,90727
Lithuania,5/5/2021,Oxford/AstraZeneca,225741
Lithuania,5/5/2021,Pfizer/BioNTech,762594
Lithuania,5/6/2021,Johnson&Johnson,2058
Lithuania,5/6/2021,Moderna,96429
Lithuania,5/6/2021,Oxford/AstraZeneca,229617
Lithuania,5/6/2021,Pfizer/BioNTech,787937
Lithuania,5/7/2021,Johnson&Johnson,3718
Lithuania,5/7/2021,Moderna,100969
Lithuania,5/7/2021,Oxford/AstraZeneca,238375
Lithuania,5/7/2021,Pfizer/BioNTech,806828
Lithuania,5/8/2021,Johnson&Johnson,4016
Lithuania,5/8/2021,Moderna,102420
Lithuania,5/8/2021,Oxford/AstraZeneca,248477
Lithuania,5/8/2021,Pfizer/BioNTech,810788
Lithuania,5/9/2021,Johnson&Johnson,4018
Lithuania,5/9/2021,Moderna,102420
Lithuania,5/9/2021,Oxford/AstraZeneca,255610
Lithuania,5/9/2021,Pfizer/BioNTech,810789
Lithuania,5/10/2021,Johnson&Johnson,5670
Lithuania,5/10/2021,Moderna,104731
Lithuania,5/10/2021,Oxford/AstraZeneca,269830
Lithuania,5/10/2021,Pfizer/BioNTech,813255
Lithuania,5/11/2021,Johnson&Johnson,6400
Lithuania,5/11/2021,Moderna,107540
Lithuania,5/11/2021,Oxford/AstraZeneca,272961
Lithuania,5/11/2021,Pfizer/BioNTech,833071
Lithuania,5/12/2021,Johnson&Johnson,6834
Lithuania,5/12/2021,Moderna,108730
Lithuania,5/12/2021,Oxford/AstraZeneca,275558
Lithuania,5/12/2021,Pfizer/BioNTech,860541
Lithuania,5/13/2021,Johnson&Johnson,7752
Lithuania,5/13/2021,Moderna,110839
Lithuania,5/13/2021,Oxford/AstraZeneca,278385
Lithuania,5/13/2021,Pfizer/BioNTech,884885
Lithuania,5/14/2021,Johnson&Johnson,8414
Lithuania,5/14/2021,Moderna,113650
Lithuania,5/14/2021,Oxford/AstraZeneca,282498
Lithuania,5/14/2021,Pfizer/BioNTech,908861
Lithuania,5/15/2021,Johnson&Johnson,8446
Lithuania,5/15/2021,Moderna,113890
Lithuania,5/15/2021,Oxford/AstraZeneca,285114
Lithuania,5/15/2021,Pfizer/BioNTech,912110
Lithuania,5/16/2021,Johnson&Johnson,8446
Lithuania,5/16/2021,Moderna,114015
Lithuania,5/16/2021,Oxford/AstraZeneca,285154
Lithuania,5/16/2021,Pfizer/BioNTech,912446
Lithuania,5/17/2021,Johnson&Johnson,9312
Lithuania,5/17/2021,Moderna,122439
Lithuania,5/17/2021,Oxford/AstraZeneca,289487
Lithuania,5/17/2021,Pfizer/BioNTech,914615
Lithuania,5/18/2021,Johnson&Johnson,10558
Lithuania,5/18/2021,Moderna,124519
Lithuania,5/18/2021,Oxford/AstraZeneca,292186
Lithuania,5/18/2021,Pfizer/BioNTech,933190
Lithuania,5/19/2021,Johnson&Johnson,11872
Lithuania,5/19/2021,Moderna,127654
Lithuania,5/19/2021,Oxford/AstraZeneca,295874
Lithuania,5/19/2021,Pfizer/BioNTech,958290
Lithuania,5/20/2021,Johnson&Johnson,14226
Lithuania,5/20/2021,Moderna,130335
Lithuania,5/20/2021,Oxford/AstraZeneca,300383
Lithuania,5/20/2021,Pfizer/BioNTech,981441
Lithuania,5/21/2021,Johnson&Johnson,16196
Lithuania,5/21/2021,Moderna,133085
Lithuania,5/21/2021,Oxford/AstraZeneca,304426
Lithuania,5/21/2021,Pfizer/BioNTech,998586
Lithuania,5/22/2021,Johnson&Johnson,16610
Lithuania,5/22/2021,Moderna,134612
Lithuania,5/22/2021,Oxford/AstraZeneca,304791
Lithuania,5/22/2021,Pfizer/BioNTech,1005347
Lithuania,5/23/2021,Johnson&Johnson,17254
Lithuania,5/23/2021,Moderna,134747
Lithuania,5/23/2021,Oxford/AstraZeneca,304820
Lithuania,5/23/2021,Pfizer/BioNTech,1006369
Lithuania,5/24/2021,Johnson&Johnson,19402
Lithuania,5/24/2021,Moderna,137384
Lithuania,5/24/2021,Oxford/AstraZeneca,308697
Lithuania,5/24/2021,Pfizer/BioNTech,1012264
Lithuania,5/25/2021,Johnson&Johnson,21218
Lithuania,5/25/2021,Moderna,139675
Lithuania,5/25/2021,Oxford/AstraZeneca,311636
Lithuania,5/25/2021,Pfizer/BioNTech,1030986
Lithuania,5/26/2021,Johnson&Johnson,22834
Lithuania,5/26/2021,Moderna,140635
Lithuania,5/26/2021,Oxford/AstraZeneca,315450
Lithuania,5/26/2021,Pfizer/BioNTech,1053890
Lithuania,5/27/2021,Johnson&Johnson,25014
Lithuania,5/27/2021,Moderna,141468
Lithuania,5/27/2021,Oxford/AstraZeneca,318316
Lithuania,5/27/2021,Pfizer/BioNTech,1078422
Lithuania,5/28/2021,Johnson&Johnson,27958
Lithuania,5/28/2021,Moderna,144556
Lithuania,5/28/2021,Oxford/AstraZeneca,322104
Lithuania,5/28/2021,Pfizer/BioNTech,1101118
Lithuania,5/29/2021,Johnson&Johnson,34166
Lithuania,5/29/2021,Moderna,144862
Lithuania,5/29/2021,Oxford/AstraZeneca,322389
Lithuania,5/29/2021,Pfizer/BioNTech,1105861
Lithuania,5/30/2021,Johnson&Johnson,34166
Lithuania,5/30/2021,Moderna,144924
Lithuania,5/30/2021,Oxford/AstraZeneca,322407
Lithuania,5/30/2021,Pfizer/BioNTech,1106373
Lithuania,5/31/2021,Johnson&Johnson,35014
Lithuania,5/31/2021,Moderna,148855
Lithuania,5/31/2021,Oxford/AstraZeneca,332274
Lithuania,5/31/2021,Pfizer/BioNTech,1110211
Lithuania,6/1/2021,Johnson&Johnson,36390
Lithuania,6/1/2021,Moderna,151816
Lithuania,6/1/2021,Oxford/AstraZeneca,334840
Lithuania,6/1/2021,Pfizer/BioNTech,1136082
Lithuania,6/2/2021,Johnson&Johnson,37788
Lithuania,6/2/2021,Moderna,153255
Lithuania,6/2/2021,Oxford/AstraZeneca,340232
Lithuania,6/2/2021,Pfizer/BioNTech,1168526
Lithuania,6/3/2021,Johnson&Johnson,39988
Lithuania,6/3/2021,Moderna,155284
Lithuania,6/3/2021,Oxford/AstraZeneca,343241
Lithuania,6/3/2021,Pfizer/BioNTech,1198899
Lithuania,6/4/2021,Johnson&Johnson,43022
Lithuania,6/4/2021,Moderna,158569
Lithuania,6/4/2021,Oxford/AstraZeneca,349825
Lithuania,6/4/2021,Pfizer/BioNTech,1228581
Lithuania,6/5/2021,Johnson&Johnson,47798
Lithuania,6/5/2021,Moderna,160258
Lithuania,6/5/2021,Oxford/AstraZeneca,350222
Lithuania,6/5/2021,Pfizer/BioNTech,1240040
Lithuania,6/6/2021,Johnson&Johnson,47806
Lithuania,6/6/2021,Moderna,160352
Lithuania,6/6/2021,Oxford/AstraZeneca,350276
Lithuania,6/6/2021,Pfizer/BioNTech,1245506
Lithuania,6/7/2021,Johnson&Johnson,51016
Lithuania,6/7/2021,Moderna,163067
Lithuania,6/7/2021,Oxford/AstraZeneca,362516
Lithuania,6/7/2021,Pfizer/BioNTech,1250454
Lithuania,6/8/2021,Johnson&Johnson,54116
Lithuania,6/8/2021,Moderna,165954
Lithuania,6/8/2021,Oxford/AstraZeneca,366170
Lithuania,6/8/2021,Pfizer/BioNTech,1268546
Lithuania,6/9/2021,Johnson&Johnson,57924
Lithuania,6/9/2021,Moderna,167768
Lithuania,6/9/2021,Oxford/AstraZeneca,368871
Lithuania,6/9/2021,Pfizer/BioNTech,1289783
Lithuania,6/10/2021,Johnson&Johnson,61498
Lithuania,6/10/2021,Moderna,170141
Lithuania,6/10/2021,Oxford/AstraZeneca,370770
Lithuania,6/10/2021,Pfizer/BioNTech,1308794
Lithuania,6/11/2021,Johnson&Johnson,65012
Lithuania,6/11/2021,Moderna,173131
Lithuania,6/11/2021,Oxford/AstraZeneca,372768
Lithuania,6/11/2021,Pfizer/BioNTech,1325030
Lithuania,6/12/2021,Johnson&Johnson,66944
Lithuania,6/12/2021,Moderna,173366
Lithuania,6/12/2021,Oxford/AstraZeneca,373037
Lithuania,6/12/2021,Pfizer/BioNTech,1329448
Lithuania,6/13/2021,Johnson&Johnson,72980
Lithuania,6/13/2021,Moderna,173501
Lithuania,6/13/2021,Oxford/AstraZeneca,373114
Lithuania,6/13/2021,Pfizer/BioNTech,1330407
Lithuania,6/14/2021,Johnson&Johnson,74320
Lithuania,6/14/2021,Moderna,182505
Lithuania,6/14/2021,Oxford/AstraZeneca,378243
Lithuania,6/14/2021,Pfizer/BioNTech,1335196
Lithuania,6/15/2021,Johnson&Johnson,78212
Lithuania,6/15/2021,Moderna,184590
Lithuania,6/15/2021,Oxford/AstraZeneca,381204
Lithuania,6/15/2021,Pfizer/BioNTech,1352477
Lithuania,6/16/2021,Johnson&Johnson,80492
Lithuania,6/16/2021,Moderna,187122
Lithuania,6/16/2021,Oxford/AstraZeneca,387010
Lithuania,6/16/2021,Pfizer/BioNTech,1371565
Lithuania,6/17/2021,Johnson&Johnson,82980
Lithuania,6/17/2021,Moderna,189278
Lithuania,6/17/2021,Oxford/AstraZeneca,391415
Lithuania,6/17/2021,Pfizer/BioNTech,1392513
Lithuania,6/18/2021,Johnson&Johnson,83914
Lithuania,6/18/2021,Moderna,190680
Lithuania,6/18/2021,Oxford/AstraZeneca,396195
Lithuania,6/18/2021,Pfizer/BioNTech,1410832
Lithuania,6/19/2021,Johnson&Johnson,84964
Lithuania,6/19/2021,Moderna,191190
Lithuania,6/19/2021,Oxford/AstraZeneca,399338
Lithuania,6/19/2021,Pfizer/BioNTech,1412990
Lithuania,6/20/2021,Johnson&Johnson,84970
Lithuania,6/20/2021,Moderna,191315
Lithuania,6/20/2021,Oxford/AstraZeneca,399436
Lithuania,6/20/2021,Pfizer/BioNTech,1413383
Luxembourg,12/29/2020,Pfizer/BioNTech,0
Luxembourg,1/5/2021,Pfizer/BioNTech,1706
Luxembourg,1/12/2021,Moderna,0
Luxembourg,1/12/2021,Pfizer/BioNTech,3759
Luxembourg,1/19/2021,Moderna,371
Luxembourg,1/19/2021,Pfizer/BioNTech,7343
Luxembourg,1/26/2021,Moderna,583
Luxembourg,1/26/2021,Pfizer/BioNTech,11844
Luxembourg,2/2/2021,Moderna,1208
Luxembourg,2/2/2021,Oxford/AstraZeneca,0
Luxembourg,2/2/2021,Pfizer/BioNTech,16421
Luxembourg,2/9/2021,Moderna,1521
Luxembourg,2/9/2021,Oxford/AstraZeneca,1615
Luxembourg,2/9/2021,Pfizer/BioNTech,19760
Luxembourg,2/16/2021,Moderna,1898
Luxembourg,2/16/2021,Oxford/AstraZeneca,5007
Luxembourg,2/16/2021,Pfizer/BioNTech,24075
Luxembourg,2/23/2021,Moderna,2422
Luxembourg,2/23/2021,Oxford/AstraZeneca,5971
Luxembourg,2/23/2021,Pfizer/BioNTech,29392
Luxembourg,3/2/2021,Moderna,3096
Luxembourg,3/2/2021,Oxford/AstraZeneca,7345
Luxembourg,3/2/2021,Pfizer/BioNTech,36262
Luxembourg,3/9/2021,Moderna,3717
Luxembourg,3/9/2021,Oxford/AstraZeneca,8621
Luxembourg,3/9/2021,Pfizer/BioNTech,46702
Luxembourg,3/16/2021,Moderna,5273
Luxembourg,3/16/2021,Oxford/AstraZeneca,9638
Luxembourg,3/16/2021,Pfizer/BioNTech,59330
Luxembourg,3/23/2021,Moderna,5610
Luxembourg,3/23/2021,Oxford/AstraZeneca,18445
Luxembourg,3/23/2021,Pfizer/BioNTech,62484
Luxembourg,3/30/2021,Moderna,6044
Luxembourg,3/30/2021,Oxford/AstraZeneca,33113
Luxembourg,3/30/2021,Pfizer/BioNTech,66709
Luxembourg,4/6/2021,Moderna,8558
Luxembourg,4/6/2021,Oxford/AstraZeneca,34853
Luxembourg,4/6/2021,Pfizer/BioNTech,86870
Luxembourg,4/13/2021,Johnson&Johnson,2206
Luxembourg,4/13/2021,Moderna,13103
Luxembourg,4/13/2021,Oxford/AstraZeneca,36642
Luxembourg,4/13/2021,Pfizer/BioNTech,112148
Luxembourg,4/20/2021,Johnson&Johnson,2411
Luxembourg,4/20/2021,Moderna,13671
Luxembourg,4/20/2021,Oxford/AstraZeneca,38160
Luxembourg,4/20/2021,Pfizer/BioNTech,124570
Luxembourg,4/27/2021,Johnson&Johnson,2411
Luxembourg,4/27/2021,Moderna,16006
Luxembourg,4/27/2021,Oxford/AstraZeneca,41411
Luxembourg,4/27/2021,Pfizer/BioNTech,140737
Luxembourg,5/4/2021,Johnson&Johnson,5948
Luxembourg,5/4/2021,Moderna,18928
Luxembourg,5/4/2021,Oxford/AstraZeneca,53182
Luxembourg,5/4/2021,Pfizer/BioNTech,163226
Luxembourg,5/11/2021,Johnson&Johnson,7878
Luxembourg,5/11/2021,Moderna,25018
Luxembourg,5/11/2021,Oxford/AstraZeneca,58407
Luxembourg,5/11/2021,Pfizer/BioNTech,193623
Luxembourg,5/18/2021,Johnson&Johnson,11061
Luxembourg,5/18/2021,Moderna,31263
Luxembourg,5/18/2021,Oxford/AstraZeneca,61012
Luxembourg,5/18/2021,Pfizer/BioNTech,216543
Luxembourg,5/25/2021,Johnson&Johnson,11569
Luxembourg,5/25/2021,Moderna,35426
Luxembourg,5/25/2021,Oxford/AstraZeneca,62208
Luxembourg,5/25/2021,Pfizer/BioNTech,236346
Luxembourg,6/1/2021,Johnson&Johnson,13048
Luxembourg,6/1/2021,Moderna,36248
Luxembourg,6/1/2021,Oxford/AstraZeneca,74316
Luxembourg,6/1/2021,Pfizer/BioNTech,265854
Luxembourg,6/8/2021,Johnson&Johnson,17296
Luxembourg,6/8/2021,Moderna,39336
Luxembourg,6/8/2021,Oxford/AstraZeneca,89135
Luxembourg,6/8/2021,Pfizer/BioNTech,293758
Luxembourg,6/15/2021,Johnson&Johnson,17559
Luxembourg,6/15/2021,Moderna,41349
Luxembourg,6/15/2021,Oxford/AstraZeneca,89690
Luxembourg,6/15/2021,Pfizer/BioNTech,311827
Malta,12/29/2020,Pfizer/BioNTech,57
Malta,1/5/2021,Pfizer/BioNTech,4805
Malta,1/12/2021,Pfizer/BioNTech,11613
Malta,1/19/2021,Pfizer/BioNTech,20351
Malta,1/26/2021,Pfizer/BioNTech,28117
Malta,2/2/2021,Moderna,49
Malta,2/2/2021,Pfizer/BioNTech,41225
Malta,2/9/2021,Moderna,440
Malta,2/9/2021,Oxford/AstraZeneca,162
Malta,2/9/2021,Pfizer/BioNTech,53413
Malta,2/16/2021,Moderna,795
Malta,2/16/2021,Oxford/AstraZeneca,1782
Malta,2/16/2021,Pfizer/BioNTech,63829
Malta,2/23/2021,Moderna,920
Malta,2/23/2021,Oxford/AstraZeneca,7868
Malta,2/23/2021,Pfizer/BioNTech,77205
Malta,3/2/2021,Moderna,969
Malta,3/2/2021,Oxford/AstraZeneca,13025
Malta,3/2/2021,Pfizer/BioNTech,84814
Malta,3/9/2021,Moderna,981
Malta,3/9/2021,Oxford/AstraZeneca,16201
Malta,3/9/2021,Pfizer/BioNTech,97164
Malta,3/16/2021,Moderna,2491
Malta,3/16/2021,Oxford/AstraZeneca,22541
Malta,3/16/2021,Pfizer/BioNTech,108748
Malta,3/23/2021,Moderna,7311
Malta,3/23/2021,Oxford/AstraZeneca,26031
Malta,3/23/2021,Pfizer/BioNTech,123890
Malta,3/30/2021,Moderna,8760
Malta,3/30/2021,Oxford/AstraZeneca,36533
Malta,3/30/2021,Pfizer/BioNTech,141796
Malta,4/6/2021,Moderna,9320
Malta,4/6/2021,Oxford/AstraZeneca,46635
Malta,4/6/2021,Pfizer/BioNTech,159846
Malta,4/13/2021,Moderna,12794
Malta,4/13/2021,Oxford/AstraZeneca,57394
Malta,4/13/2021,Pfizer/BioNTech,184137
Malta,4/20/2021,Moderna,18146
Malta,4/20/2021,Oxford/AstraZeneca,71998
Malta,4/20/2021,Pfizer/BioNTech,199313
Malta,4/27/2021,Moderna,19451
Malta,4/27/2021,Oxford/AstraZeneca,78057
Malta,4/27/2021,Pfizer/BioNTech,223256
Malta,5/4/2021,Moderna,21473
Malta,5/4/2021,Oxford/AstraZeneca,83875
Malta,5/4/2021,Pfizer/BioNTech,255616
Malta,5/11/2021,Moderna,24240
Malta,5/11/2021,Oxford/AstraZeneca,98030
Malta,5/11/2021,Pfizer/BioNTech,282313
Malta,5/18/2021,Moderna,27127
Malta,5/18/2021,Oxford/AstraZeneca,113753
Malta,5/18/2021,Pfizer/BioNTech,316755
Malta,5/25/2021,Moderna,30114
Malta,5/25/2021,Oxford/AstraZeneca,123235
Malta,5/25/2021,Pfizer/BioNTech,345558
Malta,6/1/2021,Johnson&Johnson,258
Malta,6/1/2021,Moderna,32096
Malta,6/1/2021,Oxford/AstraZeneca,129669
Malta,6/1/2021,Pfizer/BioNTech,368789
Malta,6/8/2021,Johnson&Johnson,1716
Malta,6/8/2021,Moderna,34186
Malta,6/8/2021,Oxford/AstraZeneca,137145
Malta,6/8/2021,Pfizer/BioNTech,382995
Netherlands,12/29/2020,Johnson&Johnson,0
Netherlands,12/29/2020,Moderna,0
Netherlands,12/29/2020,Oxford/AstraZeneca,0
Netherlands,12/29/2020,Pfizer/BioNTech,0
Netherlands,1/5/2021,Johnson&Johnson,0
Netherlands,1/5/2021,Moderna,0
Netherlands,1/5/2021,Oxford/AstraZeneca,0
Netherlands,1/5/2021,Pfizer/BioNTech,33751
Netherlands,1/12/2021,Johnson&Johnson,0
Netherlands,1/12/2021,Moderna,0
Netherlands,1/12/2021,Oxford/AstraZeneca,0
Netherlands,1/12/2021,Pfizer/BioNTech,76918
Netherlands,1/19/2021,Johnson&Johnson,0
Netherlands,1/19/2021,Moderna,2572
Netherlands,1/19/2021,Oxford/AstraZeneca,0
Netherlands,1/19/2021,Pfizer/BioNTech,163669
Netherlands,1/26/2021,Johnson&Johnson,0
Netherlands,1/26/2021,Moderna,8883
Netherlands,1/26/2021,Oxford/AstraZeneca,0
Netherlands,1/26/2021,Pfizer/BioNTech,342700
Netherlands,2/2/2021,Johnson&Johnson,0
Netherlands,2/2/2021,Moderna,14873
Netherlands,2/2/2021,Oxford/AstraZeneca,0
Netherlands,2/2/2021,Pfizer/BioNTech,556597
Netherlands,2/9/2021,Johnson&Johnson,0
Netherlands,2/9/2021,Moderna,21226
Netherlands,2/9/2021,Oxford/AstraZeneca,531
Netherlands,2/9/2021,Pfizer/BioNTech,766229
Netherlands,2/16/2021,Johnson&Johnson,0
Netherlands,2/16/2021,Moderna,37220
Netherlands,2/16/2021,Oxford/AstraZeneca,69115
Netherlands,2/16/2021,Pfizer/BioNTech,931111
Netherlands,2/23/2021,Johnson&Johnson,0
Netherlands,2/23/2021,Moderna,56588
Netherlands,2/23/2021,Oxford/AstraZeneca,181904
Netherlands,2/23/2021,Pfizer/BioNTech,1143320
Netherlands,3/2/2021,Johnson&Johnson,0
Netherlands,3/2/2021,Moderna,75073
Netherlands,3/2/2021,Oxford/AstraZeneca,257450
Netherlands,3/2/2021,Pfizer/BioNTech,1343451
Netherlands,3/9/2021,Johnson&Johnson,0
Netherlands,3/9/2021,Moderna,93970
Netherlands,3/9/2021,Oxford/AstraZeneca,358216
Netherlands,3/9/2021,Pfizer/BioNTech,1507863
Netherlands,3/16/2021,Johnson&Johnson,0
Netherlands,3/16/2021,Moderna,114007
Netherlands,3/16/2021,Oxford/AstraZeneca,358216
Netherlands,3/16/2021,Pfizer/BioNTech,1700677
Netherlands,3/23/2021,Johnson&Johnson,0
Netherlands,3/23/2021,Moderna,154728
Netherlands,3/23/2021,Oxford/AstraZeneca,454305
Netherlands,3/23/2021,Pfizer/BioNTech,1861153
Netherlands,3/30/2021,Johnson&Johnson,0
Netherlands,3/30/2021,Moderna,196133
Netherlands,3/30/2021,Oxford/AstraZeneca,574817
Netherlands,3/30/2021,Pfizer/BioNTech,2149291
Netherlands,4/6/2021,Johnson&Johnson,0
Netherlands,4/6/2021,Moderna,230341
Netherlands,4/6/2021,Oxford/AstraZeneca,844404
Netherlands,4/6/2021,Pfizer/BioNTech,2487842
Netherlands,4/13/2021,Johnson&Johnson,0
Netherlands,4/13/2021,Moderna,261744
Netherlands,4/13/2021,Oxford/AstraZeneca,1156408
Netherlands,4/13/2021,Pfizer/BioNTech,2951210
Netherlands,4/20/2021,Johnson&Johnson,8887
Netherlands,4/20/2021,Moderna,295988
Netherlands,4/20/2021,Oxford/AstraZeneca,1263269
Netherlands,4/20/2021,Pfizer/BioNTech,3454432
Netherlands,4/27/2021,Johnson&Johnson,48510
Netherlands,4/27/2021,Moderna,325555
Netherlands,4/27/2021,Oxford/AstraZeneca,1352299
Netherlands,4/27/2021,Pfizer/BioNTech,3982475
Netherlands,5/4/2021,Johnson&Johnson,95478
Netherlands,5/4/2021,Moderna,374394
Netherlands,5/4/2021,Oxford/AstraZeneca,1497880
Netherlands,5/4/2021,Pfizer/BioNTech,4583160
Netherlands,5/11/2021,Johnson&Johnson,124545
Netherlands,5/11/2021,Moderna,451862
Netherlands,5/11/2021,Oxford/AstraZeneca,1687607
Netherlands,5/11/2021,Pfizer/BioNTech,5293158
Netherlands,5/18/2021,Johnson&Johnson,142401
Netherlands,5/18/2021,Moderna,535974
Netherlands,5/18/2021,Oxford/AstraZeneca,1836043
Netherlands,5/18/2021,Pfizer/BioNTech,6070529
Netherlands,5/25/2021,Johnson&Johnson,239983
Netherlands,5/25/2021,Moderna,639026
Netherlands,5/25/2021,Oxford/AstraZeneca,1950466
Netherlands,5/25/2021,Pfizer/BioNTech,6750532
Netherlands,6/1/2021,Johnson&Johnson,387173
Netherlands,6/1/2021,Moderna,778849
Netherlands,6/1/2021,Oxford/AstraZeneca,2086312
Netherlands,6/1/2021,Pfizer/BioNTech,7491513
Netherlands,6/8/2021,Johnson&Johnson,431258
Netherlands,6/8/2021,Moderna,929801
Netherlands,6/8/2021,Oxford/AstraZeneca,2318213
Netherlands,6/8/2021,Pfizer/BioNTech,8624946
Netherlands,6/15/2021,Johnson&Johnson,438795
Netherlands,6/15/2021,Moderna,990361
Netherlands,6/15/2021,Oxford/AstraZeneca,2411411
Netherlands,6/15/2021,Pfizer/BioNTech,9084078
Poland,12/29/2020,Johnson&Johnson,0
Poland,12/29/2020,Moderna,0
Poland,12/29/2020,Oxford/AstraZeneca,0
Poland,12/29/2020,Pfizer/BioNTech,2216
Poland,1/5/2021,Johnson&Johnson,0
Poland,1/5/2021,Moderna,0
Poland,1/5/2021,Oxford/AstraZeneca,1
Poland,1/5/2021,Pfizer/BioNTech,213408
Poland,1/12/2021,Johnson&Johnson,0
Poland,1/12/2021,Moderna,1
Poland,1/12/2021,Oxford/AstraZeneca,4
Poland,1/12/2021,Pfizer/BioNTech,487095
Poland,1/19/2021,Johnson&Johnson,0
Poland,1/19/2021,Moderna,4
Poland,1/19/2021,Oxford/AstraZeneca,7
Poland,1/19/2021,Pfizer/BioNTech,730873
Poland,1/26/2021,Johnson&Johnson,0
Poland,1/26/2021,Moderna,4384
Poland,1/26/2021,Oxford/AstraZeneca,7
Poland,1/26/2021,Pfizer/BioNTech,1200259
Poland,2/2/2021,Johnson&Johnson,0
Poland,2/2/2021,Moderna,9189
Poland,2/2/2021,Oxford/AstraZeneca,8
Poland,2/2/2021,Pfizer/BioNTech,1692092
Poland,2/9/2021,Johnson&Johnson,0
Poland,2/9/2021,Moderna,22901
Poland,2/9/2021,Oxford/AstraZeneca,21512
Poland,2/9/2021,Pfizer/BioNTech,2133492
Poland,2/16/2021,Johnson&Johnson,0
Poland,2/16/2021,Moderna,71484
Poland,2/16/2021,Oxford/AstraZeneca,129279
Poland,2/16/2021,Pfizer/BioNTech,2573387
Poland,2/23/2021,Johnson&Johnson,0
Poland,2/23/2021,Moderna,130894
Poland,2/23/2021,Oxford/AstraZeneca,289186
Poland,2/23/2021,Pfizer/BioNTech,2972304
Poland,3/2/2021,Johnson&Johnson,0
Poland,3/2/2021,Moderna,202726
Poland,3/2/2021,Oxford/AstraZeneca,475305
Poland,3/2/2021,Pfizer/BioNTech,3351348
Poland,3/9/2021,Johnson&Johnson,0
Poland,3/9/2021,Moderna,247883
Poland,3/9/2021,Oxford/AstraZeneca,596038
Poland,3/9/2021,Pfizer/BioNTech,3727826
Poland,3/16/2021,Johnson&Johnson,2
Poland,3/16/2021,Moderna,294500
Poland,3/16/2021,Oxford/AstraZeneca,655559
Poland,3/16/2021,Pfizer/BioNTech,4115254
Poland,3/23/2021,Johnson&Johnson,2
Poland,3/23/2021,Moderna,376217
Poland,3/23/2021,Oxford/AstraZeneca,980257
Poland,3/23/2021,Pfizer/BioNTech,4578624
Poland,3/30/2021,Johnson&Johnson,4
Poland,3/30/2021,Moderna,441823
Poland,3/30/2021,Oxford/AstraZeneca,1277979
Poland,3/30/2021,Pfizer/BioNTech,5003623
Poland,4/6/2021,Johnson&Johnson,9
Poland,4/6/2021,Moderna,516938
Poland,4/6/2021,Oxford/AstraZeneca,1620435
Poland,4/6/2021,Pfizer/BioNTech,5616283
Poland,4/13/2021,Johnson&Johnson,23161
Poland,4/13/2021,Moderna,652233
Poland,4/13/2021,Oxford/AstraZeneca,1878263
Poland,4/13/2021,Pfizer/BioNTech,6398280
Poland,4/20/2021,Johnson&Johnson,76388
Poland,4/20/2021,Moderna,890339
Poland,4/20/2021,Oxford/AstraZeneca,2043022
Poland,4/20/2021,Pfizer/BioNTech,7366625
Poland,4/27/2021,Johnson&Johnson,125206
Poland,4/27/2021,Moderna,1066887
Poland,4/27/2021,Oxford/AstraZeneca,2172240
Poland,4/27/2021,Pfizer/BioNTech,8678477
Poland,5/4/2021,Johnson&Johnson,169986
Poland,5/4/2021,Moderna,1294787
Poland,5/4/2021,Oxford/AstraZeneca,2498398
Poland,5/4/2021,Pfizer/BioNTech,9903860
Poland,5/11/2021,Johnson&Johnson,275145
Poland,5/11/2021,Moderna,1519941
Poland,5/11/2021,Oxford/AstraZeneca,2842160
Poland,5/11/2021,Pfizer/BioNTech,11356393
Poland,5/18/2021,Johnson&Johnson,407703
Poland,5/18/2021,Moderna,1806651
Poland,5/18/2021,Oxford/AstraZeneca,3127170
Poland,5/18/2021,Pfizer/BioNTech,12688636
Poland,5/25/2021,Johnson&Johnson,596423
Poland,5/25/2021,Moderna,2083822
Poland,5/25/2021,Oxford/AstraZeneca,3344882
Poland,5/25/2021,Pfizer/BioNTech,13949567
Poland,6/1/2021,Johnson&Johnson,704301
Poland,6/1/2021,Moderna,2273926
Poland,6/1/2021,Oxford/AstraZeneca,3455564
Poland,6/1/2021,Pfizer/BioNTech,15764898
Poland,6/8/2021,Johnson&Johnson,785729
Poland,6/8/2021,Moderna,2498189
Poland,6/8/2021,Oxford/AstraZeneca,3824839
Poland,6/8/2021,Pfizer/BioNTech,17520400
Poland,6/15/2021,Johnson&Johnson,853163
Poland,6/15/2021,Moderna,2689172
Poland,6/15/2021,Oxford/AstraZeneca,4174888
Poland,6/15/2021,Pfizer/BioNTech,18922922
Portugal,12/29/2020,Pfizer/BioNTech,4979
Portugal,1/5/2021,Moderna,1
Portugal,1/5/2021,Pfizer/BioNTech,83691
Portugal,1/12/2021,Moderna,1464
Portugal,1/12/2021,Oxford/AstraZeneca,3
Portugal,1/12/2021,Pfizer/BioNTech,132752
Portugal,1/19/2021,Moderna,2977
Portugal,1/19/2021,Oxford/AstraZeneca,12
Portugal,1/19/2021,Pfizer/BioNTech,285257
Portugal,1/26/2021,Moderna,3491
Portugal,1/26/2021,Oxford/AstraZeneca,21
Portugal,1/26/2021,Pfizer/BioNTech,371673
Portugal,2/2/2021,Johnson&Johnson,1
Portugal,2/2/2021,Moderna,10473
Portugal,2/2/2021,Oxford/AstraZeneca,49
Portugal,2/2/2021,Pfizer/BioNTech,425528
Portugal,2/9/2021,Moderna,13257
Portugal,2/9/2021,Oxford/AstraZeneca,9494
Portugal,2/9/2021,Pfizer/BioNTech,552603
Portugal,2/16/2021,Moderna,24735
Portugal,2/16/2021,Oxford/AstraZeneca,51350
Portugal,2/16/2021,Pfizer/BioNTech,652365
Portugal,2/23/2021,Moderna,28613
Portugal,2/23/2021,Oxford/AstraZeneca,112459
Portugal,2/23/2021,Pfizer/BioNTech,784071
Portugal,3/2/2021,Johnson&Johnson,4
Portugal,3/2/2021,Moderna,56467
Portugal,3/2/2021,Oxford/AstraZeneca,151659
Portugal,3/2/2021,Pfizer/BioNTech,888408
Portugal,3/9/2021,Johnson&Johnson,5
Portugal,3/9/2021,Moderna,60596
Portugal,3/9/2021,Oxford/AstraZeneca,203246
Portugal,3/9/2021,Pfizer/BioNTech,978480
Portugal,3/16/2021,Johnson&Johnson,8
Portugal,3/16/2021,Moderna,86910
Portugal,3/16/2021,Oxford/AstraZeneca,226238
Portugal,3/16/2021,Pfizer/BioNTech,1119420
Portugal,3/23/2021,Johnson&Johnson,12
Portugal,3/23/2021,Moderna,98638
Portugal,3/23/2021,Oxford/AstraZeneca,340672
Portugal,3/23/2021,Pfizer/BioNTech,1269492
Portugal,3/30/2021,Johnson&Johnson,17
Portugal,3/30/2021,Moderna,129799
Portugal,3/30/2021,Oxford/AstraZeneca,392843
Portugal,3/30/2021,Pfizer/BioNTech,1406936
Portugal,4/6/2021,Johnson&Johnson,27
Portugal,4/6/2021,Moderna,167705
Portugal,4/6/2021,Oxford/AstraZeneca,444759
Portugal,4/6/2021,Pfizer/BioNTech,1625049
Portugal,4/13/2021,Johnson&Johnson,27
Portugal,4/13/2021,Moderna,198335
Portugal,4/13/2021,Oxford/AstraZeneca,610026
Portugal,4/13/2021,Pfizer/BioNTech,1906755
Portugal,4/20/2021,Moderna,215563
Portugal,4/20/2021,Oxford/AstraZeneca,687467
Portugal,4/20/2021,Pfizer/BioNTech,2159536
Portugal,4/27/2021,Johnson&Johnson,1294
Portugal,4/27/2021,Moderna,244304
Portugal,4/27/2021,Oxford/AstraZeneca,793184
Portugal,4/27/2021,Pfizer/BioNTech,2456904
Portugal,5/4/2021,Johnson&Johnson,13596
Portugal,5/4/2021,Moderna,300552
Portugal,5/4/2021,Oxford/AstraZeneca,936342
Portugal,5/4/2021,Pfizer/BioNTech,2831329
Portugal,5/11/2021,Johnson&Johnson,31328
Portugal,5/11/2021,Moderna,374195
Portugal,5/11/2021,Oxford/AstraZeneca,1059097
Portugal,5/11/2021,Pfizer/BioNTech,3207031
Portugal,5/18/2021,Johnson&Johnson,55161
Portugal,5/18/2021,Moderna,434256
Portugal,5/18/2021,Oxford/AstraZeneca,1176972
Portugal,5/18/2021,Pfizer/BioNTech,3524734
Portugal,5/25/2021,Johnson&Johnson,104359
Portugal,5/25/2021,Moderna,510182
Portugal,5/25/2021,Oxford/AstraZeneca,1227378
Portugal,5/25/2021,Pfizer/BioNTech,3904484
Portugal,6/1/2021,Johnson&Johnson,160716
Portugal,6/1/2021,Moderna,580576
Portugal,6/1/2021,Oxford/AstraZeneca,1271992
Portugal,6/1/2021,Pfizer/BioNTech,4295806
Portugal,6/8/2021,Johnson&Johnson,188629
Portugal,6/8/2021,Moderna,681083
Portugal,6/8/2021,Oxford/AstraZeneca,1295360
Portugal,6/8/2021,Pfizer/BioNTech,4744314
Romania,12/27/2020,Pfizer/BioNTech,965
Romania,12/28/2020,Pfizer/BioNTech,2066
Romania,12/29/2020,Pfizer/BioNTech,2778
Romania,12/30/2020,Pfizer/BioNTech,5666
Romania,12/31/2020,Pfizer/BioNTech,10289
Romania,1/1/2021,Pfizer/BioNTech,11656
Romania,1/2/2021,Pfizer/BioNTech,13242
Romania,1/3/2021,Pfizer/BioNTech,13596
Romania,1/4/2021,Pfizer/BioNTech,25508
Romania,1/5/2021,Pfizer/BioNTech,41609
Romania,1/6/2021,Pfizer/BioNTech,58554
Romania,1/7/2021,Pfizer/BioNTech,76400
Romania,1/8/2021,Pfizer/BioNTech,92706
Romania,1/9/2021,Pfizer/BioNTech,102301
Romania,1/10/2021,Pfizer/BioNTech,108294
Romania,1/11/2021,Pfizer/BioNTech,125190
Romania,1/12/2021,Pfizer/BioNTech,140447
Romania,1/13/2021,Pfizer/BioNTech,154268
Romania,1/14/2021,Pfizer/BioNTech,168089
Romania,1/15/2021,Pfizer/BioNTech,184146
Romania,1/16/2021,Pfizer/BioNTech,196567
Romania,1/17/2021,Pfizer/BioNTech,204662
Romania,1/18/2021,Pfizer/BioNTech,234899
Romania,1/19/2021,Pfizer/BioNTech,269706
Romania,1/20/2021,Pfizer/BioNTech,308044
Romania,1/21/2021,Pfizer/BioNTech,347756
Romania,1/22/2021,Pfizer/BioNTech,385596
Romania,1/23/2021,Pfizer/BioNTech,418545
Romania,1/24/2021,Pfizer/BioNTech,445945
Romania,1/25/2021,Pfizer/BioNTech,484291
Romania,1/26/2021,Pfizer/BioNTech,528038
Romania,1/27/2021,Pfizer/BioNTech,570364
Romania,1/28/2021,Pfizer/BioNTech,609056
Romania,1/29/2021,Pfizer/BioNTech,646660
Romania,1/30/2021,Pfizer/BioNTech,672056
Romania,1/31/2021,Pfizer/BioNTech,691075
Romania,2/1/2021,Pfizer/BioNTech,720844
Romania,2/2/2021,Pfizer/BioNTech,748392
Romania,2/3/2021,Pfizer/BioNTech,771862
Romania,2/4/2021,Moderna,6443
Romania,2/4/2021,Pfizer/BioNTech,788012
Romania,2/5/2021,Moderna,14944
Romania,2/5/2021,Pfizer/BioNTech,806268
Romania,2/6/2021,Moderna,23087
Romania,2/6/2021,Pfizer/BioNTech,817385
Romania,2/7/2021,Moderna,31026
Romania,2/7/2021,Pfizer/BioNTech,824956
Romania,2/8/2021,Moderna,35454
Romania,2/8/2021,Pfizer/BioNTech,855554
Romania,2/9/2021,Moderna,40399
Romania,2/9/2021,Pfizer/BioNTech,889416
Romania,2/10/2021,Moderna,44448
Romania,2/10/2021,Pfizer/BioNTech,926179
Romania,2/11/2021,Moderna,47769
Romania,2/11/2021,Pfizer/BioNTech,961312
Romania,2/12/2021,Moderna,51388
Romania,2/12/2021,Pfizer/BioNTech,997068
Romania,2/13/2021,Moderna,54855
Romania,2/13/2021,Pfizer/BioNTech,1028900
Romania,2/14/2021,Moderna,57881
Romania,2/14/2021,Pfizer/BioNTech,1055753
Romania,2/15/2021,Moderna,60916
Romania,2/15/2021,Oxford/AstraZeneca,6812
Romania,2/15/2021,Pfizer/BioNTech,1083043
Romania,2/16/2021,Moderna,63951
Romania,2/16/2021,Oxford/AstraZeneca,13624
Romania,2/16/2021,Pfizer/BioNTech,1111098
Romania,2/17/2021,Moderna,69323
Romania,2/17/2021,Oxford/AstraZeneca,22956
Romania,2/17/2021,Pfizer/BioNTech,1139713
Romania,2/18/2021,Moderna,71707
Romania,2/18/2021,Oxford/AstraZeneca,31858
Romania,2/18/2021,Pfizer/BioNTech,1168247
Romania,2/19/2021,Moderna,72378
Romania,2/19/2021,Oxford/AstraZeneca,41296
Romania,2/19/2021,Pfizer/BioNTech,1196266
Romania,2/20/2021,Moderna,72676
Romania,2/20/2021,Oxford/AstraZeneca,50440
Romania,2/20/2021,Pfizer/BioNTech,1219748
Romania,2/21/2021,Moderna,72791
Romania,2/21/2021,Oxford/AstraZeneca,58747
Romania,2/21/2021,Pfizer/BioNTech,1239270
Romania,2/22/2021,Moderna,72935
Romania,2/22/2021,Oxford/AstraZeneca,68534
Romania,2/22/2021,Pfizer/BioNTech,1259204
Romania,2/23/2021,Moderna,73010
Romania,2/23/2021,Oxford/AstraZeneca,78141
Romania,2/23/2021,Pfizer/BioNTech,1278866
Romania,2/24/2021,Moderna,73017
Romania,2/24/2021,Oxford/AstraZeneca,87871
Romania,2/24/2021,Pfizer/BioNTech,1297346
Romania,2/25/2021,Moderna,73020
Romania,2/25/2021,Oxford/AstraZeneca,98055
Romania,2/25/2021,Pfizer/BioNTech,1307417
Romania,2/26/2021,Oxford/AstraZeneca,109339
Romania,2/26/2021,Pfizer/BioNTech,1315258
Romania,2/27/2021,Oxford/AstraZeneca,119310
Romania,2/27/2021,Pfizer/BioNTech,1320991
Romania,2/28/2021,Oxford/AstraZeneca,127371
Romania,2/28/2021,Pfizer/BioNTech,1324066
Romania,3/1/2021,Oxford/AstraZeneca,136586
Romania,3/1/2021,Pfizer/BioNTech,1347000
Romania,3/2/2021,Oxford/AstraZeneca,146051
Romania,3/2/2021,Pfizer/BioNTech,1375693
Romania,3/3/2021,Oxford/AstraZeneca,154730
Romania,3/3/2021,Pfizer/BioNTech,1405699
Romania,3/4/2021,Moderna,79862
Romania,3/4/2021,Oxford/AstraZeneca,162337
Romania,3/4/2021,Pfizer/BioNTech,1434988
Romania,3/5/2021,Moderna,88224
Romania,3/5/2021,Oxford/AstraZeneca,170102
Romania,3/5/2021,Pfizer/BioNTech,1466214
Romania,3/6/2021,Moderna,96530
Romania,3/6/2021,Oxford/AstraZeneca,177516
Romania,3/6/2021,Pfizer/BioNTech,1499132
Romania,3/7/2021,Moderna,104227
Romania,3/7/2021,Oxford/AstraZeneca,184012
Romania,3/7/2021,Pfizer/BioNTech,1530123
Romania,3/8/2021,Moderna,108871
Romania,3/8/2021,Oxford/AstraZeneca,190326
Romania,3/8/2021,Pfizer/BioNTech,1562623
Romania,3/9/2021,Moderna,113813
Romania,3/9/2021,Oxford/AstraZeneca,197660
Romania,3/9/2021,Pfizer/BioNTech,1598547
Romania,3/10/2021,Moderna,117819
Romania,3/10/2021,Oxford/AstraZeneca,204910
Romania,3/10/2021,Pfizer/BioNTech,1638693
Romania,3/11/2021,Moderna,121218
Romania,3/11/2021,Oxford/AstraZeneca,211212
Romania,3/11/2021,Pfizer/BioNTech,1678903
Romania,3/12/2021,Moderna,124766
Romania,3/12/2021,Oxford/AstraZeneca,217059
Romania,3/12/2021,Pfizer/BioNTech,1718894
Romania,3/13/2021,Moderna,128144
Romania,3/13/2021,Oxford/AstraZeneca,222922
Romania,3/13/2021,Pfizer/BioNTech,1758375
Romania,3/14/2021,Moderna,131137
Romania,3/14/2021,Oxford/AstraZeneca,228280
Romania,3/14/2021,Pfizer/BioNTech,1792723
Romania,3/15/2021,Moderna,137600
Romania,3/15/2021,Oxford/AstraZeneca,235679
Romania,3/15/2021,Pfizer/BioNTech,1828437
Romania,3/16/2021,Moderna,149732
Romania,3/16/2021,Oxford/AstraZeneca,242742
Romania,3/16/2021,Pfizer/BioNTech,1869226
Romania,3/17/2021,Moderna,158781
Romania,3/17/2021,Oxford/AstraZeneca,249300
Romania,3/17/2021,Pfizer/BioNTech,1907900
Romania,3/18/2021,Moderna,165150
Romania,3/18/2021,Oxford/AstraZeneca,256243
Romania,3/18/2021,Pfizer/BioNTech,1946513
Romania,3/19/2021,Moderna,169966
Romania,3/19/2021,Oxford/AstraZeneca,263394
Romania,3/19/2021,Pfizer/BioNTech,1984407
Romania,3/20/2021,Moderna,174732
Romania,3/20/2021,Oxford/AstraZeneca,271485
Romania,3/20/2021,Pfizer/BioNTech,2022454
Romania,3/21/2021,Moderna,179154
Romania,3/21/2021,Oxford/AstraZeneca,279325
Romania,3/21/2021,Pfizer/BioNTech,2054609
Romania,3/22/2021,Moderna,183177
Romania,3/22/2021,Oxford/AstraZeneca,286648
Romania,3/22/2021,Pfizer/BioNTech,2090459
Romania,3/23/2021,Moderna,187546
Romania,3/23/2021,Oxford/AstraZeneca,294985
Romania,3/23/2021,Pfizer/BioNTech,2135815
Romania,3/24/2021,Moderna,191868
Romania,3/24/2021,Oxford/AstraZeneca,302969
Romania,3/24/2021,Pfizer/BioNTech,2182617
Romania,3/25/2021,Moderna,196122
Romania,3/25/2021,Oxford/AstraZeneca,310485
Romania,3/25/2021,Pfizer/BioNTech,2229733
Romania,3/26/2021,Moderna,200231
Romania,3/26/2021,Oxford/AstraZeneca,318056
Romania,3/26/2021,Pfizer/BioNTech,2273184
Romania,3/27/2021,Moderna,204969
Romania,3/27/2021,Oxford/AstraZeneca,326640
Romania,3/27/2021,Pfizer/BioNTech,2318409
Romania,3/28/2021,Moderna,209212
Romania,3/28/2021,Oxford/AstraZeneca,334912
Romania,3/28/2021,Pfizer/BioNTech,2360607
Romania,3/29/2021,Moderna,213039
Romania,3/29/2021,Oxford/AstraZeneca,342263
Romania,3/29/2021,Pfizer/BioNTech,2401887
Romania,3/30/2021,Moderna,217516
Romania,3/30/2021,Oxford/AstraZeneca,349827
Romania,3/30/2021,Pfizer/BioNTech,2454264
Romania,3/31/2021,Moderna,221682
Romania,3/31/2021,Oxford/AstraZeneca,356402
Romania,3/31/2021,Pfizer/BioNTech,2501784
Romania,4/1/2021,Moderna,226033
Romania,4/1/2021,Oxford/AstraZeneca,362660
Romania,4/1/2021,Pfizer/BioNTech,2548790
Romania,4/2/2021,Moderna,230533
Romania,4/2/2021,Oxford/AstraZeneca,368974
Romania,4/2/2021,Pfizer/BioNTech,2595945
Romania,4/3/2021,Moderna,235329
Romania,4/3/2021,Oxford/AstraZeneca,374819
Romania,4/3/2021,Pfizer/BioNTech,2640729
Romania,4/4/2021,Moderna,239724
Romania,4/4/2021,Oxford/AstraZeneca,379020
Romania,4/4/2021,Pfizer/BioNTech,2680468
Romania,4/5/2021,Moderna,243667
Romania,4/5/2021,Oxford/AstraZeneca,382996
Romania,4/5/2021,Pfizer/BioNTech,2723919
Romania,4/6/2021,Moderna,248385
Romania,4/6/2021,Oxford/AstraZeneca,386430
Romania,4/6/2021,Pfizer/BioNTech,2770716
Romania,4/7/2021,Moderna,253339
Romania,4/7/2021,Oxford/AstraZeneca,389001
Romania,4/7/2021,Pfizer/BioNTech,2818530
Romania,4/8/2021,Moderna,258603
Romania,4/8/2021,Oxford/AstraZeneca,391469
Romania,4/8/2021,Pfizer/BioNTech,2867621
Romania,4/9/2021,Moderna,263626
Romania,4/9/2021,Oxford/AstraZeneca,393982
Romania,4/9/2021,Pfizer/BioNTech,2914374
Romania,4/10/2021,Moderna,271279
Romania,4/10/2021,Oxford/AstraZeneca,397094
Romania,4/10/2021,Pfizer/BioNTech,2965548
Romania,4/11/2021,Moderna,278832
Romania,4/11/2021,Oxford/AstraZeneca,399252
Romania,4/11/2021,Pfizer/BioNTech,3012825
Romania,4/12/2021,Moderna,287423
Romania,4/12/2021,Oxford/AstraZeneca,407271
Romania,4/12/2021,Pfizer/BioNTech,3059096
Romania,4/13/2021,Moderna,296167
Romania,4/13/2021,Oxford/AstraZeneca,417067
Romania,4/13/2021,Pfizer/BioNTech,3117146
Romania,4/14/2021,Moderna,305182
Romania,4/14/2021,Oxford/AstraZeneca,426913
Romania,4/14/2021,Pfizer/BioNTech,3178405
Romania,4/15/2021,Moderna,314259
Romania,4/15/2021,Oxford/AstraZeneca,436165
Romania,4/15/2021,Pfizer/BioNTech,3240132
Romania,4/16/2021,Moderna,323062
Romania,4/16/2021,Oxford/AstraZeneca,446329
Romania,4/16/2021,Pfizer/BioNTech,3300799
Romania,4/17/2021,Moderna,332539
Romania,4/17/2021,Oxford/AstraZeneca,456172
Romania,4/17/2021,Pfizer/BioNTech,3362657
Romania,4/18/2021,Moderna,341162
Romania,4/18/2021,Oxford/AstraZeneca,464653
Romania,4/18/2021,Pfizer/BioNTech,3417475
Romania,4/19/2021,Moderna,349011
Romania,4/19/2021,Oxford/AstraZeneca,475051
Romania,4/19/2021,Pfizer/BioNTech,3474495
Romania,4/20/2021,Moderna,358891
Romania,4/20/2021,Oxford/AstraZeneca,485089
Romania,4/20/2021,Pfizer/BioNTech,3543461
Romania,4/21/2021,Moderna,369970
Romania,4/21/2021,Oxford/AstraZeneca,495208
Romania,4/21/2021,Pfizer/BioNTech,3614041
Romania,4/22/2021,Moderna,380592
Romania,4/22/2021,Oxford/AstraZeneca,505247
Romania,4/22/2021,Pfizer/BioNTech,3680757
Romania,4/23/2021,Moderna,390799
Romania,4/23/2021,Oxford/AstraZeneca,516765
Romania,4/23/2021,Pfizer/BioNTech,3749432
Romania,4/24/2021,Moderna,402275
Romania,4/24/2021,Oxford/AstraZeneca,526446
Romania,4/24/2021,Pfizer/BioNTech,3817954
Romania,4/25/2021,Moderna,411876
Romania,4/25/2021,Oxford/AstraZeneca,534300
Romania,4/25/2021,Pfizer/BioNTech,3877603
Romania,4/26/2021,Moderna,421055
Romania,4/26/2021,Oxford/AstraZeneca,543893
Romania,4/26/2021,Pfizer/BioNTech,3939640
Romania,4/27/2021,Moderna,430671
Romania,4/27/2021,Oxford/AstraZeneca,553916
Romania,4/27/2021,Pfizer/BioNTech,4004648
Romania,4/28/2021,Moderna,439342
Romania,4/28/2021,Oxford/AstraZeneca,563246
Romania,4/28/2021,Pfizer/BioNTech,4070437
Romania,4/29/2021,Moderna,447398
Romania,4/29/2021,Oxford/AstraZeneca,571580
Romania,4/29/2021,Pfizer/BioNTech,4134438
Romania,4/30/2021,Moderna,455671
Romania,4/30/2021,Oxford/AstraZeneca,579202
Romania,4/30/2021,Pfizer/BioNTech,4197155
Romania,5/1/2021,Moderna,461395
Romania,5/1/2021,Oxford/AstraZeneca,584908
Romania,5/1/2021,Pfizer/BioNTech,4245742
Romania,5/2/2021,Moderna,465528
Romania,5/2/2021,Oxford/AstraZeneca,588599
Romania,5/2/2021,Pfizer/BioNTech,4279191
Romania,5/3/2021,Moderna,471274
Romania,5/3/2021,Oxford/AstraZeneca,593957
Romania,5/3/2021,Pfizer/BioNTech,4334654
Romania,5/4/2021,Johnson&Johnson,45
Romania,5/4/2021,Moderna,478246
Romania,5/4/2021,Oxford/AstraZeneca,602451
Romania,5/4/2021,Pfizer/BioNTech,4404747
Romania,5/5/2021,Johnson&Johnson,267
Romania,5/5/2021,Moderna,485462
Romania,5/5/2021,Oxford/AstraZeneca,610915
Romania,5/5/2021,Pfizer/BioNTech,4483199
Romania,5/6/2021,Johnson&Johnson,1159
Romania,5/6/2021,Moderna,494009
Romania,5/6/2021,Oxford/AstraZeneca,618693
Romania,5/6/2021,Pfizer/BioNTech,4566436
Romania,5/7/2021,Johnson&Johnson,2654
Romania,5/7/2021,Moderna,502226
Romania,5/7/2021,Oxford/AstraZeneca,625404
Romania,5/7/2021,Pfizer/BioNTech,4642514
Romania,5/8/2021,Johnson&Johnson,3325
Romania,5/8/2021,Moderna,512737
Romania,5/8/2021,Oxford/AstraZeneca,632302
Romania,5/8/2021,Pfizer/BioNTech,4735067
Romania,5/9/2021,Johnson&Johnson,3527
Romania,5/9/2021,Moderna,522443
Romania,5/9/2021,Oxford/AstraZeneca,638049
Romania,5/9/2021,Pfizer/BioNTech,4823349
Romania,5/10/2021,Johnson&Johnson,5270
Romania,5/10/2021,Moderna,530055
Romania,5/10/2021,Oxford/AstraZeneca,646291
Romania,5/10/2021,Pfizer/BioNTech,4905212
Romania,5/11/2021,Johnson&Johnson,8651
Romania,5/11/2021,Moderna,537276
Romania,5/11/2021,Oxford/AstraZeneca,654036
Romania,5/11/2021,Pfizer/BioNTech,4992709
Romania,5/12/2021,Johnson&Johnson,12662
Romania,5/12/2021,Moderna,544683
Romania,5/12/2021,Oxford/AstraZeneca,661214
Romania,5/12/2021,Pfizer/BioNTech,5078867
Romania,5/13/2021,Johnson&Johnson,17203
Romania,5/13/2021,Moderna,551854
Romania,5/13/2021,Oxford/AstraZeneca,668387
Romania,5/13/2021,Pfizer/BioNTech,5163215
Romania,5/14/2021,Johnson&Johnson,23115
Romania,5/14/2021,Moderna,559092
Romania,5/14/2021,Oxford/AstraZeneca,676145
Romania,5/14/2021,Pfizer/BioNTech,5252621
Romania,5/15/2021,Johnson&Johnson,25538
Romania,5/15/2021,Moderna,566632
Romania,5/15/2021,Oxford/AstraZeneca,684454
Romania,5/15/2021,Pfizer/BioNTech,5353370
Romania,5/16/2021,Johnson&Johnson,27008
Romania,5/16/2021,Moderna,572217
Romania,5/16/2021,Oxford/AstraZeneca,692147
Romania,5/16/2021,Pfizer/BioNTech,5440284
Romania,5/17/2021,Johnson&Johnson,31404
Romania,5/17/2021,Moderna,577717
Romania,5/17/2021,Oxford/AstraZeneca,699993
Romania,5/17/2021,Pfizer/BioNTech,5517198
Romania,5/18/2021,Johnson&Johnson,37860
Romania,5/18/2021,Moderna,585040
Romania,5/18/2021,Oxford/AstraZeneca,708606
Romania,5/18/2021,Pfizer/BioNTech,5591759
Romania,5/19/2021,Johnson&Johnson,45337
Romania,5/19/2021,Moderna,592929
Romania,5/19/2021,Oxford/AstraZeneca,716589
Romania,5/19/2021,Pfizer/BioNTech,5662827
Romania,5/20/2021,Johnson&Johnson,52508
Romania,5/20/2021,Moderna,600583
Romania,5/20/2021,Oxford/AstraZeneca,724401
Romania,5/20/2021,Pfizer/BioNTech,5728149
Romania,5/21/2021,Johnson&Johnson,59855
Romania,5/21/2021,Moderna,607662
Romania,5/21/2021,Oxford/AstraZeneca,732201
Romania,5/21/2021,Pfizer/BioNTech,5790898
Romania,5/22/2021,Johnson&Johnson,62730
Romania,5/22/2021,Moderna,615611
Romania,5/22/2021,Oxford/AstraZeneca,740674
Romania,5/22/2021,Pfizer/BioNTech,5847052
Romania,5/23/2021,Johnson&Johnson,65439
Romania,5/23/2021,Moderna,621592
Romania,5/23/2021,Oxford/AstraZeneca,748426
Romania,5/23/2021,Pfizer/BioNTech,5884675
Romania,5/24/2021,Johnson&Johnson,71246
Romania,5/24/2021,Moderna,627741
Romania,5/24/2021,Oxford/AstraZeneca,756116
Romania,5/24/2021,Pfizer/BioNTech,5922644
Romania,5/25/2021,Johnson&Johnson,78264
Romania,5/25/2021,Moderna,633965
Romania,5/25/2021,Oxford/AstraZeneca,763583
Romania,5/25/2021,Pfizer/BioNTech,5970755
Romania,5/26/2021,Johnson&Johnson,86267
Romania,5/26/2021,Moderna,639199
Romania,5/26/2021,Oxford/AstraZeneca,770285
Romania,5/26/2021,Pfizer/BioNTech,6021938
Romania,5/27/2021,Johnson&Johnson,94290
Romania,5/27/2021,Moderna,643967
Romania,5/27/2021,Oxford/AstraZeneca,776549
Romania,5/27/2021,Pfizer/BioNTech,6070261
Romania,5/28/2021,Johnson&Johnson,102965
Romania,5/28/2021,Moderna,648279
Romania,5/28/2021,Oxford/AstraZeneca,782802
Romania,5/28/2021,Pfizer/BioNTech,6120498
Romania,5/29/2021,Johnson&Johnson,107871
Romania,5/29/2021,Moderna,651064
Romania,5/29/2021,Oxford/AstraZeneca,788744
Romania,5/29/2021,Pfizer/BioNTech,6183794
Romania,5/30/2021,Johnson&Johnson,112771
Romania,5/30/2021,Moderna,652398
Romania,5/30/2021,Oxford/AstraZeneca,792930
Romania,5/30/2021,Pfizer/BioNTech,6242467
Romania,5/31/2021,Johnson&Johnson,120076
Romania,5/31/2021,Moderna,654399
Romania,5/31/2021,Oxford/AstraZeneca,797307
Romania,5/31/2021,Pfizer/BioNTech,6292917
Romania,6/1/2021,Johnson&Johnson,124027
Romania,6/1/2021,Moderna,656926
Romania,6/1/2021,Oxford/AstraZeneca,800876
Romania,6/1/2021,Pfizer/BioNTech,6335638
Romania,6/2/2021,Johnson&Johnson,130875
Romania,6/2/2021,Moderna,660017
Romania,6/2/2021,Oxford/AstraZeneca,803580
Romania,6/2/2021,Pfizer/BioNTech,6378667
Romania,6/3/2021,Johnson&Johnson,139973
Romania,6/3/2021,Moderna,663386
Romania,6/3/2021,Oxford/AstraZeneca,806233
Romania,6/3/2021,Pfizer/BioNTech,6424160
Romania,6/4/2021,Johnson&Johnson,150981
Romania,6/4/2021,Moderna,667729
Romania,6/4/2021,Oxford/AstraZeneca,808919
Romania,6/4/2021,Pfizer/BioNTech,6474130
Romania,6/5/2021,Johnson&Johnson,156197
Romania,6/5/2021,Moderna,671060
Romania,6/5/2021,Oxford/AstraZeneca,812017
Romania,6/5/2021,Pfizer/BioNTech,6532740
Romania,6/6/2021,Johnson&Johnson,160015
Romania,6/6/2021,Moderna,673620
Romania,6/6/2021,Oxford/AstraZeneca,814255
Romania,6/6/2021,Pfizer/BioNTech,6582226
Romania,6/7/2021,Johnson&Johnson,167095
Romania,6/7/2021,Moderna,676640
Romania,6/7/2021,Oxford/AstraZeneca,816266
Romania,6/7/2021,Pfizer/BioNTech,6619520
Romania,6/8/2021,Johnson&Johnson,175823
Romania,6/8/2021,Moderna,679531
Romania,6/8/2021,Oxford/AstraZeneca,817802
Romania,6/8/2021,Pfizer/BioNTech,6655832
Romania,6/9/2021,Johnson&Johnson,185203
Romania,6/9/2021,Moderna,682102
Romania,6/9/2021,Oxford/AstraZeneca,819352
Romania,6/9/2021,Pfizer/BioNTech,6688204
Romania,6/10/2021,Johnson&Johnson,194313
Romania,6/10/2021,Moderna,684750
Romania,6/10/2021,Oxford/AstraZeneca,820765
Romania,6/10/2021,Pfizer/BioNTech,6716587
Romania,6/11/2021,Johnson&Johnson,203434
Romania,6/11/2021,Moderna,687376
Romania,6/11/2021,Oxford/AstraZeneca,822454
Romania,6/11/2021,Pfizer/BioNTech,6744379
Romania,6/12/2021,Johnson&Johnson,208487
Romania,6/12/2021,Moderna,690146
Romania,6/12/2021,Oxford/AstraZeneca,824172
Romania,6/12/2021,Pfizer/BioNTech,6774086
Romania,6/13/2021,Johnson&Johnson,212116
Romania,6/13/2021,Moderna,691646
Romania,6/13/2021,Oxford/AstraZeneca,825221
Romania,6/13/2021,Pfizer/BioNTech,6799355
Romania,6/14/2021,Johnson&Johnson,218111
Romania,6/14/2021,Moderna,693282
Romania,6/14/2021,Oxford/AstraZeneca,826711
Romania,6/14/2021,Pfizer/BioNTech,6821300
Romania,6/15/2021,Johnson&Johnson,225331
Romania,6/15/2021,Moderna,695110
Romania,6/15/2021,Oxford/AstraZeneca,828077
Romania,6/15/2021,Pfizer/BioNTech,6843211
Romania,6/16/2021,Johnson&Johnson,232530
Romania,6/16/2021,Moderna,696764
Romania,6/16/2021,Oxford/AstraZeneca,829250
Romania,6/16/2021,Pfizer/BioNTech,6865262
Romania,6/17/2021,Johnson&Johnson,239414
Romania,6/17/2021,Moderna,698174
Romania,6/17/2021,Oxford/AstraZeneca,830042
Romania,6/17/2021,Pfizer/BioNTech,6885178
Romania,6/18/2021,Johnson&Johnson,246330
Romania,6/18/2021,Moderna,699624
Romania,6/18/2021,Oxford/AstraZeneca,831055
Romania,6/18/2021,Pfizer/BioNTech,6905112
Romania,6/19/2021,Johnson&Johnson,249554
Romania,6/19/2021,Moderna,700813
Romania,6/19/2021,Oxford/AstraZeneca,831927
Romania,6/19/2021,Pfizer/BioNTech,6925306
Romania,6/20/2021,Johnson&Johnson,251882
Romania,6/20/2021,Moderna,701579
Romania,6/20/2021,Oxford/AstraZeneca,832498
Romania,6/20/2021,Pfizer/BioNTech,6941986
Slovakia,12/29/2020,Pfizer/BioNTech,0
Slovakia,1/5/2021,Pfizer/BioNTech,28667
Slovakia,1/12/2021,Moderna,0
Slovakia,1/12/2021,Pfizer/BioNTech,61195
Slovakia,1/19/2021,Moderna,0
Slovakia,1/19/2021,Pfizer/BioNTech,99011
Slovakia,1/26/2021,Moderna,69
Slovakia,1/26/2021,Pfizer/BioNTech,145095
Slovakia,2/2/2021,Moderna,1654
Slovakia,2/2/2021,Oxford/AstraZeneca,0
Slovakia,2/2/2021,Pfizer/BioNTech,210820
Slovakia,2/9/2021,Moderna,6466
Slovakia,2/9/2021,Oxford/AstraZeneca,12782
Slovakia,2/9/2021,Pfizer/BioNTech,274559
Slovakia,2/16/2021,Moderna,18242
Slovakia,2/16/2021,Oxford/AstraZeneca,27067
Slovakia,2/16/2021,Pfizer/BioNTech,320319
Slovakia,2/23/2021,Moderna,22507
Slovakia,2/23/2021,Oxford/AstraZeneca,47886
Slovakia,2/23/2021,Pfizer/BioNTech,371532
Slovakia,3/2/2021,Moderna,24601
Slovakia,3/2/2021,Oxford/AstraZeneca,89598
Slovakia,3/2/2021,Pfizer/BioNTech,424184
Slovakia,3/2/2021,Sputnik V,0
Slovakia,3/9/2021,Moderna,29518
Slovakia,3/9/2021,Oxford/AstraZeneca,132438
Slovakia,3/9/2021,Pfizer/BioNTech,481156
Slovakia,3/9/2021,Sputnik V,0
Slovakia,3/16/2021,Moderna,41477
Slovakia,3/16/2021,Oxford/AstraZeneca,178946
Slovakia,3/16/2021,Pfizer/BioNTech,554269
Slovakia,3/16/2021,Sputnik V,0
Slovakia,3/23/2021,Moderna,55879
Slovakia,3/23/2021,Oxford/AstraZeneca,216307
Slovakia,3/23/2021,Pfizer/BioNTech,632761
Slovakia,3/23/2021,Sputnik V,0
Slovakia,3/30/2021,Moderna,66938
Slovakia,3/30/2021,Oxford/AstraZeneca,244349
Slovakia,3/30/2021,Pfizer/BioNTech,698602
Slovakia,3/30/2021,Sputnik V,0
Slovakia,4/6/2021,Moderna,79142
Slovakia,4/6/2021,Oxford/AstraZeneca,294277
Slovakia,4/6/2021,Pfizer/BioNTech,770971
Slovakia,4/6/2021,Sputnik V,0
Slovakia,4/13/2021,Johnson&Johnson,0
Slovakia,4/13/2021,Moderna,97953
Slovakia,4/13/2021,Oxford/AstraZeneca,346299
Slovakia,4/13/2021,Pfizer/BioNTech,853971
Slovakia,4/13/2021,Sputnik V,0
Slovakia,4/20/2021,Johnson&Johnson,0
Slovakia,4/20/2021,Moderna,119621
Slovakia,4/20/2021,Oxford/AstraZeneca,390865
Slovakia,4/20/2021,Pfizer/BioNTech,938640
Slovakia,4/20/2021,Sputnik V,0
Slovakia,4/27/2021,Johnson&Johnson,0
Slovakia,4/27/2021,Moderna,141480
Slovakia,4/27/2021,Oxford/AstraZeneca,425833
Slovakia,4/27/2021,Pfizer/BioNTech,1049365
Slovakia,4/27/2021,Sputnik V,0
Slovakia,5/4/2021,Johnson&Johnson,0
Slovakia,5/4/2021,Moderna,169090
Slovakia,5/4/2021,Oxford/AstraZeneca,460347
Slovakia,5/4/2021,Pfizer/BioNTech,1185217
Slovakia,5/4/2021,Sputnik V,0
Slovakia,5/11/2021,Johnson&Johnson,0
Slovakia,5/11/2021,Moderna,199124
Slovakia,5/11/2021,Oxford/AstraZeneca,500309
Slovakia,5/11/2021,Pfizer/BioNTech,1348982
Slovakia,5/11/2021,Sputnik V,0
Slovakia,5/18/2021,Johnson&Johnson,0
Slovakia,5/18/2021,Moderna,231744
Slovakia,5/18/2021,Oxford/AstraZeneca,547100
Slovakia,5/18/2021,Pfizer/BioNTech,1516829
Slovakia,5/18/2021,Sputnik V,0
Slovakia,5/25/2021,Johnson&Johnson,0
Slovakia,5/25/2021,Moderna,260617
Slovakia,5/25/2021,Oxford/AstraZeneca,587851
Slovakia,5/25/2021,Pfizer/BioNTech,1698841
Slovakia,5/25/2021,Sputnik V,0
Slovakia,6/1/2021,Johnson&Johnson,0
Slovakia,6/1/2021,Moderna,288640
Slovakia,6/1/2021,Oxford/AstraZeneca,629188
Slovakia,6/1/2021,Pfizer/BioNTech,1868743
Slovakia,6/1/2021,Sputnik V,0
Slovakia,6/8/2021,Johnson&Johnson,0
Slovakia,6/8/2021,Moderna,315668
Slovakia,6/8/2021,Oxford/AstraZeneca,661032
Slovakia,6/8/2021,Pfizer/BioNTech,2045081
Slovakia,6/8/2021,Sputnik V,4314
Slovakia,6/15/2021,Johnson&Johnson,0
Slovakia,6/15/2021,Moderna,327461
Slovakia,6/15/2021,Oxford/AstraZeneca,662751
Slovakia,6/15/2021,Pfizer/BioNTech,2112124
Slovakia,6/15/2021,Sputnik V,5619
Slovenia,12/29/2020,Pfizer/BioNTech,6088
Slovenia,1/5/2021,Pfizer/BioNTech,30107
Slovenia,1/12/2021,Pfizer/BioNTech,49065
Slovenia,1/19/2021,Moderna,510
Slovenia,1/19/2021,Pfizer/BioNTech,63481
Slovenia,1/26/2021,Pfizer/BioNTech,81177
Slovenia,2/2/2021,Moderna,929
Slovenia,2/2/2021,Pfizer/BioNTech,100321
Slovenia,2/9/2021,Moderna,3783
Slovenia,2/9/2021,Oxford/AstraZeneca,2127
Slovenia,2/9/2021,Pfizer/BioNTech,117214
Slovenia,2/16/2021,Moderna,4510
Slovenia,2/16/2021,Oxford/AstraZeneca,6067
Slovenia,2/16/2021,Pfizer/BioNTech,137457
Slovenia,2/23/2021,Moderna,4825
Slovenia,2/23/2021,Oxford/AstraZeneca,13734
Slovenia,2/23/2021,Pfizer/BioNTech,158009
Slovenia,3/2/2021,Moderna,8999
Slovenia,3/2/2021,Oxford/AstraZeneca,24379
Slovenia,3/2/2021,Pfizer/BioNTech,177299
Slovenia,3/9/2021,Moderna,11850
Slovenia,3/9/2021,Oxford/AstraZeneca,51922
Slovenia,3/9/2021,Pfizer/BioNTech,198602
Slovenia,3/16/2021,Moderna,17731
Slovenia,3/16/2021,Oxford/AstraZeneca,55189
Slovenia,3/16/2021,Pfizer/BioNTech,219944
Slovenia,3/23/2021,Moderna,20712
Slovenia,3/23/2021,Oxford/AstraZeneca,77289
Slovenia,3/23/2021,Pfizer/BioNTech,248927
Slovenia,3/30/2021,Moderna,38191
Slovenia,3/30/2021,Oxford/AstraZeneca,89312
Slovenia,3/30/2021,Pfizer/BioNTech,278634
Slovenia,4/6/2021,Moderna,41302
Slovenia,4/6/2021,Oxford/AstraZeneca,100796
Slovenia,4/6/2021,Pfizer/BioNTech,319261
Slovenia,4/13/2021,Moderna,52467
Slovenia,4/13/2021,Oxford/AstraZeneca,106512
Slovenia,4/13/2021,Pfizer/BioNTech,360447
Slovenia,4/20/2021,Moderna,59076
Slovenia,4/20/2021,Oxford/AstraZeneca,125956
Slovenia,4/20/2021,Pfizer/BioNTech,401318
Slovenia,4/27/2021,Johnson&Johnson,70
Slovenia,4/27/2021,Moderna,68055
Slovenia,4/27/2021,Oxford/AstraZeneca,129510
Slovenia,4/27/2021,Pfizer/BioNTech,447722
Slovenia,5/4/2021,Johnson&Johnson,1597
Slovenia,5/4/2021,Moderna,77327
Slovenia,5/4/2021,Oxford/AstraZeneca,140751
Slovenia,5/4/2021,Pfizer/BioNTech,521881
Slovenia,5/11/2021,Johnson&Johnson,9698
Slovenia,5/11/2021,Moderna,85399
Slovenia,5/11/2021,Oxford/AstraZeneca,161829
Slovenia,5/11/2021,Pfizer/BioNTech,580981
Slovenia,5/18/2021,Johnson&Johnson,15590
Slovenia,5/18/2021,Moderna,104422
Slovenia,5/18/2021,Oxford/AstraZeneca,190893
Slovenia,5/18/2021,Pfizer/BioNTech,637241
Slovenia,5/25/2021,Johnson&Johnson,20331
Slovenia,5/25/2021,Moderna,115010
Slovenia,5/25/2021,Oxford/AstraZeneca,214694
Slovenia,5/25/2021,Pfizer/BioNTech,694274
Slovenia,6/1/2021,Johnson&Johnson,31012
Slovenia,6/1/2021,Moderna,122434
Slovenia,6/1/2021,Oxford/AstraZeneca,241627
Slovenia,6/1/2021,Pfizer/BioNTech,775052
Slovenia,6/8/2021,Johnson&Johnson,35261
Slovenia,6/8/2021,Moderna,129724
Slovenia,6/8/2021,Oxford/AstraZeneca,263703
Slovenia,6/8/2021,Pfizer/BioNTech,846231
Spain,1/5/2021,Johnson&Johnson,0
Spain,1/5/2021,Moderna,0
Spain,1/5/2021,Oxford/AstraZeneca,0
Spain,1/5/2021,Pfizer/BioNTech,419079
Spain,1/12/2021,Johnson&Johnson,0
Spain,1/12/2021,Moderna,7230
Spain,1/12/2021,Oxford/AstraZeneca,0
Spain,1/12/2021,Pfizer/BioNTech,918960
Spain,1/19/2021,Johnson&Johnson,0
Spain,1/19/2021,Moderna,25609
Spain,1/19/2021,Oxford/AstraZeneca,0
Spain,1/19/2021,Pfizer/BioNTech,1240462
Spain,1/26/2021,Johnson&Johnson,0
Spain,1/26/2021,Moderna,29457
Spain,1/26/2021,Oxford/AstraZeneca,0
Spain,1/26/2021,Pfizer/BioNTech,1610904
Spain,2/2/2021,Johnson&Johnson,0
Spain,2/2/2021,Moderna,49593
Spain,2/2/2021,Oxford/AstraZeneca,0
Spain,2/2/2021,Pfizer/BioNTech,2107922
Spain,2/9/2021,Johnson&Johnson,0
Spain,2/9/2021,Moderna,98558
Spain,2/9/2021,Oxford/AstraZeneca,34543
Spain,2/9/2021,Pfizer/BioNTech,2501116
Spain,2/16/2021,Johnson&Johnson,0
Spain,2/16/2021,Moderna,138188
Spain,2/16/2021,Oxford/AstraZeneca,131997
Spain,2/16/2021,Pfizer/BioNTech,2885349
Spain,2/23/2021,Johnson&Johnson,0
Spain,2/23/2021,Moderna,152084
Spain,2/23/2021,Oxford/AstraZeneca,374554
Spain,2/23/2021,Pfizer/BioNTech,3390712
Spain,3/2/2021,Johnson&Johnson,0
Spain,3/2/2021,Moderna,199182
Spain,3/2/2021,Oxford/AstraZeneca,666483
Spain,3/2/2021,Pfizer/BioNTech,3952713
Spain,3/9/2021,Johnson&Johnson,0
Spain,3/9/2021,Moderna,256657
Spain,3/9/2021,Oxford/AstraZeneca,966810
Spain,3/9/2021,Pfizer/BioNTech,4518359
Spain,3/16/2021,Johnson&Johnson,0
Spain,3/16/2021,Moderna,343592
Spain,3/16/2021,Oxford/AstraZeneca,1003717
Spain,3/16/2021,Pfizer/BioNTech,5084529
Spain,3/23/2021,Johnson&Johnson,0
Spain,3/23/2021,Moderna,444418
Spain,3/23/2021,Oxford/AstraZeneca,1427790
Spain,3/23/2021,Pfizer/BioNTech,5779791
Spain,3/30/2021,Johnson&Johnson,0
Spain,3/30/2021,Moderna,546529
Spain,3/30/2021,Oxford/AstraZeneca,1941391
Spain,3/30/2021,Pfizer/BioNTech,6451543
Spain,4/6/2021,Johnson&Johnson,0
Spain,4/6/2021,Moderna,615674
Spain,4/6/2021,Oxford/AstraZeneca,2637810
Spain,4/6/2021,Pfizer/BioNTech,7682003
Spain,4/13/2021,Johnson&Johnson,0
Spain,4/13/2021,Moderna,789096
Spain,4/13/2021,Oxford/AstraZeneca,3170826
Spain,4/13/2021,Pfizer/BioNTech,8966385
Spain,4/20/2021,Johnson&Johnson,33888
Spain,4/20/2021,Moderna,959640
Spain,4/20/2021,Oxford/AstraZeneca,3565660
Spain,4/20/2021,Pfizer/BioNTech,10243652
Spain,4/27/2021,Johnson&Johnson,131831
Spain,4/27/2021,Moderna,1121971
Spain,4/27/2021,Oxford/AstraZeneca,3955823
Spain,4/27/2021,Pfizer/BioNTech,12010177
Spain,5/4/2021,Johnson&Johnson,190530
Spain,5/4/2021,Moderna,1333404
Spain,5/4/2021,Oxford/AstraZeneca,4590616
Spain,5/4/2021,Pfizer/BioNTech,13769714
Spain,5/11/2021,Johnson&Johnson,223962
Spain,5/11/2021,Moderna,1773225
Spain,5/11/2021,Oxford/AstraZeneca,4826365
Spain,5/11/2021,Pfizer/BioNTech,15530158
Spain,5/18/2021,Johnson&Johnson,320222
Spain,5/18/2021,Moderna,2138625
Spain,5/18/2021,Oxford/AstraZeneca,4936233
Spain,5/18/2021,Pfizer/BioNTech,17284143
Spain,5/25/2021,Johnson&Johnson,433859
Spain,5/25/2021,Moderna,2475404
Spain,5/25/2021,Oxford/AstraZeneca,5111787
Spain,5/25/2021,Pfizer/BioNTech,18866458
Spain,6/1/2021,Johnson&Johnson,619022
Spain,6/1/2021,Moderna,2742376
Spain,6/1/2021,Oxford/AstraZeneca,5480662
Spain,6/1/2021,Pfizer/BioNTech,20981289
Spain,6/8/2021,Johnson&Johnson,843095
Spain,6/8/2021,Moderna,3126583
Spain,6/8/2021,Oxford/AstraZeneca,5789247
Spain,6/8/2021,Pfizer/BioNTech,23368394
Spain,6/15/2021,Johnson&Johnson,935057
Spain,6/15/2021,Moderna,3299796
Spain,6/15/2021,Oxford/AstraZeneca,5937618
Spain,6/15/2021,Pfizer/BioNTech,24526142
Sweden,12/29/2020,Pfizer/BioNTech,2239
Sweden,1/5/2021,Pfizer/BioNTech,50861
Sweden,1/12/2021,Moderna,89
Sweden,1/12/2021,Pfizer/BioNTech,128380
Sweden,1/19/2021,Moderna,5354
Sweden,1/19/2021,Pfizer/BioNTech,236128
Sweden,1/26/2021,Moderna,8081
Sweden,1/26/2021,Pfizer/BioNTech,322365
Sweden,2/2/2021,Moderna,12368
Sweden,2/2/2021,Oxford/AstraZeneca,0
Sweden,2/2/2021,Pfizer/BioNTech,417222
Sweden,2/9/2021,Moderna,23073
Sweden,2/9/2021,Oxford/AstraZeneca,8722
Sweden,2/9/2021,Pfizer/BioNTech,513002
Sweden,2/16/2021,Moderna,38773
Sweden,2/16/2021,Oxford/AstraZeneca,35927
Sweden,2/16/2021,Pfizer/BioNTech,620435
Sweden,2/23/2021,Moderna,48226
Sweden,2/23/2021,Oxford/AstraZeneca,74278
Sweden,2/23/2021,Pfizer/BioNTech,725048
Sweden,3/2/2021,Moderna,61309
Sweden,3/2/2021,Oxford/AstraZeneca,140196
Sweden,3/2/2021,Pfizer/BioNTech,829418
Sweden,3/9/2021,Moderna,84253
Sweden,3/9/2021,Oxford/AstraZeneca,210306
Sweden,3/9/2021,Pfizer/BioNTech,954747
Sweden,3/16/2021,Moderna,112223
Sweden,3/16/2021,Oxford/AstraZeneca,222155
Sweden,3/16/2021,Pfizer/BioNTech,1089458
Sweden,3/23/2021,Moderna,147803
Sweden,3/23/2021,Oxford/AstraZeneca,228823
Sweden,3/23/2021,Pfizer/BioNTech,1244483
Sweden,3/30/2021,Moderna,167071
Sweden,3/30/2021,Oxford/AstraZeneca,301590
Sweden,3/30/2021,Pfizer/BioNTech,1416002
Sweden,4/6/2021,Moderna,205320
Sweden,4/6/2021,Oxford/AstraZeneca,408234
Sweden,4/6/2021,Pfizer/BioNTech,1611692
Sweden,4/13/2021,Moderna,234138
Sweden,4/13/2021,Oxford/AstraZeneca,571820
Sweden,4/13/2021,Pfizer/BioNTech,1896368
Sweden,4/20/2021,Moderna,272998
Sweden,4/20/2021,Oxford/AstraZeneca,666524
Sweden,4/20/2021,Pfizer/BioNTech,2201850
Sweden,4/27/2021,Moderna,303610
Sweden,4/27/2021,Oxford/AstraZeneca,701979
Sweden,4/27/2021,Pfizer/BioNTech,2532036
Sweden,5/4/2021,Moderna,351875
Sweden,5/4/2021,Oxford/AstraZeneca,720365
Sweden,5/4/2021,Pfizer/BioNTech,2918367
Sweden,5/11/2021,Moderna,388865
Sweden,5/11/2021,Oxford/AstraZeneca,749785
Sweden,5/11/2021,Pfizer/BioNTech,3266636
Sweden,5/18/2021,Moderna,451603
Sweden,5/18/2021,Oxford/AstraZeneca,791324
Sweden,5/18/2021,Pfizer/BioNTech,3604946
Sweden,5/25/2021,Moderna,504691
Sweden,5/25/2021,Oxford/AstraZeneca,814008
Sweden,5/25/2021,Pfizer/BioNTech,3977616
Sweden,6/1/2021,Moderna,571041
Sweden,6/1/2021,Oxford/AstraZeneca,863185
Sweden,6/1/2021,Pfizer/BioNTech,4428918
Sweden,6/8/2021,Moderna,628087
Sweden,6/8/2021,Oxford/AstraZeneca,922740
Sweden,6/8/2021,Pfizer/BioNTech,4875616
Switzerland,2/14/2021,Moderna,220085
Switzerland,2/14/2021,Pfizer/BioNTech,316885
Switzerland,2/15/2021,Moderna,229147
Switzerland,2/15/2021,Pfizer/BioNTech,325848
Switzerland,2/16/2021,Moderna,241273
Switzerland,2/16/2021,Pfizer/BioNTech,337140
Switzerland,2/17/2021,Moderna,256394
Switzerland,2/17/2021,Pfizer/BioNTech,350130
Switzerland,2/18/2021,Moderna,270260
Switzerland,2/18/2021,Pfizer/BioNTech,362969
Switzerland,2/19/2021,Moderna,281283
Switzerland,2/19/2021,Pfizer/BioNTech,374754
Switzerland,2/20/2021,Moderna,285740
Switzerland,2/20/2021,Pfizer/BioNTech,377174
Switzerland,2/21/2021,Moderna,287758
Switzerland,2/21/2021,Pfizer/BioNTech,378935
Switzerland,2/22/2021,Moderna,298228
Switzerland,2/22/2021,Pfizer/BioNTech,387680
Switzerland,2/23/2021,Moderna,313034
Switzerland,2/23/2021,Pfizer/BioNTech,397850
Switzerland,2/24/2021,Moderna,331608
Switzerland,2/24/2021,Pfizer/BioNTech,410722
Switzerland,2/25/2021,Moderna,348235
Switzerland,2/25/2021,Pfizer/BioNTech,421372
Switzerland,2/26/2021,Moderna,363087
Switzerland,2/26/2021,Pfizer/BioNTech,429945
Switzerland,2/27/2021,Moderna,366816
Switzerland,2/27/2021,Pfizer/BioNTech,432430
Switzerland,2/28/2021,Moderna,368301
Switzerland,2/28/2021,Pfizer/BioNTech,434198
Switzerland,3/1/2021,Moderna,381015
Switzerland,3/1/2021,Pfizer/BioNTech,442881
Switzerland,3/2/2021,Moderna,395482
Switzerland,3/2/2021,Pfizer/BioNTech,452891
Switzerland,3/3/2021,Moderna,415025
Switzerland,3/3/2021,Pfizer/BioNTech,469056
Switzerland,3/4/2021,Moderna,432995
Switzerland,3/4/2021,Pfizer/BioNTech,482478
Switzerland,3/5/2021,Moderna,447991
Switzerland,3/5/2021,Pfizer/BioNTech,495346
Switzerland,3/6/2021,Moderna,451382
Switzerland,3/6/2021,Pfizer/BioNTech,497745
Switzerland,3/7/2021,Moderna,453531
Switzerland,3/7/2021,Pfizer/BioNTech,499315
Switzerland,3/8/2021,Moderna,464599
Switzerland,3/8/2021,Pfizer/BioNTech,510710
Switzerland,3/9/2021,Moderna,479769
Switzerland,3/9/2021,Pfizer/BioNTech,524255
Switzerland,3/10/2021,Moderna,496848
Switzerland,3/10/2021,Pfizer/BioNTech,540216
Switzerland,3/11/2021,Moderna,512347
Switzerland,3/11/2021,Pfizer/BioNTech,554809
Switzerland,3/12/2021,Moderna,525213
Switzerland,3/12/2021,Pfizer/BioNTech,567367
Switzerland,3/13/2021,Moderna,529185
Switzerland,3/13/2021,Pfizer/BioNTech,569017
Switzerland,3/14/2021,Moderna,530101
Switzerland,3/14/2021,Pfizer/BioNTech,570582
Switzerland,3/15/2021,Moderna,539831
Switzerland,3/15/2021,Pfizer/BioNTech,581384
Switzerland,3/16/2021,Moderna,552084
Switzerland,3/16/2021,Pfizer/BioNTech,596278
Switzerland,3/17/2021,Moderna,565608
Switzerland,3/17/2021,Pfizer/BioNTech,616750
Switzerland,3/18/2021,Moderna,578767
Switzerland,3/18/2021,Pfizer/BioNTech,635434
Switzerland,3/19/2021,Moderna,588720
Switzerland,3/19/2021,Pfizer/BioNTech,652641
Switzerland,3/20/2021,Moderna,590951
Switzerland,3/20/2021,Pfizer/BioNTech,656450
Switzerland,3/21/2021,Moderna,591238
Switzerland,3/21/2021,Pfizer/BioNTech,657906
Switzerland,3/22/2021,Moderna,601802
Switzerland,3/22/2021,Pfizer/BioNTech,671687
Switzerland,3/23/2021,Moderna,616711
Switzerland,3/23/2021,Pfizer/BioNTech,687119
Switzerland,3/24/2021,Moderna,637278
Switzerland,3/24/2021,Pfizer/BioNTech,707002
Switzerland,3/25/2021,Moderna,660239
Switzerland,3/25/2021,Pfizer/BioNTech,719398
Switzerland,3/26/2021,Moderna,679562
Switzerland,3/26/2021,Pfizer/BioNTech,733175
Switzerland,3/27/2021,Moderna,685587
Switzerland,3/27/2021,Pfizer/BioNTech,736339
Switzerland,3/28/2021,Moderna,689745
Switzerland,3/28/2021,Pfizer/BioNTech,739560
Switzerland,3/29/2021,Moderna,709051
Switzerland,3/29/2021,Pfizer/BioNTech,751992
Switzerland,3/30/2021,Moderna,732958
Switzerland,3/30/2021,Pfizer/BioNTech,766829
Switzerland,3/31/2021,Moderna,758054
Switzerland,3/31/2021,Pfizer/BioNTech,784922
Switzerland,4/1/2021,Moderna,779631
Switzerland,4/1/2021,Pfizer/BioNTech,801890
Switzerland,4/2/2021,Moderna,784057
Switzerland,4/2/2021,Pfizer/BioNTech,806678
Switzerland,4/3/2021,Moderna,786078
Switzerland,4/3/2021,Pfizer/BioNTech,810740
Switzerland,4/4/2021,Moderna,788613
Switzerland,4/4/2021,Pfizer/BioNTech,812335
Switzerland,4/5/2021,Moderna,790642
Switzerland,4/5/2021,Pfizer/BioNTech,816087
Switzerland,4/6/2021,Moderna,806773
Switzerland,4/6/2021,Pfizer/BioNTech,836594
Switzerland,4/7/2021,Moderna,829596
Switzerland,4/7/2021,Pfizer/BioNTech,861809
Switzerland,4/8/2021,Moderna,853477
Switzerland,4/8/2021,Pfizer/BioNTech,886587
Switzerland,4/9/2021,Moderna,877533
Switzerland,4/9/2021,Pfizer/BioNTech,908100
Switzerland,4/10/2021,Moderna,886104
Switzerland,4/10/2021,Pfizer/BioNTech,913920
Switzerland,4/11/2021,Moderna,891028
Switzerland,4/11/2021,Pfizer/BioNTech,916598
Switzerland,4/12/2021,Moderna,907740
Switzerland,4/12/2021,Pfizer/BioNTech,943012
Switzerland,4/13/2021,Moderna,929638
Switzerland,4/13/2021,Pfizer/BioNTech,972444
Switzerland,4/14/2021,Moderna,957606
Switzerland,4/14/2021,Pfizer/BioNTech,1005647
Switzerland,4/15/2021,Moderna,983992
Switzerland,4/15/2021,Pfizer/BioNTech,1033446
Switzerland,4/16/2021,Moderna,1009573
Switzerland,4/16/2021,Pfizer/BioNTech,1059692
Switzerland,4/17/2021,Moderna,1020389
Switzerland,4/17/2021,Pfizer/BioNTech,1066791
Switzerland,4/18/2021,Moderna,1024387
Switzerland,4/18/2021,Pfizer/BioNTech,1072283
Switzerland,4/19/2021,Moderna,1044624
Switzerland,4/19/2021,Pfizer/BioNTech,1102830
Switzerland,4/20/2021,Moderna,1072941
Switzerland,4/20/2021,Pfizer/BioNTech,1136238
Switzerland,4/21/2021,Moderna,1111732
Switzerland,4/21/2021,Pfizer/BioNTech,1173125
Switzerland,4/22/2021,Moderna,1151170
Switzerland,4/22/2021,Pfizer/BioNTech,1203848
Switzerland,4/23/2021,Moderna,1183139
Switzerland,4/23/2021,Pfizer/BioNTech,1234828
Switzerland,4/24/2021,Moderna,1200667
Switzerland,4/24/2021,Pfizer/BioNTech,1243452
Switzerland,4/25/2021,Moderna,1209037
Switzerland,4/25/2021,Pfizer/BioNTech,1251516
Switzerland,4/26/2021,Moderna,1236877
Switzerland,4/26/2021,Pfizer/BioNTech,1278213
Switzerland,4/27/2021,Moderna,1274821
Switzerland,4/27/2021,Pfizer/BioNTech,1310269
Switzerland,4/28/2021,Moderna,1319107
Switzerland,4/28/2021,Pfizer/BioNTech,1346543
Switzerland,4/29/2021,Moderna,1357060
Switzerland,4/29/2021,Pfizer/BioNTech,1377230
Switzerland,4/30/2021,Moderna,1390910
Switzerland,4/30/2021,Pfizer/BioNTech,1404243
Switzerland,5/1/2021,Moderna,1407925
Switzerland,5/1/2021,Pfizer/BioNTech,1416789
Switzerland,5/2/2021,Moderna,1416124
Switzerland,5/2/2021,Pfizer/BioNTech,1424282
Switzerland,5/3/2021,Moderna,1442880
Switzerland,5/3/2021,Pfizer/BioNTech,1455959
Switzerland,5/4/2021,Moderna,1479867
Switzerland,5/4/2021,Pfizer/BioNTech,1490804
Switzerland,5/5/2021,Moderna,1530266
Switzerland,5/5/2021,Pfizer/BioNTech,1527633
Switzerland,5/6/2021,Moderna,1581999
Switzerland,5/6/2021,Pfizer/BioNTech,1560800
Switzerland,5/7/2021,Moderna,1635368
Switzerland,5/7/2021,Pfizer/BioNTech,1588323
Switzerland,5/8/2021,Moderna,1660492
Switzerland,5/8/2021,Pfizer/BioNTech,1602883
Switzerland,5/9/2021,Moderna,1676278
Switzerland,5/9/2021,Pfizer/BioNTech,1610294
Switzerland,5/10/2021,Moderna,1722610
Switzerland,5/10/2021,Pfizer/BioNTech,1642034
Switzerland,5/11/2021,Moderna,1777787
Switzerland,5/11/2021,Pfizer/BioNTech,1678149
Switzerland,5/12/2021,Moderna,1843522
Switzerland,5/12/2021,Pfizer/BioNTech,1718614
Switzerland,5/13/2021,Moderna,1872039
Switzerland,5/13/2021,Pfizer/BioNTech,1736214
Switzerland,5/14/2021,Moderna,1921878
Switzerland,5/14/2021,Pfizer/BioNTech,1764360
Switzerland,5/15/2021,Moderna,1950985
Switzerland,5/15/2021,Pfizer/BioNTech,1777831
Switzerland,5/16/2021,Moderna,1965358
Switzerland,5/16/2021,Pfizer/BioNTech,1787009
Switzerland,5/17/2021,Moderna,2013945
Switzerland,5/17/2021,Pfizer/BioNTech,1819453
Switzerland,5/18/2021,Moderna,2073402
Switzerland,5/18/2021,Pfizer/BioNTech,1855384
Switzerland,5/19/2021,Moderna,2150395
Switzerland,5/19/2021,Pfizer/BioNTech,1893962
Switzerland,5/20/2021,Moderna,2221603
Switzerland,5/20/2021,Pfizer/BioNTech,1925745
Switzerland,5/21/2021,Moderna,2286472
Switzerland,5/21/2021,Pfizer/BioNTech,1957922
Switzerland,5/22/2021,Moderna,2318835
Switzerland,5/22/2021,Pfizer/BioNTech,1970913
Switzerland,5/23/2021,Moderna,2340138
Switzerland,5/23/2021,Pfizer/BioNTech,1978679
Switzerland,5/24/2021,Moderna,2372821
Switzerland,5/24/2021,Pfizer/BioNTech,1994567
Switzerland,5/25/2021,Moderna,2435275
Switzerland,5/25/2021,Pfizer/BioNTech,2029096
Switzerland,5/26/2021,Moderna,2508941
Switzerland,5/26/2021,Pfizer/BioNTech,2067707
Switzerland,5/27/2021,Moderna,2580427
Switzerland,5/27/2021,Pfizer/BioNTech,2098194
Switzerland,5/28/2021,Moderna,2648862
Switzerland,5/28/2021,Pfizer/BioNTech,2129024
Switzerland,5/29/2021,Moderna,2685893
Switzerland,5/29/2021,Pfizer/BioNTech,2143971
Switzerland,5/30/2021,Moderna,2707266
Switzerland,5/30/2021,Pfizer/BioNTech,2155840
Switzerland,5/31/2021,Moderna,2764114
Switzerland,5/31/2021,Pfizer/BioNTech,2188765
Switzerland,6/1/2021,Moderna,2833459
Switzerland,6/1/2021,Pfizer/BioNTech,2222325
Switzerland,6/2/2021,Moderna,2923591
Switzerland,6/2/2021,Pfizer/BioNTech,2256476
Switzerland,6/3/2021,Moderna,3001850
Switzerland,6/3/2021,Pfizer/BioNTech,2280341
Switzerland,6/4/2021,Moderna,3084668
Switzerland,6/4/2021,Pfizer/BioNTech,2303196
Switzerland,6/5/2021,Moderna,3138862
Switzerland,6/5/2021,Pfizer/BioNTech,2320235
Switzerland,6/6/2021,Moderna,3164094
Switzerland,6/6/2021,Pfizer/BioNTech,2329506
Switzerland,6/7/2021,Moderna,3239413
Switzerland,6/7/2021,Pfizer/BioNTech,2351577
Switzerland,6/8/2021,Moderna,3323329
Switzerland,6/8/2021,Pfizer/BioNTech,2374298
Switzerland,6/9/2021,Moderna,3417219
Switzerland,6/9/2021,Pfizer/BioNTech,2401254
Switzerland,6/10/2021,Moderna,3497828
Switzerland,6/10/2021,Pfizer/BioNTech,2421182
Switzerland,6/11/2021,Moderna,3577706
Switzerland,6/11/2021,Pfizer/BioNTech,2445073
Switzerland,6/12/2021,Moderna,3630545
Switzerland,6/12/2021,Pfizer/BioNTech,2460756
Switzerland,6/13/2021,Moderna,3655256
Switzerland,6/13/2021,Pfizer/BioNTech,2471660
Switzerland,6/14/2021,Moderna,3728212
Switzerland,6/14/2021,Pfizer/BioNTech,2492037
Switzerland,6/15/2021,Moderna,3807582
Switzerland,6/15/2021,Pfizer/BioNTech,2511600
Switzerland,6/16/2021,Moderna,3900354
Switzerland,6/16/2021,Pfizer/BioNTech,2533568
United States,1/12/2021,Moderna,3835859
United States,1/12/2021,Pfizer/BioNTech,5488697
United States,1/13/2021,Moderna,4249795
United States,1/13/2021,Pfizer/BioNTech,6025872
United States,1/15/2021,Moderna,5122662
United States,1/15/2021,Pfizer/BioNTech,7153268
United States,1/19/2021,Moderna,6828561
United States,1/19/2021,Pfizer/BioNTech,8874811
United States,1/20/2021,Moderna,7239750
United States,1/20/2021,Pfizer/BioNTech,9281063
United States,1/21/2021,Moderna,7724683
United States,1/21/2021,Pfizer/BioNTech,9817027
United States,1/22/2021,Moderna,8407909
United States,1/22/2021,Pfizer/BioNTech,10695066
United States,1/23/2021,Moderna,9061112
United States,1/23/2021,Pfizer/BioNTech,11471457
United States,1/24/2021,Moderna,9689497
United States,1/24/2021,Pfizer/BioNTech,12153536
United States,1/25/2021,Moderna,10084432
United States,1/25/2021,Pfizer/BioNTech,12551999
United States,1/26/2021,Moderna,10431466
United States,1/26/2021,Pfizer/BioNTech,13009981
United States,1/27/2021,Moderna,11001991
United States,1/27/2021,Pfizer/BioNTech,13550835
United States,1/28/2021,Moderna,11737592
United States,1/28/2021,Pfizer/BioNTech,14355980
United States,1/29/2021,Moderna,12619210
United States,1/29/2021,Pfizer/BioNTech,15164858
United States,1/30/2021,Moderna,13499942
United States,1/30/2021,Pfizer/BioNTech,15977015
United States,1/31/2021,Moderna,14246089
United States,1/31/2021,Pfizer/BioNTech,16775916
United States,2/1/2021,Moderna,14756609
United States,2/1/2021,Pfizer/BioNTech,17364398
United States,2/2/2021,Moderna,15006565
United States,2/2/2021,Pfizer/BioNTech,17672866
United States,2/3/2021,Moderna,15567188
United States,2/3/2021,Pfizer/BioNTech,18209204
United States,2/4/2021,Moderna,16260102
United States,2/4/2021,Pfizer/BioNTech,18841309
United States,2/5/2021,Moderna,17133644
United States,2/5/2021,Pfizer/BioNTech,19582865
United States,2/6/2021,Moderna,18336515
United States,2/6/2021,Pfizer/BioNTech,20598212
United States,2/7/2021,Moderna,19485089
United States,2/7/2021,Pfizer/BioNTech,21622193
United States,2/8/2021,Moderna,20066305
United States,2/8/2021,Pfizer/BioNTech,22247484
United States,2/9/2021,Moderna,20416765
United States,2/9/2021,Pfizer/BioNTech,22685406
United States,2/10/2021,Moderna,21189540
United States,2/10/2021,Pfizer/BioNTech,23475749
United States,2/11/2021,Moderna,22038088
United States,2/11/2021,Pfizer/BioNTech,24246868
United States,2/12/2021,Moderna,23111715
United States,2/12/2021,Pfizer/BioNTech,25192628
United States,2/13/2021,Moderna,24297615
United States,2/13/2021,Pfizer/BioNTech,26237417
United States,2/14/2021,Moderna,25505313
United States,2/14/2021,Pfizer/BioNTech,27271797
United States,2/16/2021,Moderna,26738383
United States,2/16/2021,Pfizer/BioNTech,28374410
United States,2/17/2021,Moderna,27287041
United States,2/17/2021,Pfizer/BioNTech,28886690
United States,2/18/2021,Moderna,28043413
United States,2/18/2021,Pfizer/BioNTech,29585627
United States,2/19/2021,Moderna,29044336
United States,2/19/2021,Pfizer/BioNTech,30431247
United States,2/20/2021,Moderna,29909492
United States,2/20/2021,Pfizer/BioNTech,31270062
United States,2/21/2021,Moderna,30747615
United States,2/21/2021,Pfizer/BioNTech,32232422
United States,2/22/2021,Moderna,31212925
United States,2/22/2021,Pfizer/BioNTech,32853883
United States,2/23/2021,Moderna,31569021
United States,2/23/2021,Pfizer/BioNTech,33352170
United States,2/24/2021,Moderna,32194245
United States,2/24/2021,Pfizer/BioNTech,34159027
United States,2/25/2021,Moderna,33066503
United States,2/25/2021,Pfizer/BioNTech,35095003
United States,2/26/2021,Moderna,34181226
United States,2/26/2021,Pfizer/BioNTech,36159403
United States,2/27/2021,Moderna,35422721
United States,2/27/2021,Pfizer/BioNTech,37269195
United States,2/28/2021,Moderna,36694414
United States,2/28/2021,Pfizer/BioNTech,38426567
United States,3/1/2021,Moderna,37522293
United States,3/1/2021,Pfizer/BioNTech,39262524
United States,3/2/2021,Moderna,38319678
United States,3/2/2021,Pfizer/BioNTech,40196532
United States,3/3/2021,Moderna,39248180
United States,3/3/2021,Pfizer/BioNTech,41175807
United States,3/4/2021,Moderna,40261524
United States,3/4/2021,Pfizer/BioNTech,42193285
United States,3/5/2021,Moderna,41507728
United States,3/5/2021,Pfizer/BioNTech,43373717
United States,3/6/2021,Moderna,42977312
United States,3/6/2021,Pfizer/BioNTech,44774584
United States,3/7/2021,Moderna,44195607
United States,3/7/2021,Pfizer/BioNTech,45932122
United States,3/8/2021,Johnson&Johnson,208590
United States,3/8/2021,Moderna,44936695
United States,3/8/2021,Pfizer/BioNTech,46824290
United States,3/9/2021,Johnson&Johnson,308181
United States,3/9/2021,Moderna,45635740
United States,3/9/2021,Pfizer/BioNTech,47628226
United States,3/10/2021,Johnson&Johnson,458911
United States,3/10/2021,Moderna,46535646
United States,3/10/2021,Pfizer/BioNTech,48605159
United States,3/11/2021,Johnson&Johnson,638469
United States,3/11/2021,Moderna,47733656
United States,3/11/2021,Pfizer/BioNTech,49708920
United States,3/12/2021,Johnson&Johnson,873726
United States,3/12/2021,Moderna,49169578
United States,3/12/2021,Pfizer/BioNTech,50960400
United States,3/13/2021,Johnson&Johnson,1189207
United States,3/13/2021,Moderna,51292130
United States,3/13/2021,Pfizer/BioNTech,53096054
United States,3/14/2021,Johnson&Johnson,1273958
United States,3/14/2021,Moderna,51951820
United States,3/14/2021,Pfizer/BioNTech,53708091
United States,3/15/2021,Johnson&Johnson,1428465
United States,3/15/2021,Moderna,52883263
United States,3/15/2021,Pfizer/BioNTech,54643581
United States,3/16/2021,Johnson&Johnson,1569675
United States,3/16/2021,Moderna,53647312
United States,3/16/2021,Pfizer/BioNTech,55393141
United States,3/17/2021,Johnson&Johnson,1766131
United States,3/17/2021,Moderna,54643195
United States,3/17/2021,Pfizer/BioNTech,56499018
United States,3/18/2021,Johnson&Johnson,1911052
United States,3/18/2021,Moderna,55811286
United States,3/18/2021,Pfizer/BioNTech,57876875
United States,3/19/2021,Johnson&Johnson,2025349
United States,3/19/2021,Moderna,56941640
United States,3/19/2021,Pfizer/BioNTech,59214724
United States,3/20/2021,Johnson&Johnson,2163681
United States,3/20/2021,Moderna,58294583
United States,3/20/2021,Pfizer/BioNTech,60849627
United States,3/21/2021,Johnson&Johnson,2298614
United States,3/21/2021,Moderna,59518840
United States,3/21/2021,Pfizer/BioNTech,62529418
United States,3/22/2021,Johnson&Johnson,2406337
United States,3/22/2021,Moderna,60275003
United States,3/22/2021,Pfizer/BioNTech,63693721
United States,3/23/2021,Johnson&Johnson,2489153
United States,3/23/2021,Moderna,60913292
United States,3/23/2021,Pfizer/BioNTech,64679659
United States,3/24/2021,Johnson&Johnson,2622182
United States,3/24/2021,Moderna,61719260
United States,3/24/2021,Pfizer/BioNTech,65995871
United States,3/25/2021,Johnson&Johnson,2734367
United States,3/25/2021,Moderna,62877755
United States,3/25/2021,Pfizer/BioNTech,67555076
United States,3/26/2021,Johnson&Johnson,2863246
United States,3/26/2021,Moderna,64313721
United States,3/26/2021,Pfizer/BioNTech,69368232
United States,3/27/2021,Johnson&Johnson,2982453
United States,3/27/2021,Moderna,65811340
United States,3/27/2021,Pfizer/BioNTech,71246219
United States,3/28/2021,Johnson&Johnson,3090712
United States,3/28/2021,Moderna,67249447
United States,3/28/2021,Pfizer/BioNTech,72981111
United States,3/29/2021,Johnson&Johnson,3155418
United States,3/29/2021,Moderna,68177850
United States,3/29/2021,Pfizer/BioNTech,74338025
United States,3/30/2021,Johnson&Johnson,3215657
United States,3/30/2021,Moderna,68858013
United States,3/30/2021,Pfizer/BioNTech,75386890
United States,3/31/2021,Johnson&Johnson,3307113
United States,3/31/2021,Moderna,69930956
United States,3/31/2021,Pfizer/BioNTech,76891912
United States,4/1/2021,Johnson&Johnson,3429880
United States,4/1/2021,Moderna,71338865
United States,4/1/2021,Pfizer/BioNTech,78717917
United States,4/2/2021,Johnson&Johnson,3617377
United States,4/2/2021,Moderna,72997571
United States,4/2/2021,Pfizer/BioNTech,80845236
United States,4/3/2021,Johnson&Johnson,3840647
United States,4/3/2021,Moderna,74713387
United States,4/3/2021,Pfizer/BioNTech,82986550
United States,4/4/2021,Johnson&Johnson,4054089
United States,4/4/2021,Moderna,76038933
United States,4/4/2021,Pfizer/BioNTech,84810406
United States,4/5/2021,Johnson&Johnson,4204015
United States,4/5/2021,Moderna,76791212
United States,4/5/2021,Pfizer/BioNTech,86041963
United States,4/6/2021,Johnson&Johnson,4299901
United States,4/6/2021,Moderna,77285350
United States,4/6/2021,Pfizer/BioNTech,86855993
United States,4/7/2021,Johnson&Johnson,4544552
United States,4/7/2021,Moderna,78315776
United States,4/7/2021,Pfizer/BioNTech,88463874
United States,4/8/2021,Johnson&Johnson,4917225
United States,4/8/2021,Moderna,79551820
United States,4/8/2021,Pfizer/BioNTech,90256586
United States,4/9/2021,Johnson&Johnson,5382365
United States,4/9/2021,Moderna,80944104
United States,4/9/2021,Pfizer/BioNTech,92355733
United States,4/10/2021,Johnson&Johnson,5972101
United States,4/10/2021,Moderna,82622178
United States,4/10/2021,Pfizer/BioNTech,94715143
United States,4/11/2021,Johnson&Johnson,6453740
United States,4/11/2021,Moderna,83847244
United States,4/11/2021,Pfizer/BioNTech,96586783
United States,4/12/2021,Johnson&Johnson,6859877
United States,4/12/2021,Moderna,84694388
United States,4/12/2021,Pfizer/BioNTech,97978125
United States,4/13/2021,Johnson&Johnson,7233726
United States,4/13/2021,Moderna,85435687
United States,4/13/2021,Pfizer/BioNTech,99453295
United States,4/14/2021,Johnson&Johnson,7517671
United States,4/14/2021,Moderna,86221076
United States,4/14/2021,Pfizer/BioNTech,100891617
United States,4/15/2021,Johnson&Johnson,7736781
United States,4/15/2021,Moderna,87539652
United States,4/15/2021,Pfizer/BioNTech,102877491
United States,4/16/2021,Johnson&Johnson,7848027
United States,4/16/2021,Moderna,89199649
United States,4/16/2021,Pfizer/BioNTech,105070417
United States,4/17/2021,Johnson&Johnson,7902746
United States,4/17/2021,Moderna,90718986
United States,4/17/2021,Pfizer/BioNTech,107083884
United States,4/18/2021,Johnson&Johnson,7935549
United States,4/18/2021,Moderna,92181455
United States,4/18/2021,Pfizer/BioNTech,109122092
United States,4/19/2021,Johnson&Johnson,7949021
United States,4/19/2021,Moderna,93002433
United States,4/19/2021,Pfizer/BioNTech,110461905
United States,4/20/2021,Johnson&Johnson,7961251
United States,4/20/2021,Moderna,93672874
United States,4/20/2021,Pfizer/BioNTech,111585824
United States,4/21/2021,Johnson&Johnson,7993255
United States,4/21/2021,Moderna,94684047
United States,4/21/2021,Pfizer/BioNTech,113104771
United States,4/22/2021,Johnson&Johnson,8018365
United States,4/22/2021,Moderna,95913701
United States,4/22/2021,Pfizer/BioNTech,114844028
United States,4/23/2021,Johnson&Johnson,8040727
United States,4/23/2021,Moderna,97353734
United States,4/23/2021,Pfizer/BioNTech,116754631
United States,4/24/2021,Johnson&Johnson,8058239
United States,4/24/2021,Moderna,98778973
United States,4/24/2021,Pfizer/BioNTech,118628496
United States,4/25/2021,Johnson&Johnson,8079863
United States,4/25/2021,Moderna,100031926
United States,4/25/2021,Pfizer/BioNTech,120373717
United States,4/26/2021,Johnson&Johnson,8087269
United States,4/26/2021,Moderna,100830533
United States,4/26/2021,Pfizer/BioNTech,121674501
United States,4/27/2021,Johnson&Johnson,8097650
United States,4/27/2021,Moderna,101463903
United States,4/27/2021,Pfizer/BioNTech,122669679
United States,4/28/2021,Johnson&Johnson,8124392
United States,4/28/2021,Moderna,102356935
United States,4/28/2021,Pfizer/BioNTech,123980028
United States,4/29/2021,Johnson&Johnson,8166410
United States,4/29/2021,Moderna,103474188
United States,4/29/2021,Pfizer/BioNTech,125540172
United States,4/30/2021,Johnson&Johnson,8231139
United States,4/30/2021,Moderna,104613893
United States,4/30/2021,Pfizer/BioNTech,127133399
United States,5/1/2021,Johnson&Johnson,8318546
United States,5/1/2021,Moderna,105947940
United States,5/1/2021,Pfizer/BioNTech,129013657
United States,5/2/2021,Johnson&Johnson,8374395
United States,5/2/2021,Moderna,106780082
United States,5/2/2021,Pfizer/BioNTech,130252779
United States,5/3/2021,Johnson&Johnson,8409505
United States,5/3/2021,Moderna,107155797
United States,5/3/2021,Pfizer/BioNTech,131030537
United States,5/4/2021,Johnson&Johnson,8449067
United States,5/4/2021,Moderna,107477821
United States,5/4/2021,Pfizer/BioNTech,131657484
United States,5/5/2021,Johnson&Johnson,8516437
United States,5/5/2021,Moderna,108142826
United States,5/5/2021,Pfizer/BioNTech,132721153
United States,5/6/2021,Johnson&Johnson,8627243
United States,5/6/2021,Moderna,109041458
United States,5/6/2021,Pfizer/BioNTech,134116885
United States,5/7/2021,Johnson&Johnson,8739657
United States,5/7/2021,Moderna,110124671
United States,5/7/2021,Pfizer/BioNTech,135725061
United States,5/8/2021,Johnson&Johnson,8844369
United States,5/8/2021,Moderna,111094349
United States,5/8/2021,Pfizer/BioNTech,137216849
United States,5/9/2021,Johnson&Johnson,8933802
United States,5/9/2021,Moderna,111933191
United States,5/9/2021,Pfizer/BioNTech,138657097
United States,5/10/2021,Johnson&Johnson,9038423
United States,5/10/2021,Moderna,112529278
United States,5/10/2021,Pfizer/BioNTech,139838655
United States,5/11/2021,Johnson&Johnson,9188411
United States,5/11/2021,Moderna,112990115
United States,5/11/2021,Pfizer/BioNTech,140760689
United States,5/12/2021,Johnson&Johnson,9266062
United States,5/12/2021,Moderna,113582961
United States,5/12/2021,Pfizer/BioNTech,141636737
United States,5/13/2021,Johnson&Johnson,9352742
United States,5/13/2021,Moderna,114354242
United States,5/13/2021,Pfizer/BioNTech,142692755
United States,5/14/2021,Johnson&Johnson,9431604
United States,5/14/2021,Moderna,115127784
United States,5/14/2021,Pfizer/BioNTech,143680891
United States,5/15/2021,Johnson&Johnson,9558399
United States,5/15/2021,Moderna,116066454
United States,5/15/2021,Pfizer/BioNTech,145007116
United States,5/16/2021,Johnson&Johnson,9637126
United States,5/16/2021,Moderna,116798390
United States,5/16/2021,Pfizer/BioNTech,146288690
United States,5/17/2021,Johnson&Johnson,9697720
United States,5/17/2021,Moderna,117247242
United States,5/17/2021,Pfizer/BioNTech,147265442
United States,5/18/2021,Johnson&Johnson,9751200
United States,5/18/2021,Moderna,117620781
United States,5/18/2021,Pfizer/BioNTech,147961277
United States,5/19/2021,Johnson&Johnson,9836616
United States,5/19/2021,Moderna,118181211
United States,5/19/2021,Pfizer/BioNTech,149068615
United States,5/20/2021,Johnson&Johnson,9944636
United States,5/20/2021,Moderna,118904886
United States,5/20/2021,Pfizer/BioNTech,150342238
United States,5/21/2021,Johnson&Johnson,10051548
United States,5/21/2021,Moderna,119668669
United States,5/21/2021,Pfizer/BioNTech,151668003
United States,5/22/2021,Johnson&Johnson,10163242
United States,5/22/2021,Moderna,120493252
United States,5/22/2021,Pfizer/BioNTech,153075845
United States,5/23/2021,Johnson&Johnson,10265423
United States,5/23/2021,Moderna,121125577
United States,5/23/2021,Pfizer/BioNTech,154119424
United States,5/24/2021,Johnson&Johnson,10323402
United States,5/24/2021,Moderna,121500687
United States,5/24/2021,Pfizer/BioNTech,154856445
United States,5/25/2021,Johnson&Johnson,10381859
United States,5/25/2021,Moderna,121801185
United States,5/25/2021,Pfizer/BioNTech,155394989
United States,5/26/2021,Johnson&Johnson,10463078
United States,5/26/2021,Moderna,122339269
United States,5/26/2021,Pfizer/BioNTech,156197160
United States,5/27/2021,Johnson&Johnson,10539494
United States,5/27/2021,Moderna,122947136
United States,5/27/2021,Pfizer/BioNTech,157023465
United States,5/28/2021,Johnson&Johnson,10621136
United States,5/28/2021,Moderna,123479196
United States,5/28/2021,Pfizer/BioNTech,157783315
United States,5/29/2021,Johnson&Johnson,10710816
United States,5/29/2021,Moderna,124067556
United States,5/29/2021,Pfizer/BioNTech,158708623
United States,5/30/2021,Johnson&Johnson,10776617
United States,5/30/2021,Moderna,124520914
United States,5/30/2021,Pfizer/BioNTech,159412031
United States,6/1/2021,Johnson&Johnson,10858664
United States,6/1/2021,Moderna,125016707
United States,6/1/2021,Pfizer/BioNTech,160309262
United States,6/2/2021,Johnson&Johnson,10889478
United States,6/2/2021,Moderna,125201557
United States,6/2/2021,Pfizer/BioNTech,160601395
United States,6/3/2021,Johnson&Johnson,10939901
United States,6/3/2021,Moderna,125508313
United States,6/3/2021,Pfizer/BioNTech,161050513
United States,6/4/2021,Johnson&Johnson,11014773
United States,6/4/2021,Moderna,125990795
United States,6/4/2021,Pfizer/BioNTech,161890897
United States,6/5/2021,Johnson&Johnson,11077735
United States,6/5/2021,Moderna,126359399
United States,6/5/2021,Pfizer/BioNTech,162606119
United States,6/6/2021,Johnson&Johnson,11143068
United States,6/6/2021,Moderna,126756059
United States,6/6/2021,Pfizer/BioNTech,163512789
United States,6/7/2021,Johnson&Johnson,11194685
United States,6/7/2021,Moderna,127058512
United States,6/7/2021,Pfizer/BioNTech,164371746
United States,6/8/2021,Johnson&Johnson,11245388
United States,6/8/2021,Moderna,127310797
United States,6/8/2021,Pfizer/BioNTech,165140239
United States,6/9/2021,Johnson&Johnson,11296014
United States,6/9/2021,Moderna,127513151
United States,6/9/2021,Pfizer/BioNTech,165715523
United States,6/10/2021,Johnson&Johnson,11346781
United States,6/10/2021,Moderna,127759347
United States,6/10/2021,Pfizer/BioNTech,166351326
United States,6/11/2021,Johnson&Johnson,11383522
United States,6/11/2021,Moderna,127990366
United States,6/11/2021,Pfizer/BioNTech,166905188
United States,6/12/2021,Johnson&Johnson,11457011
United States,6/12/2021,Moderna,128444425
United States,6/12/2021,Pfizer/BioNTech,167978845
United States,6/13/2021,Johnson&Johnson,11517956
United States,6/13/2021,Moderna,128785935
United States,6/13/2021,Pfizer/BioNTech,168784549
United States,6/14/2021,Johnson&Johnson,11606202
United States,6/14/2021,Moderna,129191765
United States,6/14/2021,Pfizer/BioNTech,169612045
United States,6/15/2021,Johnson&Johnson,11666437
United States,6/15/2021,Moderna,129501089
United States,6/15/2021,Pfizer/BioNTech,170482950
United States,6/16/2021,Johnson&Johnson,11714877
United States,6/16/2021,Moderna,129788011
United States,6/16/2021,Pfizer/BioNTech,171175575
United States,6/17/2021,Johnson&Johnson,11812739
United States,6/17/2021,Moderna,130359975
United States,6/17/2021,Pfizer/BioNTech,172556760
United States,6/18/2021,Johnson&Johnson,11871036
United States,6/18/2021,Moderna,130656013
United States,6/18/2021,Pfizer/BioNTech,173280164
United States,6/19/2021,Johnson&Johnson,11931392
United States,6/19/2021,Moderna,130974892
United States,6/19/2021,Pfizer/BioNTech,173968342
United States,6/20/2021,Johnson&Johnson,11986595
United States,6/20/2021,Moderna,131213452
United States,6/20/2021,Pfizer/BioNTech,174521867
Uruguay,2/27/2021,Oxford/AstraZeneca,0
Uruguay,2/27/2021,Pfizer/BioNTech,0
Uruguay,2/27/2021,Sinovac,374
Uruguay,2/28/2021,Oxford/AstraZeneca,0
Uruguay,2/28/2021,Pfizer/BioNTech,1
Uruguay,2/28/2021,Sinovac,374
Uruguay,3/1/2021,Oxford/AstraZeneca,0
Uruguay,3/1/2021,Pfizer/BioNTech,1
Uruguay,3/1/2021,Sinovac,18395
Uruguay,3/2/2021,Oxford/AstraZeneca,0
Uruguay,3/2/2021,Pfizer/BioNTech,18
Uruguay,3/2/2021,Sinovac,33108
Uruguay,3/3/2021,Oxford/AstraZeneca,0
Uruguay,3/3/2021,Pfizer/BioNTech,21
Uruguay,3/3/2021,Sinovac,54402
Uruguay,3/4/2021,Oxford/AstraZeneca,0
Uruguay,3/4/2021,Pfizer/BioNTech,23
Uruguay,3/4/2021,Sinovac,63376
Uruguay,3/5/2021,Oxford/AstraZeneca,0
Uruguay,3/5/2021,Pfizer/BioNTech,27
Uruguay,3/5/2021,Sinovac,72565
Uruguay,3/6/2021,Oxford/AstraZeneca,1
Uruguay,3/6/2021,Pfizer/BioNTech,27
Uruguay,3/6/2021,Sinovac,72566
Uruguay,3/7/2021,Oxford/AstraZeneca,1
Uruguay,3/7/2021,Pfizer/BioNTech,28
Uruguay,3/7/2021,Sinovac,72566
Uruguay,3/8/2021,Oxford/AstraZeneca,1
Uruguay,3/8/2021,Pfizer/BioNTech,30
Uruguay,3/8/2021,Sinovac,100705
Uruguay,3/9/2021,Oxford/AstraZeneca,1
Uruguay,3/9/2021,Pfizer/BioNTech,33
Uruguay,3/9/2021,Sinovac,122530
Uruguay,3/10/2021,Oxford/AstraZeneca,1
Uruguay,3/10/2021,Pfizer/BioNTech,33
Uruguay,3/10/2021,Sinovac,147709
Uruguay,3/11/2021,Oxford/AstraZeneca,1
Uruguay,3/11/2021,Pfizer/BioNTech,39
Uruguay,3/11/2021,Sinovac,170114
Uruguay,3/12/2021,Oxford/AstraZeneca,1
Uruguay,3/12/2021,Pfizer/BioNTech,21923
Uruguay,3/12/2021,Sinovac,170971
Uruguay,3/13/2021,Oxford/AstraZeneca,1
Uruguay,3/13/2021,Pfizer/BioNTech,32243
Uruguay,3/13/2021,Sinovac,171075
Uruguay,3/14/2021,Oxford/AstraZeneca,1
Uruguay,3/14/2021,Pfizer/BioNTech,32243
Uruguay,3/14/2021,Sinovac,171076
Uruguay,3/15/2021,Oxford/AstraZeneca,1
Uruguay,3/15/2021,Pfizer/BioNTech,38464
Uruguay,3/15/2021,Sinovac,176114
Uruguay,3/16/2021,Oxford/AstraZeneca,1
Uruguay,3/16/2021,Pfizer/BioNTech,40484
Uruguay,3/16/2021,Sinovac,180755
Uruguay,3/17/2021,Oxford/AstraZeneca,1
Uruguay,3/17/2021,Pfizer/BioNTech,41939
Uruguay,3/17/2021,Sinovac,187191
Uruguay,3/18/2021,Oxford/AstraZeneca,2
Uruguay,3/18/2021,Pfizer/BioNTech,42181
Uruguay,3/18/2021,Sinovac,223468
Uruguay,3/19/2021,Oxford/AstraZeneca,29
Uruguay,3/19/2021,Pfizer/BioNTech,42276
Uruguay,3/19/2021,Sinovac,259641
Uruguay,3/20/2021,Oxford/AstraZeneca,31
Uruguay,3/20/2021,Pfizer/BioNTech,42306
Uruguay,3/20/2021,Sinovac,272092
Uruguay,3/21/2021,Oxford/AstraZeneca,31
Uruguay,3/21/2021,Pfizer/BioNTech,42318
Uruguay,3/21/2021,Sinovac,272099
Uruguay,3/22/2021,Oxford/AstraZeneca,33
Uruguay,3/22/2021,Pfizer/BioNTech,60056
Uruguay,3/22/2021,Sinovac,293253
Uruguay,3/23/2021,Oxford/AstraZeneca,33
Uruguay,3/23/2021,Pfizer/BioNTech,76277
Uruguay,3/23/2021,Sinovac,313532
Uruguay,3/24/2021,Oxford/AstraZeneca,33
Uruguay,3/24/2021,Pfizer/BioNTech,86697
Uruguay,3/24/2021,Sinovac,338531
Uruguay,3/25/2021,Oxford/AstraZeneca,33
Uruguay,3/25/2021,Pfizer/BioNTech,95803
Uruguay,3/25/2021,Sinovac,372890
Uruguay,3/26/2021,Oxford/AstraZeneca,34
Uruguay,3/26/2021,Pfizer/BioNTech,104428
Uruguay,3/26/2021,Sinovac,405387
Uruguay,3/27/2021,Oxford/AstraZeneca,34
Uruguay,3/27/2021,Pfizer/BioNTech,107699
Uruguay,3/27/2021,Sinovac,415285
Uruguay,3/28/2021,Oxford/AstraZeneca,34
Uruguay,3/28/2021,Pfizer/BioNTech,107703
Uruguay,3/28/2021,Sinovac,415290
Uruguay,3/29/2021,Oxford/AstraZeneca,36
Uruguay,3/29/2021,Pfizer/BioNTech,116463
Uruguay,3/29/2021,Sinovac,460896
Uruguay,3/30/2021,Oxford/AstraZeneca,36
Uruguay,3/30/2021,Pfizer/BioNTech,125099
Uruguay,3/30/2021,Sinovac,504429
Uruguay,3/31/2021,Oxford/AstraZeneca,36
Uruguay,3/31/2021,Pfizer/BioNTech,133397
Uruguay,3/31/2021,Sinovac,554116
Uruguay,4/1/2021,Oxford/AstraZeneca,37
Uruguay,4/1/2021,Pfizer/BioNTech,142102
Uruguay,4/1/2021,Sinovac,593483
Uruguay,4/2/2021,Oxford/AstraZeneca,37
Uruguay,4/2/2021,Pfizer/BioNTech,151519
Uruguay,4/2/2021,Sinovac,633325
Uruguay,4/3/2021,Oxford/AstraZeneca,37
Uruguay,4/3/2021,Pfizer/BioNTech,154847
Uruguay,4/3/2021,Sinovac,642356
Uruguay,4/4/2021,Oxford/AstraZeneca,38
Uruguay,4/4/2021,Pfizer/BioNTech,154849
Uruguay,4/4/2021,Sinovac,642362
Uruguay,4/5/2021,Oxford/AstraZeneca,38
Uruguay,4/5/2021,Pfizer/BioNTech,155553
Uruguay,4/5/2021,Sinovac,679962
Uruguay,4/6/2021,Oxford/AstraZeneca,38
Uruguay,4/6/2021,Pfizer/BioNTech,156216
Uruguay,4/6/2021,Sinovac,723390
Uruguay,4/7/2021,Oxford/AstraZeneca,47
Uruguay,4/7/2021,Pfizer/BioNTech,156226
Uruguay,4/7/2021,Sinovac,769492
Uruguay,4/8/2021,Oxford/AstraZeneca,47
Uruguay,4/8/2021,Pfizer/BioNTech,156240
Uruguay,4/8/2021,Sinovac,818211
Uruguay,4/9/2021,Oxford/AstraZeneca,47
Uruguay,4/9/2021,Pfizer/BioNTech,185249
Uruguay,4/9/2021,Sinovac,828972
Uruguay,4/10/2021,Oxford/AstraZeneca,47
Uruguay,4/10/2021,Pfizer/BioNTech,208560
Uruguay,4/10/2021,Sinovac,832706
Uruguay,4/11/2021,Oxford/AstraZeneca,48
Uruguay,4/11/2021,Pfizer/BioNTech,208562
Uruguay,4/11/2021,Sinovac,833071
Uruguay,4/12/2021,Oxford/AstraZeneca,48
Uruguay,4/12/2021,Pfizer/BioNTech,219328
Uruguay,4/12/2021,Sinovac,875612
Uruguay,4/13/2021,Oxford/AstraZeneca,52
Uruguay,4/13/2021,Pfizer/BioNTech,232000
Uruguay,4/13/2021,Sinovac,920262
Uruguay,4/14/2021,Oxford/AstraZeneca,53
Uruguay,4/14/2021,Pfizer/BioNTech,244261
Uruguay,4/14/2021,Sinovac,965816
Uruguay,4/15/2021,Oxford/AstraZeneca,54
Uruguay,4/15/2021,Pfizer/BioNTech,255412
Uruguay,4/15/2021,Sinovac,1018297
Uruguay,4/16/2021,Oxford/AstraZeneca,54
Uruguay,4/16/2021,Pfizer/BioNTech,266316
Uruguay,4/16/2021,Sinovac,1070211
Uruguay,4/17/2021,Oxford/AstraZeneca,18781
Uruguay,4/17/2021,Pfizer/BioNTech,269972
Uruguay,4/17/2021,Sinovac,1082798
Uruguay,4/18/2021,Oxford/AstraZeneca,33843
Uruguay,4/18/2021,Pfizer/BioNTech,270284
Uruguay,4/18/2021,Sinovac,1083054
Uruguay,4/19/2021,Oxford/AstraZeneca,34744
Uruguay,4/19/2021,Pfizer/BioNTech,286005
Uruguay,4/19/2021,Sinovac,1105305
Uruguay,4/20/2021,Oxford/AstraZeneca,35350
Uruguay,4/20/2021,Pfizer/BioNTech,306078
Uruguay,4/20/2021,Sinovac,1130408
Uruguay,4/21/2021,Oxford/AstraZeneca,36193
Uruguay,4/21/2021,Pfizer/BioNTech,323573
Uruguay,4/21/2021,Sinovac,1158576
Uruguay,4/22/2021,Oxford/AstraZeneca,37027
Uruguay,4/22/2021,Pfizer/BioNTech,336114
Uruguay,4/22/2021,Sinovac,1196382
Uruguay,4/23/2021,Oxford/AstraZeneca,37879
Uruguay,4/23/2021,Pfizer/BioNTech,351402
Uruguay,4/23/2021,Sinovac,1231291
Uruguay,4/24/2021,Oxford/AstraZeneca,38384
Uruguay,4/24/2021,Pfizer/BioNTech,361043
Uruguay,4/24/2021,Sinovac,1243481
Uruguay,4/25/2021,Oxford/AstraZeneca,38384
Uruguay,4/25/2021,Pfizer/BioNTech,361045
Uruguay,4/25/2021,Sinovac,1243992
Uruguay,4/26/2021,Oxford/AstraZeneca,39195
Uruguay,4/26/2021,Pfizer/BioNTech,374379
Uruguay,4/26/2021,Sinovac,1275004
Uruguay,4/27/2021,Oxford/AstraZeneca,39767
Uruguay,4/27/2021,Pfizer/BioNTech,387319
Uruguay,4/27/2021,Sinovac,1306434
Uruguay,4/28/2021,Oxford/AstraZeneca,40320
Uruguay,4/28/2021,Pfizer/BioNTech,400676
Uruguay,4/28/2021,Sinovac,1336783
Uruguay,4/29/2021,Oxford/AstraZeneca,40910
Uruguay,4/29/2021,Pfizer/BioNTech,413930
Uruguay,4/29/2021,Sinovac,1369011
Uruguay,4/30/2021,Oxford/AstraZeneca,41482
Uruguay,4/30/2021,Pfizer/BioNTech,428502
Uruguay,4/30/2021,Sinovac,1401612
Uruguay,5/1/2021,Oxford/AstraZeneca,41482
Uruguay,5/1/2021,Pfizer/BioNTech,428533
Uruguay,5/1/2021,Sinovac,1401627
Uruguay,5/2/2021,Oxford/AstraZeneca,41482
Uruguay,5/2/2021,Pfizer/BioNTech,428542
Uruguay,5/2/2021,Sinovac,1401790
Uruguay,5/3/2021,Oxford/AstraZeneca,41538
Uruguay,5/3/2021,Pfizer/BioNTech,442056
Uruguay,5/3/2021,Sinovac,1420599
Uruguay,5/4/2021,Oxford/AstraZeneca,41606
Uruguay,5/4/2021,Pfizer/BioNTech,454466
Uruguay,5/4/2021,Sinovac,1442036
Uruguay,5/5/2021,Oxford/AstraZeneca,41740
Uruguay,5/5/2021,Pfizer/BioNTech,464688
Uruguay,5/5/2021,Sinovac,1464025
Uruguay,5/6/2021,Oxford/AstraZeneca,41787
Uruguay,5/6/2021,Pfizer/BioNTech,473849
Uruguay,5/6/2021,Sinovac,1491321
Uruguay,5/7/2021,Oxford/AstraZeneca,42251
Uruguay,5/7/2021,Pfizer/BioNTech,482619
Uruguay,5/7/2021,Sinovac,1501129
Uruguay,5/8/2021,Oxford/AstraZeneca,42344
Uruguay,5/8/2021,Pfizer/BioNTech,486248
Uruguay,5/8/2021,Sinovac,1504492
Uruguay,5/9/2021,Oxford/AstraZeneca,42344
Uruguay,5/9/2021,Pfizer/BioNTech,486248
Uruguay,5/9/2021,Sinovac,1504833
Uruguay,5/10/2021,Oxford/AstraZeneca,42438
Uruguay,5/10/2021,Pfizer/BioNTech,493401
Uruguay,5/10/2021,Sinovac,1541685
Uruguay,5/11/2021,Oxford/AstraZeneca,42608
Uruguay,5/11/2021,Pfizer/BioNTech,498809
Uruguay,5/11/2021,Sinovac,1579048
Uruguay,5/12/2021,Oxford/AstraZeneca,42717
Uruguay,5/12/2021,Pfizer/BioNTech,505662
Uruguay,5/12/2021,Sinovac,1616419
Uruguay,5/13/2021,Oxford/AstraZeneca,42723
Uruguay,5/13/2021,Pfizer/BioNTech,518503
Uruguay,5/13/2021,Sinovac,1666099
Uruguay,5/14/2021,Oxford/AstraZeneca,42748
Uruguay,5/14/2021,Pfizer/BioNTech,530971
Uruguay,5/14/2021,Sinovac,1713918
Uruguay,5/15/2021,Oxford/AstraZeneca,42769
Uruguay,5/15/2021,Pfizer/BioNTech,534705
Uruguay,5/15/2021,Sinovac,1731582
Uruguay,5/16/2021,Oxford/AstraZeneca,42769
Uruguay,5/16/2021,Pfizer/BioNTech,534708
Uruguay,5/16/2021,Sinovac,1731987
Uruguay,5/17/2021,Oxford/AstraZeneca,42770
Uruguay,5/17/2021,Pfizer/BioNTech,542337
Uruguay,5/17/2021,Sinovac,1776964
Uruguay,5/18/2021,Oxford/AstraZeneca,42777
Uruguay,5/18/2021,Pfizer/BioNTech,549775
Uruguay,5/18/2021,Sinovac,1821200
Uruguay,5/19/2021,Oxford/AstraZeneca,42830
Uruguay,5/19/2021,Pfizer/BioNTech,552776
Uruguay,5/19/2021,Sinovac,1862014
Uruguay,5/20/2021,Oxford/AstraZeneca,42854
Uruguay,5/20/2021,Pfizer/BioNTech,561125
Uruguay,5/20/2021,Sinovac,1901184
Uruguay,5/21/2021,Oxford/AstraZeneca,42857
Uruguay,5/21/2021,Pfizer/BioNTech,572604
Uruguay,5/21/2021,Sinovac,1930735
Uruguay,5/22/2021,Oxford/AstraZeneca,42857
Uruguay,5/22/2021,Pfizer/BioNTech,572912
Uruguay,5/22/2021,Sinovac,1944988
Uruguay,5/23/2021,Oxford/AstraZeneca,42858
Uruguay,5/23/2021,Pfizer/BioNTech,572914
Uruguay,5/23/2021,Sinovac,1946409
Uruguay,5/24/2021,Oxford/AstraZeneca,42864
Uruguay,5/24/2021,Pfizer/BioNTech,581708
Uruguay,5/24/2021,Sinovac,1978966
Uruguay,5/25/2021,Oxford/AstraZeneca,42889
Uruguay,5/25/2021,Pfizer/BioNTech,589514
Uruguay,5/25/2021,Sinovac,2009812
Uruguay,5/26/2021,Oxford/AstraZeneca,42949
Uruguay,5/26/2021,Pfizer/BioNTech,599686
Uruguay,5/26/2021,Sinovac,2037658
Uruguay,5/27/2021,Oxford/AstraZeneca,42949
Uruguay,5/27/2021,Pfizer/BioNTech,611653
Uruguay,5/27/2021,Sinovac,2064886
Uruguay,5/28/2021,Oxford/AstraZeneca,42978
Uruguay,5/28/2021,Pfizer/BioNTech,624828
Uruguay,5/28/2021,Sinovac,2088654
Uruguay,5/29/2021,Oxford/AstraZeneca,42979
Uruguay,5/29/2021,Pfizer/BioNTech,640773
Uruguay,5/29/2021,Sinovac,2097514
Uruguay,5/30/2021,Oxford/AstraZeneca,42979
Uruguay,5/30/2021,Pfizer/BioNTech,640775
Uruguay,5/30/2021,Sinovac,2098835
Uruguay,5/31/2021,Oxford/AstraZeneca,42980
Uruguay,5/31/2021,Pfizer/BioNTech,653583
Uruguay,5/31/2021,Sinovac,2131864
Uruguay,6/1/2021,Oxford/AstraZeneca,42980
Uruguay,6/1/2021,Pfizer/BioNTech,666617
Uruguay,6/1/2021,Sinovac,2164364
Uruguay,6/2/2021,Oxford/AstraZeneca,42981
Uruguay,6/2/2021,Pfizer/BioNTech,679497
Uruguay,6/2/2021,Sinovac,2196153
Uruguay,6/3/2021,Oxford/AstraZeneca,42982
Uruguay,6/3/2021,Pfizer/BioNTech,692349
Uruguay,6/3/2021,Sinovac,2227431
Uruguay,6/4/2021,Oxford/AstraZeneca,42990
Uruguay,6/4/2021,Pfizer/BioNTech,705271
Uruguay,6/4/2021,Sinovac,2258184
Uruguay,6/5/2021,Oxford/AstraZeneca,42991
Uruguay,6/5/2021,Pfizer/BioNTech,708435
Uruguay,6/5/2021,Sinovac,2269469
Uruguay,6/6/2021,Oxford/AstraZeneca,42992
Uruguay,6/6/2021,Pfizer/BioNTech,708435
Uruguay,6/6/2021,Sinovac,2270385
Uruguay,6/7/2021,Oxford/AstraZeneca,42992
Uruguay,6/7/2021,Pfizer/BioNTech,713001
Uruguay,6/7/2021,Sinovac,2305853
Uruguay,6/8/2021,Oxford/AstraZeneca,43050
Uruguay,6/8/2021,Pfizer/BioNTech,715995
Uruguay,6/8/2021,Sinovac,2340421
Uruguay,6/9/2021,Oxford/AstraZeneca,43050
Uruguay,6/9/2021,Pfizer/BioNTech,731562
Uruguay,6/9/2021,Sinovac,2373216
Uruguay,6/10/2021,Oxford/AstraZeneca,43093
Uruguay,6/10/2021,Pfizer/BioNTech,747086
Uruguay,6/10/2021,Sinovac,2401378
Uruguay,6/11/2021,Oxford/AstraZeneca,43094
Uruguay,6/11/2021,Pfizer/BioNTech,758050
Uruguay,6/11/2021,Sinovac,2430199
Uruguay,6/12/2021,Oxford/AstraZeneca,43094
Uruguay,6/12/2021,Pfizer/BioNTech,766711
Uruguay,6/12/2021,Sinovac,2444481
Uruguay,6/13/2021,Oxford/AstraZeneca,43094
Uruguay,6/13/2021,Pfizer/BioNTech,766712
Uruguay,6/13/2021,Sinovac,2445649
Uruguay,6/14/2021,Oxford/AstraZeneca,43094
Uruguay,6/14/2021,Pfizer/BioNTech,781155
Uruguay,6/14/2021,Sinovac,2487726
Uruguay,6/15/2021,Oxford/AstraZeneca,43094
Uruguay,6/15/2021,Pfizer/BioNTech,795897
Uruguay,6/15/2021,Sinovac,2527066
Uruguay,6/16/2021,Oxford/AstraZeneca,43094
Uruguay,6/16/2021,Pfizer/BioNTech,811312
Uruguay,6/16/2021,Sinovac,2564124
Uruguay,6/17/2021,Oxford/AstraZeneca,43094
Uruguay,6/17/2021,Pfizer/BioNTech,822604
Uruguay,6/17/2021,Sinovac,2596715
Uruguay,6/18/2021,Oxford/AstraZeneca,43101
Uruguay,6/18/2021,Pfizer/BioNTech,837694
Uruguay,6/18/2021,Sinovac,2628569
Uruguay,6/19/2021,Oxford/AstraZeneca,43103
Uruguay,6/19/2021,Pfizer/BioNTech,840089
Uruguay,6/19/2021,Sinovac,2640453
Uruguay,6/20/2021,Oxford/AstraZeneca,43104
Uruguay,6/20/2021,Pfizer/BioNTech,840090
Uruguay,6/20/2021,Sinovac,2641391
Uruguay,6/21/2021,Oxford/AstraZeneca,43104
Uruguay,6/21/2021,Pfizer/BioNTech,845732
Uruguay,6/21/2021,Sinovac,2647124
